gene	gc	cpg_oe	n_cpg	n_conf	pct_conf
gene_MP000003	0.35709	0.47823	98	66	67.3469
gene_MP000010	0.31923	0.65085	114	67	58.7719
gene_MP000013	0.33434	0.68283	22	5	22.7273
gene_MP000016	0.37060	0.80547	377	346	91.7772
gene_MP000031	0.31804	1.00760	355	0	0.0000
gene_MP000033	0.42237	0.83163	22	0	0.0000
gene_MP000050	0.36419	0.76021	86	35	40.6977
gene_MP000080	0.32451	0.96839	3642	74	2.0319
gene_MP000149	0.38805	0.61032	55	32	58.1818
gene_MP000170	0.35103	0.90191	1156	204	17.6471
gene_MP000264	0.32231	0.97080	1874	20	1.0672
gene_MP000280	0.37863	0.82413	41	36	87.8049
gene_MP000315	0.37367	0.77873	208	179	86.0577
gene_MP000375	0.37209	0.64414	39	38	97.4359
gene_MP000383	0.34978	0.53990	133	105	78.9474
gene_MP000389	0.36978	0.64119	65	48	73.8462
gene_MP000482	0.35549	0.46885	150	120	80.0000
gene_MP000506	0.32451	0.96839	1985	28	1.4106
gene_MP000552	0.36615	0.84496	614	0	0.0000
gene_MP000570	0.32864	0.97106	1097	26	2.3701
gene_MP000572	0.35896	0.41555	45	33	73.3333
gene_MP000574	0.32451	0.96839	1174	0	0.0000
gene_MP000587	0.40345	0.41931	31	31	100.0000
gene_MP000594	0.32864	0.97106	715	0	0.0000
gene_MP000627	0.39820	0.64969	246	126	51.2195
gene_MP000647	0.33636	0.91558	1971	12	0.6088
gene_MP000748	0.38194	0.67128	71	0	0.0000
gene_MP000793	0.41715	0.71054	418	23	5.5024
gene_MP000797	0.32716	0.96592	2487	19	0.7640
gene_MP000798	0.36561	0.54418	123	31	25.2033
gene_MP000799	0.38312	0.48948	78	50	64.1026
gene_MP000808	0.40046	0.48986	112	86	76.7857
gene_MP000809	0.30831	0.95972	1835	0	0.0000
gene_MP001104	0.39738	0.87224	725	370	51.0345
gene_MP001112	0.46289	0.56921	126	0	0.0000
gene_MP001132	0.31942	0.99392	591	0	0.0000
gene_MP001180	0.35031	0.62684	77	54	70.1299
gene_MP001187	0.37175	0.56265	459	302	65.7952
gene_MP001217	0.32235	1.03484	2490	0	0.0000
gene_MP001288	0.36601	0.84279	95	78	82.1053
gene_MP001459	0.37013	0.53815	71	63	88.7324
gene_MP001489	0.39945	0.45383	50	44	88.0000
gene_MP001501	0.31981	0.92454	695	0	0.0000
gene_MP001503	0.40369	0.76748	42	0	0.0000
gene_MP001535	0.38869	0.65497	21	0	0.0000
gene_MP001560	0.33382	0.96384	220	188	85.4545
gene_MP001588	0.38716	0.76396	110	0	0.0000
gene_MP001594	0.38686	0.51211	23	16	69.5652
gene_MP001623	0.37799	1.06853	43	25	58.1395
gene_MP001639	0.38025	0.72717	96	49	51.0417
gene_MP001644	0.38800	0.83400	57	42	73.6842
gene_MP001726	0.47802	0.48336	75	26	34.6667
gene_MP001777	0.44639	0.54243	94	83	88.2979
gene_MP001781	0.35369	0.66971	158	110	69.6203
gene_MP001829	0.42146	1.23061	41	37	90.2439
gene_MP001983	0.38668	0.57724	146	95	65.0685
gene_MP002013	0.34754	0.77059	82	0	0.0000
gene_MP002028	0.36435	0.79590	160	95	59.3750
gene_MP002042	0.46192	0.56679	60	48	80.0000
gene_MP002057	0.41655	0.59419	112	86	76.7857
gene_MP002198	0.35267	0.43571	20	19	95.0000
gene_MP002201	0.31836	0.92811	573	14	2.4433
gene_MP002218	0.33540	0.72058	72	48	66.6667
gene_MP002220	0.32353	1.02294	1259	0	0.0000
gene_MP002221	0.54992	0.78419	32	4	12.5000
gene_MP002226	0.35433	0.74559	153	0	0.0000
gene_MP002231	0.36517	0.47602	78	62	79.4872
gene_MP002235	0.36299	0.79931	45	0	0.0000
gene_MP002285	0.41944	0.36873	31	27	87.0968
gene_MP002297	0.44843	0.89522	30	6	20.0000
gene_MP002353	0.43685	0.77684	39	25	64.1026
gene_MP002356	0.36260	0.76721	38	21	55.2632
gene_MP002358	0.37926	0.68182	99	82	82.8283
gene_MP002362	0.33861	1.00392	774	0	0.0000
gene_MP002366	0.34564	0.82700	132	90	68.1818
gene_MP002371	0.36796	0.69581	56	0	0.0000
gene_MP002376	0.34225	0.55935	44	26	59.0909
gene_MP002387	0.34409	0.94482	2112	0	0.0000
gene_MP002396	0.32537	0.94894	879	0	0.0000
gene_MP002422	0.37553	1.04146	26	20	76.9231
gene_MP002450	0.33860	0.96477	1141	0	0.0000
gene_MP002453	0.38693	0.75146	421	354	84.0855
gene_MP002479	0.34629	0.64040	110	82	74.5455
gene_MP002547	0.37209	0.49617	86	70	81.3953
gene_MP002564	0.36118	0.41212	40	22	55.0000
gene_MP002574	0.38089	0.51942	87	59	67.8161
gene_MP002579	0.36062	0.73550	174	94	54.0230
gene_MP002581	0.37661	0.83195	261	223	85.4406
gene_MP002589	0.35386	0.87315	35	11	31.4286
gene_MP002658	0.36609	0.50361	82	33	40.2439
gene_MP002662	0.33882	0.93540	2260	0	0.0000
gene_MP002663	0.36246	0.68525	139	113	81.2950
gene_MP002664	0.40183	0.90978	56	45	80.3571
gene_MP002666	0.33133	0.88531	30	12	40.0000
gene_MP002667	0.35763	0.55122	56	0	0.0000
gene_MP002668	0.33128	1.01970	167	0	0.0000
gene_MP002732	0.44118	0.66405	34	0	0.0000
gene_MP002733	0.36789	0.48555	24	13	54.1667
gene_MP002738	0.38285	0.77209	27	0	0.0000
gene_MP002774	0.36464	0.75387	175	149	85.1429
gene_MP002775	0.34701	0.77575	25	13	52.0000
gene_MP002808	0.38068	0.75452	57	0	0.0000
gene_MP002833	0.37889	0.64701	71	50	70.4225
gene_MP002898	0.41198	1.11720	90	77	85.5556
gene_MP002911	0.40317	0.89462	145	106	73.1034
gene_MP002912	0.39506	0.66176	25	8	32.0000
gene_MP002917	0.34678	0.55966	32	20	62.5000
gene_MP002924	0.42095	0.68255	30	17	56.6667
gene_MP002941	0.35276	0.57068	46	28	60.8696
gene_MP002983	0.35593	0.79469	49	42	85.7143
gene_MP003068	0.37744	0.32606	25	13	52.0000
gene_MP003075	0.42462	1.34866	101	84	83.1683
gene_MP003076	0.34910	0.76893	46	38	82.6087
gene_MP003089	0.38475	0.58375	36	30	83.3333
gene_MP003153	0.35331	0.62009	279	176	63.0824
gene_MP003235	0.36296	0.97076	1526	135	8.8467
gene_MP003272	0.38538	0.45842	43	22	51.1628
gene_MP003274	0.36521	0.56513	88	55	62.5000
gene_MP003331	0.35921	0.84937	198	105	53.0303
gene_MP003338	0.35772	0.81657	27	17	62.9630
gene_MP003349	0.34139	1.05898	1850	0	0.0000
gene_MP003359	0.34913	0.59592	41	26	63.4146
gene_MP003361	0.39880	0.75245	65	38	58.4615
gene_MP003401	0.34941	0.50008	56	38	67.8571
gene_MP003449	0.50877	0.86791	48	0	0.0000
gene_MP003471	0.36718	0.74525	97	0	0.0000
gene_MP003475	0.44090	1.01289	106	97	91.5094
gene_MP003479	0.36448	0.77349	138	13	9.4203
gene_MP003529	0.35638	0.70083	31	13	41.9355
gene_MP003581	0.40351	0.78822	31	14	45.1613
gene_MP003584	0.35307	0.72910	61	46	75.4098
gene_MP003603	0.32198	0.98503	261	0	0.0000
gene_MP003633	0.40971	0.71746	295	180	61.0169
gene_MP003670	0.36799	0.74434	40	26	65.0000
gene_MP003678	0.35335	0.86703	134	0	0.0000
gene_MP003681	0.41477	1.07322	85	70	82.3529
gene_MP003710	0.35851	0.74359	137	66	48.1752
gene_MP003719	0.35225	0.57525	67	41	61.1940
gene_MP003720	0.37125	1.03991	78	65	83.3333
gene_MP003722	0.37044	0.83210	118	0	0.0000
gene_MP003726	0.34798	0.91341	135	0	0.0000
gene_MP003775	0.37143	0.72100	230	177	76.9565
gene_MP003790	0.40102	0.58709	34	30	88.2353
gene_MP003796	0.34955	0.50578	44	27	61.3636
gene_MP003809	0.38015	0.60631	141	117	82.9787
gene_MP003811	0.35235	0.64992	64	49	76.5625
gene_MP003814	0.36936	0.62918	43	33	76.7442
gene_MP003822	0.36360	0.69869	113	73	64.6018
gene_MP003843	0.40972	0.52145	63	29	46.0317
gene_MP003847	0.34989	0.55331	37	22	59.4595
gene_MP003869	0.35488	0.72384	65	48	73.8462
gene_MP003877	0.43300	0.64134	44	27	61.3636
gene_MP003880	0.42577	0.75314	23	0	0.0000
gene_MP003949	0.35529	0.86937	275	0	0.0000
gene_MP003986	0.36949	0.70143	56	53	94.6429
gene_MP004002	0.34325	1.01382	435	0	0.0000
gene_MP004003	0.36256	0.81418	148	0	0.0000
gene_MP004041	0.35819	0.87499	522	111	21.2644
gene_MP004042	0.39382	0.73603	335	189	56.4179
gene_MP004043	0.32897	0.88403	1652	0	0.0000
gene_MP004064	0.33867	0.51797	38	34	89.4737
gene_MP004065	0.39164	0.86462	30	29	96.6667
gene_MP004067	0.33885	0.72286	84	0	0.0000
gene_MP004087	0.40276	0.69789	90	73	81.1111
gene_MP004345	0.36287	0.79745	506	105	20.7510
gene_MP004359	0.34786	0.86894	176	3	1.7045
gene_MP004362	0.37073	0.76035	68	0	0.0000
gene_MP004363	0.39410	0.94027	402	5	1.2438
gene_MP004370	0.34150	0.50493	22	13	59.0909
gene_MP004372	0.38494	0.86740	180	108	60.0000
gene_MP004380	0.35987	0.68313	161	116	72.0497
gene_MP004381	0.36096	0.75377	691	80	11.5774
gene_MP004470	0.34512	0.87840	146	65	44.5205
gene_MP004482	0.40902	0.57527	32	20	62.5000
gene_MP004492	0.39321	0.96013	1082	0	0.0000
gene_MP004510	0.34684	0.47777	85	75	88.2353
gene_MP004519	0.46442	1.39827	20	0	0.0000
gene_MP004520	0.38854	0.92705	365	0	0.0000
gene_MP004795	0.45597	0.51011	33	28	84.8485
gene_MP004828	0.34089	0.79798	321	72	22.4299
gene_MP004901	0.37125	0.67554	37	0	0.0000
gene_MP004920	0.39570	0.59760	48	0	0.0000
gene_MP004956	0.34823	0.97720	5888	1	0.0170
gene_MP005036	0.32722	0.78070	287	189	65.8537
gene_MP005038	0.34981	0.86201	492	0	0.0000
gene_MP005050	0.37020	0.82252	469	106	22.6013
gene_MP005203	0.34677	0.85727	234	0	0.0000
gene_MP005320	0.38107	0.73239	64	48	75.0000
gene_MP005346	0.36117	0.41126	32	30	93.7500
gene_MP005347	0.33124	0.71018	271	97	35.7934
gene_MP005420	0.33330	0.94565	1820	0	0.0000
gene_MP005477	0.36826	0.81344	559	269	48.1216
gene_MP005486	0.33747	0.65495	61	37	60.6557
gene_MP005513	0.32829	0.50987	59	33	55.9322
gene_MP005522	0.39409	0.43563	20	20	100.0000
gene_MP005528	0.35349	0.43655	42	35	83.3333
gene_MP005532	0.37904	0.39920	39	34	87.1795
gene_MP005562	0.35560	0.64722	73	16	21.9178
gene_MP005608	0.36046	0.94546	1577	0	0.0000
gene_MP005632	0.41721	1.00568	60	59	98.3333
gene_MP005640	0.33192	0.66013	43	27	62.7907
gene_MP005663	0.38309	0.53112	65	59	90.7692
gene_MP005666	0.37752	0.49198	377	361	95.7560
gene_MP005671	0.35087	0.84155	99	68	68.6869
gene_MP005770	0.37161	1.12637	162	127	78.3951
gene_MP005775	0.37185	0.75858	182	118	64.8352
gene_MP005776	0.33230	0.52722	47	39	82.9787
gene_MP005868	0.34622	0.79826	221	0	0.0000
gene_MP006022	0.35946	0.57207	42	34	80.9524
gene_MP006044	0.34771	0.83474	301	0	0.0000
gene_MP006053	0.33703	0.95218	2455	0	0.0000
gene_MP006151	0.34929	0.79179	123	68	55.2846
gene_MP006228	0.37094	0.77667	81	47	58.0247
gene_MP006302	0.38262	1.13969	99	0	0.0000
gene_MP006335	0.33359	0.71921	85	61	71.7647
gene_MP006341	0.34831	0.91200	2175	0	0.0000
gene_MP006346	0.35923	0.97230	161	18	11.1801
gene_MP006350	0.33573	0.75040	740	259	35.0000
gene_MP006355	0.34831	0.91200	69	0	0.0000
gene_MP006356	0.38054	0.66075	356	44	12.3596
gene_MP006409	0.35559	0.43861	119	99	83.1933
gene_MP006477	0.36366	0.77306	123	81	65.8537
gene_MP006478	0.39683	0.68720	166	101	60.8434
gene_MP006480	0.34071	0.64878	346	57	16.4740
gene_MP006481	0.33434	0.83460	672	24	3.5714
gene_MP006483	0.32013	1.01915	1889	0	0.0000
gene_MP006485	0.34302	0.47280	38	15	39.4737
gene_MP006510	0.38846	0.50974	161	47	29.1925
gene_MP006515	0.35827	0.76308	22	8	36.3636
gene_MP006518	0.39211	0.95285	52	19	36.5385
gene_MP006526	0.34036	0.96135	3578	0	0.0000
gene_MP006528	0.36153	0.97317	615	116	18.8618
gene_MP006529	0.38844	0.52976	170	150	88.2353
gene_MP006533	0.39379	0.86733	139	125	89.9281
gene_MP006536	0.34534	0.92274	3299	44	1.3337
gene_MP006552	0.35141	0.44964	26	16	61.5385
gene_MP006565	0.34806	0.80951	832	0	0.0000
gene_MP006572	0.39332	0.96229	143	0	0.0000
gene_MP006595	0.37621	0.56291	34	21	61.7647
gene_MP006656	0.34446	0.47682	94	80	85.1064
gene_MP006675	0.32908	0.93597	447	0	0.0000
gene_MP006681	0.29242	1.25316	32	0	0.0000
gene_MP006913	0.34852	0.79424	333	52	15.6156
gene_MP006928	0.35714	1.00343	98	63	64.2857
gene_MP006955	0.37239	0.71686	227	155	68.2819
gene_MP006975	0.39613	0.83362	221	194	87.7828
gene_MP007009	0.43991	0.69120	25	0	0.0000
gene_MP007022	0.43746	0.62525	24	0	0.0000
gene_MP007050	0.35848	0.70304	350	176	50.2857
gene_MP007066	0.38708	0.73402	121	0	0.0000
gene_MP007099	0.41219	0.75138	672	640	95.2381
gene_MP007122	0.36316	0.88140	246	0	0.0000
gene_MP007155	0.36317	0.66381	423	394	93.1442
gene_MP007177	0.39712	0.89571	54	44	81.4815
gene_MP007277	0.38708	0.73402	93	0	0.0000
gene_MP007896	0.39934	0.75952	24	0	0.0000
gene_MP007980	0.34817	0.79731	644	56	8.6957
gene_MP008094	0.36435	0.42095	21	14	66.6667
gene_MP008305	0.43404	0.73015	28	0	0.0000
gene_MP008306	0.43303	0.72385	23	0	0.0000
gene_MP008311	0.43202	0.71616	28	0	0.0000
gene_MP008339	0.32440	1.02755	986	0	0.0000
gene_MP008347	0.39904	0.91289	331	269	81.2689
gene_MP008349	0.37682	0.52181	50	42	84.0000
gene_MP008356	0.39968	0.83811	77	41	53.2468
gene_MP008436	0.34498	0.93396	1797	64	3.5615
gene_MP008455	0.36809	0.63890	37	0	0.0000
gene_MP008458	0.32936	0.97038	864	34	3.9352
gene_MP008479	0.34054	0.51037	69	33	47.8261
gene_MP008480	0.35728	0.85150	73	31	42.4658
gene_MP008481	0.33703	0.95218	222	0	0.0000
gene_MP008485	0.37182	0.67630	410	356	86.8293
gene_MP008488	0.39638	0.90020	26	7	26.9231
gene_MP008489	0.37045	0.85407	150	111	74.0000
gene_MP008490	0.35668	0.88972	449	2	0.4454
gene_MP008491	0.35025	0.93659	1027	27	2.6290
gene_MP008492	0.33703	0.95218	162	0	0.0000
gene_MP008493	0.31857	0.92768	125	0	0.0000
gene_MP008498	0.34264	0.78700	174	0	0.0000
gene_MP008499	0.43442	0.48137	87	61	70.1149
gene_MP008501	0.34847	0.98267	919	0	0.0000
gene_MP008502	0.31857	0.92768	1241	0	0.0000
gene_MP008503	0.34785	0.86719	410	313	76.3415
gene_MP008504	0.44032	0.71648	109	0	0.0000
gene_MP008511	0.37616	0.81551	172	117	68.0233
gene_MP008542	0.35798	0.58989	51	41	80.3922
gene_MP008562	0.33881	0.61311	144	111	77.0833
gene_MP008569	0.37062	0.59967	72	53	73.6111
gene_MP008614	0.35217	0.66540	191	156	81.6754
gene_MP008616	0.38456	0.86004	22	13	59.0909
gene_MP008629	0.34166	0.78303	952	322	33.8235
gene_MP008701	0.36384	0.63818	38	12	31.5789
gene_MP008703	0.35313	0.41478	67	32	47.7612
gene_MP008705	0.40114	0.80630	328	245	74.6951
gene_MP008706	0.31819	0.84872	35	17	48.5714
gene_MP008709	0.33033	0.55534	57	28	49.1228
gene_MP008711	0.39899	0.45626	86	81	94.1860
gene_MP008720	0.31819	0.84872	496	30	6.0484
gene_MP008729	0.37911	0.90885	201	24	11.9403
gene_MP008800	0.34374	0.60979	212	91	42.9245
gene_MP008814	0.39910	0.66225	311	210	67.5241
gene_MP008874	0.35054	0.90479	762	15	1.9685
gene_MP008886	0.35050	0.82380	285	4	1.4035
gene_MP008890	0.34749	0.55283	24	22	91.6667
gene_MP008901	0.32569	0.58919	34	22	64.7059
gene_MP008904	0.34405	0.74324	30	27	90.0000
gene_MP008907	0.40583	0.52004	74	63	85.1351
gene_MP008924	0.45799	0.69631	33	0	0.0000
gene_MP008930	0.45497	0.71022	32	0	0.0000
gene_MP008945	0.35645	0.66174	30	14	46.6667
gene_MP008957	0.38507	0.44575	196	152	77.5510
gene_MP009048	0.34852	0.79424	633	191	30.1738
gene_MP009680	0.34911	0.87480	1440	0	0.0000
gene_MP009796	0.33027	0.67694	49	33	67.3469
gene_MP009825	0.36667	0.65812	43	36	83.7209
gene_MP010075	0.44535	0.52155	28	0	0.0000
gene_MP010094	0.32692	0.88081	316	0	0.0000
gene_MP010099	0.38081	0.53446	427	402	94.1452
gene_MP010108	0.34754	0.53391	44	34	77.2727
gene_MP010121	0.35092	0.48021	58	30	51.7241
gene_MP010178	0.33603	0.74780	88	31	35.2273
gene_MP010233	0.41200	0.50412	118	30	25.4237
gene_MP010292	0.44989	0.52091	79	68	86.0759
gene_MP010384	0.33359	0.71921	206	0	0.0000
gene_MP010389	0.34564	0.82700	566	139	24.5583
gene_MP010392	0.47187	0.52986	35	0	0.0000
gene_MP010394	0.42015	0.71347	159	139	87.4214
gene_MP010405	0.33262	0.83799	76	55	72.3684
gene_MP010406	0.33222	0.84675	368	0	0.0000
gene_MP010420	0.41952	0.88712	160	136	85.0000
gene_MP010469	0.36887	0.80470	64	14	21.8750
gene_MP010497	0.32796	1.03355	1129	0	0.0000
gene_MP010526	0.41368	0.82394	20	0	0.0000
gene_MP010527	0.47420	0.67926	27	0	0.0000
gene_MP010560	0.33646	0.82475	147	7	4.7619
gene_MP010587	0.36872	0.87417	129	0	0.0000
gene_MP010590	0.33629	0.49392	32	24	75.0000
gene_MP010606	0.39739	0.76286	83	58	69.8795
gene_MP010690	0.41234	0.52447	59	43	72.8814
gene_MP010709	0.35701	0.87874	61	51	83.6066
gene_MP010740	0.36030	0.72853	138	102	73.9130
gene_MP010760	0.36868	0.78084	164	162	98.7805
gene_MP010768	0.36170	0.63901	42	29	69.0476
gene_MP010777	0.31509	0.80571	334	0	0.0000
gene_MP010778	0.33304	0.59096	55	48	87.2727
gene_MP010783	0.39533	0.66211	41	27	65.8537
gene_MP010796	0.38337	0.55343	54	37	68.5185
gene_MP010884	0.37931	0.48742	24	16	66.6667
gene_MP010934	0.36391	0.76004	89	0	0.0000
gene_MP010948	0.34152	0.89674	98	0	0.0000
gene_MP011009	0.34057	0.67139	53	39	73.5849
gene_MP011015	0.44141	0.61340	39	22	56.4103
gene_MP011023	0.33415	0.72664	63	1	1.5873
gene_MP011091	0.54406	0.53080	41	26	63.4146
gene_MP011141	0.51649	0.72493	67	30	44.7761
gene_MP011178	0.32755	0.83000	114	96	84.2105
gene_MP011183	0.35171	0.60407	111	89	80.1802
gene_MP011185	0.40073	0.65095	26	20	76.9231
gene_MP011207	0.33615	0.56973	135	86	63.7037
gene_MP011215	0.37298	0.64740	204	174	85.2941
gene_MP011238	0.34427	0.82760	194	0	0.0000
gene_MP011250	0.37704	0.91410	437	386	88.3295
gene_MP011253	0.47460	0.30852	28	21	75.0000
gene_MP011325	0.36501	0.86515	1335	840	62.9213
gene_MP011340	0.39719	0.76524	36	16	44.4444
gene_MP011415	0.34742	0.36647	21	10	47.6190
gene_MP011475	0.35841	0.93634	1229	76	6.1839
gene_MP011487	0.37296	0.51622	90	56	62.2222
gene_MP011538	0.36887	0.50645	142	119	83.8028
gene_MP011546	0.36506	0.67042	24	9	37.5000
gene_MP011593	0.35629	0.90675	302	0	0.0000
gene_MP011609	0.37618	0.49265	106	99	93.3962
gene_MP011615	0.35618	0.94575	422	42	9.9526
gene_MP011616	0.34872	1.04010	230	4	1.7391
gene_MP011621	0.33942	1.00703	369	0	0.0000
gene_MP011669	0.35201	0.74580	68	46	67.6471
gene_MP011751	0.45024	0.98301	24	0	0.0000
gene_MP011758	0.37372	0.60811	91	66	72.5275
gene_MP011762	0.38310	0.78425	77	0	0.0000
gene_MP011763	0.33463	0.40655	32	14	43.7500
gene_MP011768	0.38403	0.73976	224	183	81.6964
gene_MP011769	0.33069	0.87932	144	0	0.0000
gene_MP011772	0.38883	0.68000	46	29	63.0435
gene_MP011781	0.37838	0.66961	23	21	91.3043
gene_MP011803	0.32576	0.84542	436	0	0.0000
gene_MP011804	0.35980	0.72748	354	331	93.5028
gene_MP011809	0.34918	0.96103	548	6	1.0949
gene_MP011857	0.42732	0.75944	31	24	77.4194
gene_MP011859	0.33294	0.71971	49	47	95.9184
gene_MP011864	0.34967	0.92246	1437	0	0.0000
gene_MP011867	0.39719	0.82762	100	77	77.0000
gene_MP011925	0.37191	1.76883	84	76	90.4762
gene_MP011947	0.37309	0.55241	49	2	4.0816
gene_MP011978	0.32505	0.96428	2086	42	2.0134
gene_MP011979	0.39528	0.77316	121	0	0.0000
gene_MP011981	0.38199	0.84345	55	29	52.7273
gene_MP012047	0.37764	0.72358	137	116	84.6715
gene_MP012049	0.36394	0.77148	69	41	59.4203
gene_MP012054	0.41139	0.69897	28	13	46.4286
gene_MP012084	0.34410	0.80963	27	13	48.1481
gene_MP012113	0.32353	0.75924	27	16	59.2593
gene_MP012120	0.32479	0.53490	46	32	69.5652
gene_MP012144	0.38867	0.60549	48	30	62.5000
gene_MP012228	0.35306	0.61812	74	56	75.6757
gene_MP012230	0.36948	0.72504	60	0	0.0000
gene_MP012235	0.35282	0.55637	43	27	62.7907
gene_MP012268	0.41159	0.79074	33	16	48.4848
gene_MP012270	0.39370	0.88901	82	70	85.3659
gene_MP012272	0.34747	0.88456	105	35	33.3333
gene_MP012303	0.38439	0.73129	82	52	63.4146
gene_MP012307	0.40049	0.67285	76	63	82.8947
gene_MP012378	0.37032	0.98810	53	52	98.1132
gene_MP012382	0.36978	0.64555	26	20	76.9231
gene_MP012400	0.36516	0.92309	349	0	0.0000
gene_MP012419	0.39217	0.86542	78	53	67.9487
gene_MP012436	0.42313	0.76268	73	61	83.5616
gene_MP012438	0.36328	0.71829	48	34	70.8333
gene_MP012474	0.35384	0.91210	29	0	0.0000
gene_MP012535	0.35593	0.84504	556	24	4.3165
gene_MP012668	0.35154	0.51588	28	14	50.0000
gene_MP012701	0.33361	0.51212	34	23	67.6471
gene_MP012713	0.40744	0.50785	749	271	36.1816
gene_MP012715	0.37612	1.09378	165	64	38.7879
gene_MP012735	0.35692	0.66992	220	157	71.3636
gene_MP012740	0.36463	0.91809	103	57	55.3398
gene_MP012766	0.41889	0.55886	108	104	96.2963
gene_MP012770	0.33738	0.70732	86	66	76.7442
gene_MP012777	0.52047	0.81737	106	0	0.0000
gene_MP012803	0.35240	0.47384	53	46	86.7925
gene_MP012806	0.33000	0.88479	48	0	0.0000
gene_MP012816	0.34080	0.60729	85	67	78.8235
gene_MP012842	0.39230	0.49520	23	23	100.0000
gene_MP012845	0.36302	0.54600	36	29	80.5556
gene_MP012848	0.36248	0.56901	25	20	80.0000
gene_MP012857	0.34922	0.90711	63	52	82.5397
gene_MP012921	0.34968	0.68395	52	27	51.9231
gene_MP012924	0.38155	0.98777	217	188	86.6359
gene_MP012972	0.37422	0.64597	41	23	56.0976
gene_MP012999	0.35683	0.49206	88	22	25.0000
gene_MP013034	0.35919	0.80195	92	72	78.2609
gene_MP013050	0.39203	0.71066	255	174	68.2353
gene_MP013071	0.49457	1.05807	40	0	0.0000
gene_MP013082	0.35700	0.71697	92	72	78.2609
gene_MP013084	0.39541	0.45041	42	31	73.8095
gene_MP013103	0.39148	0.86455	164	125	76.2195
gene_MP013106	0.37451	0.49099	130	88	67.6923
gene_MP013115	0.37871	0.85647	246	1	0.4065
gene_MP013123	0.32808	0.70426	66	54	81.8182
gene_MP013126	0.36617	0.81904	68	46	67.6471
gene_MP013134	0.39439	0.47183	41	31	75.6098
gene_MP013160	0.36323	0.97621	113	82	72.5664
gene_MP013176	0.36211	0.70981	62	40	64.5161
gene_MP013179	0.35366	0.90763	338	26	7.6923
gene_MP013180	0.39467	1.04128	75	42	56.0000
gene_MP013183	0.32446	0.43359	30	2	6.6667
gene_MP013184	0.33430	0.64633	25	19	76.0000
gene_MP013245	0.33494	0.62587	40	20	50.0000
gene_MP013247	0.33333	0.92308	29	7	24.1379
gene_MP013287	0.37638	0.77691	85	70	82.3529
gene_MP013300	0.30259	0.81894	23	4	17.3913
gene_MP013308	0.33469	0.69183	71	35	49.2958
gene_MP013338	0.38391	0.85738	117	26	22.2222
gene_MP013340	0.38308	0.56115	100	75	75.0000
gene_MP013368	0.36195	0.79865	344	195	56.6860
gene_MP013369	0.36061	0.55864	62	43	69.3548
gene_MP013371	0.34203	1.10042	112	100	89.2857
gene_MP013561	0.35829	0.60634	31	13	41.9355
gene_MP013640	0.33100	0.49967	79	64	81.0127
gene_MP013644	0.35722	0.96292	743	0	0.0000
gene_MP013657	0.35969	0.63119	102	5	4.9020
gene_MP013698	0.32061	0.51377	67	32	47.7612
gene_MP013738	0.34415	0.68240	39	22	56.4103
gene_MP013748	0.52205	0.61011	23	5	21.7391
gene_MP013768	0.35211	0.74516	154	1	0.6494
gene_MP013769	0.44268	0.38815	107	34	31.7757
gene_MP013785	0.34238	0.88351	488	0	0.0000
gene_MP013838	0.35610	0.93180	284	141	49.6479
gene_MP014067	0.37881	0.67295	83	0	0.0000
gene_MP014088	0.41436	1.06139	64	47	73.4375
gene_MP014145	0.33350	0.61618	35	33	94.2857
gene_MP014148	0.37229	0.73307	117	0	0.0000
gene_MP014152	0.39291	0.82254	59	50	84.7458
gene_MP014157	0.36794	0.38434	20	16	80.0000
gene_MP014160	0.35572	0.89744	238	183	76.8908
gene_MP014223	0.38570	0.39757	47	37	78.7234
gene_MP014225	0.33075	0.75227	41	25	60.9756
gene_MP014230	0.34617	0.91355	110	50	45.4545
gene_MP014259	0.31515	0.52861	28	17	60.7143
gene_MP014335	0.32671	0.95051	640	0	0.0000
gene_MP014338	0.34235	0.78122	118	0	0.0000
gene_MP014395	0.34417	0.38189	50	39	78.0000
gene_MP014487	0.39406	0.80623	1138	816	71.7047
gene_MP014540	0.33335	0.94581	226	0	0.0000
gene_MP014572	0.33335	0.94581	904	31	3.4292
gene_MP014590	0.34758	0.94280	89	58	65.1685
gene_MP014614	0.37245	0.75426	32	30	93.7500
gene_MP014785	0.34441	0.79922	29	23	79.3103
gene_MP014815	0.35334	0.85049	372	69	18.5484
gene_MP014820	0.38748	0.51725	81	71	87.6543
gene_MP014879	0.35004	0.68814	52	36	69.2308
gene_MP014928	0.32490	0.93274	583	0	0.0000
gene_MP014940	0.42503	0.47041	113	0	0.0000
gene_MP015143	0.32513	0.88478	190	70	36.8421
gene_MP015173	0.35844	0.94566	1610	103	6.3975
gene_MP015241	0.38140	0.67385	124	0	0.0000
gene_MP015243	0.32809	0.95560	1582	0	0.0000
gene_MP015248	0.32732	0.96145	2175	0	0.0000
gene_MP015356	0.37839	0.47988	69	52	75.3623
gene_MP015386	0.35246	0.65156	47	29	61.7021
gene_MP015388	0.39253	0.59750	210	137	65.2381
gene_MP015393	0.36182	0.97448	1518	202	13.3070
gene_MP015449	0.30776	0.55389	30	23	76.6667
gene_MP015484	0.46078	0.58204	22	21	95.4545
gene_MP015485	0.39605	0.59556	40	29	72.5000
gene_MP015498	0.36684	0.52838	27	13	48.1481
gene_MP015500	0.41709	0.98252	88	75	85.2273
gene_MP015501	0.33500	0.86553	140	0	0.0000
gene_MP015504	0.35588	0.90447	342	0	0.0000
gene_MP015508	0.35886	0.94140	24	12	50.0000
gene_MP015513	0.36208	0.80091	216	147	68.0556
gene_MP015520	0.33058	0.51377	448	233	52.0089
gene_MP015521	0.33461	1.06165	2365	65	2.7484
gene_MP015540	0.35041	0.62600	75	41	54.6667
gene_MP015542	0.38680	0.81656	155	106	68.3871
gene_MP015581	0.33918	0.56233	47	44	93.6170
gene_MP015587	0.35831	0.71548	49	39	79.5918
gene_MP015597	0.34337	0.96909	372	0	0.0000
gene_MP015682	0.38511	0.76923	72	45	62.5000
gene_MP015997	0.33882	0.74891	279	0	0.0000
gene_MP016036	0.35995	0.45951	227	200	88.1057
gene_MP016050	0.36266	0.87599	1917	88	4.5905
gene_MP016060	0.34522	0.79990	589	480	81.4941
gene_MP016093	0.40602	0.66206	380	327	86.0526
gene_MP016176	0.39988	0.65052	188	98	52.1277
gene_MP016191	0.33866	0.88009	693	0	0.0000
gene_MP016194	0.34974	0.85255	42	26	61.9048
gene_MP016197	0.42857	0.65698	126	0	0.0000
gene_MP016205	0.33957	0.85313	1516	421	27.7704
gene_MP016487	0.30687	0.72273	46	0	0.0000
gene_MP016745	0.36532	0.77381	240	178	74.1667
gene_MP017073	0.45643	0.80093	21	0	0.0000
gene_MP017091	0.40917	0.88165	41	0	0.0000
gene_MP017097	0.40564	0.89738	41	0	0.0000
gene_MP017101	0.40741	0.86777	40	0	0.0000
gene_MP017110	0.40741	0.88946	41	0	0.0000
gene_MP017255	0.38121	0.93580	48	46	95.8333
gene_MP017259	0.37127	0.87393	78	64	82.0513
gene_MP017286	0.39139	0.86905	51	0	0.0000
gene_MP017289	0.36985	0.96480	895	95	10.6145
gene_MP017298	0.34526	0.82094	84	58	69.0476
gene_MP017313	0.46951	0.97218	26	0	0.0000
gene_MP017317	0.35909	0.97563	293	252	86.0068
gene_MP017326	0.36715	0.67477	576	266	46.1806
gene_MP017331	0.33191	0.85514	312	10	3.2051
gene_MP017362	0.33045	1.00774	307	0	0.0000
gene_MP017386	0.64130	0.81143	46	0	0.0000
gene_MP017434	0.35582	0.76017	106	73	68.8679
gene_MP017439	0.36798	0.70882	69	54	78.2609
gene_MP017444	0.34930	0.65113	28	19	67.8571
gene_MP017451	0.38362	0.61834	78	74	94.8718
gene_MP017452	0.35724	0.50646	73	46	63.0137
gene_MP017455	0.33817	0.95418	99	0	0.0000
gene_MP017456	0.35334	0.85049	299	33	11.0368
gene_MP017457	0.34943	0.95457	493	0	0.0000
gene_MP017458	0.32004	0.94429	2263	0	0.0000
gene_MP017460	0.37851	0.90766	50	36	72.0000
gene_MP017463	0.32967	0.87134	32	0	0.0000
gene_MP017466	0.35303	1.12863	141	111	78.7234
gene_MP017486	0.32595	0.92298	1215	0	0.0000
gene_MP017498	0.32076	0.91566	167	0	0.0000
gene_MP017668	0.36334	0.73010	193	87	45.0777
gene_MP017731	0.38282	0.82027	891	593	66.5544
gene_MP017735	0.42043	0.66057	42	32	76.1905
gene_MP017748	0.42734	0.75357	164	156	95.1220
gene_MP017756	0.32598	0.94195	1146	2	0.1745
gene_MP017860	0.34403	0.94201	1292	0	0.0000
gene_MP017865	0.52477	0.73632	22	0	0.0000
gene_MP017867	0.52703	0.73086	22	0	0.0000
gene_MP018064	0.36013	0.92194	85	0	0.0000
gene_MP018088	0.39302	0.56036	31	0	0.0000
gene_MP018238	0.42060	0.74879	79	0	0.0000
gene_MP018632	0.38026	0.79712	446	223	50.0000
gene_MP018790	0.38231	1.59561	42	28	66.6667
gene_MP018802	0.33488	0.48058	26	12	46.1538
gene_MP018805	0.38889	0.99965	151	116	76.8212
gene_MP018807	0.35219	0.79659	128	0	0.0000
gene_MP018813	0.36200	0.83278	230	177	76.9565
gene_MP018820	0.35272	0.49426	37	21	56.7568
gene_MP018843	0.55262	0.26009	36	21	58.3333
gene_MP018878	0.35152	0.88760	223	14	6.2780
gene_MP018881	0.34211	1.35470	58	48	82.7586
gene_MP018891	0.31406	0.84771	122	0	0.0000
gene_MP018895	0.37455	0.54638	101	76	75.2475
gene_MP018936	0.36276	0.65971	54	41	75.9259
gene_MP019164	0.39602	1.60972	84	70	83.3333
gene_MP019210	0.37987	0.85589	23	6	26.0870
gene_MP019213	0.39406	0.74648	361	189	52.3546
gene_MP019227	0.34857	0.90921	226	0	0.0000
gene_MP000048	0.36743	0.58517	114	85	74.5614
gene_MP000058	0.38953	0.48408	54	46	85.1852
gene_MP000084	0.34323	0.64684	134	116	86.5672
gene_MP000089	0.33180	1.02810	231	0	0.0000
gene_MP000127	0.39162	0.97356	343	261	76.0933
gene_MP000130	0.41168	0.78269	270	205	75.9259
gene_MP000159	0.32690	0.96604	2452	5	0.2039
gene_MP000167	0.38136	0.69044	173	132	76.3006
gene_MP000202	0.37801	0.54792	54	41	75.9259
gene_MP000247	0.36159	0.54770	74	60	81.0811
gene_MP000268	0.40710	0.51083	37	26	70.2703
gene_MP000291	0.37460	0.62562	47	31	65.9574
gene_MP000299	0.37612	0.82185	1883	86	4.5672
gene_MP000303	0.33826	0.52033	42	34	80.9524
gene_MP000328	0.35340	0.75713	30	21	70.0000
gene_MP000332	0.45979	0.76035	65	65	100.0000
gene_MP000354	0.37609	0.45615	44	41	93.1818
gene_MP000355	0.39431	0.79972	151	104	68.8742
gene_MP000357	0.39024	0.53358	39	26	66.6667
gene_MP000358	0.36236	0.64752	135	0	0.0000
gene_MP000365	0.36423	0.59936	173	138	79.7688
gene_MP000377	0.35513	0.46178	40	38	95.0000
gene_MP000392	0.41067	0.88959	121	66	54.5455
gene_MP000407	0.36075	0.78029	392	119	30.3571
gene_MP000434	0.34142	0.56922	159	119	74.8428
gene_MP000444	0.34465	0.83959	174	105	60.3448
gene_MP000456	0.32445	0.91613	428	0	0.0000
gene_MP000457	0.32445	0.91613	100	0	0.0000
gene_MP000510	0.35483	0.50342	64	49	76.5625
gene_MP000538	0.35589	0.99087	941	78	8.2891
gene_MP000548	0.32886	0.88736	1381	77	5.5757
gene_MP000554	0.33323	1.02383	1074	0	0.0000
gene_MP000625	0.34501	0.76363	296	23	7.7703
gene_MP000626	0.35108	0.70510	62	46	74.1935
gene_MP000791	0.34039	0.90112	611	70	11.4566
gene_MP001022	0.35115	0.61494	28	23	82.1429
gene_MP001023	0.40785	0.65647	424	391	92.2170
gene_MP001028	0.32765	0.91203	105	0	0.0000
gene_MP001039	0.34801	0.62386	266	196	73.6842
gene_MP001043	0.33139	1.02761	6209	67	1.0791
gene_MP001050	0.35592	0.54435	385	120	31.1688
gene_MP001220	0.35973	0.54582	328	124	37.8049
gene_MP001333	0.36762	0.62020	207	75	36.2319
gene_MP001355	0.35073	0.82974	927	131	14.1316
gene_MP001441	0.35655	0.75298	354	109	30.7910
gene_MP001462	0.39657	0.78520	261	190	72.7969
gene_MP001484	0.37835	0.46784	30	23	76.6667
gene_MP001494	0.37473	0.63666	31	24	77.4194
gene_MP001513	0.50394	0.63540	46	0	0.0000
gene_MP001523	0.36739	0.55461	78	60	76.9231
gene_MP001531	0.32751	0.88332	248	0	0.0000
gene_MP001566	0.36135	0.56852	50	42	84.0000
gene_MP001606	0.34995	0.85766	266	163	61.2782
gene_MP001620	0.33012	0.96237	57	0	0.0000
gene_MP001740	0.34933	0.62566	24	19	79.1667
gene_MP001788	0.39584	0.61932	266	214	80.4511
gene_MP001815	0.37361	0.62205	48	32	66.6667
gene_MP001831	0.35892	0.75956	107	0	0.0000
gene_MP001919	0.34612	0.84292	411	368	89.5377
gene_MP001925	0.34452	0.52248	51	33	64.7059
gene_MP001941	0.35573	0.59433	39	31	79.4872
gene_MP001942	0.36132	0.68706	141	105	74.4681
gene_MP001959	0.31768	0.82736	91	0	0.0000
gene_MP001960	0.41808	0.78875	24	10	41.6667
gene_MP001963	0.36187	0.55835	94	30	31.9149
gene_MP002019	0.34220	0.65846	106	71	66.9811
gene_MP002036	0.34471	0.61738	91	39	42.8571
gene_MP002122	0.39390	0.63325	161	149	92.5466
gene_MP002146	0.35843	0.60524	29	12	41.3793
gene_MP002149	0.39679	0.61511	94	74	78.7234
gene_MP002232	0.33037	0.96195	642	15	2.3364
gene_MP002234	0.39316	0.74106	108	80	74.0741
gene_MP002265	0.41896	0.48934	52	44	84.6154
gene_MP002274	0.31310	0.41904	44	27	61.3636
gene_MP002289	0.44500	0.63308	31	0	0.0000
gene_MP002316	0.31295	0.99476	101	0	0.0000
gene_MP002322	0.32368	0.48145	21	0	0.0000
gene_MP002395	0.34511	0.99922	2197	0	0.0000
gene_MP002406	0.39307	0.63961	48	35	72.9167
gene_MP002409	0.38526	0.57237	157	136	86.6242
gene_MP002412	0.37529	0.74268	145	133	91.7241
gene_MP002413	0.34208	1.00646	51	31	60.7843
gene_MP002418	0.31087	0.97999	657	0	0.0000
gene_MP002434	0.34749	0.85892	202	158	78.2178
gene_MP002437	0.34341	0.70492	26	25	96.1538
gene_MP002446	0.35686	0.79615	93	72	77.4194
gene_MP002451	0.41667	0.74494	28	27	96.4286
gene_MP002454	0.37561	0.73833	78	50	64.1026
gene_MP002456	0.36819	0.88566	221	184	83.2579
gene_MP002464	0.36081	0.49978	103	84	81.5534
gene_MP002466	0.38980	0.88751	96	0	0.0000
gene_MP002489	0.35958	0.57887	108	75	69.4444
gene_MP002516	0.34718	0.57285	71	52	73.2394
gene_MP002520	0.33748	0.82417	530	0	0.0000
gene_MP002522	0.37093	0.73937	78	30	38.4615
gene_MP002542	0.40808	0.72932	30	28	93.3333
gene_MP002562	0.35583	0.73486	181	101	55.8011
gene_MP002612	0.33950	0.73024	25	0	0.0000
gene_MP002656	0.35062	0.75000	28	0	0.0000
gene_MP002689	0.35674	0.59997	128	91	71.0938
gene_MP002691	0.32678	1.04344	143	0	0.0000
gene_MP002694	0.36120	0.92885	235	0	0.0000
gene_MP002698	0.37278	0.71062	111	71	63.9640
gene_MP002701	0.32303	0.51111	22	16	72.7273
gene_MP002702	0.34808	0.44596	110	89	80.9091
gene_MP002704	0.41105	0.48649	42	23	54.7619
gene_MP002709	0.33948	0.66411	92	0	0.0000
gene_MP002765	0.32116	0.97076	1428	0	0.0000
gene_MP002778	0.34539	0.68745	33	28	84.8485
gene_MP002819	0.37611	0.67654	85	61	71.7647
gene_MP002847	0.38149	0.37045	20	18	90.0000
gene_MP002989	0.42097	0.54126	44	31	70.4545
gene_MP003132	0.37487	0.69743	140	92	65.7143
gene_MP003138	0.35958	0.90710	138	0	0.0000
gene_MP003139	0.40133	0.71049	82	74	90.2439
gene_MP003152	0.36939	0.64134	37	30	81.0811
gene_MP003156	0.35664	0.65897	83	61	73.4940
gene_MP003211	0.35772	0.53891	74	56	75.6757
gene_MP003215	0.37224	0.62238	84	66	78.5714
gene_MP003223	0.32125	0.77993	72	0	0.0000
gene_MP003228	0.38266	0.60064	68	45	66.1765
gene_MP003280	0.37612	0.95958	101	0	0.0000
gene_MP003302	0.35738	0.75163	226	174	76.9912
gene_MP003335	0.32147	0.98320	1106	0	0.0000
gene_MP003336	0.32697	1.00890	1942	0	0.0000
gene_MP003403	0.32649	0.91837	228	59	25.8772
gene_MP003410	0.36406	0.52995	26	16	61.5385
gene_MP003439	0.33724	0.59570	82	66	80.4878
gene_MP003444	0.35107	0.73207	24	15	62.5000
gene_MP003446	0.33682	0.72980	75	0	0.0000
gene_MP003448	0.35135	0.40719	76	57	75.0000
gene_MP003452	0.36321	0.63004	57	42	73.6842
gene_MP003458	0.34937	0.53241	63	52	82.5397
gene_MP003459	0.32710	0.45487	48	20	41.6667
gene_MP003461	0.34691	0.77228	924	164	17.7489
gene_MP003501	0.35714	0.65564	67	38	56.7164
gene_MP003537	0.32649	0.91837	976	100	10.2459
gene_MP003546	0.36934	0.55971	87	60	68.9655
gene_MP003562	0.36861	0.80818	155	30	19.3548
gene_MP003569	0.35727	0.77582	56	37	66.0714
gene_MP003582	0.47111	0.55977	76	0	0.0000
gene_MP003591	0.37482	0.59213	147	105	71.4286
gene_MP003611	0.36248	0.94008	98	0	0.0000
gene_MP003629	0.35659	0.63236	163	126	77.3006
gene_MP003645	0.33912	0.96181	196	0	0.0000
gene_MP003709	0.36467	0.86866	186	100	53.7634
gene_MP003713	0.36821	0.39650	68	32	47.0588
gene_MP003715	0.33772	0.82257	370	0	0.0000
gene_MP003730	0.35576	0.71173	64	54	84.3750
gene_MP003754	0.32486	0.90604	502	0	0.0000
gene_MP003767	0.37992	0.72187	61	48	78.6885
gene_MP003773	0.38162	0.86860	108	0	0.0000
gene_MP003778	0.34710	0.91321	193	87	45.0777
gene_MP003821	0.55293	0.64565	40	13	32.5000
gene_MP003828	0.35750	0.66087	136	72	52.9412
gene_MP003839	0.32811	0.95587	770	0	0.0000
gene_MP003845	0.36603	1.04855	684	12	1.7544
gene_MP003865	0.36101	0.56882	79	68	86.0759
gene_MP003866	0.36871	0.82315	38	0	0.0000
gene_MP003897	0.32961	0.69712	38	29	76.3158
gene_MP003905	0.33967	0.82484	378	0	0.0000
gene_MP003908	0.34270	0.49808	32	14	43.7500
gene_MP003911	0.34350	0.50980	101	82	81.1881
gene_MP003913	0.34917	0.62495	212	165	77.8302
gene_MP003997	0.36401	0.78810	95	58	61.0526
gene_MP004015	0.33393	0.73907	91	44	48.3516
gene_MP004018	0.34054	0.57379	53	41	77.3585
gene_MP004073	0.34036	0.50989	46	12	26.0870
gene_MP004074	0.34260	0.78346	73	34	46.5753
gene_MP004115	0.33361	0.87342	206	72	34.9515
gene_MP004141	0.32623	0.87828	361	0	0.0000
gene_MP004241	0.39150	0.78730	162	72	44.4444
gene_MP004330	0.39501	0.67647	89	67	75.2809
gene_MP004521	0.34841	0.55053	41	31	75.6098
gene_MP004524	0.34026	0.84806	142	93	65.4930
gene_MP004527	0.32476	0.96069	992	0	0.0000
gene_MP004531	0.33836	0.86879	1659	12	0.7233
gene_MP004535	0.33698	1.02530	3253	1	0.0307
gene_MP004540	0.33165	0.88422	418	0	0.0000
gene_MP004542	0.33252	1.04711	282	0	0.0000
gene_MP004544	0.34808	0.46031	58	39	67.2414
gene_MP004545	0.33836	0.86879	155	129	83.2258
gene_MP004554	0.41134	0.86426	105	76	72.3810
gene_MP004562	0.32781	0.99391	1635	0	0.0000
gene_MP004574	0.38546	0.67508	186	100	53.7634
gene_MP004841	0.34909	0.58327	359	181	50.4178
gene_MP004866	0.33244	0.96376	1236	0	0.0000
gene_MP004968	0.41779	0.54931	21	7	33.3333
gene_MP005074	0.32477	0.87221	1958	0	0.0000
gene_MP005076	0.39432	0.66663	132	0	0.0000
gene_MP005207	0.37020	0.71542	125	0	0.0000
gene_MP005228	0.36776	0.72360	103	18	17.4757
gene_MP005232	0.33605	0.48793	88	54	61.3636
gene_MP005295	0.33642	0.79869	376	7	1.8617
gene_MP005312	0.33768	0.38301	20	6	30.0000
gene_MP005321	0.34684	0.97006	4201	0	0.0000
gene_MP005335	0.38734	0.80214	135	103	76.2963
gene_MP005343	0.35009	0.88126	705	12	1.7021
gene_MP005362	0.35985	1.06216	66	12	18.1818
gene_MP005396	0.37184	0.86020	566	36	6.3604
gene_MP005468	0.37556	0.70100	318	82	25.7862
gene_MP005493	0.35364	0.41277	42	35	83.3333
gene_MP005569	0.37260	0.64755	41	16	39.0244
gene_MP005585	0.37331	0.47941	22	20	90.9091
gene_MP005599	0.36457	0.55934	95	42	44.2105
gene_MP005635	0.33672	0.72417	189	142	75.1323
gene_MP005652	0.36165	0.91635	2100	133	6.3333
gene_MP005660	0.44045	0.78953	118	26	22.0339
gene_MP005693	0.33356	0.83630	685	56	8.1752
gene_MP005806	0.33603	0.44601	59	0	0.0000
gene_MP005819	0.35429	0.48237	49	36	73.4694
gene_MP005830	0.47317	0.77735	26	6	23.0769
gene_MP005833	0.33050	0.99526	1615	44	2.7245
gene_MP005839	0.33584	0.55076	147	113	76.8707
gene_MP005986	0.35337	0.92489	432	60	13.8889
gene_MP006091	0.37179	0.73916	389	313	80.4627
gene_MP006154	0.37643	1.05731	39	27	69.2308
gene_MP006258	0.35283	0.37887	24	9	37.5000
gene_MP006271	0.37502	0.77420	365	40	10.9589
gene_MP006370	0.34351	0.74368	59	6	10.1695
gene_MP006374	0.34634	0.97020	3820	0	0.0000
gene_MP006443	0.49157	0.73146	68	53	77.9412
gene_MP006949	0.40475	0.80687	221	179	80.9955
gene_MP006988	0.35866	0.52043	126	77	61.1111
gene_MP007083	0.41588	0.58068	86	0	0.0000
gene_MP007351	0.36817	0.78024	1709	0	0.0000
gene_MP007818	0.37373	0.82674	560	254	45.3571
gene_MP007852	0.34699	0.67992	133	77	57.8947
gene_MP007854	0.34292	0.57934	41	0	0.0000
gene_MP007857	0.35124	0.57519	52	9	17.3077
gene_MP007876	0.35217	0.36109	34	26	76.4706
gene_MP007877	0.34377	0.89222	526	0	0.0000
gene_MP007888	0.33784	0.88441	72	0	0.0000
gene_MP007901	0.36789	0.78188	596	40	6.7114
gene_MP007911	0.35983	0.51281	179	135	75.4190
gene_MP007917	0.35209	0.45511	67	49	73.1343
gene_MP007944	0.35669	0.93708	1621	0	0.0000
gene_MP007946	0.35910	0.66754	282	256	90.7801
gene_MP007954	0.33644	0.91605	1904	1	0.0525
gene_MP007996	0.32842	0.96739	169	0	0.0000
gene_MP008000	0.40039	0.74523	179	154	86.0335
gene_MP008003	0.37987	0.60187	178	130	73.0337
gene_MP008005	0.36703	0.69195	27	24	88.8889
gene_MP008062	0.38048	0.90052	66	0	0.0000
gene_MP008066	0.36080	0.99636	55	32	58.1818
gene_MP008078	0.33777	0.55172	100	76	76.0000
gene_MP008079	0.35623	0.66504	37	27	72.9730
gene_MP008125	0.33769	0.86724	384	0	0.0000
gene_MP008130	0.34606	0.57375	111	42	37.8378
gene_MP008139	0.38434	0.85179	69	60	86.9565
gene_MP008150	0.34014	0.96100	1577	0	0.0000
gene_MP008173	0.35379	0.57545	26	15	57.6923
gene_MP008184	0.34971	0.45240	89	58	65.1685
gene_MP008188	0.35054	0.99043	229	0	0.0000
gene_MP008193	0.37426	0.72583	42	30	71.4286
gene_MP008208	0.34157	0.74422	279	109	39.0681
gene_MP008212	0.34302	0.95589	2037	0	0.0000
gene_MP008214	0.35497	0.87251	286	93	32.5175
gene_MP008222	0.32992	0.95327	775	0	0.0000
gene_MP008244	0.39980	0.50127	41	26	63.4146
gene_MP008258	0.35752	0.94265	863	0	0.0000
gene_MP008331	0.37740	0.88510	443	416	93.9052
gene_MP008417	0.36785	0.62181	833	0	0.0000
gene_MP008442	0.46035	0.84593	65	0	0.0000
gene_MP008484	0.37474	0.51245	146	126	86.3014
gene_MP009380	0.43990	0.67256	76	0	0.0000
gene_MP009559	0.34389	0.60003	24	11	45.8333
gene_MP009570	0.37439	0.43927	88	79	89.7727
gene_MP009587	0.38826	0.79199	709	405	57.1227
gene_MP009598	0.33166	0.82419	232	93	40.0862
gene_MP009615	0.34466	0.97699	5911	0	0.0000
gene_MP009623	0.38777	0.71658	32	27	84.3750
gene_MP009624	0.30951	0.70162	139	54	38.8489
gene_MP009648	0.36735	0.45270	134	91	67.9104
gene_MP009651	0.33117	0.53057	47	33	70.2128
gene_MP009653	0.35887	0.51051	166	111	66.8675
gene_MP009656	0.35301	0.54269	24	14	58.3333
gene_MP009677	0.33369	0.60847	110	73	66.3636
gene_MP009767	0.39331	0.88428	130	106	81.5385
gene_MP009778	0.38120	0.43928	202	161	79.7030
gene_MP009816	0.33177	0.91886	742	0	0.0000
gene_MP009830	0.32052	0.87356	816	5	0.6127
gene_MP009890	0.35625	0.98657	2274	0	0.0000
gene_MP009920	0.33198	0.39173	70	59	84.2857
gene_MP009930	0.31918	0.95589	261	0	0.0000
gene_MP009952	0.47487	0.58587	103	89	86.4078
gene_MP009994	0.41959	0.88442	95	0	0.0000
gene_MP010010	0.38090	0.66545	45	0	0.0000
gene_MP010062	0.35214	0.68193	50	41	82.0000
gene_MP010105	0.32996	0.99692	710	0	0.0000
gene_MP010125	0.30951	0.70162	68	35	51.4706
gene_MP010136	0.35276	0.99038	315	0	0.0000
gene_MP010144	0.33654	0.86411	509	0	0.0000
gene_MP010166	0.35110	1.03598	369	0	0.0000
gene_MP010212	0.40937	0.84364	249	221	88.7550
gene_MP010220	0.39634	0.52193	21	18	85.7143
gene_MP010253	0.32625	0.59826	80	1	1.2500
gene_MP010267	0.37004	0.73747	62	1	1.6129
gene_MP010276	0.32906	0.99249	760	10	1.3158
gene_MP010282	0.35519	0.69858	20	11	55.0000
gene_MP010287	0.35379	0.57545	248	118	47.5806
gene_MP010312	0.35527	0.76184	145	92	63.4483
gene_MP010318	0.37569	0.86134	221	36	16.2896
gene_MP010324	0.35623	0.66504	282	239	84.7518
gene_MP010330	0.32820	0.56160	98	52	53.0612
gene_MP010340	0.36610	0.81213	113	97	85.8407
gene_MP010508	0.40071	0.75533	34	0	0.0000
gene_MP010518	0.35513	0.80486	31	22	70.9677
gene_MP010564	0.41820	0.55377	38	35	92.1053
gene_MP010581	0.39833	0.75627	176	164	93.1818
gene_MP010651	0.31628	1.08553	61	0	0.0000
gene_MP010677	0.31091	0.98290	54	0	0.0000
gene_MP010701	0.38685	0.85074	82	60	73.1707
gene_MP010726	0.45577	0.72174	25	25	100.0000
gene_MP010730	0.46766	1.03064	98	56	57.1429
gene_MP010734	0.36613	0.56166	59	50	84.7458
gene_MP010772	0.35600	0.55480	34	24	70.5882
gene_MP010798	0.40163	0.79345	47	31	65.9574
gene_MP010842	0.29329	0.82668	65	0	0.0000
gene_MP010901	0.32710	0.97622	53	0	0.0000
gene_MP010979	0.32975	0.99434	35	0	0.0000
gene_MP010985	0.32199	1.17427	95	64	67.3684
gene_MP010996	0.42659	0.88235	20	0	0.0000
gene_MP011046	0.33495	0.93794	210	0	0.0000
gene_MP011058	0.31238	1.03283	219	0	0.0000
gene_MP011062	0.32607	0.91633	51	0	0.0000
gene_MP011093	0.39341	0.92942	39	0	0.0000
gene_MP011102	0.34839	0.76217	87	7	8.0460
gene_MP011106	0.33395	0.56063	25	13	52.0000
gene_MP011137	0.39156	0.68006	274	232	84.6715
gene_MP011151	0.36201	0.68790	135	105	77.7778
gene_MP011153	0.37472	0.52797	67	58	86.5672
gene_MP011157	0.34854	0.78531	77	19	24.6753
gene_MP011243	0.36469	0.57217	23	20	86.9565
gene_MP011244	0.38945	0.90302	259	194	74.9035
gene_MP011256	0.43285	0.87478	58	50	86.2069
gene_MP011262	0.32470	0.85315	69	0	0.0000
gene_MP011270	0.36978	0.60403	125	66	52.8000
gene_MP011275	0.34501	0.80651	171	0	0.0000
gene_MP011276	0.34449	0.59804	115	94	81.7391
gene_MP011279	0.35694	0.90020	319	11	3.4483
gene_MP011298	0.39291	0.53281	30	28	93.3333
gene_MP011332	0.38120	0.67185	112	85	75.8929
gene_MP011352	0.35466	0.45292	22	9	40.9091
gene_MP011451	0.39470	0.70333	91	53	58.2418
gene_MP011470	0.33084	0.93889	191	1	0.5236
gene_MP011477	0.31816	0.96332	797	0	0.0000
gene_MP011562	0.31891	0.97209	466	0	0.0000
gene_MP011639	0.33093	0.95168	2271	1	0.0440
gene_MP011647	0.41441	0.70303	46	32	69.5652
gene_MP011663	0.32433	0.44958	36	20	55.5556
gene_MP011676	0.36302	0.49051	28	15	53.5714
gene_MP011678	0.34386	0.74593	51	0	0.0000
gene_MP011679	0.38318	0.90487	258	208	80.6202
gene_MP011680	0.38053	0.76601	141	98	69.5035
gene_MP011723	0.38318	0.48838	21	10	47.6190
gene_MP011725	0.33867	0.54046	30	23	76.6667
gene_MP011878	0.35609	0.88667	245	0	0.0000
gene_MP011881	0.39241	0.59783	37	0	0.0000
gene_MP011884	0.35042	0.57818	49	38	77.5510
gene_MP011885	0.35398	0.76615	145	122	84.1379
gene_MP011898	0.35236	0.88356	257	5	1.9455
gene_MP011899	0.35531	0.62546	47	31	65.9574
gene_MP011903	0.36806	0.66131	40	37	92.5000
gene_MP011906	0.36238	0.90559	107	79	73.8318
gene_MP011909	0.32389	1.02913	463	0	0.0000
gene_MP011989	0.43109	0.94156	120	104	86.6667
gene_MP011990	0.34503	0.68550	105	90	85.7143
gene_MP012017	0.36812	0.71755	75	69	92.0000
gene_MP012024	0.35501	0.82431	114	0	0.0000
gene_MP012068	0.41756	0.50806	31	20	64.5161
gene_MP012078	0.35131	0.50268	23	11	47.8261
gene_MP012104	0.42495	0.72377	90	72	80.0000
gene_MP012180	0.38002	0.59592	25	10	40.0000
gene_MP012207	0.36505	0.82899	39	0	0.0000
gene_MP012217	0.34565	0.93916	435	9	2.0690
gene_MP012219	0.33483	0.78170	34	22	64.7059
gene_MP012273	0.34836	0.72987	138	97	70.2899
gene_MP012293	0.37273	0.64824	36	15	41.6667
gene_MP012304	0.37569	0.65082	95	83	87.3684
gene_MP012336	0.34246	0.87637	299	0	0.0000
gene_MP012357	0.30938	0.76456	96	0	0.0000
gene_MP012368	0.36855	0.95252	186	0	0.0000
gene_MP012411	0.34300	0.80682	28	0	0.0000
gene_MP012435	0.34194	0.72244	138	6	4.3478
gene_MP012452	0.50532	0.78047	28	0	0.0000
gene_MP012471	0.42241	0.88776	27	0	0.0000
gene_MP012476	0.30920	0.94800	704	0	0.0000
gene_MP012480	0.33330	1.02986	958	0	0.0000
gene_MP012512	0.34870	0.74400	26	0	0.0000
gene_MP012543	0.33998	0.98271	180	136	75.5556
gene_MP012551	0.38158	0.64907	154	0	0.0000
gene_MP012586	0.34088	0.90193	804	0	0.0000
gene_MP012593	0.36357	0.92509	44	37	84.0909
gene_MP012625	0.38762	0.45059	54	42	77.7778
gene_MP012644	0.37020	0.56085	26	23	88.4615
gene_MP012656	0.38992	0.77341	245	216	88.1633
gene_MP012660	0.37351	0.93299	73	0	0.0000
gene_MP012663	0.34507	0.82075	202	88	43.5644
gene_MP012665	0.37253	0.68413	24	0	0.0000
gene_MP012682	0.36480	0.86952	292	0	0.0000
gene_MP012751	0.35814	0.77452	284	263	92.6056
gene_MP012817	0.34701	0.47562	23	13	56.5217
gene_MP012829	0.34131	0.46424	40	29	72.5000
gene_MP012854	0.35543	0.93760	915	101	11.0383
gene_MP012858	0.34477	0.83211	446	0	0.0000
gene_MP012868	0.36086	0.89513	290	52	17.9310
gene_MP012871	0.35231	0.69269	37	25	67.5676
gene_MP012900	0.39818	0.73016	25	14	56.0000
gene_MP012905	0.33082	0.92344	371	0	0.0000
gene_MP012964	0.32434	0.64299	47	33	70.2128
gene_MP012967	0.37019	1.03091	49	27	55.1020
gene_MP012969	0.32622	0.96808	1157	0	0.0000
gene_MP012970	0.37387	0.91195	115	82	71.3043
gene_MP013048	0.36760	0.68005	85	19	22.3529
gene_MP013122	0.36139	0.51569	62	46	74.1935
gene_MP013124	0.34428	1.02678	190	129	67.8947
gene_MP013157	0.34395	0.51456	43	41	95.3488
gene_MP013217	0.35305	0.74077	89	63	70.7865
gene_MP013222	0.33980	0.52674	28	6	21.4286
gene_MP013223	0.39883	0.71535	29	0	0.0000
gene_MP013228	0.37307	1.05533	45	27	60.0000
gene_MP013237	0.35486	0.54796	47	25	53.1915
gene_MP013240	0.38933	0.61778	57	0	0.0000
gene_MP013270	0.34603	0.58675	124	72	58.0645
gene_MP013273	0.37994	1.09613	43	36	83.7209
gene_MP013274	0.35194	0.42681	30	15	50.0000
gene_MP013276	0.36420	0.73885	94	69	73.4043
gene_MP013306	0.35265	0.77300	239	40	16.7364
gene_MP013334	0.40788	0.93657	76	0	0.0000
gene_MP013351	0.37151	0.55590	124	79	63.7097
gene_MP013389	0.42416	0.53692	54	41	75.9259
gene_MP013391	0.38724	0.33248	23	15	65.2174
gene_MP013434	0.32987	0.63903	127	69	54.3307
gene_MP013438	0.34507	0.98340	99	0	0.0000
gene_MP013485	0.32555	0.72042	49	0	0.0000
gene_MP013518	0.36990	0.88462	225	80	35.5556
gene_MP013532	0.37207	0.47635	30	23	76.6667
gene_MP013786	0.35357	0.89490	316	0	0.0000
gene_MP013793	0.35042	0.57818	22	22	100.0000
gene_MP013799	0.35793	0.53867	178	69	38.7640
gene_MP013800	0.39991	0.48436	41	0	0.0000
gene_MP013804	0.33862	0.83889	774	22	2.8424
gene_MP013818	0.35509	0.76233	209	4	1.9139
gene_MP013819	0.40106	0.64079	85	64	75.2941
gene_MP013821	0.38270	0.91582	43	16	37.2093
gene_MP013932	0.36036	0.55964	76	71	93.4211
gene_MP013956	0.40642	0.60791	66	19	28.7879
gene_MP013971	0.36852	0.80958	86	42	48.8372
gene_MP013977	0.33638	0.79769	345	71	20.5797
gene_MP014048	0.33734	0.58659	50	7	14.0000
gene_MP014107	0.35510	0.48563	30	24	80.0000
gene_MP014118	0.31707	0.97635	241	12	4.9793
gene_MP014125	0.35429	0.70944	117	0	0.0000
gene_MP014193	0.37526	0.94356	898	21	2.3385
gene_MP014205	0.37669	0.65251	389	160	41.1311
gene_MP014250	0.32120	1.06053	1167	0	0.0000
gene_MP014256	0.32867	0.47281	31	28	90.3226
gene_MP014265	0.35608	1.01488	407	0	0.0000
gene_MP014275	0.33893	0.93482	315	0	0.0000
gene_MP014283	0.34784	0.70773	145	129	88.9655
gene_MP014339	0.32066	0.74503	20	0	0.0000
gene_MP014358	0.33287	1.03062	117	10	8.5470
gene_MP014368	0.44731	0.53982	173	163	94.2197
gene_MP014376	0.38183	0.73298	46	0	0.0000
gene_MP014462	0.34149	0.80944	126	27	21.4286
gene_MP014469	0.37452	0.55706	20	7	35.0000
gene_MP014494	0.37669	0.65251	177	144	81.3559
gene_MP014505	0.33205	0.91073	1389	1	0.0720
gene_MP014516	0.38194	0.69952	40	0	0.0000
gene_MP014553	0.33615	0.89387	163	0	0.0000
gene_MP014601	0.33879	0.83360	440	47	10.6818
gene_MP014616	0.32188	0.93560	1447	0	0.0000
gene_MP014646	0.32863	0.89355	830	0	0.0000
gene_MP014663	0.35429	0.70944	64	0	0.0000
gene_MP014694	0.34308	1.35802	41	0	0.0000
gene_MP014742	0.38385	0.84012	138	27	19.5652
gene_MP014753	0.35358	0.85441	269	0	0.0000
gene_MP014811	0.35621	0.48327	46	39	84.7826
gene_MP014882	0.36501	0.64998	63	56	88.8889
gene_MP014926	0.32751	0.77946	102	0	0.0000
gene_MP014932	0.36463	0.69994	207	198	95.6522
gene_MP014946	0.33682	0.81360	119	0	0.0000
gene_MP014965	0.34102	0.50623	37	18	48.6486
gene_MP015028	0.35332	0.62506	104	75	72.1154
gene_MP015093	0.32293	1.00839	1691	0	0.0000
gene_MP015129	0.32690	0.96105	2037	0	0.0000
gene_MP015276	0.39024	0.70008	20	18	90.0000
gene_MP015414	0.35407	1.12139	179	0	0.0000
gene_MP015418	0.32102	0.97579	1888	0	0.0000
gene_MP015847	0.37542	0.65562	30	0	0.0000
gene_MP015885	0.46510	0.71313	54	0	0.0000
gene_MP016006	0.45358	0.74551	25	0	0.0000
gene_MP016429	0.43469	0.85497	38	0	0.0000
gene_MP016431	0.43574	0.89855	40	0	0.0000
gene_MP016486	0.30761	0.71926	46	0	0.0000
gene_MP016720	0.35097	0.99254	367	10	2.7248
gene_MP016731	0.34709	0.92770	1690	0	0.0000
gene_MP016746	0.34742	0.62719	83	65	78.3133
gene_MP016752	0.35373	0.68619	221	156	70.5882
gene_MP016759	0.33718	0.96749	112	0	0.0000
gene_MP016769	0.39056	1.24848	33	17	51.5152
gene_MP016770	0.35754	0.61870	111	93	83.7838
gene_MP016780	0.32869	0.89713	442	0	0.0000
gene_MP016782	0.36236	0.85906	192	2	1.0417
gene_MP016790	0.33721	0.96354	675	0	0.0000
gene_MP016797	0.32686	0.96097	58	0	0.0000
gene_MP016830	0.34984	0.88177	517	0	0.0000
gene_MP016877	0.35843	0.59081	28	16	57.1429
gene_MP016882	0.33058	0.98355	2443	0	0.0000
gene_MP016892	0.36235	0.85374	2424	26	1.0726
gene_MP016897	0.32018	0.92784	54	0	0.0000
gene_MP016918	0.38731	0.65181	273	235	86.0806
gene_MP016925	0.41950	0.66157	525	0	0.0000
gene_MP016944	0.33107	0.88156	238	146	61.3445
gene_MP016970	0.39521	0.84688	642	0	0.0000
gene_MP016979	0.32535	0.94498	448	0	0.0000
gene_MP016986	0.34329	0.97688	72	0	0.0000
gene_MP016995	0.32417	0.86976	679	0	0.0000
gene_MP017001	0.34546	0.60755	81	50	61.7284
gene_MP017002	0.32765	0.96081	1691	0	0.0000
gene_MP017005	0.43137	0.74172	22	0	0.0000
gene_MP017040	0.32004	0.93715	2096	4	0.1908
gene_MP017065	0.35565	0.73925	115	94	81.7391
gene_MP017105	0.40476	0.90196	41	0	0.0000
gene_MP017119	0.32090	1.02601	1114	0	0.0000
gene_MP017181	0.42434	0.69155	53	0	0.0000
gene_MP017231	0.35289	0.71173	83	14	16.8675
gene_MP017232	0.36249	0.65467	68	52	76.4706
gene_MP017233	0.41610	0.52592	43	34	79.0698
gene_MP017252	0.40631	0.60964	50	31	62.0000
gene_MP017291	0.40020	0.49619	20	19	95.0000
gene_MP017295	0.33364	0.72341	66	27	40.9091
gene_MP017359	0.35059	0.74169	76	0	0.0000
gene_MP017406	0.39047	0.54660	82	72	87.8049
gene_MP017863	0.52703	0.73086	22	22	100.0000
gene_MP017871	0.52477	0.73632	22	0	0.0000
gene_MP018226	0.46104	0.84958	33	0	0.0000
gene_MP018267	0.47475	0.66912	26	1	3.8462
gene_MP018363	0.36235	0.85374	177	151	85.3107
gene_MP018393	0.34673	0.50211	24	15	62.5000
gene_MP018407	0.36011	0.70687	147	22	14.9660
gene_MP018410	0.35219	0.93707	229	0	0.0000
gene_MP018471	0.36845	0.49570	184	169	91.8478
gene_MP018533	0.34693	0.78576	39	0	0.0000
gene_MP018580	0.38462	1.19887	73	57	78.0822
gene_MP018586	0.35128	0.51617	25	15	60.0000
gene_MP018613	0.50156	0.81970	49	0	0.0000
gene_MP018660	0.36851	0.82196	272	219	80.5147
gene_MP018675	0.35368	0.48660	323	312	96.5944
gene_MP018793	0.32295	1.02762	1712	0	0.0000
gene_MP018857	0.33047	0.67067	337	59	17.5074
gene_MP018859	0.34078	0.92619	124	0	0.0000
gene_MP018900	0.40312	0.49760	97	94	96.9072
gene_MP018917	0.33631	1.00278	3391	0	0.0000
gene_MP018920	0.35507	0.95073	34	34	100.0000
gene_MP018923	0.32955	0.78127	32	20	62.5000
gene_MP018924	0.35854	0.72409	179	160	89.3855
gene_MP018990	0.46124	1.46084	30	0	0.0000
gene_MP019007	0.32090	1.02601	1116	0	0.0000
gene_MP019014	0.35109	1.00278	1767	1	0.0566
gene_MP019031	0.34914	0.62218	190	98	51.5789
gene_MP019034	0.34369	0.80525	23	0	0.0000
gene_MP019035	0.38721	0.73448	418	196	46.8900
gene_MP019068	0.34972	0.66664	87	47	54.0230
gene_MP019069	0.32666	0.68177	59	36	61.0169
gene_MP019072	0.33631	1.00278	5818	1	0.0172
gene_MP019078	0.35355	0.53826	54	42	77.7778
gene_MP019089	0.31835	0.96955	1693	7	0.4135
gene_MP019221	0.33478	1.12345	138	0	0.0000
gene_MP000085	0.34595	0.98848	2304	29	1.2587
gene_MP000093	0.34750	1.09801	48	0	0.0000
gene_MP000121	0.33530	0.97048	3677	0	0.0000
gene_MP000122	0.33530	0.97048	324	44	13.5802
gene_MP000128	0.34943	0.82282	65	40	61.5385
gene_MP000250	0.39303	0.76546	104	94	90.3846
gene_MP000255	0.45982	0.93516	74	57	77.0270
gene_MP000279	0.32992	0.54085	197	127	64.4670
gene_MP000316	0.36568	0.95363	3455	52	1.5051
gene_MP000390	0.34270	1.00254	7339	4	0.0545
gene_MP000458	0.32416	0.75397	506	140	27.6680
gene_MP000459	0.37665	0.95339	379	235	62.0053
gene_MP000461	0.34784	0.74041	119	0	0.0000
gene_MP000465	0.35406	0.60175	299	136	45.4849
gene_MP000708	0.38221	0.74314	60	0	0.0000
gene_MP000709	0.37977	0.86301	162	0	0.0000
gene_MP000770	0.35332	0.70623	197	0	0.0000
gene_MP000880	0.37172	0.55134	104	87	83.6538
gene_MP000948	0.35180	0.57268	115	95	82.6087
gene_MP000951	0.35138	0.90650	3337	360	10.7881
gene_MP000965	0.34978	0.97786	2781	31	1.1147
gene_MP001213	0.37158	0.43543	67	25	37.3134
gene_MP001255	0.38719	0.54138	399	364	91.2281
gene_MP001311	0.35793	0.48497	21	14	66.6667
gene_MP001664	0.34396	0.60571	50	29	58.0000
gene_MP001694	0.34058	0.35111	20	18	90.0000
gene_MP001810	0.36906	0.56016	38	32	84.2105
gene_MP002023	0.31158	0.78635	114	42	36.8421
gene_MP002089	0.34153	0.70075	66	43	65.1515
gene_MP002091	0.34249	0.51015	39	19	48.7179
gene_MP002093	0.36775	0.89608	65	47	72.3077
gene_MP002103	0.34815	0.80666	968	216	22.3140
gene_MP002104	0.35238	0.97875	2098	9	0.4290
gene_MP002106	0.31908	0.63819	45	13	28.8889
gene_MP002109	0.36174	0.88651	1108	77	6.9495
gene_MP002110	0.34975	0.64371	133	114	85.7143
gene_MP002111	0.36987	0.51229	65	56	86.1538
gene_MP002118	0.33283	0.89622	711	0	0.0000
gene_MP002129	0.36622	0.76252	238	162	68.0672
gene_MP002141	0.38128	0.86352	80	59	73.7500
gene_MP002142	0.35019	0.98332	4441	1	0.0225
gene_MP002157	0.35041	0.58310	47	40	85.1064
gene_MP002166	0.33819	0.58638	23	18	78.2609
gene_MP002172	0.35419	1.02494	68	50	73.5294
gene_MP002173	0.35035	0.44428	29	24	82.7586
gene_MP002177	0.35175	0.92161	4058	448	11.0399
gene_MP002428	0.38183	0.96586	131	93	70.9924
gene_MP002433	0.35526	0.62745	30	13	43.3333
gene_MP002436	0.34588	0.48669	48	29	60.4167
gene_MP002458	0.42384	0.67177	143	87	60.8392
gene_MP002465	0.41357	0.58638	79	62	78.4810
gene_MP002485	0.33827	0.37953	29	16	55.1724
gene_MP002493	0.38487	0.66321	150	74	49.3333
gene_MP002500	0.33632	0.68401	84	49	58.3333
gene_MP002505	0.33080	0.68325	167	62	37.1257
gene_MP002512	0.38829	0.75129	73	47	64.3836
gene_MP002531	0.36615	0.81660	115	0	0.0000
gene_MP002812	0.37734	0.84454	92	59	64.1304
gene_MP002825	0.34526	0.55445	21	20	95.2381
gene_MP002829	0.37957	0.54267	31	21	67.7419
gene_MP002870	0.37943	0.77638	214	79	36.9159
gene_MP002880	0.39518	0.89533	63	55	87.3016
gene_MP002884	0.35619	0.92170	2600	0	0.0000
gene_MP002897	0.35212	0.97466	1117	0	0.0000
gene_MP003052	0.35677	0.74364	41	0	0.0000
gene_MP003168	0.40325	0.68804	105	73	69.5238
gene_MP003171	0.39360	0.72527	81	61	75.3086
gene_MP003178	0.42753	0.73595	125	122	97.6000
gene_MP003181	0.49070	0.51225	21	9	42.8571
gene_MP003204	0.36638	0.63467	85	65	76.4706
gene_MP003268	0.38340	0.62748	30	15	50.0000
gene_MP003273	0.33087	0.42855	30	11	36.6667
gene_MP003275	0.36261	0.64883	82	60	73.1707
gene_MP003392	0.35268	1.05160	52	0	0.0000
gene_MP003499	0.36014	0.97051	1403	193	13.7562
gene_MP003545	0.36509	0.64281	98	74	75.5102
gene_MP003554	0.35096	0.95512	626	1	0.1597
gene_MP003634	0.35533	0.77032	124	72	58.0645
gene_MP003637	0.39049	0.74887	39	36	92.3077
gene_MP003651	0.38165	1.00732	144	115	79.8611
gene_MP003655	0.34213	0.86151	344	24	6.9767
gene_MP003696	0.50676	0.66835	57	31	54.3860
gene_MP003702	0.39381	0.89796	112	48	42.8571
gene_MP003825	0.33259	0.96166	629	19	3.0207
gene_MP003890	0.37649	0.70797	66	55	83.3333
gene_MP004017	0.34118	0.76878	303	207	68.3168
gene_MP004282	0.34506	0.81781	167	85	50.8982
gene_MP004295	0.62281	0.88958	59	0	0.0000
gene_MP004298	0.36998	0.45177	45	27	60.0000
gene_MP004301	0.33901	0.91557	473	0	0.0000
gene_MP004304	0.34286	0.91714	1404	0	0.0000
gene_MP004305	0.38190	0.53437	158	107	67.7215
gene_MP004308	0.35790	0.91703	1548	0	0.0000
gene_MP004317	0.34815	0.80666	32	20	62.5000
gene_MP004840	0.33000	0.51595	58	34	58.6207
gene_MP004886	0.37928	0.63668	294	163	55.4422
gene_MP004890	0.31849	0.61145	33	22	66.6667
gene_MP004892	0.34289	0.92600	1907	0	0.0000
gene_MP004895	0.36826	0.69709	96	49	51.0417
gene_MP004907	0.35427	1.03954	487	0	0.0000
gene_MP004916	0.41726	0.73521	108	0	0.0000
gene_MP004975	0.35882	0.97387	713	0	0.0000
gene_MP004988	0.35912	0.94753	1447	0	0.0000
gene_MP004999	0.36312	0.94138	2359	9	0.3815
gene_MP005003	0.32921	0.51828	161	119	73.9130
gene_MP005061	0.35585	0.87032	4048	0	0.0000
gene_MP005409	0.35610	0.92084	1454	0	0.0000
gene_MP005421	0.34475	0.96799	2249	0	0.0000
gene_MP005423	0.36558	0.86014	122	0	0.0000
gene_MP005452	0.40292	0.68532	47	46	97.8723
gene_MP005459	0.34854	0.97671	3347	2	0.0598
gene_MP005553	0.36473	0.90198	107	0	0.0000
gene_MP005570	0.37088	0.70326	300	246	82.0000
gene_MP005575	0.34863	0.98388	1957	0	0.0000
gene_MP005582	0.36269	0.80879	157	0	0.0000
gene_MP005589	0.43404	0.75328	95	66	69.4737
gene_MP005605	0.35829	0.74433	155	136	87.7419
gene_MP005709	0.33645	1.00463	322	0	0.0000
gene_MP005715	0.35098	0.69746	95	59	62.1053
gene_MP005859	0.32990	0.39680	25	18	72.0000
gene_MP005993	0.35543	0.84871	518	376	72.5869
gene_MP006020	0.39003	0.88889	46	0	0.0000
gene_MP006034	0.34049	0.96058	1439	29	2.0153
gene_MP006036	0.36054	0.89273	1158	119	10.2763
gene_MP006046	0.35087	0.99977	4775	1	0.0209
gene_MP006229	0.33668	0.68679	95	82	86.3158
gene_MP006232	0.35183	1.00734	502	0	0.0000
gene_MP006241	0.36484	0.59494	77	42	54.5455
gene_MP006242	0.39707	0.55221	37	15	40.5405
gene_MP006244	0.38056	0.70505	148	143	96.6216
gene_MP006307	0.35223	1.01333	3399	0	0.0000
gene_MP006315	0.35308	1.03916	43	0	0.0000
gene_MP006925	0.35969	0.69976	95	0	0.0000
gene_MP007093	0.35505	1.03398	87	0	0.0000
gene_MP007107	0.36434	0.86599	672	91	13.5417
gene_MP007118	0.36726	0.83223	882	399	45.2381
gene_MP007134	0.35830	0.73265	377	186	49.3369
gene_MP007139	0.35882	0.97387	768	0	0.0000
gene_MP007140	0.35549	0.50490	50	40	80.0000
gene_MP007168	0.36600	0.65397	190	142	74.7368
gene_MP007171	0.33592	0.85560	147	0	0.0000
gene_MP007189	0.31669	0.58294	89	35	39.3258
gene_MP007196	0.33096	0.66704	221	81	36.6516
gene_MP007219	0.33618	0.87193	585	0	0.0000
gene_MP007238	0.38195	0.65095	76	56	73.6842
gene_MP007259	0.35518	0.83916	304	0	0.0000
gene_MP007275	0.35830	0.73265	833	350	42.0168
gene_MP007286	0.33346	0.63936	234	135	57.6923
gene_MP007293	0.36994	0.60495	45	28	62.2222
gene_MP007306	0.35044	0.94282	525	14	2.6667
gene_MP007311	0.36994	0.60495	315	281	89.2063
gene_MP007323	0.34375	0.67812	561	236	42.0677
gene_MP007329	0.38639	0.85020	515	433	84.0777
gene_MP007334	0.32741	0.67833	35	17	48.5714
gene_MP007336	0.35518	0.83916	540	144	26.6667
gene_MP007344	0.33170	0.62979	53	40	75.4717
gene_MP007345	0.33404	0.93960	486	0	0.0000
gene_MP007348	0.34062	0.63262	84	63	75.0000
gene_MP007381	0.35882	0.97387	1328	2	0.1506
gene_MP007423	0.40527	0.91961	135	0	0.0000
gene_MP007815	0.35188	0.96748	1257	0	0.0000
gene_MP008880	0.36498	0.83979	35	32	91.4286
gene_MP008889	0.37585	0.73843	240	22	9.1667
gene_MP008897	0.34445	0.88322	1600	0	0.0000
gene_MP008914	0.34824	0.86204	137	0	0.0000
gene_MP008915	0.37730	0.66338	105	88	83.8095
gene_MP008942	0.35377	0.67037	249	31	12.4498
gene_MP008948	0.34539	0.87106	1410	0	0.0000
gene_MP008953	0.38049	0.65417	90	0	0.0000
gene_MP008976	0.38908	0.76567	189	0	0.0000
gene_MP008989	0.34538	0.86117	344	26	7.5581
gene_MP009068	0.37092	0.86647	1666	176	10.5642
gene_MP009109	0.37118	0.58109	121	110	90.9091
gene_MP009230	0.41205	0.57598	30	17	56.6667
gene_MP009374	0.43947	0.66527	75	0	0.0000
gene_MP009375	0.44160	0.66703	76	0	0.0000
gene_MP009376	0.44118	0.67736	77	0	0.0000
gene_MP009451	0.34921	1.13869	79	45	56.9620
gene_MP009470	0.34518	0.39463	47	32	68.0851
gene_MP009472	0.39079	0.71256	415	385	92.7711
gene_MP009484	0.34878	0.86080	967	38	3.9297
gene_MP009492	0.34495	0.57560	24	17	70.8333
gene_MP009511	0.43461	0.73717	28	0	0.0000
gene_MP009611	0.35216	0.57772	64	54	84.3750
gene_MP009617	0.34504	0.53254	85	70	82.3529
gene_MP009619	0.36149	0.47729	90	79	87.7778
gene_MP009686	0.34563	0.93852	693	0	0.0000
gene_MP009706	0.34498	0.66898	57	39	68.4211
gene_MP009718	0.37706	0.40241	107	88	82.2430
gene_MP009786	0.34098	0.99110	306	0	0.0000
gene_MP009989	0.41999	0.88120	95	0	0.0000
gene_MP010087	0.35534	0.99573	266	0	0.0000
gene_MP010103	0.35258	0.89510	1994	0	0.0000
gene_MP010575	0.43496	0.71930	25	0	0.0000
gene_MP010707	0.33012	0.83599	194	0	0.0000
gene_MP010733	0.36750	0.63063	35	24	68.5714
gene_MP010735	0.33721	0.67538	99	47	47.4747
gene_MP010757	0.35018	0.98309	331	0	0.0000
gene_MP010774	0.38422	0.50452	50	41	82.0000
gene_MP010806	0.41732	0.54144	93	66	70.9677
gene_MP010894	0.33576	0.62056	24	11	45.8333
gene_MP010917	0.36479	0.75169	225	34	15.1111
gene_MP010949	0.36694	0.88250	246	0	0.0000
gene_MP011014	0.34082	0.81808	115	69	60.0000
gene_MP011104	0.35019	0.99542	302	0	0.0000
gene_MP011198	0.39072	0.87445	69	50	72.4638
gene_MP011406	0.37508	0.45983	45	3	6.6667
gene_MP011416	0.35965	0.81990	132	0	0.0000
gene_MP011418	0.33932	0.96283	756	0	0.0000
gene_MP011420	0.34688	0.85267	536	438	81.7164
gene_MP011421	0.35481	0.67781	82	60	73.1707
gene_MP011423	0.32891	0.67203	42	29	69.0476
gene_MP011425	0.42601	0.79781	184	120	65.2174
gene_MP011430	0.32910	0.82846	190	0	0.0000
gene_MP011637	0.38121	0.86940	132	0	0.0000
gene_MP011656	0.34113	1.00065	1721	0	0.0000
gene_MP011666	0.39923	0.69068	241	106	43.9834
gene_MP011752	0.45676	0.93465	40	0	0.0000
gene_MP011876	0.34140	0.57072	39	15	38.4615
gene_MP011971	0.32349	0.94490	45	32	71.1111
gene_MP011985	0.35362	0.85571	247	137	55.4656
gene_MP012035	0.31317	0.57281	29	23	79.3103
gene_MP012046	0.36019	0.48337	32	23	71.8750
gene_MP012097	0.38333	0.50170	32	18	56.2500
gene_MP012106	0.34751	0.63009	21	18	85.7143
gene_MP012133	0.36306	0.69871	39	0	0.0000
gene_MP012143	0.36083	0.85693	348	0	0.0000
gene_MP012326	0.38905	0.84587	32	0	0.0000
gene_MP012337	0.39338	0.53939	34	28	82.3529
gene_MP012383	0.37034	0.60430	50	34	68.0000
gene_MP012402	0.37252	0.41551	32	21	65.6250
gene_MP012434	0.35714	0.74005	214	165	77.1028
gene_MP012492	0.41242	0.43211	38	36	94.7368
gene_MP012541	0.34463	0.94866	790	10	1.2658
gene_MP012564	0.39371	0.77296	35	34	97.1429
gene_MP012568	0.39599	0.88475	36	23	63.8889
gene_MP012697	0.38342	0.82902	52	46	88.4615
gene_MP012706	0.34342	0.83575	130	0	0.0000
gene_MP012943	0.51201	0.92381	63	0	0.0000
gene_MP013038	0.35800	1.01014	4821	0	0.0000
gene_MP013059	0.33355	0.74683	31	26	83.8710
gene_MP013062	0.38252	0.82200	108	0	0.0000
gene_MP013070	0.37294	0.91818	220	163	74.0909
gene_MP013075	0.38051	0.41800	55	33	60.0000
gene_MP013113	0.34030	0.92694	945	0	0.0000
gene_MP013114	0.33740	1.04238	358	0	0.0000
gene_MP013254	0.35701	0.71560	190	131	68.9474
gene_MP013352	0.35290	0.89836	442	0	0.0000
gene_MP013353	0.33186	1.06412	2696	0	0.0000
gene_MP013355	0.34158	0.48980	72	24	33.3333
gene_MP013370	0.34675	0.86490	100	0	0.0000
gene_MP013417	0.34841	0.93960	2388	0	0.0000
gene_MP013549	0.33275	0.94446	443	0	0.0000
gene_MP013560	0.33292	0.94463	20	0	0.0000
gene_MP013569	0.35049	0.72422	41	0	0.0000
gene_MP013570	0.35049	0.72422	42	7	16.6667
gene_MP013573	0.34823	0.94381	355	235	66.1972
gene_MP013577	0.33296	0.58466	183	67	36.6120
gene_MP013581	0.34485	0.89118	354	56	15.8192
gene_MP013586	0.34975	0.71858	236	161	68.2203
gene_MP013591	0.38545	0.50985	262	245	93.5115
gene_MP013598	0.42384	0.79844	67	0	0.0000
gene_MP013600	0.35622	0.93695	1238	0	0.0000
gene_MP013605	0.35434	0.57223	121	29	23.9669
gene_MP014069	0.34344	0.88442	116	0	0.0000
gene_MP014070	0.33662	0.81385	103	17	16.5049
gene_MP014073	0.35957	0.89619	599	0	0.0000
gene_MP014083	0.33505	0.96519	210	0	0.0000
gene_MP014086	0.38077	1.12516	129	115	89.1473
gene_MP014181	0.44592	1.05521	59	54	91.5254
gene_MP014183	0.35105	0.96576	439	0	0.0000
gene_MP014202	0.36387	0.95288	2000	0	0.0000
gene_MP014514	0.35760	0.88861	109	89	81.6514
gene_MP014528	0.34391	0.88327	715	0	0.0000
gene_MP014536	0.36099	0.43616	58	41	70.6897
gene_MP014595	0.34820	0.63358	71	63	88.7324
gene_MP014604	0.33571	0.66394	249	74	29.7189
gene_MP014703	0.45833	0.50043	46	0	0.0000
gene_MP014708	0.35122	0.64817	33	0	0.0000
gene_MP014714	0.35904	0.91496	284	60	21.1268
gene_MP014716	0.35822	0.78728	171	123	71.9298
gene_MP014717	0.35512	0.75566	145	99	68.2759
gene_MP014737	0.38049	0.63855	62	19	30.6452
gene_MP014745	0.34823	0.94381	211	6	2.8436
gene_MP014752	0.39803	1.13669	32	27	84.3750
gene_MP014842	0.33721	0.51662	142	128	90.1408
gene_MP014846	0.32633	0.56513	50	26	52.0000
gene_MP014909	0.36824	0.83434	80	32	40.0000
gene_MP014950	0.36824	0.83434	256	133	51.9531
gene_MP015202	0.38181	0.74801	76	60	78.9474
gene_MP015315	0.34131	0.92172	365	0	0.0000
gene_MP015346	0.34812	0.81362	935	101	10.8021
gene_MP015352	0.33085	0.48279	70	47	67.1429
gene_MP015353	0.33078	0.48319	70	50	71.4286
gene_MP015370	0.37761	1.13562	45	0	0.0000
gene_MP015571	0.42208	1.00100	39	0	0.0000
gene_MP016146	0.34493	0.44616	34	17	50.0000
gene_MP016168	0.37121	0.54995	40	24	60.0000
gene_MP016180	0.33911	0.93833	1679	0	0.0000
gene_MP016182	0.36336	0.87645	702	0	0.0000
gene_MP016190	0.36094	0.78940	233	133	57.0815
gene_MP016192	0.35489	0.88672	391	272	69.5652
gene_MP016216	0.34676	0.43530	38	20	52.6316
gene_MP016266	0.34144	0.94627	548	0	0.0000
gene_MP016268	0.36571	0.83159	180	0	0.0000
gene_MP016288	0.36060	0.68114	126	106	84.1270
gene_MP016331	0.35949	0.46164	80	43	53.7500
gene_MP016443	0.34646	1.05145	302	0	0.0000
gene_MP016600	0.40713	0.80946	54	0	0.0000
gene_MP016676	0.45963	0.92598	23	0	0.0000
gene_MP016939	0.41339	0.96130	57	0	0.0000
gene_MP017004	0.43072	0.74284	22	0	0.0000
gene_MP017089	0.42145	0.89549	47	0	0.0000
gene_MP017201	0.40575	0.83700	34	8	23.5294
gene_MP017202	0.40575	0.83700	43	40	93.0233
gene_MP017727	0.34053	0.80964	42	0	0.0000
gene_MP017830	0.41367	0.62805	46	0	0.0000
gene_MP017838	0.35067	0.87348	100	69	69.0000
gene_MP017855	0.38183	1.13757	451	398	88.2483
gene_MP017877	0.36419	1.13018	238	0	0.0000
gene_MP017881	0.38916	0.71973	316	86	27.2152
gene_MP017883	0.35067	0.87348	451	38	8.4257
gene_MP017884	0.42022	0.47393	25	25	100.0000
gene_MP017971	0.36219	0.52954	25	22	88.0000
gene_MP017990	0.36272	0.85435	1509	91	6.0305
gene_MP018089	0.39302	0.56036	31	0	0.0000
gene_MP018100	0.40556	0.40534	51	0	0.0000
gene_MP018104	0.41367	0.62805	173	0	0.0000
gene_MP018115	0.35067	0.87348	92	0	0.0000
gene_MP018227	0.45577	0.84748	49	0	0.0000
gene_MP018282	0.35535	0.39596	20	17	85.0000
gene_MP018336	0.34644	0.65967	39	4	10.2564
gene_MP018338	0.33700	0.54304	28	24	85.7143
gene_MP018438	0.38717	0.68925	281	229	81.4947
gene_MP018453	0.40550	0.54148	72	70	97.2222
gene_MP018456	0.35093	0.53678	46	32	69.5652
gene_MP018458	0.34675	0.80459	293	0	0.0000
gene_MP018498	0.32943	0.86977	323	226	69.9690
gene_MP018516	0.46992	0.65023	22	0	0.0000
gene_MP018561	0.36208	0.95299	623	4	0.6421
gene_MP018604	0.52881	0.69722	42	0	0.0000
gene_MP018700	0.45914	0.80278	22	0	0.0000
gene_MP018795	0.39498	0.88578	42	32	76.1905
gene_MP019141	0.36066	0.80483	816	353	43.2598
gene_MP000040	0.39095	0.67534	106	97	91.5094
gene_MP000062	0.44842	0.52845	112	93	83.0357
gene_MP000140	0.48187	0.45775	30	29	96.6667
gene_MP000141	0.40049	0.88585	56	0	0.0000
gene_MP000157	0.36380	0.78494	153	20	13.0719
gene_MP000174	0.36959	0.96501	60	30	50.0000
gene_MP000192	0.30689	0.84617	114	61	53.5088
gene_MP000207	0.37554	0.47203	96	86	89.5833
gene_MP000259	0.34759	0.53644	114	77	67.5439
gene_MP000265	0.33137	0.94445	1350	0	0.0000
gene_MP000285	0.33993	0.56096	32	26	81.2500
gene_MP000288	0.32959	0.71625	158	0	0.0000
gene_MP000294	0.35622	0.79275	414	35	8.4541
gene_MP000298	0.41498	0.59956	34	14	41.1765
gene_MP000305	0.33486	0.52051	57	36	63.1579
gene_MP000330	0.31914	0.94935	161	0	0.0000
gene_MP000360	0.39642	0.58173	27	22	81.4815
gene_MP000393	0.38906	0.73728	136	82	60.2941
gene_MP000405	0.38236	0.71431	192	136	70.8333
gene_MP000446	0.32800	0.90389	451	0	0.0000
gene_MP000449	0.35368	0.88239	942	0	0.0000
gene_MP000494	0.35100	0.76326	900	122	13.5556
gene_MP000512	0.37156	0.59780	127	99	77.9528
gene_MP000620	0.35140	0.53903	48	38	79.1667
gene_MP000761	0.32925	0.77969	103	0	0.0000
gene_MP000934	0.36455	0.83763	785	387	49.2994
gene_MP000956	0.37957	0.47747	100	82	82.0000
gene_MP000979	0.31780	0.93553	713	0	0.0000
gene_MP001293	0.36608	0.67957	235	145	61.7021
gene_MP001309	0.33857	0.80330	1229	144	11.7168
gene_MP001362	0.36546	0.72559	64	0	0.0000
gene_MP001385	0.35714	0.68692	183	13	7.1038
gene_MP001398	0.35714	0.68628	71	51	71.8310
gene_MP001399	0.34871	0.53310	48	4	8.3333
gene_MP001400	0.33182	0.92187	472	6	1.2712
gene_MP001405	0.38841	0.77408	137	108	78.8321
gene_MP001408	0.38062	0.91975	284	204	71.8310
gene_MP001410	0.36546	0.72646	92	64	69.5652
gene_MP001440	0.35807	0.47087	83	27	32.5301
gene_MP001487	0.41788	0.73534	103	1	0.9709
gene_MP001491	0.33598	0.95129	643	0	0.0000
gene_MP001492	0.32943	0.87069	1288	0	0.0000
gene_MP001511	0.39382	0.63689	75	60	80.0000
gene_MP001516	0.38961	0.59917	69	42	60.8696
gene_MP001525	0.43669	1.01998	37	0	0.0000
gene_MP001603	0.36665	0.55021	142	106	74.6479
gene_MP001612	0.32272	0.47005	33	20	60.6061
gene_MP001628	0.36120	0.53046	48	37	77.0833
gene_MP001691	0.36780	0.65153	84	0	0.0000
gene_MP001695	0.33744	0.88177	212	0	0.0000
gene_MP001716	0.34743	0.64555	99	40	40.4040
gene_MP001725	0.32948	0.56478	25	6	24.0000
gene_MP001736	0.33438	0.45742	59	0	0.0000
gene_MP001787	0.35772	0.46189	46	4	8.6957
gene_MP001814	0.35699	0.78361	71	0	0.0000
gene_MP001838	0.36514	0.74535	330	246	74.5455
gene_MP001850	0.35903	0.75949	216	204	94.4444
gene_MP001854	0.36905	0.59783	28	15	53.5714
gene_MP001860	0.34990	0.80404	132	120	90.9091
gene_MP001861	0.36268	0.67056	27	18	66.6667
gene_MP001876	0.36309	0.53361	91	63	69.2308
gene_MP001882	0.33931	0.45853	29	7	24.1379
gene_MP001884	0.35551	0.43831	82	66	80.4878
gene_MP001913	0.35458	0.66553	21	5	23.8095
gene_MP002018	0.36251	0.90528	265	116	43.7736
gene_MP002045	0.36927	1.07558	57	40	70.1754
gene_MP002050	0.33234	0.58032	54	38	70.3704
gene_MP002080	0.36611	0.53311	99	81	81.8182
gene_MP002083	0.32724	1.00605	127	112	88.1890
gene_MP002085	0.35321	0.57236	65	24	36.9231
gene_MP002119	0.33762	0.44217	45	2	4.4444
gene_MP002120	0.36870	0.86465	455	0	0.0000
gene_MP002260	0.34810	0.90195	79	23	29.1139
gene_MP002294	0.35136	0.66711	64	0	0.0000
gene_MP002324	0.40874	0.60292	23	23	100.0000
gene_MP002357	0.37459	0.80791	350	247	70.5714
gene_MP002372	0.40087	0.85400	559	111	19.8569
gene_MP002391	0.35661	0.74715	232	203	87.5000
gene_MP002402	0.38450	0.60841	29	17	58.6207
gene_MP002416	0.37166	0.88215	3226	136	4.2157
gene_MP002417	0.34578	0.84036	110	81	73.6364
gene_MP002439	0.37492	0.52567	83	54	65.0602
gene_MP002447	0.36502	0.68656	105	72	68.5714
gene_MP002460	0.39308	0.79636	24	13	54.1667
gene_MP002463	0.36110	0.65465	42	31	73.8095
gene_MP002497	0.34742	0.47129	24	14	58.3333
gene_MP002502	0.34198	0.59085	37	29	78.3784
gene_MP002530	0.36702	0.63283	47	0	0.0000
gene_MP002551	0.34000	0.90003	1589	0	0.0000
gene_MP002560	0.33867	0.35315	22	16	72.7273
gene_MP002565	0.42462	0.59851	39	31	79.4872
gene_MP002609	0.35088	0.70451	21	0	0.0000
gene_MP002636	0.37198	0.75833	128	51	39.8438
gene_MP002645	0.40215	0.68573	160	142	88.7500
gene_MP002648	0.34744	0.54883	44	38	86.3636
gene_MP002652	0.36663	0.75118	26	14	53.8462
gene_MP002654	0.36442	0.62480	165	119	72.1212
gene_MP002659	0.33989	0.63676	190	105	55.2632
gene_MP002728	0.37898	0.65043	67	36	53.7313
gene_MP002746	0.49556	0.70822	34	9	26.4706
gene_MP002751	0.38492	0.56879	63	43	68.2540
gene_MP002784	0.39722	1.06804	45	34	75.5556
gene_MP002791	0.35555	0.59228	91	73	80.2198
gene_MP002817	0.33824	0.46632	20	16	80.0000
gene_MP002867	0.35348	0.73303	50	0	0.0000
gene_MP002868	0.32549	0.66432	68	10	14.7059
gene_MP002885	0.33114	0.75226	203	50	24.6305
gene_MP002895	0.35986	0.59923	43	34	79.0698
gene_MP002905	0.34406	0.86519	177	120	67.7966
gene_MP002920	0.36315	0.59562	65	42	64.6154
gene_MP002935	0.35029	0.83582	95	0	0.0000
gene_MP002943	0.33914	0.63899	39	28	71.7949
gene_MP003026	0.36672	0.65499	28	11	39.2857
gene_MP003042	0.37634	0.57613	95	44	46.3158
gene_MP003043	0.35158	0.83073	121	46	38.0165
gene_MP003056	0.40794	0.68362	55	38	69.0909
gene_MP003073	0.38488	0.81671	88	80	90.9091
gene_MP003124	0.34705	0.83295	644	0	0.0000
gene_MP003142	0.37742	0.63512	49	23	46.9388
gene_MP003160	0.36752	0.71265	28	13	46.4286
gene_MP003182	0.36056	0.66523	96	69	71.8750
gene_MP003184	0.33736	0.88260	188	143	76.0638
gene_MP003192	0.40689	0.54229	24	20	83.3333
gene_MP003265	0.38002	0.56921	59	46	77.9661
gene_MP003334	0.31775	1.02208	1353	0	0.0000
gene_MP003374	0.34605	0.41263	33	10	30.3030
gene_MP003377	0.35151	0.94473	1171	0	0.0000
gene_MP003382	0.30791	0.90825	420	0	0.0000
gene_MP003457	0.36219	0.75087	267	15	5.6180
gene_MP003463	0.36514	0.47127	32	18	56.2500
gene_MP003473	0.35772	0.85727	321	0	0.0000
gene_MP003498	0.35901	0.43297	27	24	88.8889
gene_MP003520	0.36854	0.51077	28	19	67.8571
gene_MP003534	0.34527	0.58455	36	26	72.2222
gene_MP003561	0.31081	0.96621	29	0	0.0000
gene_MP003570	0.32582	0.75756	236	0	0.0000
gene_MP003630	0.36966	0.79953	115	0	0.0000
gene_MP003664	0.36089	0.71641	180	119	66.1111
gene_MP003712	0.37007	0.92833	389	96	24.6787
gene_MP003714	0.36993	0.47957	59	40	67.7966
gene_MP003716	0.32166	0.76674	398	95	23.8693
gene_MP003717	0.34345	0.56768	138	87	63.0435
gene_MP003758	0.36185	0.72203	96	58	60.4167
gene_MP003761	0.35657	0.58063	156	109	69.8718
gene_MP003802	0.37658	0.59754	20	16	80.0000
gene_MP003805	0.38742	0.64931	68	56	82.3529
gene_MP003833	0.44552	0.57619	39	24	61.5385
gene_MP003859	0.39026	0.75955	100	44	44.0000
gene_MP003863	0.31655	0.83415	112	0	0.0000
gene_MP003867	0.39795	0.73708	187	38	20.3209
gene_MP003874	0.31167	1.22677	92	71	77.1739
gene_MP003879	0.39244	0.67223	64	42	65.6250
gene_MP003889	0.33672	0.49957	39	27	69.2308
gene_MP003923	0.44294	0.67347	22	8	36.3636
gene_MP003955	0.38827	0.75690	583	494	84.7341
gene_MP003957	0.32266	0.81623	588	0	0.0000
gene_MP003988	0.40787	0.46975	87	50	57.4713
gene_MP003989	0.32062	0.70895	75	0	0.0000
gene_MP003995	0.37360	0.81855	145	0	0.0000
gene_MP003996	0.37586	0.95436	584	164	28.0822
gene_MP003998	0.39353	0.58551	71	49	69.0141
gene_MP004027	0.35445	0.80347	390	7	1.7949
gene_MP004044	0.35110	0.74638	22	12	54.5455
gene_MP004061	0.33564	0.49294	32	26	81.2500
gene_MP004062	0.34455	0.80279	96	0	0.0000
gene_MP004078	0.32683	0.89207	20	12	60.0000
gene_MP004119	0.33269	0.83121	131	0	0.0000
gene_MP004159	0.35422	0.55431	73	55	75.3425
gene_MP004198	0.32849	0.98465	65	30	46.1538
gene_MP004209	0.37143	0.46050	147	106	72.1088
gene_MP004218	0.38988	0.97168	595	421	70.7563
gene_MP004219	0.33712	0.47490	66	0	0.0000
gene_MP004234	0.36863	0.40679	153	100	65.3595
gene_MP004245	0.34246	0.56549	58	32	55.1724
gene_MP004250	0.33333	0.97387	204	0	0.0000
gene_MP004267	0.35916	0.95167	820	1	0.1220
gene_MP004279	0.36816	0.74605	81	80	98.7654
gene_MP004284	0.35714	0.75580	37	34	91.8919
gene_MP004451	0.33951	0.78168	476	106	22.2689
gene_MP004472	0.38988	0.65883	398	297	74.6231
gene_MP004509	0.36386	0.86464	214	0	0.0000
gene_MP004569	0.32461	0.91839	2843	60	2.1104
gene_MP004579	0.38849	0.86809	931	497	53.3835
gene_MP004618	0.35104	0.60904	44	34	77.2727
gene_MP004619	0.37719	0.48762	86	76	88.3721
gene_MP004656	0.36161	0.80700	202	0	0.0000
gene_MP004684	0.35592	0.84570	500	0	0.0000
gene_MP004710	0.36967	0.63815	68	46	67.6471
gene_MP004843	0.33376	0.61439	268	112	41.7910
gene_MP004867	0.35853	0.43727	63	57	90.4762
gene_MP004869	0.36584	0.70045	201	133	66.1692
gene_MP004880	0.49520	0.83177	108	95	87.9630
gene_MP004931	0.38668	0.40244	33	22	66.6667
gene_MP004942	0.33685	0.88417	64	0	0.0000
gene_MP005011	0.38510	0.61004	112	45	40.1786
gene_MP005018	0.31884	1.00425	5314	0	0.0000
gene_MP005041	0.33343	0.65172	112	0	0.0000
gene_MP005096	0.36032	0.79633	186	89	47.8495
gene_MP005133	0.38193	0.68241	212	168	79.2453
gene_MP005145	0.37861	0.50242	179	135	75.4190
gene_MP005166	0.33185	0.78461	554	21	3.7906
gene_MP005192	0.31884	1.00425	324	0	0.0000
gene_MP005208	0.38463	0.77955	345	168	48.6957
gene_MP005223	0.35753	0.43804	83	54	65.0602
gene_MP005354	0.33839	0.89852	421	0	0.0000
gene_MP005434	0.39130	0.83872	300	0	0.0000
gene_MP005448	0.35930	0.73316	130	5	3.8462
gene_MP005466	0.31634	0.76008	266	0	0.0000
gene_MP005508	0.38572	0.80452	20	19	95.0000
gene_MP005511	0.33419	0.96431	129	0	0.0000
gene_MP005554	0.37692	0.71675	127	103	81.1024
gene_MP005580	0.33722	0.77265	57	40	70.1754
gene_MP005581	0.40426	0.71611	55	35	63.6364
gene_MP005597	0.32803	0.75236	114	5	4.3860
gene_MP005613	0.31665	0.47197	67	43	64.1791
gene_MP005626	0.42247	0.37879	31	23	74.1935
gene_MP005631	0.34073	0.65611	139	118	84.8921
gene_MP005653	0.32600	0.76996	394	0	0.0000
gene_MP005754	0.40885	0.67537	183	166	90.7104
gene_MP005757	0.34558	0.45171	154	131	85.0649
gene_MP005774	0.37112	0.84132	53	0	0.0000
gene_MP005838	0.38933	0.71927	86	80	93.0233
gene_MP005853	0.36247	0.63474	31	19	61.2903
gene_MP005862	0.35135	0.80582	385	14	3.6364
gene_MP005962	0.38283	0.81738	359	297	82.7298
gene_MP005975	0.32744	0.76503	205	110	53.6585
gene_MP006010	0.34688	0.45440	195	182	93.3333
gene_MP006014	0.34940	0.83979	106	1	0.9434
gene_MP006100	0.34196	0.87757	1037	131	12.6326
gene_MP006123	0.35044	0.52367	108	95	87.9630
gene_MP006141	0.37895	0.80968	876	529	60.3881
gene_MP006142	0.36518	0.87465	87	0	0.0000
gene_MP006174	0.32286	0.99703	2389	2	0.0837
gene_MP006220	0.33093	0.89069	2198	0	0.0000
gene_MP006226	0.40037	0.72982	125	124	99.2000
gene_MP006235	0.37863	0.62814	24	16	66.6667
gene_MP006251	0.30993	0.52790	23	14	60.8696
gene_MP006296	0.41284	0.47022	36	31	86.1111
gene_MP006305	0.37883	0.71540	151	138	91.3907
gene_MP006381	0.46141	0.46280	79	47	59.4937
gene_MP006389	0.33163	0.40987	24	11	45.8333
gene_MP006392	0.32181	0.94934	3035	0	0.0000
gene_MP006395	0.36768	0.46439	31	17	54.8387
gene_MP006421	0.34985	0.71582	811	0	0.0000
gene_MP006448	0.42615	0.52468	59	32	54.2373
gene_MP006464	0.35069	0.74579	330	57	17.2727
gene_MP006495	0.32374	0.42519	29	0	0.0000
gene_MP006765	0.34115	0.77730	143	0	0.0000
gene_MP006895	0.42620	0.72118	41	0	0.0000
gene_MP007082	0.41566	0.58128	86	0	0.0000
gene_MP007106	0.35828	0.66891	948	2	0.2110
gene_MP007127	0.37775	0.69706	36	0	0.0000
gene_MP007150	0.44407	0.50964	71	0	0.0000
gene_MP007167	0.32744	0.64813	55	44	80.0000
gene_MP007187	0.34768	0.63008	50	9	18.0000
gene_MP007193	0.37748	0.74288	551	200	36.2976
gene_MP007237	0.36580	0.44074	51	43	84.3137
gene_MP007280	0.35033	0.99873	3249	0	0.0000
gene_MP007294	0.34925	1.00003	22	0	0.0000
gene_MP007337	0.34933	0.54431	65	42	64.6154
gene_MP007391	0.36275	0.84276	46	0	0.0000
gene_MP007464	0.33340	0.68388	276	158	57.2464
gene_MP007470	0.32829	0.95887	2912	5	0.1717
gene_MP007474	0.34596	0.81909	856	47	5.4907
gene_MP007487	0.34292	0.87857	100	0	0.0000
gene_MP007493	0.32611	0.91893	1180	0	0.0000
gene_MP007496	0.38418	0.66557	189	149	78.8360
gene_MP007498	0.34112	0.79952	167	93	55.6886
gene_MP007503	0.32171	0.58641	77	69	89.6104
gene_MP007516	0.35178	0.83947	513	459	89.4737
gene_MP007562	0.34531	0.86927	38	22	57.8947
gene_MP007571	0.35739	0.48493	35	13	37.1429
gene_MP007572	0.34980	0.69227	452	142	31.4159
gene_MP007583	0.36143	0.85247	580	4	0.6897
gene_MP007592	0.35761	0.53017	342	240	70.1754
gene_MP007593	0.35661	0.69468	88	66	75.0000
gene_MP007619	0.35185	0.96522	695	26	3.7410
gene_MP007621	0.35040	0.68678	83	20	24.0964
gene_MP007665	0.34095	0.86574	1841	113	6.1380
gene_MP007667	0.33534	0.74545	564	39	6.9149
gene_MP007671	0.38014	0.63197	83	53	63.8554
gene_MP007680	0.32719	1.00563	2757	0	0.0000
gene_MP007688	0.34344	0.99730	1082	64	5.9150
gene_MP007702	0.36901	0.32380	34	23	67.6471
gene_MP007724	0.39750	0.77471	1199	481	40.1168
gene_MP007737	0.36762	0.88134	1389	21	1.5119
gene_MP007782	0.38383	0.71255	843	764	90.6287
gene_MP007848	0.35637	0.51667	109	26	23.8532
gene_MP007855	0.36009	0.72021	182	102	56.0440
gene_MP007892	0.40469	0.68516	101	0	0.0000
gene_MP007898	0.42555	1.23066	131	105	80.1527
gene_MP007945	0.34972	0.47752	161	66	40.9938
gene_MP007979	0.36522	0.58332	50	21	42.0000
gene_MP008018	0.39210	0.80392	129	48	37.2093
gene_MP008039	0.33742	0.88145	142	0	0.0000
gene_MP008075	0.35826	0.55861	146	115	78.7671
gene_MP008102	0.36165	0.39239	25	15	60.0000
gene_MP008120	0.35924	0.74000	233	123	52.7897
gene_MP008163	0.33296	0.80230	56	0	0.0000
gene_MP008302	0.38081	0.74231	169	75	44.3787
gene_MP008460	0.41340	1.03251	66	40	60.6061
gene_MP008913	0.33272	0.61883	37	26	70.2703
gene_MP008951	0.34640	0.81141	275	208	75.6364
gene_MP009006	0.34640	0.81141	24	21	87.5000
gene_MP009014	0.34700	0.87370	593	481	81.1130
gene_MP009027	0.35932	0.84156	925	0	0.0000
gene_MP009033	0.35437	0.65814	137	0	0.0000
gene_MP009096	0.35374	0.80103	212	0	0.0000
gene_MP009118	0.33845	0.49584	31	22	70.9677
gene_MP009144	0.34640	0.81141	325	259	79.6923
gene_MP009214	0.34352	0.67450	33	11	33.3333
gene_MP009221	0.32887	0.95459	2981	1	0.0335
gene_MP009223	0.33394	0.69893	143	82	57.3427
gene_MP009232	0.34946	0.58951	41	36	87.8049
gene_MP009243	0.36343	0.60205	106	61	57.5472
gene_MP009265	0.42824	0.90839	53	0	0.0000
gene_MP009290	0.34371	0.95657	420	0	0.0000
gene_MP009297	0.35492	0.61395	103	76	73.7864
gene_MP009302	0.36343	0.60205	131	57	43.5115
gene_MP009389	0.37955	0.63334	20	14	70.0000
gene_MP009395	0.36284	0.74216	508	481	94.6850
gene_MP009406	0.36989	0.94697	2503	1	0.0400
gene_MP009409	0.39181	0.41250	47	20	42.5532
gene_MP009413	0.34946	0.58951	83	57	68.6747
gene_MP009429	0.34567	0.80596	262	110	41.9847
gene_MP009556	0.33449	0.71685	313	7	2.2364
gene_MP009573	0.34873	0.47760	22	17	77.2727
gene_MP009590	0.35763	0.52525	46	39	84.7826
gene_MP009592	0.37205	0.54970	73	52	71.2329
gene_MP009602	0.34798	0.80197	216	161	74.5370
gene_MP009766	0.36171	0.82055	106	93	87.7358
gene_MP009799	0.34733	0.72024	25	0	0.0000
gene_MP009851	0.35191	0.78644	677	628	92.7622
gene_MP009855	0.35763	0.52525	297	252	84.8485
gene_MP009977	0.41351	0.96602	53	43	81.1321
gene_MP010037	0.37965	0.83141	235	207	88.0851
gene_MP010078	0.42958	0.35534	53	50	94.3396
gene_MP010095	0.36664	0.86627	543	0	0.0000
gene_MP010140	0.35192	0.76180	174	0	0.0000
gene_MP010170	0.33255	0.64735	112	45	40.1786
gene_MP010183	0.38928	0.69640	35	0	0.0000
gene_MP010195	0.35040	0.96707	596	10	1.6779
gene_MP010200	0.34827	0.60490	44	36	81.8182
gene_MP010257	0.33565	0.51724	32	1	3.1250
gene_MP010271	0.43427	0.56099	20	0	0.0000
gene_MP010360	0.34870	0.75970	57	37	64.9123
gene_MP010473	0.40937	0.90660	270	250	92.5926
gene_MP010520	0.36538	0.69836	176	76	43.1818
gene_MP010566	0.35183	0.67873	33	22	66.6667
gene_MP010583	0.32725	0.76409	28	18	64.2857
gene_MP010586	0.36692	0.69116	58	35	60.3448
gene_MP010722	0.33950	0.89119	68	45	66.1765
gene_MP010747	0.44604	0.44659	20	20	100.0000
gene_MP010761	0.36449	0.50765	32	27	84.3750
gene_MP010837	0.37049	0.74363	74	51	68.9189
gene_MP010851	0.33462	0.48950	85	56	65.8824
gene_MP010858	0.35117	0.55861	30	22	73.3333
gene_MP010919	0.35325	0.58697	23	15	65.2174
gene_MP010927	0.32962	0.59326	39	4	10.2564
gene_MP010941	0.36779	0.54636	38	35	92.1053
gene_MP010982	0.32035	0.93776	354	0	0.0000
gene_MP010999	0.34956	0.85901	62	0	0.0000
gene_MP011001	0.30960	0.54214	33	27	81.8182
gene_MP011011	0.32761	0.98552	427	0	0.0000
gene_MP011101	0.37631	0.80908	308	263	85.3896
gene_MP011130	0.34117	0.63521	178	138	77.5281
gene_MP011135	0.53846	0.49552	28	0	0.0000
gene_MP011152	0.35914	0.83604	915	377	41.2022
gene_MP011175	0.38759	0.67343	128	108	84.3750
gene_MP011184	0.34986	0.86549	234	0	0.0000
gene_MP011230	0.31222	0.66957	22	11	50.0000
gene_MP011308	0.35006	0.48356	60	19	31.6667
gene_MP011318	0.32986	1.02053	634	27	4.2587
gene_MP011323	0.37510	0.93050	105	89	84.7619
gene_MP011344	0.41642	0.50303	30	0	0.0000
gene_MP011347	0.34115	0.65908	86	58	67.4419
gene_MP011349	0.32994	1.02004	901	0	0.0000
gene_MP011353	0.34057	0.82379	419	30	7.1599
gene_MP011364	0.34202	0.63574	100	62	62.0000
gene_MP011366	0.34345	0.98369	1444	64	4.4321
gene_MP011405	0.36251	0.72843	89	11	12.3596
gene_MP011518	0.33066	0.55422	58	50	86.2069
gene_MP011527	0.32355	0.41839	100	79	79.0000
gene_MP011559	0.34384	0.78370	40	16	40.0000
gene_MP011572	0.32857	0.98486	60	14	23.3333
gene_MP011620	0.38751	0.42577	21	15	71.4286
gene_MP011644	0.38928	1.08017	58	20	34.4828
gene_MP011702	0.33926	0.90025	266	0	0.0000
gene_MP011715	0.37892	0.44260	70	55	78.5714
gene_MP011721	0.41494	0.51267	111	44	39.6396
gene_MP011722	0.37567	0.45930	21	0	0.0000
gene_MP011744	0.46460	0.98559	66	42	63.6364
gene_MP011771	0.46917	0.39388	71	26	36.6197
gene_MP011775	0.32852	0.62011	141	95	67.3759
gene_MP011776	0.36960	0.62168	56	47	83.9286
gene_MP011795	0.44695	0.49386	26	15	57.6923
gene_MP011834	0.34745	0.77411	83	68	81.9277
gene_MP011856	0.37243	0.57969	39	4	10.2564
gene_MP011910	0.38799	0.61848	88	78	88.6364
gene_MP011929	0.34866	0.66435	23	11	47.8261
gene_MP011930	0.37060	0.89184	798	10	1.2531
gene_MP011996	0.40192	0.48870	39	26	66.6667
gene_MP012008	0.33015	0.84002	170	11	6.4706
gene_MP012019	0.36249	0.62116	35	24	68.5714
gene_MP012033	0.33060	0.81885	279	0	0.0000
gene_MP012040	0.36690	0.83845	28	8	28.5714
gene_MP012063	0.35721	0.91032	31	22	70.9677
gene_MP012065	0.38542	0.58363	37	19	51.3514
gene_MP012070	0.39979	0.52903	20	20	100.0000
gene_MP012149	0.33567	0.62692	237	17	7.1730
gene_MP012205	0.44444	0.84991	54	0	0.0000
gene_MP012225	0.38660	0.69501	122	103	84.4262
gene_MP012241	0.33506	0.81669	102	0	0.0000
gene_MP012264	0.33737	0.75704	62	45	72.5806
gene_MP012301	0.33936	0.67140	66	44	66.6667
gene_MP012312	0.39878	0.79725	88	71	80.6818
gene_MP012321	0.37231	0.59688	20	8	40.0000
gene_MP012374	0.35968	0.40351	24	16	66.6667
gene_MP012379	0.36251	0.63669	27	15	55.5556
gene_MP012413	0.42289	0.50978	40	36	90.0000
gene_MP012463	0.34939	0.62294	39	31	79.4872
gene_MP012496	0.38456	0.50865	24	9	37.5000
gene_MP012516	0.37207	0.69311	131	72	54.9618
gene_MP012578	0.34994	0.79954	82	0	0.0000
gene_MP012582	0.32652	0.58532	209	125	59.8086
gene_MP012590	0.34078	0.53198	84	14	16.6667
gene_MP012617	0.34645	0.86976	80	57	71.2500
gene_MP012647	0.35094	0.56161	38	27	71.0526
gene_MP012683	0.36550	0.59468	20	19	95.0000
gene_MP012722	0.37017	0.54500	51	10	19.6078
gene_MP012793	0.31838	0.90436	1005	16	1.5920
gene_MP012797	0.34703	0.60911	58	31	53.4483
gene_MP012808	0.33620	0.69515	166	91	54.8193
gene_MP012835	0.36782	0.67059	133	47	35.3383
gene_MP012862	0.39800	0.70109	74	42	56.7568
gene_MP012881	0.35500	0.77175	38	0	0.0000
gene_MP012906	0.33490	0.88910	526	24	4.5627
gene_MP012908	0.32514	0.80726	229	0	0.0000
gene_MP012936	0.44245	0.77377	25	4	16.0000
gene_MP012982	0.36108	0.68378	53	37	69.8113
gene_MP012992	0.36399	0.55560	62	3	4.8387
gene_MP012998	0.37285	1.09792	22	0	0.0000
gene_MP013006	0.38521	0.57943	20	18	90.0000
gene_MP013029	0.36491	0.66534	44	37	84.0909
gene_MP013040	0.35767	1.01855	43	0	0.0000
gene_MP013045	0.34598	0.64215	34	22	64.7059
gene_MP013079	0.36872	0.57921	70	56	80.0000
gene_MP013167	0.33990	0.80498	605	116	19.1736
gene_MP013170	0.32574	1.08761	421	0	0.0000
gene_MP013187	0.34191	0.40543	27	22	81.4815
gene_MP013189	0.35411	0.63895	32	19	59.3750
gene_MP013191	0.40760	0.83502	69	61	88.4058
gene_MP013214	0.35353	0.64897	93	12	12.9032
gene_MP013239	0.33411	0.89410	424	0	0.0000
gene_MP013250	0.36162	0.73574	75	10	13.3333
gene_MP013256	0.35033	0.98199	483	0	0.0000
gene_MP013259	0.40700	0.60766	23	15	65.2174
gene_MP013303	0.48316	0.51725	34	0	0.0000
gene_MP013310	0.35752	0.80479	136	126	92.6471
gene_MP013348	0.35313	0.67759	75	19	25.3333
gene_MP013393	0.34069	0.85300	288	0	0.0000
gene_MP013496	0.35049	0.69405	37	0	0.0000
gene_MP013505	0.35060	0.88031	288	0	0.0000
gene_MP013526	0.36335	0.53903	55	15	27.2727
gene_MP013536	0.37551	0.67185	86	56	65.1163
gene_MP013538	0.32424	0.98872	1078	0	0.0000
gene_MP013541	0.35361	0.96973	205	0	0.0000
gene_MP013548	0.36711	0.49136	36	21	58.3333
gene_MP013713	0.39010	0.70854	101	0	0.0000
gene_MP013747	0.36205	0.87142	347	0	0.0000
gene_MP013749	0.32606	0.71535	80	46	57.5000
gene_MP013807	0.33672	0.67989	88	37	42.0455
gene_MP013846	0.32618	0.77997	128	16	12.5000
gene_MP013856	0.35105	0.95950	685	0	0.0000
gene_MP013891	0.37575	0.79524	75	0	0.0000
gene_MP013983	0.40278	0.98936	104	80	76.9231
gene_MP014005	0.33447	0.47501	39	28	71.7949
gene_MP014015	0.36993	0.39537	33	22	66.6667
gene_MP014113	0.36511	0.76743	130	0	0.0000
gene_MP014120	0.40315	0.64851	25	0	0.0000
gene_MP014219	0.32307	0.64612	99	4	4.0404
gene_MP014310	0.41371	0.80024	28	0	0.0000
gene_MP014324	0.33839	0.80141	108	67	62.0370
gene_MP014341	0.33697	0.66567	55	0	0.0000
gene_MP014347	0.37796	0.96550	342	191	55.8480
gene_MP014419	0.34579	0.55715	37	7	18.9189
gene_MP014420	0.40398	0.68383	61	61	100.0000
gene_MP014430	0.34490	0.53486	20	11	55.0000
gene_MP014479	0.34600	0.40150	48	23	47.9167
gene_MP014510	0.35404	0.68071	109	31	28.4404
gene_MP014526	0.35375	0.75494	346	44	12.7168
gene_MP014544	0.36809	0.74275	75	0	0.0000
gene_MP014577	0.32301	0.53153	90	53	58.8889
gene_MP014735	0.34085	0.80192	1163	378	32.5021
gene_MP014823	0.35786	0.92138	1808	442	24.4469
gene_MP014889	0.34214	0.72462	65	44	67.6923
gene_MP014904	0.33652	0.60510	38	27	71.0526
gene_MP014977	0.36328	0.50583	33	24	72.7273
gene_MP014996	0.43433	0.57957	20	20	100.0000
gene_MP015074	0.36282	0.62243	29	20	68.9655
gene_MP015142	0.32444	1.02948	3552	1	0.0282
gene_MP015211	0.36689	0.90190	1848	0	0.0000
gene_MP015219	0.32415	0.86686	146	0	0.0000
gene_MP015229	0.35972	0.85924	106	0	0.0000
gene_MP015236	0.39406	0.91772	260	1	0.3846
gene_MP015251	0.32845	0.70350	222	191	86.0360
gene_MP015425	0.33471	0.92364	1391	28	2.0129
gene_MP015759	0.46816	0.81045	63	0	0.0000
gene_MP015852	0.33374	0.55328	54	18	33.3333
gene_MP016257	0.36992	0.63912	86	31	36.0465
gene_MP016287	0.35478	0.80126	164	103	62.8049
gene_MP016321	0.34687	0.39394	30	6	20.0000
gene_MP016334	0.38541	1.06752	259	186	71.8147
gene_MP016407	0.44638	0.83270	57	0	0.0000
gene_MP016441	0.36418	0.70446	192	111	57.8125
gene_MP016446	0.34959	0.67162	54	37	68.5185
gene_MP016451	0.38137	0.73900	40	30	75.0000
gene_MP016452	0.39866	0.70247	246	217	88.2114
gene_MP016456	0.32571	0.98184	4422	10	0.2261
gene_MP016474	0.35841	0.46092	116	52	44.8276
gene_MP016477	0.34781	0.46360	30	19	63.3333
gene_MP016506	0.35814	0.96492	615	0	0.0000
gene_MP016530	0.34481	0.97787	646	69	10.6811
gene_MP016543	0.36933	0.69376	405	259	63.9506
gene_MP016556	0.37187	0.74869	246	177	71.9512
gene_MP016590	0.33503	0.63781	87	41	47.1264
gene_MP016594	0.39666	0.73175	203	0	0.0000
gene_MP016655	0.38613	0.87751	70	40	57.1429
gene_MP016659	0.34434	1.13541	171	0	0.0000
gene_MP016684	0.36269	0.85853	644	35	5.4348
gene_MP016755	0.33282	0.94884	1335	2	0.1498
gene_MP016792	0.37932	0.66660	61	17	27.8689
gene_MP016795	0.38043	0.45628	130	108	83.0769
gene_MP016800	0.32294	0.77605	172	139	80.8140
gene_MP016821	0.37968	1.11981	388	264	68.0412
gene_MP016846	0.35842	0.73963	83	36	43.3735
gene_MP016852	0.34833	0.71844	140	105	75.0000
gene_MP016856	0.33648	0.90931	610	128	20.9836
gene_MP016857	0.35979	0.48877	43	33	76.7442
gene_MP016867	0.32365	0.56699	47	21	44.6809
gene_MP016927	0.33967	0.80365	633	0	0.0000
gene_MP016945	0.33032	0.70745	130	0	0.0000
gene_MP016956	0.32853	0.61631	44	27	61.3636
gene_MP016962	0.32333	0.68231	29	9	31.0345
gene_MP016965	0.39755	0.77589	674	557	82.6409
gene_MP017037	0.39634	0.77013	336	116	34.5238
gene_MP017038	0.49312	0.83625	99	0	0.0000
gene_MP017039	0.49228	0.82518	109	92	84.4037
gene_MP017049	0.37984	0.70913	24	0	0.0000
gene_MP017107	0.40829	0.90658	42	0	0.0000
gene_MP017235	0.47363	0.80259	39	0	0.0000
gene_MP017333	0.41928	0.60512	20	0	0.0000
gene_MP017916	0.38302	0.55759	44	22	50.0000
gene_MP017962	0.40081	0.49827	80	46	57.5000
gene_MP018118	0.34415	0.50275	42	0	0.0000
gene_MP018268	0.37445	0.83906	114	83	72.8070
gene_MP018272	0.34214	0.67356	473	76	16.0677
gene_MP018431	0.35017	0.97890	938	26	2.7719
gene_MP018465	0.37975	0.56543	120	95	79.1667
gene_MP018472	0.35543	0.48207	127	0	0.0000
gene_MP018522	0.46992	0.65023	22	0	0.0000
gene_MP018567	0.37310	0.63577	29	20	68.9655
gene_MP018573	0.35529	0.53090	51	43	84.3137
gene_MP018600	0.37562	0.90403	359	169	47.0752
gene_MP018602	0.33151	0.76652	60	0	0.0000
gene_MP018619	0.35631	0.43081	252	142	56.3492
gene_MP018620	0.35185	1.00346	105	55	52.3810
gene_MP018695	0.40352	0.41460	67	63	94.0299
gene_MP018771	0.42367	0.59294	44	0	0.0000
gene_MP018775	0.42196	0.61373	23	0	0.0000
gene_MP018821	0.35764	0.46054	51	40	78.4314
gene_MP018834	0.33903	0.54329	66	0	0.0000
gene_MP018873	0.37099	0.64534	274	184	67.1533
gene_MP018890	0.35670	0.71842	22	9	40.9091
gene_MP018898	0.36481	0.86304	174	0	0.0000
gene_MP018946	0.33273	0.58283	107	78	72.8972
gene_MP018998	0.33625	0.92854	591	0	0.0000
gene_MP019012	0.37739	0.60430	307	270	87.9479
gene_MP019110	0.33625	0.92854	278	0	0.0000
gene_MP019226	0.34695	0.70816	88	29	32.9545
gene_MP000017	0.36429	0.46217	55	52	94.5455
gene_MP000060	0.35262	0.74990	412	284	68.9320
gene_MP000072	0.33942	0.77300	258	154	59.6899
gene_MP000126	0.35943	0.41846	23	5	21.7391
gene_MP000220	0.36409	0.58755	22	6	27.2727
gene_MP000237	0.35346	0.76510	292	19	6.5068
gene_MP000286	0.32768	0.99061	2154	0	0.0000
gene_MP000292	0.33362	0.93281	668	0	0.0000
gene_MP000336	0.35553	0.55452	86	43	50.0000
gene_MP000381	0.39182	0.75718	317	237	74.7634
gene_MP000422	0.38214	0.68790	293	226	77.1331
gene_MP000438	0.37293	0.47785	23	17	73.9130
gene_MP000485	0.35035	0.73426	247	222	89.8785
gene_MP000486	0.35328	0.94511	257	21	8.1712
gene_MP000513	0.34567	0.65501	56	49	87.5000
gene_MP000568	0.35659	0.71906	170	129	75.8824
gene_MP000604	0.33228	0.70126	104	52	50.0000
gene_MP000659	0.33738	0.82851	78	0	0.0000
gene_MP000782	0.35039	0.74902	129	0	0.0000
gene_MP000796	0.36755	0.55463	54	42	77.7778
gene_MP000803	0.34220	0.79751	393	31	7.8880
gene_MP000804	0.32749	0.97179	1928	0	0.0000
gene_MP000805	0.36973	0.56289	31	21	67.7419
gene_MP000807	0.36825	0.90364	2458	0	0.0000
gene_MP000823	0.37985	0.76019	345	298	86.3768
gene_MP000836	0.37343	0.44782	21	21	100.0000
gene_MP000847	0.34922	0.94584	4249	54	1.2709
gene_MP001079	0.37097	0.70096	280	102	36.4286
gene_MP001096	0.37097	0.70096	478	295	61.7155
gene_MP001106	0.37097	0.70096	44	35	79.5455
gene_MP001133	0.37201	0.77923	32	29	90.6250
gene_MP001136	0.35385	0.70558	521	411	78.8868
gene_MP001154	0.35846	0.89761	1326	0	0.0000
gene_MP001156	0.33242	0.94920	1945	0	0.0000
gene_MP001186	0.37174	0.77499	260	230	88.4615
gene_MP001190	0.37500	0.77525	1984	167	8.4173
gene_MP001191	0.35561	0.77313	192	82	42.7083
gene_MP001201	0.35266	0.97266	1425	38	2.6667
gene_MP001223	0.37343	0.44782	97	90	92.7835
gene_MP001241	0.35919	0.89041	422	0	0.0000
gene_MP001292	0.41620	0.42060	24	16	66.6667
gene_MP001493	0.49210	0.52252	44	29	65.9091
gene_MP001529	0.43774	0.42220	42	42	100.0000
gene_MP001554	0.38558	0.83367	671	365	54.3964
gene_MP001614	0.36683	0.89197	38	25	65.7895
gene_MP001634	0.37452	0.70229	89	61	68.5393
gene_MP001702	0.34236	0.81742	102	58	56.8627
gene_MP001709	0.34236	0.81742	280	34	12.1429
gene_MP001729	0.47040	0.76391	53	0	0.0000
gene_MP001923	0.35829	0.60639	192	138	71.8750
gene_MP002038	0.36052	0.77116	90	60	66.6667
gene_MP002084	0.36340	0.80677	336	125	37.2024
gene_MP002113	0.37592	0.92648	146	132	90.4110
gene_MP002131	0.36345	0.71596	21	11	52.3810
gene_MP002267	0.35118	0.47063	36	30	83.3333
gene_MP002272	0.36467	0.72938	49	37	75.5102
gene_MP002291	0.36016	0.93512	200	6	3.0000
gene_MP002293	0.38527	0.57216	57	41	71.9298
gene_MP002299	0.45190	0.39330	55	44	80.0000
gene_MP002310	0.33233	0.95174	894	0	0.0000
gene_MP002321	0.35243	0.74475	78	52	66.6667
gene_MP002340	0.39124	0.72651	258	169	65.5039
gene_MP002449	0.35577	0.87776	65	0	0.0000
gene_MP002480	0.35503	0.60185	32	25	78.1250
gene_MP002483	0.34736	0.86434	148	84	56.7568
gene_MP002487	0.33528	0.98532	1581	37	2.3403
gene_MP002490	0.36240	0.89583	508	212	41.7323
gene_MP002498	0.38622	0.62791	95	76	80.0000
gene_MP002503	0.38013	0.36960	30	28	93.3333
gene_MP002555	0.35607	0.66143	112	0	0.0000
gene_MP002610	0.36156	0.65138	145	78	53.7931
gene_MP002621	0.34926	0.55788	34	12	35.2941
gene_MP002622	0.35464	0.57967	90	71	78.8889
gene_MP002623	0.37437	0.60989	97	66	68.0412
gene_MP002626	0.37852	0.81689	21	7	33.3333
gene_MP002632	0.38208	0.63399	83	57	68.6747
gene_MP002671	0.30422	0.82688	44	0	0.0000
gene_MP002677	0.36277	0.91782	1954	133	6.8066
gene_MP002719	0.36074	0.57990	64	53	82.8125
gene_MP002722	0.41026	0.98296	58	41	70.6897
gene_MP002723	0.34678	0.93206	1323	104	7.8609
gene_MP002724	0.35428	0.77345	346	151	43.6416
gene_MP002726	0.37606	0.88835	865	115	13.2948
gene_MP002767	0.37992	0.87291	549	151	27.5046
gene_MP002770	0.36370	0.47181	42	31	73.8095
gene_MP002771	0.49055	0.56864	38	0	0.0000
gene_MP002783	0.34608	0.63900	116	101	87.0690
gene_MP002802	0.35584	0.56242	40	29	72.5000
gene_MP002805	0.40208	0.54299	21	15	71.4286
gene_MP002841	0.37855	0.80901	97	15	15.4639
gene_MP002857	0.35786	0.65855	42	26	61.9048
gene_MP002872	0.33920	0.43897	47	39	82.9787
gene_MP002876	0.35615	0.85780	111	0	0.0000
gene_MP002892	0.37217	0.56493	35	28	80.0000
gene_MP002901	0.38722	0.88940	85	71	83.5294
gene_MP002908	0.36649	0.65591	21	11	52.3810
gene_MP002909	0.54212	0.67041	26	0	0.0000
gene_MP002934	0.33129	0.70553	79	56	70.8861
gene_MP002971	0.32006	0.95334	1009	0	0.0000
gene_MP003035	0.38239	0.79792	102	82	80.3922
gene_MP003100	0.38236	0.74115	94	82	87.2340
gene_MP003206	0.32286	0.85795	90	36	40.0000
gene_MP003259	0.35133	0.97192	35	24	68.5714
gene_MP003287	0.38686	0.75903	282	176	62.4113
gene_MP003326	0.50800	0.64390	31	0	0.0000
gene_MP003337	0.39900	0.54634	30	21	70.0000
gene_MP003394	0.35820	0.63834	112	101	90.1786
gene_MP003415	0.33976	0.67373	122	77	63.1148
gene_MP003418	0.38366	0.76474	52	46	88.4615
gene_MP003423	0.38894	0.68824	53	0	0.0000
gene_MP003424	0.35882	0.94084	2058	66	3.2070
gene_MP003426	0.36496	0.37209	28	17	60.7143
gene_MP003454	0.34621	0.92155	2404	0	0.0000
gene_MP003472	0.35323	0.76016	354	90	25.4237
gene_MP003491	0.34307	1.09503	201	2	0.9950
gene_MP003508	0.39633	1.05482	51	37	72.5490
gene_MP003557	0.35673	0.65386	40	24	60.0000
gene_MP003683	0.33635	0.94868	2481	8	0.3225
gene_MP003750	0.36229	1.00751	145	95	65.5172
gene_MP003755	0.38444	0.64984	182	132	72.5275
gene_MP003770	0.36662	0.92205	318	177	55.6604
gene_MP003774	0.34568	0.48862	46	35	76.0870
gene_MP003794	0.39397	0.67583	93	75	80.6452
gene_MP003812	0.36017	1.00429	2618	221	8.4416
gene_MP003820	0.38728	0.62634	112	97	86.6071
gene_MP003982	0.37809	0.67350	32	26	81.2500
gene_MP003987	0.38121	0.50727	110	69	62.7273
gene_MP004055	0.36037	0.46847	36	27	75.0000
gene_MP004090	0.36173	0.85852	119	1	0.8403
gene_MP004094	0.35815	0.94311	2390	56	2.3431
gene_MP004095	0.36125	0.70309	49	38	77.5510
gene_MP004097	0.34066	0.64862	50	0	0.0000
gene_MP004104	0.32531	0.98877	8402	0	0.0000
gene_MP004208	0.34359	0.83952	526	0	0.0000
gene_MP004225	0.40245	0.68408	47	29	61.7021
gene_MP004248	0.40627	0.53971	275	6	2.1818
gene_MP004395	0.38530	1.00152	230	196	85.2174
gene_MP004408	0.32214	0.99507	457	0	0.0000
gene_MP004413	0.32520	0.92753	508	0	0.0000
gene_MP004416	0.35658	0.83154	162	0	0.0000
gene_MP004420	0.35931	0.88310	129	0	0.0000
gene_MP004423	0.38561	0.41746	29	8	27.5862
gene_MP004444	0.32180	0.96495	1841	39	2.1184
gene_MP004447	0.34827	0.44812	99	73	73.7374
gene_MP004452	0.34574	0.95112	229	206	89.9563
gene_MP004458	0.42066	0.55571	173	129	74.5665
gene_MP004563	0.34130	0.82126	22	14	63.6364
gene_MP004573	0.36362	0.85082	158	0	0.0000
gene_MP004589	0.34527	0.79525	121	0	0.0000
gene_MP004593	0.33894	0.50660	129	88	68.2171
gene_MP004609	0.34301	0.74023	33	0	0.0000
gene_MP004780	0.38775	0.87959	123	87	70.7317
gene_MP004941	0.32675	0.59720	43	0	0.0000
gene_MP004990	0.32214	0.99507	178	0	0.0000
gene_MP004995	0.35204	0.56422	65	29	44.6154
gene_MP004997	0.36010	0.76119	533	0	0.0000
gene_MP005009	0.34404	0.74216	36	12	33.3333
gene_MP005048	0.39041	0.66997	29	17	58.6207
gene_MP005105	0.35078	0.67119	367	98	26.7030
gene_MP005121	0.33108	0.87928	1213	93	7.6669
gene_MP005161	0.36718	0.63568	46	36	78.2609
gene_MP005220	0.33528	0.98532	1503	0	0.0000
gene_MP005310	0.36530	0.47930	88	58	65.9091
gene_MP005360	0.39516	0.64047	103	90	87.3786
gene_MP005470	0.34446	0.95955	3429	35	1.0207
gene_MP005475	0.34639	0.73715	49	0	0.0000
gene_MP005482	0.35102	1.00105	2151	22	1.0228
gene_MP005483	0.41219	0.89735	75	68	90.6667
gene_MP005509	0.31858	0.90194	520	0	0.0000
gene_MP005531	0.35374	0.76440	143	0	0.0000
gene_MP005544	0.35102	1.00105	1551	107	6.8988
gene_MP005552	0.34676	0.98273	6315	0	0.0000
gene_MP005620	0.33090	0.86890	41	32	78.0488
gene_MP005643	0.33090	0.86890	375	67	17.8667
gene_MP005679	0.38169	0.77541	66	53	80.3030
gene_MP005701	0.39524	0.92419	30	0	0.0000
gene_MP005735	0.37504	0.74939	180	93	51.6667
gene_MP005827	0.36309	1.04137	115	0	0.0000
gene_MP005836	0.34152	0.82149	285	225	78.9474
gene_MP005846	0.36233	0.91998	463	0	0.0000
gene_MP005863	0.33935	0.92968	1048	0	0.0000
gene_MP005927	0.47518	0.61762	49	29	59.1837
gene_MP005982	0.32927	0.83764	22	17	77.2727
gene_MP005999	0.34437	0.95253	1306	0	0.0000
gene_MP006033	0.37247	0.71594	72	37	51.3889
gene_MP006039	0.33994	0.48333	86	76	88.3721
gene_MP006083	0.33596	0.60144	58	47	81.0345
gene_MP006105	0.36868	0.55855	109	41	37.6147
gene_MP006120	0.35178	0.65573	29	23	79.3103
gene_MP006162	0.36974	0.59520	116	43	37.0690
gene_MP006314	0.33276	0.94197	667	36	5.3973
gene_MP006376	0.32774	0.95654	386	0	0.0000
gene_MP006377	0.35528	0.77666	80	63	78.7500
gene_MP006378	0.33109	0.96881	4700	30	0.6383
gene_MP006489	0.32638	0.96167	2931	0	0.0000
gene_MP006537	0.36169	0.50375	134	124	92.5373
gene_MP006538	0.38558	0.55603	52	33	63.4615
gene_MP006555	0.35026	0.91224	603	57	9.4527
gene_MP006557	0.36985	0.94074	117	0	0.0000
gene_MP006560	0.35026	0.91224	273	1	0.3663
gene_MP006566	0.50567	0.36759	85	0	0.0000
gene_MP006570	0.35946	0.58806	73	34	46.5753
gene_MP006571	0.31979	0.52577	128	60	46.8750
gene_MP006576	0.37898	0.43604	100	89	89.0000
gene_MP006577	0.34239	0.70276	132	66	50.0000
gene_MP006579	0.36192	0.85032	1096	342	31.2044
gene_MP006590	0.33193	0.94121	238	0	0.0000
gene_MP006593	0.36364	0.57000	69	61	88.4058
gene_MP006594	0.38339	0.79072	71	48	67.6056
gene_MP006596	0.34924	0.84999	182	20	10.9890
gene_MP006597	0.32842	0.79134	127	45	35.4331
gene_MP006604	0.35227	0.68319	195	144	73.8462
gene_MP006607	0.43313	0.73114	25	0	0.0000
gene_MP006608	0.36393	0.82792	45	28	62.2222
gene_MP006609	0.33866	0.64189	129	82	63.5659
gene_MP006614	0.35218	0.86708	443	0	0.0000
gene_MP006617	0.33494	0.92885	850	107	12.5882
gene_MP006619	0.32809	0.80942	234	176	75.2137
gene_MP006621	0.38911	0.70993	232	147	63.3621
gene_MP006623	0.33765	0.79897	158	83	52.5316
gene_MP006625	0.32842	0.79134	298	115	38.5906
gene_MP006633	0.33854	0.68559	43	33	76.7442
gene_MP006662	0.33495	0.92891	1228	0	0.0000
gene_MP006672	0.36154	0.94293	427	0	0.0000
gene_MP006758	0.33448	0.90638	514	0	0.0000
gene_MP006801	0.36858	0.84448	180	122	67.7778
gene_MP007299	0.44289	0.52417	20	20	100.0000
gene_MP007642	0.33694	0.97625	2252	0	0.0000
gene_MP007759	0.33911	0.92675	446	2	0.4484
gene_MP007760	0.38501	0.74744	297	0	0.0000
gene_MP007786	0.35850	0.86194	104	0	0.0000
gene_MP007879	0.35093	0.56127	35	24	68.5714
gene_MP008200	0.34795	0.68600	44	18	40.9091
gene_MP008308	0.43353	0.71067	45	0	0.0000
gene_MP008515	0.34774	0.41053	30	16	53.3333
gene_MP008520	0.35170	0.87613	537	0	0.0000
gene_MP008521	0.36353	0.77291	133	48	36.0902
gene_MP008525	0.37531	0.79860	33	15	45.4545
gene_MP008527	0.37454	0.79237	242	210	86.7769
gene_MP008538	0.38047	0.74070	96	77	80.2083
gene_MP008539	0.32353	0.98338	2328	3	0.1289
gene_MP008548	0.35838	0.53028	77	55	71.4286
gene_MP008550	0.36552	0.69709	135	107	79.2593
gene_MP008558	0.33925	0.96642	245	150	61.2245
gene_MP008570	0.40259	0.93073	325	201	61.8462
gene_MP008583	0.33288	0.76701	114	78	68.4211
gene_MP008594	0.39111	0.58811	86	73	84.8837
gene_MP008604	0.34452	0.94151	893	0	0.0000
gene_MP008606	0.38668	0.71180	408	353	86.5196
gene_MP008607	0.34872	0.94258	1675	117	6.9851
gene_MP008609	0.33925	0.96642	26	6	23.0769
gene_MP008635	0.35026	0.91224	49	34	69.3878
gene_MP008639	0.33632	0.61617	194	160	82.4742
gene_MP008642	0.39431	0.80217	44	31	70.4545
gene_MP008658	0.33925	0.96642	2166	37	1.7082
gene_MP008663	0.34465	0.87769	86	0	0.0000
gene_MP008745	0.33754	0.67104	29	14	48.2759
gene_MP008773	0.39741	0.98316	90	0	0.0000
gene_MP008787	0.34774	0.95080	975	0	0.0000
gene_MP008812	0.39530	0.53009	161	138	85.7143
gene_MP008853	0.33754	0.67104	56	18	32.1429
gene_MP008862	0.32214	0.99507	2670	0	0.0000
gene_MP008863	0.37112	0.96125	807	421	52.1685
gene_MP008872	0.36042	0.77525	379	211	55.6728
gene_MP008882	0.34042	0.90973	279	0	0.0000
gene_MP008932	0.35589	0.96952	2667	201	7.5366
gene_MP008966	0.32429	0.99299	196	0	0.0000
gene_MP008971	0.39698	0.49118	41	29	70.7317
gene_MP008978	0.33073	0.87180	155	0	0.0000
gene_MP008981	0.32838	0.91807	37	0	0.0000
gene_MP009130	0.43150	0.70619	23	0	0.0000
gene_MP009250	0.48523	0.81023	26	0	0.0000
gene_MP009503	0.35056	0.81091	671	0	0.0000
gene_MP009516	0.43359	0.73021	48	0	0.0000
gene_MP009655	0.34272	0.87860	85	68	80.0000
gene_MP009995	0.41959	0.88312	95	0	0.0000
gene_MP010291	0.44958	0.52187	68	60	88.2353
gene_MP010336	0.43277	0.73038	797	0	0.0000
gene_MP010461	0.37335	0.92418	139	117	84.1727
gene_MP010574	0.35655	0.82632	156	31	19.8718
gene_MP010731	0.35177	0.82200	28	15	53.5714
gene_MP010754	0.37218	0.85886	24	0	0.0000
gene_MP010789	0.34784	0.90351	133	0	0.0000
gene_MP010840	0.33577	0.78759	182	117	64.2857
gene_MP010873	0.35366	0.83194	61	41	67.2131
gene_MP010878	0.39467	0.76709	77	56	72.7273
gene_MP010889	0.34848	0.75468	358	0	0.0000
gene_MP010900	0.34862	0.67936	21	5	23.8095
gene_MP010913	0.39224	0.55778	122	118	96.7213
gene_MP010939	0.31155	1.00155	2894	0	0.0000
gene_MP010940	0.35880	0.79112	302	170	56.2914
gene_MP010994	0.40882	0.64736	168	136	80.9524
gene_MP010997	0.34920	0.75688	74	0	0.0000
gene_MP011099	0.35911	0.86513	92	11	11.9565
gene_MP011166	0.35613	0.85211	1087	0	0.0000
gene_MP011242	0.31639	0.90735	107	49	45.7944
gene_MP011320	0.36140	0.75933	40	25	62.5000
gene_MP011327	0.35883	0.90686	509	302	59.3320
gene_MP011342	0.35520	0.80350	169	0	0.0000
gene_MP011561	0.35559	0.70202	51	0	0.0000
gene_MP011566	0.33749	0.96085	1671	25	1.4961
gene_MP011574	0.33029	0.60720	58	13	22.4138
gene_MP011600	0.37329	0.58013	32	26	81.2500
gene_MP011603	0.34229	0.87842	760	41	5.3947
gene_MP011605	0.36613	0.81114	93	76	81.7204
gene_MP011629	0.36581	0.52529	33	29	87.8788
gene_MP011630	0.37129	0.62234	50	23	46.0000
gene_MP011671	0.37797	0.41054	29	20	68.9655
gene_MP011682	0.35253	0.70868	78	38	48.7179
gene_MP011773	0.50131	0.92029	22	0	0.0000
gene_MP011827	0.38286	0.73967	68	9	13.2353
gene_MP011832	0.33638	0.76905	787	306	38.8818
gene_MP011838	0.38184	0.65134	192	146	76.0417
gene_MP011839	0.33689	0.85531	79	69	87.3418
gene_MP011843	0.38562	1.01558	23	20	86.9565
gene_MP011847	0.37006	0.69191	26	23	88.4615
gene_MP011918	0.52281	0.60248	23	22	95.6522
gene_MP012039	0.32848	0.51134	83	43	51.8072
gene_MP012062	0.36188	1.04912	83	59	71.0843
gene_MP012101	0.35098	0.95956	2534	0	0.0000
gene_MP012130	0.35724	0.66622	46	27	58.6957
gene_MP012136	0.36226	0.85416	72	53	73.6111
gene_MP012246	0.35017	0.86959	31	16	51.6129
gene_MP012252	0.36795	0.94022	89	77	86.5169
gene_MP012265	0.36000	0.51402	37	35	94.5946
gene_MP012302	0.48026	1.02737	27	9	33.3333
gene_MP012328	0.35034	0.53296	24	21	87.5000
gene_MP012450	0.37375	0.95085	129	41	31.7829
gene_MP012623	0.35008	0.85764	69	50	72.4638
gene_MP012657	0.36785	0.61763	106	70	66.0377
gene_MP012678	0.33333	0.69267	129	103	79.8450
gene_MP012774	0.34597	0.63879	39	11	28.2051
gene_MP012779	0.33154	0.95360	1662	0	0.0000
gene_MP012792	0.35470	0.71206	110	79	71.8182
gene_MP012810	0.39614	0.84384	55	0	0.0000
gene_MP012867	0.35484	0.97420	1558	173	11.1040
gene_MP012894	0.32435	0.82925	73	0	0.0000
gene_MP012925	0.36283	0.69733	104	53	50.9615
gene_MP012984	0.33238	0.95686	819	0	0.0000
gene_MP012988	0.34842	0.88611	47	26	55.3191
gene_MP013035	0.34013	0.50427	23	17	73.9130
gene_MP013052	0.35505	0.62767	20	15	75.0000
gene_MP013087	0.37870	0.76120	83	42	50.6024
gene_MP013088	0.34537	0.63684	102	68	66.6667
gene_MP013089	0.39012	0.53281	88	68	77.2727
gene_MP013143	0.38179	0.43347	103	100	97.0874
gene_MP013146	0.33803	0.58512	45	30	66.6667
gene_MP013149	0.37903	0.58303	108	102	94.4444
gene_MP013155	0.31941	0.99182	641	0	0.0000
gene_MP013165	0.39150	0.79661	27	21	77.7778
gene_MP013205	0.34985	0.61219	62	21	33.8710
gene_MP013210	0.41461	0.77253	219	141	64.3836
gene_MP013252	0.39478	0.69962	47	0	0.0000
gene_MP013253	0.37585	0.86028	40	22	55.0000
gene_MP013267	0.35741	0.83533	433	179	41.3395
gene_MP013271	0.35780	0.68378	49	37	75.5102
gene_MP013291	0.39079	0.73232	239	0	0.0000
gene_MP013292	0.38458	0.77293	176	0	0.0000
gene_MP013327	0.34440	0.60087	29	20	68.9655
gene_MP013360	0.36074	0.57446	100	89	89.0000
gene_MP013423	0.32439	0.67663	53	34	64.1509
gene_MP013510	0.37612	0.47653	45	37	82.2222
gene_MP013699	0.37006	0.45613	39	39	100.0000
gene_MP013717	0.41306	0.98605	67	0	0.0000
gene_MP013726	0.35849	0.57969	21	15	71.4286
gene_MP013735	0.31758	0.96442	2713	0	0.0000
gene_MP013832	0.35501	0.70362	254	17	6.6929
gene_MP013847	0.40820	0.72375	222	195	87.8378
gene_MP014025	0.34229	1.00873	247	0	0.0000
gene_MP014082	0.32998	0.91511	278	0	0.0000
gene_MP014188	0.37047	0.48085	50	34	68.0000
gene_MP014349	0.34757	0.87764	1022	0	0.0000
gene_MP014397	0.38859	0.30110	22	20	90.9091
gene_MP014422	0.33434	0.95780	34	0	0.0000
gene_MP014423	0.34321	0.74922	687	221	32.1689
gene_MP014513	0.33425	0.85946	968	0	0.0000
gene_MP014535	0.36046	0.84677	606	0	0.0000
gene_MP014667	0.35169	0.40678	74	62	83.7838
gene_MP014724	0.33146	0.73506	122	5	4.0984
gene_MP014732	0.32922	1.03324	4153	0	0.0000
gene_MP014821	0.31762	0.97280	660	0	0.0000
gene_MP014831	0.39592	0.75199	78	65	83.3333
gene_MP014836	0.40077	0.98581	409	340	83.1296
gene_MP014855	0.44090	0.66893	58	0	0.0000
gene_MP014860	0.32004	0.89704	302	0	0.0000
gene_MP014868	0.35393	0.94879	126	79	62.6984
gene_MP014869	0.37621	0.90672	477	0	0.0000
gene_MP014954	0.40680	0.85792	71	21	29.5775
gene_MP015035	0.38501	0.65275	354	297	83.8983
gene_MP015083	0.33500	0.73604	76	54	71.0526
gene_MP015222	0.33794	0.88543	20	6	30.0000
gene_MP015308	0.39427	0.66897	120	67	55.8333
gene_MP015317	0.49306	0.81207	49	30	61.2245
gene_MP015322	0.40069	0.73726	43	36	83.7209
gene_MP015355	0.35792	0.59434	49	46	93.8776
gene_MP015375	0.35087	0.82474	201	110	54.7264
gene_MP015496	0.32092	0.98995	2158	0	0.0000
gene_MP015517	0.33061	0.88787	570	0	0.0000
gene_MP015544	0.40960	0.59801	35	14	40.0000
gene_MP015580	0.37988	0.80689	830	278	33.4940
gene_MP015588	0.35305	0.82960	94	0	0.0000
gene_MP015590	0.35305	0.82960	559	276	49.3739
gene_MP015599	0.38292	1.00898	159	0	0.0000
gene_MP015603	0.38489	0.83645	337	223	66.1721
gene_MP015606	0.32212	0.63883	94	44	46.8085
gene_MP015614	0.37958	1.41547	45	39	86.6667
gene_MP015619	0.39615	0.81092	81	22	27.1605
gene_MP015620	0.37545	0.84731	166	7	4.2169
gene_MP015623	0.36430	0.83788	1579	167	10.5763
gene_MP015627	0.35756	0.92448	85	0	0.0000
gene_MP015631	0.30965	0.99695	198	0	0.0000
gene_MP015658	0.35617	0.68859	48	23	47.9167
gene_MP015686	0.33296	0.98214	144	0	0.0000
gene_MP015748	0.46816	0.81045	65	0	0.0000
gene_MP015774	0.35863	0.83989	194	0	0.0000
gene_MP015828	0.35912	1.07857	93	0	0.0000
gene_MP015875	0.46225	0.74739	56	0	0.0000
gene_MP015890	0.46296	0.74669	41	0	0.0000
gene_MP016699	0.30394	0.83049	49	0	0.0000
gene_MP016935	0.41339	0.94580	56	0	0.0000
gene_MP017438	0.45996	0.63318	65	56	86.1538
gene_MP017470	0.33279	0.55634	243	107	44.0329
gene_MP017471	0.34261	0.89341	133	0	0.0000
gene_MP017473	0.39172	0.66850	208	186	89.4231
gene_MP017511	0.33731	0.95268	2561	0	0.0000
gene_MP017557	0.33601	0.54643	90	45	50.0000
gene_MP017629	0.35554	0.53945	22	19	86.3636
gene_MP017701	0.32931	0.97996	404	0	0.0000
gene_MP017706	0.34522	0.74294	93	72	77.4194
gene_MP017718	0.33667	0.98960	991	0	0.0000
gene_MP017719	0.38397	0.75179	126	105	83.3333
gene_MP017901	0.53191	0.82250	49	0	0.0000
gene_MP018124	0.48523	0.81023	139	0	0.0000
gene_MP018154	0.43523	0.62172	115	0	0.0000
gene_MP018322	0.36180	0.53806	37	34	91.8919
gene_MP018352	0.35238	0.90899	371	0	0.0000
gene_MP018565	0.34950	0.89076	1191	249	20.9068
gene_MP018584	0.32295	0.97925	2927	0	0.0000
gene_MP018601	0.35234	0.89642	310	147	47.4194
gene_MP018769	0.42253	0.59634	44	0	0.0000
gene_MP018808	0.37885	1.07858	27	25	92.5926
gene_MP018987	0.45995	1.46869	60	0	0.0000
gene_MP019063	0.39442	1.04047	168	0	0.0000
gene_MP019128	0.35786	0.93015	868	264	30.4147
gene_MP000182	0.39214	0.57583	101	79	78.2178
gene_MP000184	0.33264	0.75072	50	24	48.0000
gene_MP000218	0.37730	0.78534	193	151	78.2383
gene_MP000337	0.39035	0.80318	381	0	0.0000
gene_MP000353	0.40160	0.82886	20	13	65.0000
gene_MP000385	0.40519	0.82742	318	266	83.6478
gene_MP000464	0.37246	0.39137	50	42	84.0000
gene_MP000595	0.35179	0.89497	251	156	62.1514
gene_MP000957	0.38463	0.50939	170	99	58.2353
gene_MP000986	0.37375	0.58010	327	266	81.3456
gene_MP001117	0.38497	0.62912	143	104	72.7273
gene_MP001383	0.34901	0.68171	159	78	49.0566
gene_MP001482	0.35514	0.77842	23	0	0.0000
gene_MP001504	0.33504	0.63218	45	0	0.0000
gene_MP001641	0.33689	0.82533	1103	105	9.5195
gene_MP001669	0.41539	0.78201	204	184	90.1961
gene_MP001771	0.34228	0.96360	1534	0	0.0000
gene_MP001833	0.35051	0.48329	94	40	42.5532
gene_MP001857	0.33598	0.90781	638	0	0.0000
gene_MP001870	0.35547	1.02811	943	285	30.2227
gene_MP001875	0.39911	0.67571	72	55	76.3889
gene_MP001877	0.34731	0.90196	2103	64	3.0433
gene_MP001893	0.36639	0.58587	115	75	65.2174
gene_MP001901	0.36145	0.79081	57	25	43.8596
gene_MP002008	0.34865	0.89095	527	95	18.0266
gene_MP002012	0.40527	0.70859	173	127	73.4104
gene_MP002021	0.39137	0.87866	47	25	53.1915
gene_MP002126	0.36681	0.38398	40	38	95.0000
gene_MP002128	0.35380	0.75174	113	72	63.7168
gene_MP002151	0.35602	0.65058	63	55	87.3016
gene_MP002223	0.40189	0.85528	43	31	72.0930
gene_MP002258	0.37906	0.37426	41	29	70.7317
gene_MP002333	0.34068	0.81226	62	41	66.1290
gene_MP002344	0.34344	0.71362	118	79	66.9492
gene_MP002363	0.39586	0.89083	32	29	90.6250
gene_MP002507	0.33875	0.93466	1080	0	0.0000
gene_MP002509	0.37357	0.91187	464	165	35.5603
gene_MP002537	0.34165	0.65533	164	74	45.1220
gene_MP002582	0.37299	0.52636	25	17	68.0000
gene_MP002595	0.40083	1.03835	46	27	58.6957
gene_MP002730	0.34693	0.54887	97	43	44.3299
gene_MP002739	0.33828	0.67811	349	225	64.4699
gene_MP002745	0.36690	0.66318	253	139	54.9407
gene_MP002859	0.32307	0.92653	1215	0	0.0000
gene_MP002928	0.33455	0.89019	1293	0	0.0000
gene_MP002982	0.41064	0.74543	256	193	75.3906
gene_MP003057	0.35189	0.92390	645	0	0.0000
gene_MP003083	0.37942	0.47763	47	37	78.7234
gene_MP003169	0.43458	0.56065	56	35	62.5000
gene_MP003243	0.35419	0.72355	133	61	45.8647
gene_MP003323	0.34113	0.88928	118	91	77.1186
gene_MP003344	0.35817	0.78240	469	31	6.6098
gene_MP003465	0.34050	0.64551	81	60	74.0741
gene_MP003469	0.40568	0.80596	77	18	23.3766
gene_MP003502	0.33241	1.03288	1540	0	0.0000
gene_MP003538	0.35515	1.00166	462	0	0.0000
gene_MP003541	0.33806	0.96594	3089	0	0.0000
gene_MP003575	0.38863	0.86758	57	36	63.1579
gene_MP003676	0.37699	0.61894	62	54	87.0968
gene_MP003780	0.36606	0.62102	44	24	54.5455
gene_MP003782	0.33622	0.67085	163	127	77.9141
gene_MP003827	0.40255	0.64241	100	0	0.0000
gene_MP003830	0.35827	0.80635	46	0	0.0000
gene_MP003875	0.35231	0.61431	46	28	60.8696
gene_MP003898	0.41346	0.76429	30	0	0.0000
gene_MP003970	0.33738	0.59113	40	22	55.0000
gene_MP003976	0.35321	0.70977	113	73	64.6018
gene_MP004038	0.35428	0.69515	162	40	24.6914
gene_MP004089	0.39398	1.15217	67	58	86.5672
gene_MP004092	0.46924	0.60177	36	0	0.0000
gene_MP004268	0.39482	0.64210	100	37	37.0000
gene_MP004292	0.37624	0.64666	225	0	0.0000
gene_MP004293	0.36148	0.73121	980	601	61.3265
gene_MP004296	0.37035	0.47542	218	194	88.9908
gene_MP004568	0.35988	0.57988	341	256	75.0733
gene_MP004610	0.36505	0.79323	365	0	0.0000
gene_MP004617	0.41203	0.78660	578	419	72.4913
gene_MP004626	0.35873	0.93608	962	0	0.0000
gene_MP004637	0.36133	0.68438	37	6	16.2162
gene_MP004650	0.32726	0.43926	26	14	53.8462
gene_MP004651	0.41031	1.25053	78	56	71.7949
gene_MP004652	0.39004	0.76693	26	25	96.1538
gene_MP004707	0.36133	0.68438	22	22	100.0000
gene_MP004722	0.33591	0.87317	725	1	0.1379
gene_MP004804	0.47729	0.66984	94	91	96.8085
gene_MP004813	0.34447	0.44921	43	10	23.2558
gene_MP004815	0.36989	0.63177	143	121	84.6154
gene_MP004818	0.42116	0.96886	110	0	0.0000
gene_MP004834	0.34538	0.86374	30	20	66.6667
gene_MP004844	0.39242	0.82895	65	48	73.8462
gene_MP004891	0.33201	0.88889	1219	0	0.0000
gene_MP005035	0.35254	0.81232	74	62	83.7838
gene_MP005075	0.36070	0.73872	68	51	75.0000
gene_MP005156	0.32099	0.92193	323	0	0.0000
gene_MP005224	0.32224	1.06065	1092	0	0.0000
gene_MP005352	0.37666	0.82210	383	290	75.7180
gene_MP005356	0.37278	0.62735	173	125	72.2543
gene_MP005394	0.37358	0.88855	223	55	24.6637
gene_MP005678	0.36217	0.54318	94	68	72.3404
gene_MP005725	0.36258	0.66712	261	99	37.9310
gene_MP005849	0.35722	0.86826	1538	0	0.0000
gene_MP005870	0.34553	0.79213	546	95	17.3993
gene_MP005896	0.36420	0.51162	60	47	78.3333
gene_MP005928	0.37246	0.89072	313	0	0.0000
gene_MP006129	0.35408	0.96563	721	113	15.6727
gene_MP006217	0.36550	0.75515	120	76	63.3333
gene_MP006310	0.34267	0.96554	1669	0	0.0000
gene_MP006400	0.35683	0.82707	667	20	2.9985
gene_MP007143	0.43088	0.54676	86	0	0.0000
gene_MP007161	0.38293	0.79101	465	401	86.2366
gene_MP007169	0.35748	0.50967	244	172	70.4918
gene_MP007205	0.34347	0.97697	1332	0	0.0000
gene_MP007210	0.39328	0.84821	291	0	0.0000
gene_MP007213	0.36240	0.72709	88	68	77.2727
gene_MP007215	0.33069	0.97955	36	0	0.0000
gene_MP007229	0.34186	0.46218	23	12	52.1739
gene_MP007236	0.35624	0.70944	182	137	75.2747
gene_MP007258	0.35076	0.63272	347	239	68.8761
gene_MP007278	0.34504	0.56251	245	69	28.1633
gene_MP007301	0.44261	0.51277	68	0	0.0000
gene_MP007327	0.35408	0.45313	60	56	93.3333
gene_MP007332	0.34347	0.97697	110	84	76.3636
gene_MP007347	0.32734	0.95034	1416	0	0.0000
gene_MP007355	0.40295	0.34298	46	44	95.6522
gene_MP007398	0.34238	0.58289	58	41	70.6897
gene_MP007412	0.35503	0.77979	656	140	21.3415
gene_MP007431	0.39831	0.66125	250	160	64.0000
gene_MP008133	0.40367	1.10986	311	306	98.3923
gene_MP008147	0.33220	0.73170	59	19	32.2034
gene_MP008149	0.34960	0.85859	353	80	22.6629
gene_MP008219	0.35929	0.99910	148	95	64.1892
gene_MP008235	0.34276	0.61025	64	22	34.3750
gene_MP008236	0.32042	0.99386	744	0	0.0000
gene_MP008242	0.33267	0.54382	119	41	34.4538
gene_MP008250	0.31558	0.48263	44	42	95.4545
gene_MP008333	0.36118	0.92602	1535	0	0.0000
gene_MP008381	0.33067	0.91882	1064	0	0.0000
gene_MP008390	0.38265	1.02044	497	344	69.2153
gene_MP008396	0.37322	0.93059	821	0	0.0000
gene_MP008445	0.35412	0.66344	103	57	55.3398
gene_MP008454	0.34372	0.45097	79	39	49.3671
gene_MP008961	0.50286	0.32731	76	0	0.0000
gene_MP008964	0.35644	0.83415	786	37	4.7074
gene_MP008982	0.35820	0.92641	3121	0	0.0000
gene_MP009007	0.35899	0.73279	484	249	51.4463
gene_MP009010	0.37346	0.73839	235	28	11.9149
gene_MP009025	0.33705	0.56705	327	61	18.6544
gene_MP009157	0.39489	0.69657	315	271	86.0317
gene_MP009190	0.36080	0.63315	152	62	40.7895
gene_MP009194	0.32185	1.00349	3452	0	0.0000
gene_MP009198	0.33333	0.54390	31	27	87.0968
gene_MP009209	0.42489	0.80458	219	0	0.0000
gene_MP009555	0.34309	0.84463	482	16	3.3195
gene_MP009568	0.36846	0.71180	548	269	49.0876
gene_MP009582	0.40852	0.70454	378	350	92.5926
gene_MP009584	0.32988	0.52833	36	19	52.7778
gene_MP009594	0.33685	0.89880	274	34	12.4088
gene_MP009683	0.34406	0.55719	179	131	73.1844
gene_MP009785	0.34309	0.84463	27	0	0.0000
gene_MP009860	0.38539	0.74711	472	408	86.4407
gene_MP009868	0.33735	0.98403	228	0	0.0000
gene_MP009870	0.32690	0.96095	4592	0	0.0000
gene_MP009885	0.34309	0.84463	938	0	0.0000
gene_MP009897	0.35630	0.35561	32	28	87.5000
gene_MP009926	0.38688	0.57776	86	43	50.0000
gene_MP009939	0.40535	0.70705	83	70	84.3373
gene_MP009988	0.41999	0.88161	95	0	0.0000
gene_MP010009	0.38090	0.67093	45	0	0.0000
gene_MP010085	0.34020	0.45471	30	22	73.3333
gene_MP010092	0.33750	0.98240	1016	0	0.0000
gene_MP010302	0.32651	0.48578	37	28	75.6757
gene_MP010303	0.37084	0.83144	742	291	39.2183
gene_MP010306	0.36235	0.46238	134	113	84.3284
gene_MP010308	0.34814	0.93608	3489	0	0.0000
gene_MP010335	0.36975	0.63201	236	183	77.5424
gene_MP010422	0.44100	0.66084	55	0	0.0000
gene_MP010428	0.34750	0.70239	171	86	50.2924
gene_MP010477	0.34403	0.85751	579	3	0.5181
gene_MP010568	0.45959	0.82401	36	0	0.0000
gene_MP010593	0.38361	1.02521	23	0	0.0000
gene_MP010667	0.36555	0.51030	34	23	67.6471
gene_MP010684	0.35157	1.12628	46	0	0.0000
gene_MP010717	0.37795	0.70959	102	81	79.4118
gene_MP010841	0.39484	1.08354	21	7	33.3333
gene_MP010854	0.37597	0.60925	44	27	61.3636
gene_MP010890	0.35333	0.67042	24	11	45.8333
gene_MP010909	0.35375	0.65105	87	64	73.5632
gene_MP010983	0.42259	0.69805	32	0	0.0000
gene_MP010989	0.39300	0.62189	24	0	0.0000
gene_MP010995	0.50355	0.80246	43	0	0.0000
gene_MP010998	0.36806	0.72897	100	0	0.0000
gene_MP011017	0.34796	0.72312	88	0	0.0000
gene_MP011169	0.33829	0.76980	229	7	3.0568
gene_MP011179	0.33974	0.65083	87	10	11.4943
gene_MP011182	0.40267	0.98680	45	0	0.0000
gene_MP011193	0.35609	0.94638	1919	0	0.0000
gene_MP011196	0.34691	0.46904	20	18	90.0000
gene_MP011204	0.35798	1.13996	140	23	16.4286
gene_MP011205	0.34073	0.56760	121	104	85.9504
gene_MP011214	0.32897	0.65003	44	37	84.0909
gene_MP011231	0.35092	0.59427	68	47	69.1176
gene_MP011331	0.36544	0.73990	208	66	31.7308
gene_MP011334	0.34199	0.98019	458	0	0.0000
gene_MP011361	0.32437	0.73098	128	82	64.0625
gene_MP011365	0.37220	0.80382	119	75	63.0252
gene_MP011367	0.40175	0.71867	33	30	90.9091
gene_MP011376	0.52469	0.60283	100	59	59.0000
gene_MP011400	0.33210	0.85560	274	16	5.8394
gene_MP011407	0.35122	0.82748	270	114	42.2222
gene_MP011413	0.35883	1.01209	69	0	0.0000
gene_MP011422	0.38337	0.67975	158	107	67.7215
gene_MP011443	0.34306	0.62754	56	43	76.7857
gene_MP011480	0.34515	0.92101	58	36	62.0690
gene_MP011540	0.39495	1.02469	87	64	73.5632
gene_MP011542	0.33532	0.37230	26	13	50.0000
gene_MP011568	0.32810	1.03703	305	0	0.0000
gene_MP011588	0.35032	0.87151	1519	286	18.8282
gene_MP011601	0.33872	0.57365	25	8	32.0000
gene_MP011714	0.33431	0.57607	22	14	63.6364
gene_MP011718	0.37527	1.02119	83	71	85.5422
gene_MP011745	0.35017	0.58440	46	23	50.0000
gene_MP011753	0.34592	0.52729	23	9	39.1304
gene_MP011754	0.37537	0.76522	123	101	82.1138
gene_MP011760	0.33991	0.73112	165	0	0.0000
gene_MP011806	0.33230	0.49179	26	7	26.9231
gene_MP011944	0.40090	0.90456	25	22	88.0000
gene_MP011948	0.38492	0.86037	20	0	0.0000
gene_MP011951	0.34229	0.99477	87	56	64.3678
gene_MP011954	0.40289	0.88753	62	29	46.7742
gene_MP011995	0.35066	0.85092	48	17	35.4167
gene_MP012048	0.36784	0.55590	86	85	98.8372
gene_MP012057	0.39101	0.71181	68	65	95.5882
gene_MP012069	0.38183	0.78484	35	15	42.8571
gene_MP012215	0.33138	0.97842	1860	1	0.0538
gene_MP012294	0.34849	0.60244	33	25	75.7576
gene_MP012325	0.48259	0.45153	27	22	81.4815
gene_MP012340	0.36033	0.94018	99	0	0.0000
gene_MP012356	0.36092	0.95715	394	0	0.0000
gene_MP012422	0.32804	0.93688	106	0	0.0000
gene_MP012456	0.34535	0.82592	96	0	0.0000
gene_MP012558	0.32415	0.52415	35	14	40.0000
gene_MP012624	0.32533	0.98956	732	0	0.0000
gene_MP012634	0.35383	0.56349	82	45	54.8780
gene_MP012674	0.33443	0.85570	137	0	0.0000
gene_MP012705	0.44887	0.85447	32	0	0.0000
gene_MP012731	0.34950	0.71654	111	80	72.0721
gene_MP012789	0.37690	0.71729	67	28	41.7910
gene_MP012813	0.38185	0.50003	42	40	95.2381
gene_MP012831	0.34919	0.71374	78	39	50.0000
gene_MP012837	0.41508	0.69565	230	186	80.8696
gene_MP012841	0.32454	0.94743	789	0	0.0000
gene_MP012847	0.36698	0.83001	193	0	0.0000
gene_MP012872	0.32924	0.90613	563	0	0.0000
gene_MP012937	0.33597	0.53950	46	32	69.5652
gene_MP012953	0.40262	0.43992	28	27	96.4286
gene_MP013030	0.32646	1.03214	571	0	0.0000
gene_MP013041	0.32417	0.45995	74	53	71.6216
gene_MP013056	0.35340	0.69163	243	140	57.6132
gene_MP013105	0.37017	0.60249	93	72	77.4194
gene_MP013200	0.37368	0.77231	84	0	0.0000
gene_MP013311	0.34101	0.61458	223	188	84.3049
gene_MP013405	0.34888	0.67975	111	8	7.2072
gene_MP013408	0.34413	0.44256	37	14	37.8378
gene_MP013409	0.33769	0.68446	158	11	6.9620
gene_MP013525	0.33450	0.91818	557	31	5.5655
gene_MP013537	0.40337	0.89288	28	28	100.0000
gene_MP013559	0.29885	1.06910	232	0	0.0000
gene_MP013679	0.35156	0.59492	21	12	57.1429
gene_MP013830	0.42003	0.62412	38	29	76.3158
gene_MP013848	0.43074	0.44421	23	23	100.0000
gene_MP013849	0.32663	0.90805	919	40	4.3526
gene_MP013871	0.51098	0.76676	25	2	8.0000
gene_MP013889	0.32859	0.82672	1295	95	7.3359
gene_MP013890	0.36356	0.61821	104	88	84.6154
gene_MP013929	0.35118	0.53959	50	33	66.0000
gene_MP014046	0.35646	0.58372	50	41	82.0000
gene_MP014116	0.34309	0.91981	509	0	0.0000
gene_MP014415	0.39871	0.90674	169	151	89.3491
gene_MP014456	0.33885	0.94233	2066	41	1.9845
gene_MP014465	0.32924	0.88823	46	0	0.0000
gene_MP014555	0.35033	0.97799	519	11	2.1195
gene_MP014693	0.39525	0.83109	146	118	80.8219
gene_MP014838	0.35095	0.99987	354	0	0.0000
gene_MP014870	0.36250	0.79079	77	51	66.2338
gene_MP014918	0.37018	0.68113	144	47	32.6389
gene_MP014921	0.45658	1.15665	43	22	51.1628
gene_MP014969	0.35693	0.45877	31	25	80.6452
gene_MP014975	0.34630	0.47567	75	48	64.0000
gene_MP014985	0.32505	0.85432	524	0	0.0000
gene_MP014993	0.35693	0.45877	24	22	91.6667
gene_MP015042	0.34746	0.64813	313	213	68.0511
gene_MP015097	0.33908	0.96462	258	0	0.0000
gene_MP015103	0.36526	0.61659	136	68	50.0000
gene_MP015133	0.38882	0.88442	89	17	19.1011
gene_MP015176	0.42168	0.80964	39	0	0.0000
gene_MP015302	0.35258	0.66103	101	59	58.4158
gene_MP015435	0.34929	0.83539	950	290	30.5263
gene_MP015441	0.38802	0.52525	54	52	96.2963
gene_MP015680	0.36878	0.64225	24	0	0.0000
gene_MP015808	0.33713	0.74723	1002	81	8.0838
gene_MP015846	0.37512	0.66539	76	0	0.0000
gene_MP015849	0.37642	0.68835	79	0	0.0000
gene_MP015942	0.32918	0.53376	29	5	17.2414
gene_MP016196	0.36093	0.98501	95	47	49.4737
gene_MP016304	0.37644	0.81652	92	24	26.0870
gene_MP016414	0.35890	0.44414	26	18	69.2308
gene_MP016529	0.35365	1.00583	1618	0	0.0000
gene_MP016546	0.33461	0.81162	162	61	37.6543
gene_MP016822	0.33188	0.62730	195	58	29.7436
gene_MP016934	0.41615	0.96604	58	0	0.0000
gene_MP017036	0.37016	0.68514	23	0	0.0000
gene_MP017058	0.35809	0.78909	328	9	2.7439
gene_MP017067	0.32381	0.96570	191	0	0.0000
gene_MP017095	0.40564	0.89738	41	0	0.0000
gene_MP017117	0.35473	1.00224	494	0	0.0000
gene_MP017122	0.41461	0.69146	268	240	89.5522
gene_MP017164	0.36127	0.91500	2233	1	0.0448
gene_MP017168	0.43837	1.04517	57	0	0.0000
gene_MP017260	0.33883	0.97374	1380	0	0.0000
gene_MP017324	0.35889	0.41307	140	74	52.8571
gene_MP017418	0.34499	0.61882	168	80	47.6190
gene_MP017527	0.35400	0.77445	136	0	0.0000
gene_MP017568	0.42663	0.74347	34	0	0.0000
gene_MP017575	0.42760	0.73949	25	0	0.0000
gene_MP017622	0.36454	0.92289	58	0	0.0000
gene_MP017738	0.30922	1.02232	148	0	0.0000
gene_MP017760	0.36171	0.66024	24	0	0.0000
gene_MP017891	0.41175	1.01439	65	0	0.0000
gene_MP017892	0.53310	0.83531	50	0	0.0000
gene_MP017913	0.38323	0.70997	425	395	92.9412
gene_MP017917	0.32582	0.89570	657	0	0.0000
gene_MP017938	0.38748	0.67807	54	0	0.0000
gene_MP017955	0.35785	0.95672	205	0	0.0000
gene_MP017963	0.34364	0.84657	1000	11	1.1000
gene_MP018184	0.34335	0.52022	79	70	88.6076
gene_MP018191	0.34364	0.84657	134	109	81.3433
gene_MP018223	0.45518	0.83843	74	0	0.0000
gene_MP018228	0.33329	0.91960	1280	31	2.4219
gene_MP018375	0.34057	0.94759	429	63	14.6853
gene_MP018378	0.40792	0.84404	331	251	75.8308
gene_MP018387	0.33548	0.60249	34	11	32.3529
gene_MP018478	0.38009	0.56681	41	41	100.0000
gene_MP018491	0.33793	0.86347	121	71	58.6777
gene_MP018494	0.47668	0.44891	190	0	0.0000
gene_MP018564	0.34212	0.80492	32	0	0.0000
gene_MP018569	0.36161	0.81540	132	34	25.7576
gene_MP018603	0.36025	0.59159	86	59	68.6047
gene_MP018622	0.32743	0.91695	1121	158	14.0946
gene_MP018846	0.37304	0.67115	46	36	78.2609
gene_MP018935	0.32565	0.92672	1096	0	0.0000
gene_MP019098	0.36456	0.68161	29	8	27.5862
gene_MP019172	0.34808	0.54690	67	24	35.8209
gene_MP000028	0.36034	0.75747	198	185	93.4343
gene_MP000068	0.36684	0.53071	20	17	85.0000
gene_MP000123	0.32464	0.97895	7620	53	0.6955
gene_MP000135	0.38441	0.64401	72	56	77.7778
gene_MP000145	0.36450	0.57343	28	23	82.1429
gene_MP000348	0.32986	0.69677	80	44	55.0000
gene_MP000398	0.43566	0.31077	22	22	100.0000
gene_MP000558	0.37159	0.86519	28	0	0.0000
gene_MP000646	0.31536	0.82451	443	53	11.9639
gene_MP000705	0.38151	0.49963	62	33	53.2258
gene_MP000722	0.36954	0.89331	250	0	0.0000
gene_MP000723	0.35970	0.95028	1498	0	0.0000
gene_MP000861	0.38952	0.73690	337	273	81.0089
gene_MP000919	0.36954	0.89331	2329	33	1.4169
gene_MP000926	0.38274	0.74161	847	685	80.8737
gene_MP000928	0.33996	0.92051	2360	670	28.3898
gene_MP000946	0.36954	0.89331	78	61	78.2051
gene_MP001296	0.36014	0.42727	115	86	74.7826
gene_MP001339	0.35120	0.70824	73	0	0.0000
gene_MP001348	0.36595	0.80706	497	128	25.7545
gene_MP001350	0.35120	0.70824	84	0	0.0000
gene_MP001500	0.34856	0.76324	124	45	36.2903
gene_MP001549	0.36009	0.98280	699	0	0.0000
gene_MP001592	0.36584	0.59186	46	42	91.3043
gene_MP001604	0.39084	0.51682	128	44	34.3750
gene_MP001715	0.38638	0.69987	366	210	57.3770
gene_MP001793	0.37859	0.71927	475	356	74.9474
gene_MP001800	0.37089	0.47465	38	30	78.9474
gene_MP001817	0.37893	0.75929	369	261	70.7317
gene_MP001986	0.34080	0.74266	51	42	82.3529
gene_MP002003	0.34698	0.46370	95	42	44.2105
gene_MP002026	0.33705	0.93234	599	0	0.0000
gene_MP002039	0.35200	0.75445	77	0	0.0000
gene_MP002049	0.44830	0.44882	29	25	86.2069
gene_MP002086	0.35878	0.77323	74	0	0.0000
gene_MP002094	0.39819	0.72728	150	40	26.6667
gene_MP002107	0.39465	0.53562	35	23	65.7143
gene_MP002154	0.37017	0.73130	83	0	0.0000
gene_MP002175	0.34098	0.63113	88	51	57.9545
gene_MP002217	0.33076	0.40173	39	20	51.2821
gene_MP002239	0.38208	0.57685	38	18	47.3684
gene_MP002242	0.35900	0.69194	77	52	67.5325
gene_MP002245	0.40369	0.45274	27	22	81.4815
gene_MP002249	0.42468	0.48223	77	61	79.2208
gene_MP002261	0.36059	0.69084	166	86	51.8072
gene_MP002269	0.39184	0.36772	51	44	86.2745
gene_MP002296	0.38590	0.74628	66	0	0.0000
gene_MP002369	0.37528	0.60977	189	168	88.8889
gene_MP002381	0.33588	0.95881	2254	1	0.0444
gene_MP002425	0.39340	0.65483	58	47	81.0345
gene_MP002455	0.35246	0.34168	90	73	81.1111
gene_MP002475	0.34769	0.99845	1092	83	7.6007
gene_MP002571	0.40179	0.62840	122	88	72.1311
gene_MP002573	0.37315	0.55635	37	26	70.2703
gene_MP002602	0.55528	0.76005	71	57	80.2817
gene_MP002603	0.37648	0.88741	529	0	0.0000
gene_MP002607	0.37290	0.52024	46	31	67.3913
gene_MP002831	0.37272	0.53361	44	25	56.8182
gene_MP002893	0.38003	0.46351	108	3	2.7778
gene_MP002894	0.39369	0.25095	54	10	18.5185
gene_MP002910	0.30642	0.72623	39	17	43.5897
gene_MP003029	0.44918	0.81839	55	0	0.0000
gene_MP003110	0.56061	0.64059	52	16	30.7692
gene_MP003118	0.32480	0.65588	40	26	65.0000
gene_MP003137	0.41864	0.61659	33	23	69.6970
gene_MP003170	0.32422	0.78434	131	0	0.0000
gene_MP003176	0.33601	0.47585	23	13	56.5217
gene_MP003229	0.39587	0.68878	233	200	85.8369
gene_MP003256	0.42723	0.50633	22	17	77.2727
gene_MP003258	0.34697	0.88661	38	0	0.0000
gene_MP003263	0.38462	0.81925	38	31	81.5789
gene_MP003286	0.37493	0.65913	125	106	84.8000
gene_MP003355	0.38707	0.55105	45	27	60.0000
gene_MP003371	0.39526	0.73430	173	169	97.6879
gene_MP003386	0.37171	0.76863	86	68	79.0698
gene_MP003387	0.37109	0.66310	40	30	75.0000
gene_MP003445	0.38067	1.06156	72	56	77.7778
gene_MP003460	0.40170	0.49854	33	30	90.9091
gene_MP003506	0.37518	0.73445	110	98	89.0909
gene_MP003583	0.31458	0.71420	76	0	0.0000
gene_MP003592	0.38736	0.82569	44	31	70.4545
gene_MP003594	0.39154	0.66234	183	70	38.2514
gene_MP003600	0.34461	0.41598	27	14	51.8519
gene_MP003625	0.41141	0.77964	46	0	0.0000
gene_MP003642	0.38195	0.68619	40	28	70.0000
gene_MP003738	0.32563	0.70331	82	47	57.3171
gene_MP003739	0.37802	0.73393	69	43	62.3188
gene_MP003781	0.34045	0.65405	55	12	21.8182
gene_MP003785	0.34262	0.97898	8579	1	0.0117
gene_MP003787	0.34790	0.92092	341	0	0.0000
gene_MP003834	0.36000	0.85591	547	31	5.6673
gene_MP003837	0.36996	0.69537	79	48	60.7595
gene_MP003969	0.35385	0.54061	58	42	72.4138
gene_MP003972	0.34235	0.87421	716	56	7.8212
gene_MP003977	0.32480	0.65588	32	21	65.6250
gene_MP004001	0.34871	1.01835	2954	16	0.5416
gene_MP004040	0.35237	0.55752	78	53	67.9487
gene_MP004045	0.41053	0.60127	88	63	71.5909
gene_MP004046	0.34434	0.96806	515	16	3.1068
gene_MP004243	0.32674	0.93413	996	11	1.1044
gene_MP004254	0.33207	0.49021	354	219	61.8644
gene_MP004256	0.31080	0.37131	24	12	50.0000
gene_MP004271	0.35242	0.64079	80	0	0.0000
gene_MP004373	0.39386	0.82939	64	46	71.8750
gene_MP004378	0.38439	0.70045	70	28	40.0000
gene_MP004379	0.38936	0.85536	231	162	70.1299
gene_MP004390	0.35012	0.86146	680	0	0.0000
gene_MP004391	0.36768	0.99286	1577	93	5.8973
gene_MP004402	0.35534	0.68521	53	37	69.8113
gene_MP004417	0.39783	0.41895	85	68	80.0000
gene_MP004847	0.37384	0.80185	153	0	0.0000
gene_MP004871	0.34710	1.00161	915	0	0.0000
gene_MP004893	0.34430	0.94080	324	0	0.0000
gene_MP004951	0.40257	0.78834	278	0	0.0000
gene_MP004961	0.31014	1.00690	1895	1	0.0528
gene_MP005016	0.36153	0.68658	61	10	16.3934
gene_MP005045	0.37199	0.68412	100	84	84.0000
gene_MP005142	0.37430	0.82295	51	38	74.5098
gene_MP005331	0.36740	0.72230	153	0	0.0000
gene_MP005332	0.32869	0.97264	1241	0	0.0000
gene_MP005355	0.39333	0.69309	71	0	0.0000
gene_MP005365	0.37978	0.73369	215	181	84.1860
gene_MP005398	0.34166	0.89734	942	0	0.0000
gene_MP005425	0.46593	0.56032	33	26	78.7879
gene_MP005529	0.37430	0.82295	454	257	56.6079
gene_MP005885	0.32378	0.81200	96	0	0.0000
gene_MP005886	0.32558	0.64706	23	0	0.0000
gene_MP006024	0.35406	0.69624	153	65	42.4837
gene_MP006050	0.38679	0.78213	58	0	0.0000
gene_MP006144	0.33412	0.78350	195	4	2.0513
gene_MP006150	0.33753	0.88945	691	0	0.0000
gene_MP006266	0.41866	0.59495	47	0	0.0000
gene_MP006989	0.36274	0.92024	325	122	37.5385
gene_MP007010	0.44063	0.68932	45	0	0.0000
gene_MP007016	0.31956	0.99385	3653	0	0.0000
gene_MP007049	0.32749	0.82733	870	46	5.2874
gene_MP007051	0.37746	0.64717	129	101	78.2946
gene_MP007052	0.32363	0.98406	801	0	0.0000
gene_MP007059	0.33746	0.69544	542	124	22.8782
gene_MP007060	0.35572	0.96473	1085	0	0.0000
gene_MP007085	0.34133	0.89067	862	1	0.1160
gene_MP007089	0.36587	0.86710	247	0	0.0000
gene_MP007096	0.34827	0.84307	257	0	0.0000
gene_MP007104	0.33944	0.86575	1019	0	0.0000
gene_MP007105	0.35799	0.85186	191	33	17.2775
gene_MP007135	0.34827	0.84307	186	0	0.0000
gene_MP007137	0.34695	0.68002	127	121	95.2756
gene_MP007180	0.35695	0.96038	405	3	0.7407
gene_MP007212	0.35672	0.83124	432	0	0.0000
gene_MP007217	0.35626	0.93784	185	109	58.9189
gene_MP007250	0.32350	0.75899	228	97	42.5439
gene_MP007257	0.30271	0.43137	49	39	79.5918
gene_MP007296	0.36825	0.67878	130	101	77.6923
gene_MP007315	0.33040	0.95937	2396	0	0.0000
gene_MP007393	0.35021	0.81288	500	36	7.2000
gene_MP007435	0.34668	0.89990	1089	118	10.8356
gene_MP008194	0.37403	0.90142	36	26	72.2222
gene_MP008844	0.33460	0.68763	110	86	78.1818
gene_MP008845	0.35184	0.92865	2150	0	0.0000
gene_MP008865	0.37893	0.75482	61	38	62.2951
gene_MP008873	0.34160	0.76903	328	130	39.6341
gene_MP008877	0.33693	0.97370	10848	0	0.0000
gene_MP008895	0.33746	0.87575	137	0	0.0000
gene_MP008960	0.36009	0.98280	957	0	0.0000
gene_MP008963	0.36033	0.89753	3674	404	10.9962
gene_MP008972	0.36895	0.87295	126	0	0.0000
gene_MP009009	0.38314	0.76330	161	54	33.5404
gene_MP009338	0.44837	0.73156	28	0	0.0000
gene_MP009370	0.38314	0.76330	952	272	28.5714
gene_MP009387	0.38314	0.76330	311	261	83.9228
gene_MP009390	0.34188	0.71730	121	66	54.5455
gene_MP009403	0.36017	0.68636	60	50	83.3333
gene_MP009427	0.35120	0.70824	1046	412	39.3881
gene_MP009542	0.36440	0.85429	354	5	1.4124
gene_MP009635	0.41591	0.76939	92	0	0.0000
gene_MP009712	0.35021	0.81288	127	40	31.4961
gene_MP009721	0.40616	0.77834	120	84	70.0000
gene_MP010448	0.42871	0.71283	31	0	0.0000
gene_MP010533	0.37941	0.73617	44	0	0.0000
gene_MP010569	0.37423	0.76370	64	50	78.1250
gene_MP010615	0.39612	0.55235	180	61	33.8889
gene_MP010670	0.34513	0.98269	196	0	0.0000
gene_MP010672	0.35119	0.60333	111	70	63.0631
gene_MP010705	0.42173	0.47934	20	0	0.0000
gene_MP010706	0.43323	0.45926	35	0	0.0000
gene_MP010836	0.40698	1.41826	20	20	100.0000
gene_MP010868	0.33487	0.73143	49	31	63.2653
gene_MP010874	0.40301	0.75789	177	160	90.3955
gene_MP010881	0.36057	0.82649	79	64	81.0127
gene_MP010907	0.37436	0.60072	37	0	0.0000
gene_MP011016	0.35068	0.84669	191	0	0.0000
gene_MP011021	0.34933	0.76626	136	66	48.5294
gene_MP011037	0.37277	0.63347	21	0	0.0000
gene_MP011071	0.35618	0.97098	31	0	0.0000
gene_MP011142	0.35797	0.89720	896	137	15.2902
gene_MP011147	0.37001	0.81001	513	0	0.0000
gene_MP011154	0.37955	0.76217	27	7	25.9259
gene_MP011268	0.33527	1.00118	204	0	0.0000
gene_MP011292	0.50137	0.44083	20	0	0.0000
gene_MP011293	0.37997	0.72894	77	57	74.0260
gene_MP011310	0.32551	0.45534	38	11	28.9474
gene_MP011311	0.38398	0.85716	221	93	42.0814
gene_MP011351	0.32345	0.59988	58	45	77.5862
gene_MP011357	0.36172	0.81786	232	0	0.0000
gene_MP011359	0.38194	0.88537	319	139	43.5737
gene_MP011501	0.44007	0.42529	36	0	0.0000
gene_MP011502	0.38456	0.78261	40	0	0.0000
gene_MP011510	0.35702	0.80701	120	76	63.3333
gene_MP011513	0.31893	0.64878	21	11	52.3810
gene_MP011548	0.34672	0.67106	132	100	75.7576
gene_MP011550	0.34775	0.60462	119	96	80.6723
gene_MP011557	0.32729	0.42485	29	15	51.7241
gene_MP011560	0.35919	0.58498	44	9	20.4545
gene_MP011626	0.35088	0.84059	200	60	30.0000
gene_MP011673	0.31421	1.00569	1412	0	0.0000
gene_MP011729	0.37064	0.70507	40	0	0.0000
gene_MP011790	0.35666	0.56530	40	28	70.0000
gene_MP011799	0.37199	0.63804	48	33	68.7500
gene_MP011807	0.37674	0.73399	30	0	0.0000
gene_MP011817	0.35812	0.72744	40	29	72.5000
gene_MP011853	0.37385	0.73026	157	95	60.5096
gene_MP011958	0.42014	0.75183	211	0	0.0000
gene_MP012037	0.38641	0.68784	24	0	0.0000
gene_MP012111	0.33352	0.95055	1058	0	0.0000
gene_MP012119	0.37549	0.75692	27	23	85.1852
gene_MP012155	0.45522	0.80676	34	34	100.0000
gene_MP012156	0.36145	0.89389	389	41	10.5398
gene_MP012216	0.37414	0.49321	62	50	80.6452
gene_MP012292	0.37907	0.83949	99	84	84.8485
gene_MP012358	0.31814	0.94552	162	0	0.0000
gene_MP012442	0.49312	0.81909	47	15	31.9149
gene_MP012478	0.45692	0.74079	53	0	0.0000
gene_MP012500	0.37894	0.76306	96	0	0.0000
gene_MP012511	0.31808	0.81011	94	0	0.0000
gene_MP012530	0.48753	0.69485	36	0	0.0000
gene_MP012544	0.32646	0.70230	108	19	17.5926
gene_MP012562	0.36049	0.86452	489	0	0.0000
gene_MP012662	0.38467	0.56501	27	20	74.0741
gene_MP012677	0.33220	0.86091	709	382	53.8787
gene_MP012719	0.32905	0.50724	33	13	39.3939
gene_MP012724	0.33841	0.98828	869	3	0.3452
gene_MP012744	0.35646	0.55886	24	15	62.5000
gene_MP012748	0.33820	0.34047	36	24	66.6667
gene_MP012771	0.35595	0.87555	103	79	76.6990
gene_MP012820	0.36158	0.75680	150	95	63.3333
gene_MP012833	0.36563	0.84184	209	149	71.2919
gene_MP012962	0.35091	0.62710	20	5	25.0000
gene_MP013000	0.35456	0.50992	38	23	60.5263
gene_MP013004	0.32517	0.86018	145	0	0.0000
gene_MP013058	0.34028	0.87941	130	0	0.0000
gene_MP013169	0.33291	1.05315	5741	0	0.0000
gene_MP013238	0.36430	0.88288	775	2	0.2581
gene_MP013309	0.33358	0.89100	249	0	0.0000
gene_MP013321	0.38390	0.70137	51	0	0.0000
gene_MP013372	0.33394	0.81214	136	118	86.7647
gene_MP013533	0.35536	0.92432	486	0	0.0000
gene_MP013660	0.31793	0.95660	256	0	0.0000
gene_MP013663	0.35404	0.56237	30	17	56.6667
gene_MP013692	0.57594	0.60256	76	8	10.5263
gene_MP013866	0.32177	0.38859	37	22	59.4595
gene_MP013978	0.37214	0.54445	28	22	78.5714
gene_MP014040	0.31956	0.99385	843	0	0.0000
gene_MP014042	0.34122	1.08975	4865	13	0.2672
gene_MP014054	0.43882	0.88551	41	0	0.0000
gene_MP014147	0.35327	0.70193	462	115	24.8918
gene_MP014153	0.35523	0.84729	45	19	42.2222
gene_MP014158	0.38104	0.59579	72	60	83.3333
gene_MP014159	0.36148	1.19482	67	57	85.0746
gene_MP014168	0.36036	0.76590	106	0	0.0000
gene_MP014235	0.34876	0.83669	72	54	75.0000
gene_MP014317	0.32887	0.94009	1692	6	0.3546
gene_MP014509	0.35948	0.85861	400	45	11.2500
gene_MP014580	0.33909	0.95429	197	0	0.0000
gene_MP014591	0.38998	0.63517	38	13	34.2105
gene_MP014603	0.36893	0.68716	63	50	79.3651
gene_MP014686	0.56481	0.90383	33	10	30.3030
gene_MP014819	0.35515	0.51701	61	36	59.0164
gene_MP014933	0.34693	0.99539	2550	22	0.8627
gene_MP014961	0.39796	0.69013	85	57	67.0588
gene_MP015087	0.34307	0.67601	87	55	63.2184
gene_MP015128	0.34182	0.76365	223	73	32.7354
gene_MP015186	0.31589	0.93663	531	0	0.0000
gene_MP015247	0.35495	0.66118	46	44	95.6522
gene_MP015291	0.36519	0.86001	1727	1	0.0579
gene_MP015318	0.34781	0.52500	59	40	67.7966
gene_MP015576	0.42100	1.00519	39	0	0.0000
gene_MP015665	0.43173	0.65491	51	0	0.0000
gene_MP015825	0.35889	1.07970	27	0	0.0000
gene_MP015878	0.46225	0.74739	56	0	0.0000
gene_MP015882	0.46581	0.72399	55	37	67.2727
gene_MP015934	0.37446	0.91026	37	0	0.0000
gene_MP016029	0.39633	0.63716	21	0	0.0000
gene_MP016035	0.38017	0.59727	47	0	0.0000
gene_MP016045	0.35502	0.90761	1724	144	8.3527
gene_MP016081	0.34654	0.97391	843	0	0.0000
gene_MP016092	0.36986	0.42610	34	17	50.0000
gene_MP016108	0.40171	1.02420	29	0	0.0000
gene_MP016109	0.36157	0.87435	1043	16	1.5340
gene_MP016145	0.31947	0.99669	474	0	0.0000
gene_MP016164	0.45973	0.78667	65	21	32.3077
gene_MP016189	0.35780	0.77450	62	41	66.1290
gene_MP016207	0.34142	0.67563	598	159	26.5886
gene_MP016219	0.51606	0.93307	28	9	32.1429
gene_MP016220	0.34919	0.97696	121	0	0.0000
gene_MP016221	0.42109	0.63991	535	488	91.2150
gene_MP016222	0.36100	0.60009	30	0	0.0000
gene_MP016228	0.37754	0.66273	102	68	66.6667
gene_MP016231	0.41107	0.76667	281	187	66.5480
gene_MP016263	0.37754	0.66273	434	243	55.9908
gene_MP016329	0.39630	0.84998	27	0	0.0000
gene_MP016335	0.37321	0.57931	84	0	0.0000
gene_MP016903	0.35612	0.74399	71	10	14.0845
gene_MP016958	0.39822	0.62257	44	40	90.9091
gene_MP017098	0.40829	0.88499	41	0	0.0000
gene_MP017284	0.42674	0.65342	20	0	0.0000
gene_MP017371	0.64312	0.82456	47	0	0.0000
gene_MP017384	0.64312	0.82456	47	0	0.0000
gene_MP017779	0.39556	0.61895	60	57	95.0000
gene_MP017787	0.39097	1.07284	862	0	0.0000
gene_MP017789	0.33957	0.99668	771	13	1.6861
gene_MP017791	0.35400	0.76252	122	0	0.0000
gene_MP017795	0.35600	0.64595	103	72	69.9029
gene_MP017800	0.37142	0.69337	212	150	70.7547
gene_MP017815	0.32435	1.08212	1705	0	0.0000
gene_MP017925	0.48958	0.69885	24	0	0.0000
gene_MP017953	0.36770	0.76117	120	64	53.3333
gene_MP018033	0.35040	0.70356	35	19	54.2857
gene_MP018069	0.43009	0.66596	20	0	0.0000
gene_MP018170	0.42523	0.61581	28	0	0.0000
gene_MP018248	0.31875	0.96175	1720	13	0.7558
gene_MP018287	0.35838	0.65037	119	75	63.0252
gene_MP018347	0.34542	0.53813	65	25	38.4615
gene_MP018372	0.49094	0.62571	131	8	6.1069
gene_MP018394	0.36924	0.64990	47	34	72.3404
gene_MP018411	0.33418	0.63967	28	16	57.1429
gene_MP018434	0.39427	0.70979	132	86	65.1515
gene_MP018463	0.48401	0.56755	91	72	79.1209
gene_MP018509	0.35017	0.83343	463	0	0.0000
gene_MP018676	0.35883	0.96873	106	0	0.0000
gene_MP018960	0.51420	0.58797	26	0	0.0000
gene_MP018980	0.42658	0.68471	68	0	0.0000
gene_MP019059	0.37594	0.79844	31	0	0.0000
gene_MP000021	0.35461	0.77349	1062	243	22.8814
gene_MP000034	0.33384	0.94457	1569	1	0.0637
gene_MP000119	0.35911	0.94796	136	0	0.0000
gene_MP000129	0.31262	0.73199	102	65	63.7255
gene_MP000195	0.36291	0.63093	116	91	78.4483
gene_MP000209	0.37167	0.73364	94	89	94.6809
gene_MP000267	0.34748	0.65638	113	45	39.8230
gene_MP000274	0.42008	0.50428	27	25	92.5926
gene_MP000275	0.34056	0.91660	172	0	0.0000
gene_MP000278	0.38964	0.61650	180	150	83.3333
gene_MP000296	0.37687	0.65915	151	95	62.9139
gene_MP000311	0.39141	0.52899	59	43	72.8814
gene_MP000384	0.45548	0.50626	29	0	0.0000
gene_MP000404	0.42684	1.40084	58	55	94.8276
gene_MP000412	0.36699	0.73128	40	0	0.0000
gene_MP000493	0.34088	1.00833	55	15	27.2727
gene_MP000497	0.34086	1.00894	1282	0	0.0000
gene_MP000541	0.34069	0.97948	2396	0	0.0000
gene_MP000589	0.42178	0.64143	353	22	6.2323
gene_MP000611	0.34667	0.84245	189	0	0.0000
gene_MP000616	0.36861	0.63606	121	112	92.5620
gene_MP000617	0.34321	0.96062	1955	1	0.0512
gene_MP000680	0.34056	0.91660	334	31	9.2814
gene_MP000691	0.36401	0.87255	427	55	12.8806
gene_MP000719	0.35206	0.75306	121	90	74.3802
gene_MP000727	0.38305	0.56877	70	23	32.8571
gene_MP000792	0.37241	0.73922	451	395	87.5831
gene_MP000859	0.35445	0.69022	411	82	19.9513
gene_MP000865	0.35953	0.93021	30	21	70.0000
gene_MP000883	0.37140	0.61747	90	71	78.8889
gene_MP000889	0.35876	0.94340	1544	24	1.5544
gene_MP000898	0.35227	0.65673	21	18	85.7143
gene_MP000901	0.32485	0.96775	1566	0	0.0000
gene_MP001138	0.32716	1.01885	106	0	0.0000
gene_MP001177	0.34314	0.67516	449	99	22.0490
gene_MP001179	0.37144	0.84128	2365	231	9.7674
gene_MP001262	0.33389	0.57307	77	60	77.9221
gene_MP001268	0.35209	0.98943	1605	0	0.0000
gene_MP001471	0.35189	0.72612	355	290	81.6901
gene_MP001506	0.35638	0.71012	790	223	28.2278
gene_MP001514	0.43773	0.80320	117	0	0.0000
gene_MP001518	0.34680	0.76195	75	40	53.3333
gene_MP001539	0.36263	0.86343	371	0	0.0000
gene_MP001557	0.32990	0.93745	420	0	0.0000
gene_MP001577	0.43252	0.67310	29	0	0.0000
gene_MP001578	0.41242	0.78957	30	0	0.0000
gene_MP001579	0.34553	0.85448	397	0	0.0000
gene_MP001600	0.45255	1.22955	77	66	85.7143
gene_MP001609	0.34399	0.81030	52	41	78.8462
gene_MP001675	0.44598	1.25288	25	0	0.0000
gene_MP001678	0.34062	0.38605	23	16	69.5652
gene_MP001680	0.36676	0.80177	66	48	72.7273
gene_MP001683	0.38662	0.86927	116	82	70.6897
gene_MP001704	0.34037	1.06780	3034	0	0.0000
gene_MP001714	0.35642	0.89072	573	133	23.2112
gene_MP001722	0.34849	0.91852	858	0	0.0000
gene_MP001768	0.51919	0.72000	48	16	33.3333
gene_MP001769	0.35248	0.77561	26	14	53.8462
gene_MP001802	0.33237	1.00291	133	0	0.0000
gene_MP001821	0.36493	0.57538	111	96	86.4865
gene_MP001839	0.39268	0.91886	329	269	81.7629
gene_MP001840	0.34229	0.81827	140	88	62.8571
gene_MP001841	0.37767	0.78509	220	194	88.1818
gene_MP001842	0.33499	0.92095	160	137	85.6250
gene_MP001849	0.34882	0.66281	38	29	76.3158
gene_MP001867	0.37485	1.09424	62	44	70.9677
gene_MP001869	0.33817	0.98653	1129	0	0.0000
gene_MP001891	0.40962	0.48388	56	37	66.0714
gene_MP001911	0.36878	0.57115	107	70	65.4206
gene_MP001912	0.32688	0.99255	459	37	8.0610
gene_MP001937	0.35285	0.85109	378	76	20.1058
gene_MP001961	0.35191	0.63061	29	22	75.8621
gene_MP001975	0.39449	0.72899	555	487	87.7477
gene_MP001978	0.36574	0.87078	217	94	43.3180
gene_MP001980	0.36413	0.58484	34	20	58.8235
gene_MP002000	0.35340	0.70241	123	16	13.0081
gene_MP002006	0.36760	0.55823	27	10	37.0370
gene_MP002011	0.35133	1.05711	33	9	27.2727
gene_MP002088	0.46010	0.63888	34	0	0.0000
gene_MP002190	0.34715	0.92635	39	36	92.3077
gene_MP002222	0.35786	0.68005	56	40	71.4286
gene_MP002227	0.38745	0.66859	34	20	58.8235
gene_MP002295	0.37010	0.79488	93	72	77.4194
gene_MP002298	0.36788	0.43776	76	28	36.8421
gene_MP002300	0.32094	1.00921	653	0	0.0000
gene_MP002309	0.34295	0.86432	92	46	50.0000
gene_MP002328	0.35647	0.68388	78	61	78.2051
gene_MP002330	0.52632	0.41585	39	30	76.9231
gene_MP002382	0.35913	0.80484	544	0	0.0000
gene_MP002390	0.35796	0.92768	648	228	35.1852
gene_MP002514	0.49112	1.11227	35	33	94.2857
gene_MP002620	0.36520	0.61984	231	79	34.1991
gene_MP002631	0.35242	0.37946	37	7	18.9189
gene_MP002743	0.38729	0.87058	121	105	86.7769
gene_MP002795	0.35725	0.95099	98	58	59.1837
gene_MP002816	0.38533	0.47221	52	33	63.4615
gene_MP002871	0.38654	0.84047	74	64	86.4865
gene_MP002886	0.51987	0.77749	78	40	51.2821
gene_MP003062	0.33073	0.94791	2257	0	0.0000
gene_MP003063	0.32401	0.54835	20	11	55.0000
gene_MP003084	0.33411	0.48067	23	16	69.5652
gene_MP003091	0.34148	0.76091	271	128	47.2325
gene_MP003092	0.31845	0.63649	46	35	76.0870
gene_MP003102	0.34001	0.49541	24	11	45.8333
gene_MP003154	0.35556	0.85136	828	81	9.7826
gene_MP003253	0.33135	0.93967	1413	0	0.0000
gene_MP003292	0.39184	0.49791	191	160	83.7696
gene_MP003303	0.33931	0.92178	1371	0	0.0000
gene_MP003305	0.35688	0.79498	105	87	82.8571
gene_MP003307	0.38064	0.62997	177	152	85.8757
gene_MP003311	0.35495	0.81965	172	0	0.0000
gene_MP003316	0.34059	0.68617	130	64	49.2308
gene_MP003345	0.42644	0.63496	25	0	0.0000
gene_MP003393	0.33467	0.82111	654	0	0.0000
gene_MP003397	0.35845	0.53365	63	53	84.1270
gene_MP003430	0.35390	0.79175	430	65	15.1163
gene_MP003438	0.33025	0.89144	647	0	0.0000
gene_MP003451	0.44444	0.93546	21	0	0.0000
gene_MP003456	0.37273	0.78724	753	38	5.0465
gene_MP003578	0.35518	0.80292	79	0	0.0000
gene_MP003607	0.30016	0.90217	62	0	0.0000
gene_MP003648	0.38740	0.84337	226	170	75.2212
gene_MP003688	0.43570	0.84828	253	212	83.7945
gene_MP003698	0.38450	0.52856	63	36	57.1429
gene_MP003699	0.32113	0.83952	834	0	0.0000
gene_MP003763	0.35599	0.46424	85	47	55.2941
gene_MP003801	0.33857	0.57206	48	16	33.3333
gene_MP003838	0.36754	0.72033	157	79	50.3185
gene_MP003964	0.34747	0.59166	41	27	65.8537
gene_MP003966	0.39716	0.98056	69	53	76.8116
gene_MP003991	0.42172	1.01673	35	15	42.8571
gene_MP004057	0.33090	0.49204	35	29	82.8571
gene_MP004140	0.39239	1.05084	360	0	0.0000
gene_MP004143	0.34256	0.94120	261	0	0.0000
gene_MP004153	0.36989	0.84871	83	67	80.7229
gene_MP004429	0.33118	0.55134	87	3	3.4483
gene_MP004432	0.34199	0.92439	1286	139	10.8087
gene_MP004433	0.37485	0.75334	68	60	88.2353
gene_MP004437	0.40440	0.75153	75	24	32.0000
gene_MP004449	0.34502	0.75285	349	9	2.5788
gene_MP004455	0.33249	0.81273	335	0	0.0000
gene_MP004638	0.35224	0.85784	678	362	53.3923
gene_MP004640	0.38796	0.77040	193	155	80.3109
gene_MP004717	0.37316	0.93683	164	157	95.7317
gene_MP004725	0.39270	0.74047	23	15	65.2174
gene_MP004735	0.34720	0.77245	120	99	82.5000
gene_MP004737	0.37700	0.75658	215	99	46.0465
gene_MP004739	0.35673	0.68883	41	25	60.9756
gene_MP004747	0.34456	0.64909	100	72	72.0000
gene_MP004800	0.35122	0.71854	85	0	0.0000
gene_MP004809	0.34713	0.82310	243	183	75.3086
gene_MP005065	0.34960	0.40430	20	17	85.0000
gene_MP005124	0.32893	0.86268	729	3	0.4115
gene_MP005150	0.40491	0.81172	199	118	59.2965
gene_MP005180	0.48492	0.66776	48	1	2.0833
gene_MP005263	0.32556	0.87157	147	0	0.0000
gene_MP005281	0.35398	0.81833	221	71	32.1267
gene_MP005337	0.35602	0.68270	505	135	26.7327
gene_MP005400	0.33239	0.61805	126	110	87.3016
gene_MP005492	0.35239	0.74065	122	97	79.5082
gene_MP005561	0.34035	0.68649	90	52	57.7778
gene_MP005607	0.33426	0.77527	269	1	0.3717
gene_MP005697	0.38678	0.43915	80	68	85.0000
gene_MP005716	0.33128	0.93399	798	0	0.0000
gene_MP005724	0.35889	0.56856	22	16	72.7273
gene_MP005727	0.38456	0.75773	67	41	61.1940
gene_MP005731	0.39040	0.49136	99	85	85.8586
gene_MP005746	0.34113	0.56156	114	44	38.5965
gene_MP005752	0.40634	0.84049	136	113	83.0882
gene_MP005796	0.34667	0.84916	640	0	0.0000
gene_MP005801	0.37784	0.51440	37	23	62.1622
gene_MP005809	0.35459	0.44994	51	39	76.4706
gene_MP005812	0.38305	0.61017	166	122	73.4940
gene_MP005835	0.39194	0.85509	106	97	91.5094
gene_MP005887	0.33611	0.92535	234	4	1.7094
gene_MP005893	0.46933	0.70216	29	0	0.0000
gene_MP006127	0.34641	0.93723	448	0	0.0000
gene_MP006128	0.34641	0.93075	2117	0	0.0000
gene_MP006249	0.39059	0.75553	97	78	80.4124
gene_MP006278	0.38275	0.81309	78	46	58.9744
gene_MP006279	0.34303	0.53145	314	204	64.9682
gene_MP006380	0.37998	0.83546	84	68	80.9524
gene_MP006383	0.33127	0.96804	1924	12	0.6237
gene_MP006387	0.38235	0.51970	160	138	86.2500
gene_MP006427	0.39040	0.83769	214	5	2.3364
gene_MP006436	0.39069	0.74877	377	290	76.9231
gene_MP006444	0.34880	0.62910	46	21	45.6522
gene_MP006807	0.34227	0.41947	66	44	66.6667
gene_MP006817	0.36004	0.95403	1118	0	0.0000
gene_MP006825	0.36621	0.69821	110	0	0.0000
gene_MP006845	0.37720	0.89736	1000	49	4.9000
gene_MP006854	0.37064	0.91821	81	0	0.0000
gene_MP006860	0.33298	0.88320	381	147	38.5827
gene_MP006878	0.39784	0.46644	95	63	66.3158
gene_MP006881	0.33447	0.79219	77	38	49.3506
gene_MP006910	0.40205	0.66863	155	151	97.4194
gene_MP006915	0.37278	0.48537	203	189	93.1034
gene_MP006922	0.38214	0.67974	396	334	84.3434
gene_MP006932	0.33599	1.01253	1625	40	2.4615
gene_MP006937	0.33675	1.02160	1280	0	0.0000
gene_MP006942	0.37757	0.51512	110	100	90.9091
gene_MP006944	0.32450	0.99527	3884	0	0.0000
gene_MP006948	0.31977	0.94376	2418	5	0.2068
gene_MP006951	0.32854	0.92719	1035	113	10.9179
gene_MP006964	0.33460	0.92092	1007	3	0.2979
gene_MP006997	0.33964	0.44931	98	64	65.3061
gene_MP007015	0.33599	1.01253	64	51	79.6875
gene_MP007028	0.32119	0.53169	177	123	69.4915
gene_MP007037	0.43379	0.73178	112	0	0.0000
gene_MP007055	0.39253	0.79823	2072	598	28.8610
gene_MP007142	0.37401	0.48759	188	159	84.5745
gene_MP007170	0.36866	0.46787	41	32	78.0488
gene_MP007176	0.37711	0.93811	141	0	0.0000
gene_MP007179	0.34681	0.68884	168	70	41.6667
gene_MP007194	0.34418	0.91842	590	0	0.0000
gene_MP007806	0.43661	0.83797	888	0	0.0000
gene_MP007915	0.38045	0.97742	40	32	80.0000
gene_MP008320	0.39938	0.47371	92	68	73.9130
gene_MP008451	0.37427	0.73365	202	110	54.4554
gene_MP008677	0.37241	0.52896	182	161	88.4615
gene_MP008679	0.37593	0.83223	364	69	18.9560
gene_MP008681	0.32941	0.90894	1181	16	1.3548
gene_MP008683	0.42083	0.46030	34	26	76.4706
gene_MP008688	0.36676	0.55995	89	53	59.5506
gene_MP008692	0.35970	0.90624	565	23	4.0708
gene_MP008697	0.37363	0.52324	30	16	53.3333
gene_MP008732	0.39433	0.52358	112	70	62.5000
gene_MP008782	0.30976	0.99440	1579	0	0.0000
gene_MP008784	0.37958	0.86226	2612	279	10.6815
gene_MP008794	0.37025	0.96393	5664	508	8.9689
gene_MP008796	0.35086	0.98614	1293	0	0.0000
gene_MP008828	0.39255	0.64163	197	167	84.7716
gene_MP008849	0.31751	0.94743	329	0	0.0000
gene_MP008928	0.45614	0.68258	34	0	0.0000
gene_MP008958	0.34801	0.69428	168	63	37.5000
gene_MP009021	0.31751	0.94743	108	0	0.0000
gene_MP009149	0.37958	0.86226	2367	37	1.5632
gene_MP009155	0.34502	0.75285	186	0	0.0000
gene_MP009184	0.36306	0.66282	84	48	57.1429
gene_MP009227	0.36478	0.57033	28	15	53.5714
gene_MP009234	0.37012	1.04090	1454	92	6.3274
gene_MP009291	0.37958	0.86226	96	48	50.0000
gene_MP009294	0.33393	0.50332	141	65	46.0993
gene_MP009352	0.34420	0.85691	1472	147	9.9864
gene_MP009356	0.36478	0.57033	364	270	74.1758
gene_MP009360	0.33524	0.48328	30	7	23.3333
gene_MP009425	0.33357	0.85977	540	0	0.0000
gene_MP009432	0.34647	0.63934	203	121	59.6059
gene_MP009438	0.35685	0.83211	509	0	0.0000
gene_MP009465	0.35025	0.61864	85	61	71.7647
gene_MP009528	0.34994	0.57595	189	44	23.2804
gene_MP009558	0.34420	0.85691	364	97	26.6484
gene_MP010366	0.37282	0.70492	135	116	85.9259
gene_MP010502	0.36270	0.33196	23	17	73.9130
gene_MP010525	0.31064	0.87136	57	0	0.0000
gene_MP010530	0.57096	0.73110	69	17	24.6377
gene_MP010589	0.38727	0.78452	43	26	60.4651
gene_MP010736	0.45425	0.34728	22	17	77.2727
gene_MP010755	0.34937	0.96526	999	37	3.7037
gene_MP010792	0.34879	0.82461	79	46	58.2278
gene_MP010804	0.35714	0.63239	22	15	68.1818
gene_MP010839	0.38067	0.70999	43	31	72.0930
gene_MP010898	0.36385	1.03970	115	0	0.0000
gene_MP010905	0.33696	0.51191	20	15	75.0000
gene_MP010961	0.34052	1.00328	5066	0	0.0000
gene_MP010965	0.38736	1.01934	46	0	0.0000
gene_MP010966	0.38736	1.04148	47	0	0.0000
gene_MP011005	0.33357	0.58717	45	25	55.5556
gene_MP011140	0.39265	0.64866	116	98	84.4828
gene_MP011170	0.35752	0.90594	855	63	7.3684
gene_MP011188	0.36818	0.80440	170	14	8.2353
gene_MP011216	0.32497	0.73043	194	59	30.4124
gene_MP011241	0.32114	0.94286	374	0	0.0000
gene_MP011297	0.34993	0.46451	49	35	71.4286
gene_MP011300	0.37052	0.71013	70	42	60.0000
gene_MP011301	0.35482	0.55060	168	45	26.7857
gene_MP011326	0.37730	0.92533	138	70	50.7246
gene_MP011378	0.29514	0.59736	36	11	30.5556
gene_MP011385	0.35917	0.47545	92	50	54.3478
gene_MP011463	0.31329	0.82248	121	0	0.0000
gene_MP011483	0.36727	0.45960	239	222	92.8870
gene_MP011500	0.42152	0.74815	82	21	25.6098
gene_MP011507	0.38732	0.60473	49	32	65.3061
gene_MP011515	0.35763	0.73294	103	78	75.7282
gene_MP011553	0.37161	0.78271	99	43	43.4343
gene_MP011567	0.32335	0.96328	750	1	0.1333
gene_MP011569	0.36038	0.72923	113	96	84.9558
gene_MP011571	0.38690	0.54407	52	35	67.3077
gene_MP011578	0.36695	0.76833	98	46	46.9388
gene_MP011580	0.35142	0.43143	38	34	89.4737
gene_MP011582	0.35458	0.75645	159	113	71.0692
gene_MP011611	0.38335	1.07546	162	105	64.8148
gene_MP011614	0.38227	0.46949	24	13	54.1667
gene_MP011789	0.39983	1.07197	99	74	74.7475
gene_MP011831	0.33354	0.74500	32	26	81.2500
gene_MP011844	0.40635	0.56811	36	30	83.3333
gene_MP011976	0.37445	0.62516	85	58	68.2353
gene_MP012029	0.39430	0.74918	151	102	67.5497
gene_MP012030	0.32759	0.99813	334	0	0.0000
gene_MP012041	0.36125	0.87288	290	109	37.5862
gene_MP012044	0.38748	0.78445	74	55	74.3243
gene_MP012056	0.37636	0.68684	103	80	77.6699
gene_MP012073	0.35840	0.51094	35	29	82.8571
gene_MP012141	0.37460	0.84170	59	35	59.3220
gene_MP012154	0.32349	0.65956	25	0	0.0000
gene_MP012173	0.34176	0.88685	141	0	0.0000
gene_MP012181	0.33035	0.97035	2016	0	0.0000
gene_MP012185	0.33965	0.49794	26	21	80.7692
gene_MP012226	0.40167	0.97121	47	29	61.7021
gene_MP012245	0.35616	0.72664	48	40	83.3333
gene_MP012428	0.52569	0.68997	39	0	0.0000
gene_MP012444	0.34752	0.89598	1222	0	0.0000
gene_MP012465	0.34083	0.51818	48	21	43.7500
gene_MP012468	0.35515	0.94695	169	0	0.0000
gene_MP012587	0.34473	0.70042	28	12	42.8571
gene_MP012595	0.42250	0.71271	72	55	76.3889
gene_MP012597	0.34929	0.92435	915	37	4.0437
gene_MP012610	0.38023	1.58257	34	29	85.2941
gene_MP012673	0.41975	0.62071	31	20	64.5161
gene_MP012679	0.34195	0.82956	61	27	44.2623
gene_MP012692	0.35252	0.39282	20	10	50.0000
gene_MP012783	0.38587	0.82446	75	45	60.0000
gene_MP012790	0.39043	0.77089	185	115	62.1622
gene_MP012814	0.34194	0.66272	33	0	0.0000
gene_MP012819	0.32365	0.90564	52	0	0.0000
gene_MP012878	0.33899	0.83145	79	39	49.3671
gene_MP012927	0.39341	0.76404	86	58	67.4419
gene_MP012966	0.40303	0.78789	82	43	52.4390
gene_MP012987	0.39746	0.53298	106	102	96.2264
gene_MP012997	0.34822	0.62510	72	56	77.7778
gene_MP013061	0.33761	0.51806	65	42	64.6154
gene_MP013069	0.35675	0.70545	1890	55	2.9101
gene_MP013092	0.33760	0.98284	314	16	5.0955
gene_MP013097	0.38113	0.38587	26	18	69.2308
gene_MP013159	0.36406	0.42082	21	16	76.1905
gene_MP013175	0.38296	0.62466	21	11	52.3810
gene_MP013215	0.34194	0.45539	32	22	68.7500
gene_MP013220	0.32933	0.44306	38	25	65.7895
gene_MP013257	0.40054	0.93563	251	227	90.4382
gene_MP013380	0.36578	0.48607	77	61	79.2208
gene_MP013385	0.35511	0.45365	52	23	44.2308
gene_MP013453	0.32327	0.80655	154	126	81.8182
gene_MP013467	0.37784	0.77654	78	45	57.6923
gene_MP013662	0.37375	0.60110	25	12	48.0000
gene_MP013718	0.37509	0.87543	81	0	0.0000
gene_MP013721	0.34698	0.68127	55	50	90.9091
gene_MP013730	0.34548	0.81622	270	57	21.1111
gene_MP013898	0.33966	0.70938	28	0	0.0000
gene_MP013901	0.32634	0.94646	1785	0	0.0000
gene_MP013927	0.33066	1.06657	2025	0	0.0000
gene_MP014229	0.35494	0.48998	30	23	76.6667
gene_MP014291	0.34115	0.78051	338	8	2.3669
gene_MP014309	0.40176	0.65594	21	19	90.4762
gene_MP014440	0.36108	0.49475	343	182	53.0612
gene_MP014449	0.40804	0.52030	203	152	74.8768
gene_MP014557	0.33925	0.77218	115	0	0.0000
gene_MP014653	0.35601	0.46864	26	20	76.9231
gene_MP014726	0.34757	0.62858	65	42	64.6154
gene_MP014843	0.38268	0.99804	419	374	89.2601
gene_MP014875	0.43022	0.87839	56	19	33.9286
gene_MP014883	0.35202	0.96574	154	0	0.0000
gene_MP014939	0.36017	0.92982	902	0	0.0000
gene_MP014955	0.41304	1.05206	37	37	100.0000
gene_MP014997	0.35260	0.49593	72	48	66.6667
gene_MP015001	0.35694	0.51521	23	21	91.3043
gene_MP015006	0.44210	0.49420	39	35	89.7436
gene_MP015227	0.38245	1.05433	24	0	0.0000
gene_MP015283	0.34598	0.94848	38	0	0.0000
gene_MP015380	0.34043	0.76784	186	130	69.8925
gene_MP015382	0.34830	0.82306	91	64	70.3297
gene_MP015427	0.35599	0.65154	75	54	72.0000
gene_MP015428	0.33433	0.76943	33	24	72.7273
gene_MP015458	0.35117	0.74883	71	60	84.5070
gene_MP015461	0.46381	0.55761	98	92	93.8776
gene_MP015848	0.37581	0.68154	44	0	0.0000
gene_MP015860	0.31730	1.01501	879	1	0.1138
gene_MP015901	0.36766	0.79751	87	50	57.4713
gene_MP015915	0.39286	0.68889	67	0	0.0000
gene_MP015928	0.32644	0.85569	515	13	2.5243
gene_MP015930	0.32475	1.01469	6786	14	0.2063
gene_MP015932	0.41222	0.65197	156	139	89.1026
gene_MP015980	0.39560	0.73225	800	394	49.2500
gene_MP015981	0.32448	0.81762	61	0	0.0000
gene_MP015983	0.31452	0.99982	98	0	0.0000
gene_MP015998	0.38728	0.77830	186	159	85.4839
gene_MP016009	0.35530	0.92900	180	0	0.0000
gene_MP016023	0.35798	0.59442	60	20	33.3333
gene_MP016027	0.36527	0.59336	48	36	75.0000
gene_MP016055	0.38174	0.84928	221	151	68.3258
gene_MP016783	0.34628	0.78471	122	65	53.2787
gene_MP016823	0.40373	1.21970	24	0	0.0000
gene_MP017633	0.35696	0.86894	1856	205	11.0453
gene_MP017636	0.35740	0.92809	404	33	8.1683
gene_MP017656	0.41223	0.52852	60	41	68.3333
gene_MP017660	0.31196	0.91582	741	69	9.3117
gene_MP017666	0.37440	0.75504	362	304	83.9779
gene_MP017700	0.37088	1.00141	37	13	35.1351
gene_MP017744	0.37028	0.88789	72	0	0.0000
gene_MP017763	0.36017	0.92982	121	4	3.3058
gene_MP017783	0.34738	0.62339	24	2	8.3333
gene_MP018034	0.35624	0.61054	126	108	85.7143
gene_MP018040	0.37078	0.82161	46	0	0.0000
gene_MP018070	0.36017	0.92982	273	218	79.8535
gene_MP018073	0.34100	0.55026	53	11	20.7547
gene_MP018075	0.36017	0.92982	140	111	79.2857
gene_MP018093	0.32907	1.00101	460	0	0.0000
gene_MP018099	0.32964	0.98051	43	0	0.0000
gene_MP018110	0.35448	0.91263	89	85	95.5056
gene_MP018163	0.35841	0.75100	53	0	0.0000
gene_MP018196	0.32302	0.58850	27	15	55.5556
gene_MP018243	0.35448	0.91263	1096	234	21.3504
gene_MP018261	0.37480	0.58185	25	1	4.0000
gene_MP018312	0.49020	1.30564	28	0	0.0000
gene_MP018328	0.36109	0.82024	32	0	0.0000
gene_MP018512	0.46829	0.65451	22	0	0.0000
gene_MP018534	0.34752	0.78345	39	0	0.0000
gene_MP018666	0.30982	0.87129	171	0	0.0000
gene_MP018847	0.42362	0.87212	45	0	0.0000
gene_MP018971	0.35142	0.76364	218	158	72.4771
gene_MP019155	0.36076	0.46083	21	7	33.3333
gene_MP000047	0.44244	0.81343	66	54	81.8182
gene_MP000079	0.35352	1.02442	1915	0	0.0000
gene_MP000112	0.32927	0.92814	1341	0	0.0000
gene_MP000131	0.35006	0.57833	82	60	73.1707
gene_MP000144	0.46477	0.40234	32	32	100.0000
gene_MP000194	0.36504	0.59933	37	31	83.7838
gene_MP000253	0.38333	0.58442	27	10	37.0370
gene_MP000271	0.39528	0.48155	89	72	80.8989
gene_MP000300	0.34509	0.66069	196	57	29.0816
gene_MP000395	0.36135	0.75865	105	72	68.5714
gene_MP000426	0.36171	0.68054	356	153	42.9775
gene_MP000442	0.45141	0.51150	107	68	63.5514
gene_MP000508	0.41959	0.40926	59	49	83.0508
gene_MP000619	0.35617	0.75088	163	0	0.0000
gene_MP000628	0.38092	0.71928	249	139	55.8233
gene_MP000653	0.35113	0.73135	325	179	55.0769
gene_MP000732	0.37270	0.31379	28	20	71.4286
gene_MP000821	0.34471	0.97744	55	1	1.8182
gene_MP000840	0.35517	0.92843	2041	342	16.7565
gene_MP000843	0.34471	0.97744	11189	0	0.0000
gene_MP000876	0.34764	0.85931	249	0	0.0000
gene_MP001016	0.37255	0.51574	571	506	88.6165
gene_MP001075	0.37767	0.57874	493	413	83.7728
gene_MP001081	0.39488	0.49949	47	36	76.5957
gene_MP001155	0.37628	0.73647	212	119	56.1321
gene_MP001157	0.34888	0.91220	3317	62	1.8692
gene_MP001158	0.40648	0.77970	250	237	94.8000
gene_MP001174	0.39314	0.62337	59	15	25.4237
gene_MP001222	0.34902	0.72697	113	50	44.2478
gene_MP001224	0.35512	0.70289	125	54	43.2000
gene_MP001229	0.38843	0.67059	82	50	60.9756
gene_MP001249	0.34018	0.95229	1210	121	10.0000
gene_MP001250	0.40830	0.66089	233	182	78.1116
gene_MP001402	0.35431	0.47750	168	134	79.7619
gene_MP001449	0.38300	0.54119	203	160	78.8177
gene_MP001476	0.39590	0.79838	87	45	51.7241
gene_MP001607	0.34226	0.52132	122	90	73.7705
gene_MP001635	0.38995	0.79250	122	58	47.5410
gene_MP001674	0.38597	0.85762	223	142	63.6771
gene_MP001738	0.32383	0.58563	80	26	32.5000
gene_MP001745	0.33513	1.00059	269	0	0.0000
gene_MP001748	0.36554	0.73446	121	0	0.0000
gene_MP001775	0.39612	0.68410	23	8	34.7826
gene_MP001790	0.33024	0.73431	57	0	0.0000
gene_MP001804	0.35816	0.79105	251	0	0.0000
gene_MP001813	0.37716	0.49664	35	0	0.0000
gene_MP001827	0.38364	0.71364	68	58	85.2941
gene_MP001859	0.35819	0.81804	95	67	70.5263
gene_MP001863	0.36436	0.65879	132	116	87.8788
gene_MP001897	0.41363	0.83987	476	330	69.3277
gene_MP001902	0.34105	0.92283	1857	0	0.0000
gene_MP001943	0.36454	0.85482	571	0	0.0000
gene_MP001988	0.33041	0.62549	107	75	70.0935
gene_MP001998	0.41251	1.24703	382	311	81.4136
gene_MP002017	0.36107	0.94186	581	26	4.4750
gene_MP002027	0.31871	0.65237	23	17	73.9130
gene_MP002043	0.35837	1.67385	75	54	72.0000
gene_MP002044	0.34000	0.76435	28	22	78.5714
gene_MP002052	0.36770	0.76669	47	39	82.9787
gene_MP002072	0.40165	0.48871	123	63	51.2195
gene_MP002076	0.33549	0.72038	292	20	6.8493
gene_MP002078	0.45473	0.98701	180	172	95.5556
gene_MP002114	0.37520	1.30867	87	75	86.2069
gene_MP002132	0.38058	0.44752	65	18	27.6923
gene_MP002237	0.41151	0.82726	216	134	62.0370
gene_MP002266	0.35025	0.81285	389	151	38.8175
gene_MP002288	0.43927	0.83138	78	67	85.8974
gene_MP002306	0.35334	0.98987	1130	103	9.1150
gene_MP002311	0.37370	0.68838	117	38	32.4786
gene_MP002377	0.37084	0.90207	27	0	0.0000
gene_MP002420	0.34483	0.64195	177	108	61.0169
gene_MP002448	0.37784	0.64798	62	43	69.3548
gene_MP002665	0.36453	0.75285	102	70	68.6275
gene_MP002669	0.36267	0.68659	63	7	11.1111
gene_MP002678	0.33379	0.60246	37	27	72.9730
gene_MP002679	0.40296	0.72264	33	32	96.9697
gene_MP002780	0.38989	0.69698	342	254	74.2690
gene_MP002800	0.33607	0.80823	142	0	0.0000
gene_MP002809	0.38459	0.73641	71	0	0.0000
gene_MP002855	0.35824	0.66069	33	26	78.7879
gene_MP002887	0.34709	0.57541	38	28	73.6842
gene_MP002919	0.34661	0.71539	29	25	86.2069
gene_MP002977	0.42383	0.73974	29	15	51.7241
gene_MP002987	0.33786	0.72698	73	0	0.0000
gene_MP003013	0.35311	1.00570	692	0	0.0000
gene_MP003017	0.34451	0.76207	88	0	0.0000
gene_MP003032	0.33479	0.74173	109	0	0.0000
gene_MP003093	0.38761	0.73343	125	104	83.2000
gene_MP003186	0.34990	0.60242	155	109	70.3226
gene_MP003209	0.36941	0.53891	103	86	83.4951
gene_MP003221	0.40865	1.03769	27	22	81.4815
gene_MP003254	0.37687	0.68231	160	12	7.5000
gene_MP003260	0.38224	1.09957	32	21	65.6250
gene_MP003353	0.36863	0.75795	235	10	4.2553
gene_MP003356	0.37702	0.81364	299	225	75.2508
gene_MP003366	0.39748	1.13352	42	22	52.3810
gene_MP003375	0.34879	0.61011	61	45	73.7705
gene_MP003378	0.35528	0.83026	68	52	76.4706
gene_MP003381	0.39130	0.65903	292	214	73.2877
gene_MP003407	0.35284	0.94408	3911	73	1.8665
gene_MP003478	0.39288	0.88422	68	58	85.2941
gene_MP003503	0.39218	0.82613	52	42	80.7692
gene_MP003531	0.39611	0.71655	33	13	39.3939
gene_MP003553	0.35537	0.89101	110	0	0.0000
gene_MP003568	0.37136	0.64300	137	104	75.9124
gene_MP003638	0.37612	0.52756	166	141	84.9398
gene_MP003737	0.41314	0.67457	53	52	98.1132
gene_MP003745	0.34823	0.52815	24	16	66.6667
gene_MP003749	0.35754	0.36732	59	28	47.4576
gene_MP003753	0.38152	0.82947	649	331	51.0015
gene_MP003769	0.40080	0.57693	63	57	90.4762
gene_MP003810	0.39221	0.61744	192	151	78.6458
gene_MP003817	0.36863	0.77203	54	0	0.0000
gene_MP003850	0.37696	0.54538	151	70	46.3576
gene_MP003938	0.53285	0.89438	26	0	0.0000
gene_MP003973	0.38378	0.48623	49	40	81.6327
gene_MP003980	0.31263	0.77637	150	24	16.0000
gene_MP004071	0.45648	0.49500	87	0	0.0000
gene_MP004184	0.35062	0.93695	566	200	35.3357
gene_MP004201	0.36950	0.88620	195	0	0.0000
gene_MP004204	0.41361	0.70727	96	0	0.0000
gene_MP004217	0.34525	0.94986	1007	0	0.0000
gene_MP004235	0.34934	0.91808	1288	0	0.0000
gene_MP004251	0.40536	0.75592	183	92	50.2732
gene_MP004480	0.35705	0.64604	83	67	80.7229
gene_MP004496	0.38289	0.82897	114	103	90.3509
gene_MP004515	0.34245	0.92466	2053	0	0.0000
gene_MP004533	0.39537	0.81156	424	194	45.7547
gene_MP004538	0.34727	0.81216	230	24	10.4348
gene_MP004547	0.36299	0.69900	260	151	58.0769
gene_MP004550	0.48999	0.33536	63	0	0.0000
gene_MP004977	0.32601	0.69558	33	0	0.0000
gene_MP005047	0.34237	0.95478	5122	236	4.6076
gene_MP005178	0.36971	0.60651	377	205	54.3767
gene_MP005211	0.35476	0.55757	198	85	42.9293
gene_MP005229	0.38522	0.66833	162	150	92.5926
gene_MP005439	0.35191	0.53734	29	24	82.7586
gene_MP005549	0.33933	0.82861	537	0	0.0000
gene_MP005578	0.32817	0.74925	137	0	0.0000
gene_MP005584	0.33933	0.82861	582	21	3.6082
gene_MP005624	0.33933	0.82861	683	116	16.9839
gene_MP005655	0.34791	0.71116	141	60	42.5532
gene_MP005673	0.33766	0.67830	118	75	63.5593
gene_MP005690	0.40708	0.71204	59	48	81.3559
gene_MP005765	0.34921	0.64745	109	71	65.1376
gene_MP005989	0.35062	0.93695	382	50	13.0890
gene_MP006068	0.32101	0.61956	54	36	66.6667
gene_MP006164	0.33828	0.83883	1485	109	7.3401
gene_MP006293	0.47778	0.71336	40	0	0.0000
gene_MP006342	0.37733	0.73940	158	140	88.6076
gene_MP006352	0.32863	0.99789	4403	0	0.0000
gene_MP006422	0.33536	0.82166	75	0	0.0000
gene_MP006622	0.36067	0.97087	2849	0	0.0000
gene_MP006638	0.38644	0.65866	207	160	77.2947
gene_MP006652	0.35842	1.02518	1960	65	3.3163
gene_MP006704	0.39076	0.70355	587	454	77.3424
gene_MP006707	0.39246	0.75093	533	478	89.6811
gene_MP006719	0.36139	0.96396	2979	157	5.2702
gene_MP006725	0.35922	0.77962	698	64	9.1691
gene_MP006726	0.33764	0.60441	132	73	55.3030
gene_MP006727	0.39937	0.53094	114	87	76.3158
gene_MP006733	0.39149	0.88112	158	0	0.0000
gene_MP006737	0.41284	0.71632	250	218	87.2000
gene_MP006759	0.34708	0.68626	190	122	64.2105
gene_MP006811	0.37629	0.59587	68	59	86.7647
gene_MP006832	0.32918	1.02461	2477	4	0.1615
gene_MP006958	0.33893	0.58427	75	34	45.3333
gene_MP007115	0.36284	0.77423	342	215	62.8655
gene_MP007812	0.39843	0.26180	30	28	93.3333
gene_MP007895	0.39811	0.76260	52	0	0.0000
gene_MP007970	0.36960	0.33240	40	33	82.5000
gene_MP007991	0.35816	0.79105	167	0	0.0000
gene_MP008015	0.37046	0.34181	58	52	89.6552
gene_MP008023	0.40085	0.39733	26	14	53.8462
gene_MP008053	0.35862	0.76327	110	0	0.0000
gene_MP008056	0.39117	0.41638	40	13	32.5000
gene_MP008059	0.39224	0.52194	24	24	100.0000
gene_MP008085	0.35588	0.90331	117	0	0.0000
gene_MP008098	0.37315	0.49296	118	56	47.4576
gene_MP008124	0.35612	0.93500	966	23	2.3810
gene_MP008217	0.37319	0.81148	749	437	58.3445
gene_MP008227	0.37837	0.48137	230	192	83.4783
gene_MP008262	0.34838	0.70239	21	21	100.0000
gene_MP008285	0.39224	0.52194	265	225	84.9057
gene_MP008528	0.36403	0.78115	1064	0	0.0000
gene_MP008608	0.34166	1.02004	2746	0	0.0000
gene_MP008623	0.35493	0.66866	44	24	54.5455
gene_MP008664	0.38635	0.58880	75	64	85.3333
gene_MP008754	0.34716	0.90755	2940	0	0.0000
gene_MP008761	0.36436	0.64601	106	74	69.8113
gene_MP008918	0.37008	0.92153	3894	535	13.7391
gene_MP008939	0.35031	0.92700	745	0	0.0000
gene_MP008949	0.35777	0.91410	290	0	0.0000
gene_MP009067	0.34348	0.88838	974	144	14.7844
gene_MP009104	0.37570	0.80644	135	116	85.9259
gene_MP009111	0.40638	0.77013	240	202	84.1667
gene_MP009179	0.38390	0.83183	225	3	1.3333
gene_MP009204	0.33790	0.72689	101	0	0.0000
gene_MP009208	0.37164	0.84234	23	10	43.4783
gene_MP009759	0.35171	0.52279	84	57	67.8571
gene_MP009760	0.33310	0.84840	205	32	15.6098
gene_MP009773	0.47256	0.41962	37	10	27.0270
gene_MP009781	0.33809	0.82142	206	74	35.9223
gene_MP009820	0.39197	0.76610	52	30	57.6923
gene_MP009829	0.35430	0.88920	198	25	12.6263
gene_MP009833	0.34838	0.70239	342	301	88.0117
gene_MP009861	0.35334	0.52554	36	34	94.4444
gene_MP009945	0.37179	1.37229	39	36	92.3077
gene_MP009985	0.41919	0.88506	50	0	0.0000
gene_MP010107	0.35486	0.53114	246	219	89.0244
gene_MP010323	0.35560	0.89295	604	13	2.1523
gene_MP010372	0.32080	0.64315	65	49	75.3846
gene_MP010578	0.38043	0.69326	64	48	75.0000
gene_MP010653	0.34862	0.98550	2722	0	0.0000
gene_MP010658	0.54545	0.98571	23	0	0.0000
gene_MP010713	0.37746	0.64930	234	186	79.4872
gene_MP010738	0.36299	0.69900	91	56	61.5385
gene_MP010762	0.39056	0.72713	28	22	78.5714
gene_MP010791	0.32755	0.94270	209	0	0.0000
gene_MP010809	0.35619	0.62115	25	15	60.0000
gene_MP010885	0.37608	0.73658	50	29	58.0000
gene_MP010908	0.35839	0.51027	62	55	88.7097
gene_MP010975	0.40028	0.71557	20	0	0.0000
gene_MP010976	0.37315	0.91489	30	0	0.0000
gene_MP011029	0.46799	0.86395	21	1	4.7619
gene_MP011050	0.35850	0.87888	152	0	0.0000
gene_MP011122	0.46791	0.42863	25	16	64.0000
gene_MP011138	0.37081	0.77702	40	26	65.0000
gene_MP011176	0.38053	0.78616	159	97	61.0063
gene_MP011227	0.33436	0.97172	2285	0	0.0000
gene_MP011302	0.52063	0.72746	31	0	0.0000
gene_MP011398	0.40440	1.09399	93	77	82.7957
gene_MP011449	0.38933	0.68825	43	38	88.3721
gene_MP011465	0.41849	0.69802	32	0	0.0000
gene_MP011525	0.39538	1.15545	105	85	80.9524
gene_MP011585	0.37068	0.54960	100	85	85.0000
gene_MP011641	0.36995	0.91287	277	0	0.0000
gene_MP011646	0.37381	0.39999	68	57	83.8235
gene_MP011708	0.39745	1.04227	34	29	85.2941
gene_MP011732	0.39756	1.16740	41	27	65.8537
gene_MP011825	0.41176	0.49285	21	0	0.0000
gene_MP011830	0.30519	0.69045	45	27	60.0000
gene_MP011845	0.43422	0.48924	69	65	94.2029
gene_MP011846	0.42115	1.08891	173	22	12.7168
gene_MP011860	0.37505	0.82458	288	0	0.0000
gene_MP011863	0.37087	0.72667	134	103	76.8657
gene_MP011875	0.33093	0.98401	499	32	6.4128
gene_MP011877	0.35377	0.77754	83	65	78.3133
gene_MP011882	0.40473	0.71869	120	109	90.8333
gene_MP011895	0.40235	1.04974	65	41	63.0769
gene_MP011966	0.35185	0.97133	1747	0	0.0000
gene_MP011982	0.39615	0.67193	74	63	85.1351
gene_MP011983	0.32088	1.01797	869	0	0.0000
gene_MP011984	0.35739	0.84987	47	0	0.0000
gene_MP012002	0.63470	0.84681	53	1	1.8868
gene_MP012013	0.36404	0.75902	85	0	0.0000
gene_MP012015	0.32855	0.79714	107	82	76.6355
gene_MP012032	0.38193	0.47448	37	24	64.8649
gene_MP012067	0.36589	0.62128	36	17	47.2222
gene_MP012109	0.36546	0.67750	116	89	76.7241
gene_MP012151	0.36093	0.94608	58	41	70.6897
gene_MP012206	0.38569	0.89519	178	0	0.0000
gene_MP012231	0.34666	0.66539	28	15	53.5714
gene_MP012243	0.33499	0.92383	817	4	0.4896
gene_MP012263	0.37628	0.66435	64	41	64.0625
gene_MP012276	0.37057	0.71723	27	16	59.2593
gene_MP012324	0.35826	0.90885	63	47	74.6032
gene_MP012332	0.43062	0.78961	33	24	72.7273
gene_MP012333	0.34410	0.78248	148	54	36.4865
gene_MP012354	0.56609	0.75502	40	0	0.0000
gene_MP012490	0.39246	0.80918	276	201	72.8261
gene_MP012493	0.35430	0.66775	162	66	40.7407
gene_MP012526	0.55328	0.65657	36	0	0.0000
gene_MP012566	0.36934	0.46895	84	64	76.1905
gene_MP012643	0.38076	1.04836	93	77	82.7957
gene_MP012694	0.38859	0.65845	107	89	83.1776
gene_MP012734	0.41751	0.95812	83	51	61.4458
gene_MP012742	0.34665	0.88258	655	14	2.1374
gene_MP012776	0.40821	0.84042	81	52	64.1975
gene_MP012859	0.34701	0.64203	81	53	65.4321
gene_MP012869	0.33798	0.85782	246	0	0.0000
gene_MP012901	0.35155	0.72670	68	32	47.0588
gene_MP012926	0.40255	0.77265	105	83	79.0476
gene_MP012948	0.40159	0.56633	20	19	95.0000
gene_MP012975	0.38989	0.83370	45	34	75.5556
gene_MP012993	0.49108	0.39189	33	24	72.7273
gene_MP013060	0.38503	0.86383	355	0	0.0000
gene_MP013130	0.48211	0.58801	42	34	80.9524
gene_MP013166	0.34341	0.98219	528	0	0.0000
gene_MP013202	0.38876	0.83129	117	0	0.0000
gene_MP013208	0.34984	0.94766	22	0	0.0000
gene_MP013218	0.40451	0.99573	146	81	55.4795
gene_MP013258	0.49391	0.40023	33	22	66.6667
gene_MP013345	0.36786	0.69526	233	115	49.3562
gene_MP013346	0.36516	0.86480	26	0	0.0000
gene_MP013359	0.37644	0.68997	88	58	65.9091
gene_MP013383	0.35138	0.76325	27	0	0.0000
gene_MP013468	0.37049	0.81587	51	22	43.1373
gene_MP013495	0.39432	0.85444	89	0	0.0000
gene_MP013522	0.37937	0.63368	32	27	84.3750
gene_MP013762	0.39268	0.53183	24	0	0.0000
gene_MP013767	0.35799	0.76367	170	159	93.5294
gene_MP013775	0.35469	0.53993	197	148	75.1269
gene_MP013777	0.38368	0.62456	185	145	78.3784
gene_MP013781	0.41954	0.88457	115	86	74.7826
gene_MP014134	0.35311	0.96074	491	0	0.0000
gene_MP014234	0.33399	1.07329	145	0	0.0000
gene_MP014240	0.37189	0.48691	71	58	81.6901
gene_MP014348	0.35104	0.95862	154	41	26.6234
gene_MP014370	0.55995	0.34211	21	11	52.3810
gene_MP014389	0.34637	0.93852	705	0	0.0000
gene_MP014405	0.38867	0.67053	106	0	0.0000
gene_MP014437	0.35809	0.51259	26	0	0.0000
gene_MP014463	0.31668	1.07129	113	0	0.0000
gene_MP014543	0.41771	1.12259	131	100	76.3359
gene_MP014626	0.34230	0.95439	632	42	6.6456
gene_MP014817	0.36859	0.89875	88	0	0.0000
gene_MP014929	0.35989	0.57088	106	72	67.9245
gene_MP014936	0.36219	0.87306	739	168	22.7334
gene_MP015004	0.33407	0.66360	94	34	36.1702
gene_MP015073	0.33380	0.53750	85	42	49.4118
gene_MP015180	0.35338	0.65636	61	30	49.1803
gene_MP015185	0.37202	0.70996	47	9	19.1489
gene_MP015215	0.37005	0.75866	149	93	62.4161
gene_MP015255	0.37554	0.61773	55	26	47.2727
gene_MP015286	0.35803	0.64231	68	42	61.7647
gene_MP015465	0.36314	0.62032	596	384	64.4295
gene_MP015613	0.32862	0.96476	399	0	0.0000
gene_MP015624	0.35133	1.00174	167	0	0.0000
gene_MP015638	0.37189	0.73082	48	44	91.6667
gene_MP015642	0.35498	0.79366	314	192	61.1465
gene_MP015712	0.35586	0.63226	53	16	30.1887
gene_MP015718	0.32862	0.96476	207	0	0.0000
gene_MP015723	0.33752	0.92494	328	187	57.0122
gene_MP015746	0.35007	1.00944	2621	1	0.0382
gene_MP015806	0.35649	0.62583	222	59	26.5766
gene_MP015812	0.32786	1.02048	1672	11	0.6579
gene_MP015819	0.32862	0.96476	127	0	0.0000
gene_MP015829	0.30287	0.64491	116	27	23.2759
gene_MP015854	0.34726	0.80977	114	81	71.0526
gene_MP015894	0.37411	0.62040	174	147	84.4828
gene_MP015993	0.31931	1.05004	127	0	0.0000
gene_MP016706	0.33506	0.95513	1179	0	0.0000
gene_MP016881	0.32653	0.72382	67	0	0.0000
gene_MP016887	0.35961	0.70916	95	66	69.4737
gene_MP016890	0.38693	0.41781	45	42	93.3333
gene_MP016921	0.38998	0.50273	93	73	78.4946
gene_MP017211	0.34168	0.52017	38	22	57.8947
gene_MP017265	0.36274	0.70995	133	75	56.3910
gene_MP017309	0.37261	0.76442	308	39	12.6623
gene_MP017321	0.37859	0.62276	144	26	18.0556
gene_MP017409	0.35543	0.72316	1175	623	53.0213
gene_MP017413	0.37400	0.84936	182	0	0.0000
gene_MP017493	0.40851	0.79303	46	0	0.0000
gene_MP017508	0.37985	0.62383	109	66	60.5505
gene_MP017513	0.40314	0.81044	65	0	0.0000
gene_MP017515	0.37570	0.74254	25	25	100.0000
gene_MP017525	0.34449	0.78865	102	52	50.9804
gene_MP017537	0.36235	0.93938	311	111	35.6913
gene_MP017539	0.37117	0.73762	23	0	0.0000
gene_MP017606	0.39624	0.59279	177	54	30.5085
gene_MP017610	0.37077	0.73100	237	209	88.1857
gene_MP017621	0.40365	0.70678	73	61	83.5616
gene_MP017715	0.33752	0.92494	2106	126	5.9829
gene_MP017730	0.35157	0.96590	3381	52	1.5380
gene_MP017848	0.40302	0.50205	137	124	90.5109
gene_MP017858	0.35920	0.86721	146	0	0.0000
gene_MP017861	0.51802	0.72078	21	0	0.0000
gene_MP017882	0.37621	0.94126	474	23	4.8523
gene_MP017906	0.53191	0.82250	49	0	0.0000
gene_MP017932	0.48958	0.69885	24	0	0.0000
gene_MP018669	0.33532	0.66414	48	14	29.1667
gene_MP018787	0.35221	0.85237	272	0	0.0000
gene_MP018904	0.42959	0.80520	46	0	0.0000
gene_MP018983	0.40282	0.45953	82	67	81.7073
gene_MP019025	0.37472	0.79503	281	0	0.0000
gene_MP019049	0.44415	0.37071	35	7	20.0000
gene_MP019073	0.35116	0.93274	1338	61	4.5590
gene_MP019138	0.37547	0.82535	420	20	4.7619
gene_MP019243	0.37991	0.56194	153	130	84.9673
gene_MP019246	0.35578	0.77876	37	32	86.4865
gene_MP000007	0.35960	0.66293	122	64	52.4590
gene_MP000022	0.36981	0.75373	537	329	61.2663
gene_MP000043	0.40336	0.79135	193	0	0.0000
gene_MP000052	0.33761	0.63964	44	0	0.0000
gene_MP000242	0.32902	0.93985	830	11	1.3253
gene_MP000244	0.39106	0.78520	136	0	0.0000
gene_MP000245	0.34370	1.09967	381	2	0.5249
gene_MP000246	0.50039	0.93878	75	0	0.0000
gene_MP000256	0.32459	1.12674	1070	0	0.0000
gene_MP000281	0.33557	0.39969	20	16	80.0000
gene_MP000290	0.35183	0.70384	45	0	0.0000
gene_MP000308	0.37355	0.79750	38	25	65.7895
gene_MP000350	0.47670	0.59337	56	19	33.9286
gene_MP000352	0.34707	0.76537	133	99	74.4361
gene_MP000509	0.34669	0.89064	319	35	10.9718
gene_MP000765	0.33878	0.94434	155	91	58.7097
gene_MP000789	0.38580	0.99820	106	91	85.8491
gene_MP000902	0.37397	0.97705	1886	568	30.1166
gene_MP000905	0.37035	0.75912	478	254	53.1381
gene_MP000907	0.37584	0.65508	116	108	93.1034
gene_MP000940	0.37289	0.62047	95	73	76.8421
gene_MP001183	0.33177	0.95630	1837	1	0.0544
gene_MP001185	0.33177	0.95630	98	0	0.0000
gene_MP001193	0.39382	0.86966	210	174	82.8571
gene_MP001274	0.32729	0.97529	2094	27	1.2894
gene_MP001285	0.46547	0.65355	186	53	28.4946
gene_MP001291	0.37765	1.13556	78	75	96.1538
gene_MP001530	0.43816	0.56765	23	11	47.8261
gene_MP001615	0.37263	0.84688	171	128	74.8538
gene_MP001640	0.34387	0.49834	30	20	66.6667
gene_MP001643	0.47695	0.78200	49	36	73.4694
gene_MP001663	0.42698	0.79188	61	55	90.1639
gene_MP001679	0.40043	0.63276	35	11	31.4286
gene_MP001705	0.39941	0.54843	52	33	63.4615
gene_MP001784	0.36991	0.47307	38	17	44.7368
gene_MP001931	0.42970	1.01978	47	30	63.8298
gene_MP001933	0.34976	1.04238	4423	0	0.0000
gene_MP001936	0.35249	0.59143	94	52	55.3191
gene_MP001949	0.37617	0.69141	48	34	70.8333
gene_MP001952	0.39371	0.49395	87	82	94.2529
gene_MP001953	0.35453	0.60405	51	39	76.4706
gene_MP001972	0.39578	0.94699	334	277	82.9341
gene_MP002063	0.41566	0.88496	38	35	92.1053
gene_MP002135	0.40334	0.68530	74	35	47.2973
gene_MP002137	0.36254	0.58158	33	31	93.9394
gene_MP002138	0.36447	0.95080	766	0	0.0000
gene_MP002160	0.37633	0.47202	48	9	18.7500
gene_MP002250	0.32975	0.92668	814	19	2.3342
gene_MP002332	0.34516	0.48589	52	34	65.3846
gene_MP002378	0.34297	0.54637	162	122	75.3086
gene_MP002388	0.40958	0.53974	103	88	85.4369
gene_MP002389	0.38740	1.10227	65	54	83.0769
gene_MP002392	0.35660	0.83215	55	37	67.2727
gene_MP002398	0.31966	1.05414	1980	0	0.0000
gene_MP002426	0.40299	0.93160	38	4	10.5263
gene_MP002427	0.39298	0.62018	34	16	47.0588
gene_MP002494	0.35072	0.85232	152	126	82.8947
gene_MP002499	0.37773	0.96840	300	161	53.6667
gene_MP002525	0.34892	0.68338	47	36	76.5957
gene_MP002529	0.35062	0.67569	137	99	72.2628
gene_MP002533	0.37440	0.53545	31	22	70.9677
gene_MP002588	0.34614	0.44726	35	22	62.8571
gene_MP002590	0.42697	0.90839	32	24	75.0000
gene_MP002611	0.36669	0.99465	52	44	84.6154
gene_MP002661	0.30595	0.49350	28	22	78.5714
gene_MP002685	0.36493	0.63536	83	52	62.6506
gene_MP002686	0.37214	0.77740	27	18	66.6667
gene_MP002687	0.38581	0.73179	21	13	61.9048
gene_MP002688	0.33738	0.66339	48	30	62.5000
gene_MP002740	0.38672	0.72421	39	31	79.4872
gene_MP002741	0.32921	0.97408	2853	0	0.0000
gene_MP002766	0.33022	0.46088	43	29	67.4419
gene_MP002788	0.35217	0.86529	169	0	0.0000
gene_MP002823	0.34989	0.53214	21	11	52.3810
gene_MP002836	0.38230	0.69156	231	71	30.7359
gene_MP002927	0.41105	0.77398	236	0	0.0000
gene_MP002981	0.35356	0.55363	59	34	57.6271
gene_MP003024	0.34835	0.68520	263	189	71.8631
gene_MP003074	0.36367	0.63623	55	26	47.2727
gene_MP003107	0.37216	0.49939	38	27	71.0526
gene_MP003135	0.35834	0.69754	136	1	0.7353
gene_MP003293	0.52685	0.84639	63	0	0.0000
gene_MP003395	0.36211	0.80601	309	13	4.2071
gene_MP003425	0.36507	0.77898	89	67	75.2809
gene_MP003429	0.40972	0.50656	124	97	78.2258
gene_MP003433	0.39592	0.59684	82	43	52.4390
gene_MP003494	0.37908	0.60674	20	11	55.0000
gene_MP003522	0.35768	0.65521	33	19	57.5758
gene_MP003526	0.35291	0.96711	3072	168	5.4688
gene_MP003527	0.37489	0.84686	209	147	70.3349
gene_MP003650	0.34315	0.55028	48	32	66.6667
gene_MP003823	0.33958	1.08079	486	0	0.0000
gene_MP003826	0.37072	0.51162	57	53	92.9825
gene_MP003846	0.48028	0.73765	55	32	58.1818
gene_MP003848	0.43316	0.84195	70	0	0.0000
gene_MP003852	0.37729	0.86356	59	0	0.0000
gene_MP003894	0.37509	0.64132	26	21	80.7692
gene_MP003896	0.37820	0.47945	31	14	45.1613
gene_MP003968	0.41053	0.66085	111	85	76.5766
gene_MP004009	0.39979	0.82509	190	139	73.1579
gene_MP004036	0.37003	0.79882	145	108	74.4828
gene_MP004037	0.36952	0.86315	191	143	74.8691
gene_MP004508	0.38720	0.65540	473	177	37.4207
gene_MP004512	0.37786	0.72286	145	102	70.3448
gene_MP004513	0.35457	0.52141	24	14	58.3333
gene_MP004528	0.39546	0.74342	315	297	94.2857
gene_MP004532	0.36600	0.86509	412	25	6.0680
gene_MP004536	0.37321	0.76552	112	93	83.0357
gene_MP004537	0.32519	0.90659	687	15	2.1834
gene_MP004541	0.35751	0.82391	350	202	57.7143
gene_MP004551	0.37273	0.47085	64	52	81.2500
gene_MP004599	0.38359	0.95297	219	192	87.6712
gene_MP004600	0.44933	0.83389	81	66	81.4815
gene_MP004604	0.39038	0.84872	88	0	0.0000
gene_MP004643	0.35582	0.48256	80	52	65.0000
gene_MP004644	0.37451	0.65220	64	62	96.8750
gene_MP005032	0.36259	0.72226	140	59	42.1429
gene_MP005053	0.39551	0.97599	79	72	91.1392
gene_MP005062	0.34882	0.84171	116	74	63.7931
gene_MP005064	0.34313	0.55563	62	51	82.2581
gene_MP005157	0.33833	0.98144	3297	127	3.8520
gene_MP005164	0.41146	0.54139	66	0	0.0000
gene_MP005183	0.41572	1.24937	57	34	59.6491
gene_MP005184	0.39213	0.66754	101	92	91.0891
gene_MP005188	0.40711	0.51197	156	83	53.2051
gene_MP005221	0.35743	0.98046	2865	0	0.0000
gene_MP005240	0.34321	0.99568	137	0	0.0000
gene_MP005433	0.39305	0.80737	354	262	74.0113
gene_MP005567	0.36163	0.96322	4736	0	0.0000
gene_MP005568	0.37891	0.66677	392	176	44.8980
gene_MP005650	0.38392	0.77483	25	17	68.0000
gene_MP005672	0.36565	0.77120	134	105	78.3582
gene_MP005676	0.41349	0.69856	257	163	63.4241
gene_MP005779	0.34321	0.70266	95	64	67.3684
gene_MP005814	0.38651	0.73293	132	125	94.6970
gene_MP005817	0.35922	0.83030	251	62	24.7012
gene_MP005871	0.38368	0.70213	189	0	0.0000
gene_MP005900	0.35543	0.55166	49	18	36.7347
gene_MP006070	0.36277	0.35594	32	27	84.3750
gene_MP006074	0.32448	0.85756	940	95	10.1064
gene_MP006364	0.33135	0.57208	148	92	62.1622
gene_MP006366	0.36813	0.83443	92	44	47.8261
gene_MP006531	0.36921	0.87235	695	0	0.0000
gene_MP006585	0.43831	0.71794	36	0	0.0000
gene_MP006645	0.40892	0.71675	96	85	88.5417
gene_MP006908	0.33793	0.85353	805	67	8.3230
gene_MP006912	0.35752	0.48940	20	20	100.0000
gene_MP006916	0.36831	0.96267	159	0	0.0000
gene_MP006923	0.36976	1.00774	184	139	75.5435
gene_MP006970	0.34331	0.78795	330	122	36.9697
gene_MP006977	0.39662	0.76348	206	183	88.8350
gene_MP006985	0.37914	0.86966	928	309	33.2974
gene_MP006990	0.41543	0.52073	63	62	98.4127
gene_MP007000	0.33763	0.55819	90	64	71.1111
gene_MP007003	0.34856	0.50092	33	28	84.8485
gene_MP007005	0.31472	0.94969	262	0	0.0000
gene_MP007017	0.32634	0.91611	71	0	0.0000
gene_MP007035	0.39028	0.81603	624	60	9.6154
gene_MP007045	0.37404	0.48546	31	26	83.8710
gene_MP007100	0.40812	0.55561	60	58	96.6667
gene_MP007109	0.35787	0.50980	94	89	94.6809
gene_MP007114	0.36503	0.72350	83	47	56.6265
gene_MP007117	0.39062	0.98915	122	106	86.8852
gene_MP007132	0.37400	0.96704	439	317	72.2096
gene_MP007172	0.35734	0.89788	524	47	8.9695
gene_MP007186	0.36926	0.88499	522	0	0.0000
gene_MP007226	0.46634	0.73790	149	0	0.0000
gene_MP007267	0.38836	0.77343	395	308	77.9747
gene_MP007454	0.33605	0.47187	21	10	47.6190
gene_MP007517	0.36364	0.51071	24	17	70.8333
gene_MP007518	0.34871	0.81712	87	65	74.7126
gene_MP007847	0.32563	0.65009	26	13	50.0000
gene_MP008259	0.37401	0.77094	151	17	11.2583
gene_MP008312	0.43152	0.70700	23	0	0.0000
gene_MP008352	0.33809	0.91085	2256	208	9.2199
gene_MP008584	0.37645	0.61533	43	34	79.0698
gene_MP008714	0.45595	0.50015	67	45	67.1642
gene_MP008739	0.34639	0.81930	533	100	18.7617
gene_MP008749	0.40489	0.67729	553	277	50.0904
gene_MP008752	0.42442	0.48066	124	0	0.0000
gene_MP008758	0.35066	1.01152	5133	223	4.3444
gene_MP008777	0.32714	0.92461	1630	0	0.0000
gene_MP008779	0.37472	0.47904	59	56	94.9153
gene_MP008799	0.34510	0.92101	1216	0	0.0000
gene_MP008884	0.41549	0.60292	68	54	79.4118
gene_MP009051	0.37515	0.92930	250	76	30.4000
gene_MP009070	0.35584	0.99208	9446	31	0.3282
gene_MP009248	0.35602	0.54664	36	22	61.1111
gene_MP009404	0.35838	0.52666	182	105	57.6923
gene_MP009469	0.36131	0.77853	79	0	0.0000
gene_MP009512	0.43359	0.73021	45	0	0.0000
gene_MP009569	0.37519	0.84013	160	92	57.5000
gene_MP009574	0.34367	0.96266	1944	0	0.0000
gene_MP009575	0.35221	0.87468	1075	17	1.5814
gene_MP009591	0.40812	0.55561	111	76	68.4685
gene_MP009626	0.35590	0.53178	46	32	69.5652
gene_MP010455	0.35431	0.60869	125	104	83.2000
gene_MP010535	0.44234	0.72667	45	0	0.0000
gene_MP010573	0.35912	0.65111	134	105	78.3582
gene_MP010584	0.37367	0.83864	101	89	88.1188
gene_MP010674	0.41363	0.91172	32	31	96.8750
gene_MP010711	0.44615	1.05865	65	51	78.4615
gene_MP010715	0.37206	0.75540	51	41	80.3922
gene_MP010719	0.36765	0.81571	187	0	0.0000
gene_MP010787	0.47949	0.89286	20	12	60.0000
gene_MP010843	0.38728	0.73483	54	37	68.5185
gene_MP010912	0.36561	0.71782	106	72	67.9245
gene_MP010945	0.38440	0.55163	388	45	11.5979
gene_MP010960	0.38860	0.64917	104	81	77.8846
gene_MP010987	0.34554	1.28089	321	0	0.0000
gene_MP011123	0.34739	0.87976	469	0	0.0000
gene_MP011257	0.38416	1.22707	30	29	96.6667
gene_MP011273	0.39603	0.69362	37	26	70.2703
gene_MP011388	0.36111	0.77556	30	25	83.3333
gene_MP011399	0.33895	0.90123	300	50	16.6667
gene_MP011462	0.34366	0.41858	66	31	46.9697
gene_MP011627	0.33944	0.95104	2142	0	0.0000
gene_MP011650	0.35607	0.98139	143	0	0.0000
gene_MP011651	0.34291	0.76737	241	173	71.7842
gene_MP011652	0.35766	0.79502	131	58	44.2748
gene_MP011653	0.39491	0.60995	55	46	83.6364
gene_MP011654	0.31739	0.55445	21	11	52.3810
gene_MP011655	0.36740	0.83730	120	64	53.3333
gene_MP011659	0.49488	0.51479	49	37	75.5102
gene_MP011677	0.34405	0.92039	421	0	0.0000
gene_MP011717	0.31172	0.64223	109	68	62.3853
gene_MP011734	0.38667	0.72755	60	48	80.0000
gene_MP011746	0.34574	1.02442	943	5	0.5302
gene_MP011868	0.34270	0.58616	49	19	38.7755
gene_MP011871	0.38716	0.95806	71	64	90.1408
gene_MP011886	0.35832	0.57068	62	30	48.3871
gene_MP011891	0.36809	0.56376	33	19	57.5758
gene_MP011892	0.33704	0.55363	58	15	25.8621
gene_MP011893	0.35319	0.64972	26	17	65.3846
gene_MP011894	0.35056	0.78698	605	159	26.2810
gene_MP011942	0.37643	1.00172	34	20	58.8235
gene_MP011956	0.35869	0.77344	74	40	54.0541
gene_MP011986	0.38724	0.74853	106	44	41.5094
gene_MP011987	0.39252	0.75901	68	57	83.8235
gene_MP011994	0.36385	0.64437	27	21	77.7778
gene_MP012077	0.34220	0.60736	38	29	76.3158
gene_MP012093	0.35248	0.71504	51	34	66.6667
gene_MP012096	0.31412	0.96201	1618	0	0.0000
gene_MP012146	0.37550	0.76005	93	53	56.9892
gene_MP012249	0.49101	0.56949	42	19	45.2381
gene_MP012371	0.36086	0.86265	2636	59	2.2382
gene_MP012421	0.35038	0.99557	151	71	47.0199
gene_MP012461	0.42510	0.55927	171	138	80.7018
gene_MP012483	0.34725	0.96521	1163	0	0.0000
gene_MP012487	0.35780	1.07524	194	21	10.8247
gene_MP012518	0.55618	0.54938	21	0	0.0000
gene_MP012563	0.39222	0.74589	67	61	91.0448
gene_MP012585	0.34477	0.63485	49	0	0.0000
gene_MP012702	0.35091	0.65131	68	52	76.4706
gene_MP012763	0.37317	0.67776	129	73	56.5891
gene_MP012877	0.35525	0.92612	109	80	73.3945
gene_MP012932	0.35245	1.03423	39	20	51.2821
gene_MP012946	0.39024	0.55769	33	12	36.3636
gene_MP013007	0.37435	0.54896	36	22	61.1111
gene_MP013110	0.50125	0.83798	21	8	38.0952
gene_MP013111	0.32537	0.55025	37	6	16.2162
gene_MP013119	0.37512	0.75578	54	43	79.6296
gene_MP013148	0.35244	0.97940	4288	10	0.2332
gene_MP013151	0.30523	0.49371	42	23	54.7619
gene_MP013154	0.40887	0.55489	116	87	75.0000
gene_MP013209	0.37294	0.81708	245	97	39.5918
gene_MP013213	0.43678	0.89823	51	32	62.7451
gene_MP013232	0.37485	0.83315	48	0	0.0000
gene_MP013236	0.40762	0.69004	118	118	100.0000
gene_MP013260	0.37049	0.89968	335	248	74.0299
gene_MP013261	0.37879	0.77143	45	34	75.5556
gene_MP013281	0.43052	0.74206	292	270	92.4658
gene_MP013347	0.34362	0.48427	101	42	41.5842
gene_MP013349	0.33809	0.54027	46	14	30.4348
gene_MP013387	0.41763	0.43689	85	68	80.0000
gene_MP013388	0.37954	0.59893	111	92	82.8829
gene_MP013397	0.36231	0.78832	373	233	62.4665
gene_MP013398	0.34398	0.90411	289	5	1.7301
gene_MP013425	0.40267	0.69600	171	117	68.4211
gene_MP013528	0.33895	0.75317	50	0	0.0000
gene_MP013773	0.35706	0.57260	44	30	68.1818
gene_MP013812	0.40656	0.55189	50	11	22.0000
gene_MP013831	0.36231	0.78832	707	597	84.4413
gene_MP013865	0.33206	1.04531	190	11	5.7895
gene_MP013885	0.34285	0.97827	3227	16	0.4958
gene_MP014111	0.39825	0.65517	60	43	71.6667
gene_MP014112	0.38368	0.69068	116	64	55.1724
gene_MP014164	0.42256	0.48254	21	17	80.9524
gene_MP014173	0.35830	1.14576	938	0	0.0000
gene_MP014242	0.35497	0.93477	1077	0	0.0000
gene_MP014249	0.32760	0.53835	94	47	50.0000
gene_MP014274	0.33186	0.91811	266	179	67.2932
gene_MP014380	0.33743	0.99107	80	50	62.5000
gene_MP014413	0.34562	0.98604	865	0	0.0000
gene_MP014431	0.34562	0.98604	459	0	0.0000
gene_MP014441	0.40998	0.66337	148	102	68.9189
gene_MP014527	0.31811	0.96248	2685	3	0.1117
gene_MP014707	0.35144	0.64728	58	0	0.0000
gene_MP014775	0.41254	0.83578	154	139	90.2597
gene_MP014787	0.32719	0.62375	25	18	72.0000
gene_MP014804	0.37853	0.65771	201	177	88.0597
gene_MP014832	0.34609	1.00058	1096	8	0.7299
gene_MP014884	0.34752	0.98383	2005	0	0.0000
gene_MP014944	0.35505	0.72241	104	1	0.9615
gene_MP014981	0.34287	0.64363	94	6	6.3830
gene_MP015178	0.31961	1.02318	33	0	0.0000
gene_MP015189	0.33371	1.01321	2266	0	0.0000
gene_MP015242	0.43503	0.65974	235	164	69.7872
gene_MP015245	0.34562	0.98604	1199	1	0.0834
gene_MP015330	0.36984	0.79057	35	0	0.0000
gene_MP015332	0.35707	0.60120	70	40	57.1429
gene_MP015756	0.46883	0.80788	56	0	0.0000
gene_MP015803	0.39175	1.12665	59	0	0.0000
gene_MP015989	0.39550	0.42524	40	33	82.5000
gene_MP016013	0.37083	0.83896	112	0	0.0000
gene_MP016040	0.37500	0.42645	26	14	53.8462
gene_MP016052	0.36244	0.59065	81	64	79.0123
gene_MP016059	0.47129	0.67655	41	32	78.0488
gene_MP016084	0.39960	0.79117	223	178	79.8206
gene_MP016091	0.31718	0.94417	1623	0	0.0000
gene_MP016096	0.36445	0.53089	37	27	72.9730
gene_MP016101	0.34440	0.82923	264	102	38.6364
gene_MP016104	0.34469	0.86304	806	4	0.4963
gene_MP016151	0.37409	0.72694	271	219	80.8118
gene_MP016166	0.46032	0.78444	70	0	0.0000
gene_MP016261	0.36626	0.50196	29	25	86.2069
gene_MP016400	0.42440	1.06702	61	0	0.0000
gene_MP016491	0.30687	0.72273	33	1	3.0303
gene_MP016605	0.34932	0.81979	149	41	27.5168
gene_MP016714	0.29415	0.72151	29	0	0.0000
gene_MP016908	0.30401	1.12436	20	0	0.0000
gene_MP017003	0.35528	0.73830	161	99	61.4907
gene_MP017070	0.45643	0.77929	36	0	0.0000
gene_MP017411	0.40474	0.69410	50	0	0.0000
gene_MP017484	0.41245	0.82528	86	59	68.6047
gene_MP017580	0.43954	0.99762	45	0	0.0000
gene_MP017722	0.35595	0.58782	21	12	57.1429
gene_MP017729	0.36128	0.85470	440	13	2.9545
gene_MP017733	0.34841	0.68938	250	0	0.0000
gene_MP017740	0.36051	0.45635	23	12	52.1739
gene_MP017743	0.39642	0.68497	79	62	78.4810
gene_MP017777	0.34825	0.82120	66	9	13.6364
gene_MP017870	0.52252	0.70813	21	19	90.4762
gene_MP018167	0.36869	0.49781	35	12	34.2857
gene_MP018172	0.37880	0.86079	55	0	0.0000
gene_MP018232	0.33895	1.01800	204	11	5.3922
gene_MP018284	0.34508	0.54184	88	79	89.7727
gene_MP018337	0.36166	0.91657	80	0	0.0000
gene_MP018377	0.39958	0.72970	94	67	71.2766
gene_MP018386	0.34597	0.93413	2484	0	0.0000
gene_MP018452	0.40379	0.71938	48	0	0.0000
gene_MP018524	0.38306	0.68700	43	15	34.8837
gene_MP019228	0.34496	0.78093	455	0	0.0000
gene_MP000001	0.39288	0.53456	109	54	49.5413
gene_MP000124	0.35722	0.58288	86	50	58.1395
gene_MP000146	0.34056	0.64816	123	81	65.8537
gene_MP000160	0.35927	0.80242	280	78	27.8571
gene_MP000169	0.37547	0.50950	56	39	69.6429
gene_MP000172	0.37019	0.64013	69	61	88.4058
gene_MP000191	0.37700	0.94547	67	48	71.6418
gene_MP000228	0.36184	0.56730	79	0	0.0000
gene_MP000240	0.38160	0.59230	74	58	78.3784
gene_MP000302	0.41690	0.73203	207	178	85.9903
gene_MP000307	0.32691	0.72133	35	24	68.5714
gene_MP000312	0.39013	1.19721	67	51	76.1194
gene_MP000359	0.39111	0.61715	64	45	70.3125
gene_MP000361	0.34577	0.66717	112	45	40.1786
gene_MP000403	0.32586	0.99592	877	0	0.0000
gene_MP000429	0.35782	0.61012	30	24	80.0000
gene_MP000515	0.38592	0.81704	104	79	75.9615
gene_MP000521	0.40967	0.64128	143	76	53.1469
gene_MP000675	0.35800	0.84076	1607	210	13.0678
gene_MP000690	0.34062	0.63489	64	29	45.3125
gene_MP001114	0.48303	0.71904	42	27	64.2857
gene_MP001321	0.32834	0.93200	142	0	0.0000
gene_MP001421	0.34035	0.63564	40	10	25.0000
gene_MP001538	0.35820	0.78848	280	176	62.8571
gene_MP001576	0.37604	0.61958	76	65	85.5263
gene_MP001595	0.39562	0.89811	284	250	88.0282
gene_MP001657	0.39954	0.48169	25	8	32.0000
gene_MP001698	0.51058	0.81120	59	57	96.6102
gene_MP001871	0.38004	0.63401	225	210	93.3333
gene_MP001999	0.40447	0.69159	116	98	84.4828
gene_MP002004	0.36183	0.85958	55	44	80.0000
gene_MP002066	0.37883	0.60853	36	33	91.6667
gene_MP002079	0.34638	0.87135	292	1	0.3425
gene_MP002090	0.40226	0.61326	46	41	89.1304
gene_MP002099	0.34995	0.64604	84	71	84.5238
gene_MP002123	0.36537	0.74776	164	114	69.5122
gene_MP002194	0.35852	0.65436	30	28	93.3333
gene_MP002257	0.45493	0.74667	44	43	97.7273
gene_MP002262	0.37543	0.69958	48	40	83.3333
gene_MP002351	0.37435	0.73009	57	36	63.1579
gene_MP002355	0.38615	0.83271	95	78	82.1053
gene_MP002517	0.32429	0.96112	1371	0	0.0000
gene_MP002577	0.39607	0.51203	21	11	52.3810
gene_MP002580	0.38692	0.90799	180	0	0.0000
gene_MP002604	0.42395	0.98565	40	0	0.0000
gene_MP002642	0.35726	0.64232	35	14	40.0000
gene_MP002773	0.36082	0.74249	52	42	80.7692
gene_MP002785	0.38405	0.71793	546	360	65.9341
gene_MP002786	0.42242	0.71299	114	66	57.8947
gene_MP002843	0.42175	0.81801	97	80	82.4742
gene_MP002873	0.49567	0.52876	30	28	93.3333
gene_MP003034	0.41647	0.50823	64	37	57.8125
gene_MP003064	0.37903	0.79375	110	0	0.0000
gene_MP003148	0.34902	0.52059	101	84	83.1683
gene_MP003151	0.37191	0.66954	90	0	0.0000
gene_MP003179	0.37820	0.91185	981	0	0.0000
gene_MP003183	0.35794	0.71560	51	0	0.0000
gene_MP003251	0.33672	0.87234	136	94	69.1176
gene_MP003296	0.38972	0.96122	359	16	4.4568
gene_MP003314	0.37173	0.68884	89	0	0.0000
gene_MP003352	0.40782	0.70614	71	55	77.4648
gene_MP003590	0.38067	0.49194	30	23	76.6667
gene_MP003599	0.35462	0.67065	105	24	22.8571
gene_MP003658	0.47352	0.86021	110	98	89.0909
gene_MP003659	0.35417	0.78295	39	1	2.5641
gene_MP003708	0.39267	0.70587	92	65	70.6522
gene_MP003765	0.36332	0.98813	85	61	71.7647
gene_MP003777	0.37410	0.84278	191	106	55.4974
gene_MP003784	0.35684	0.62684	55	41	74.5455
gene_MP003806	0.39229	0.60876	94	85	90.4255
gene_MP003813	0.37773	0.78263	147	136	92.5170
gene_MP003854	0.35051	0.47795	49	34	69.3878
gene_MP003882	0.37927	0.69328	350	179	51.1429
gene_MP003893	0.39882	0.73666	99	74	74.7475
gene_MP003960	0.40035	0.82963	56	42	75.0000
gene_MP003994	0.48052	1.11048	29	29	100.0000
gene_MP004032	0.36200	1.00574	1563	72	4.6065
gene_MP004033	0.39024	0.57848	53	0	0.0000
gene_MP004079	0.36407	0.84244	654	47	7.1865
gene_MP004177	0.37071	0.86828	758	35	4.6174
gene_MP004178	0.40509	0.75595	165	135	81.8182
gene_MP004192	0.41251	1.00608	71	51	71.8310
gene_MP004446	0.34269	0.95948	930	0	0.0000
gene_MP004582	0.49692	0.77343	53	0	0.0000
gene_MP004585	0.33523	0.78404	135	95	70.3704
gene_MP004586	0.34696	0.80303	666	50	7.5075
gene_MP004627	0.32133	0.81694	164	0	0.0000
gene_MP004720	0.37934	0.71530	85	0	0.0000
gene_MP004946	0.38273	0.90995	202	147	72.7723
gene_MP005233	0.34600	0.95817	2885	0	0.0000
gene_MP005299	0.38723	0.50335	75	49	65.3333
gene_MP005399	0.40059	0.58998	40	23	57.5000
gene_MP005588	0.35434	1.04243	4001	0	0.0000
gene_MP005617	0.40361	0.63267	203	138	67.9803
gene_MP005638	0.36624	0.86061	107	83	77.5701
gene_MP005662	0.44848	0.80455	40	16	40.0000
gene_MP005710	0.34682	0.92816	3568	0	0.0000
gene_MP005773	0.39428	0.95861	182	151	82.9670
gene_MP005937	0.36385	0.75777	73	59	80.8219
gene_MP005981	0.37829	0.92825	26	22	84.6154
gene_MP005995	0.35540	0.97198	2258	0	0.0000
gene_MP006336	0.36188	0.98194	981	24	2.4465
gene_MP006386	0.34896	0.58062	61	31	50.8197
gene_MP006399	0.34599	0.95825	67	0	0.0000
gene_MP006449	0.34696	0.80303	44	0	0.0000
gene_MP007349	0.36751	0.99747	471	0	0.0000
gene_MP007358	0.47264	0.75044	27	0	0.0000
gene_MP007559	0.43636	0.70287	79	0	0.0000
gene_MP007949	0.34966	0.85834	601	0	0.0000
gene_MP007958	0.34679	0.71808	81	61	75.3086
gene_MP007968	0.36676	0.91903	251	0	0.0000
gene_MP007981	0.35326	0.90812	334	244	73.0539
gene_MP007999	0.33316	0.86111	317	7	2.2082
gene_MP008022	0.40676	0.62752	249	169	67.8715
gene_MP008024	0.35363	1.02306	4583	2	0.0436
gene_MP008047	0.34907	0.92356	31	0	0.0000
gene_MP008055	0.35164	0.85923	327	0	0.0000
gene_MP008072	0.32729	0.98103	3198	0	0.0000
gene_MP008080	0.35914	0.75904	233	172	73.8197
gene_MP008096	0.35875	0.68238	198	149	75.2525
gene_MP008116	0.32919	0.97828	1276	0	0.0000
gene_MP008121	0.32924	0.87087	566	247	43.6396
gene_MP008143	0.42798	0.74417	74	53	71.6216
gene_MP008166	0.34001	0.73638	69	53	76.8116
gene_MP008186	0.33980	1.03278	4125	0	0.0000
gene_MP008237	0.38263	0.77510	101	79	78.2178
gene_MP008278	0.35656	0.66359	55	47	85.4545
gene_MP008362	0.40008	0.83675	79	0	0.0000
gene_MP009671	0.35839	0.93464	1780	0	0.0000
gene_MP009695	0.33728	1.02258	714	0	0.0000
gene_MP009716	0.38064	0.81170	128	104	81.2500
gene_MP009723	0.39339	0.45006	54	35	64.8148
gene_MP009735	0.34932	0.91811	48	0	0.0000
gene_MP009921	0.37837	0.71542	242	165	68.1818
gene_MP009967	0.39195	0.74919	150	118	78.6667
gene_MP009986	0.41798	0.87304	28	0	0.0000
gene_MP010006	0.38110	0.66465	120	0	0.0000
gene_MP010007	0.38150	0.66878	77	0	0.0000
gene_MP010008	0.38069	0.66612	116	0	0.0000
gene_MP010027	0.33980	1.03278	623	247	39.6469
gene_MP010206	0.38260	0.81863	167	118	70.6587
gene_MP010337	0.36772	0.54625	51	44	86.2745
gene_MP010345	0.35175	0.79114	512	264	51.5625
gene_MP010352	0.39953	0.66859	135	120	88.8889
gene_MP010451	0.42671	0.67426	52	0	0.0000
gene_MP010563	0.38315	0.79895	40	0	0.0000
gene_MP010597	0.39049	0.71330	101	0	0.0000
gene_MP010710	0.34596	0.72524	63	39	61.9048
gene_MP010742	0.36484	0.77258	31	18	58.0645
gene_MP010751	0.44099	0.89274	31	26	83.8710
gene_MP010867	0.39558	0.44953	27	24	88.8889
gene_MP010947	0.39038	0.55947	23	19	82.6087
gene_MP010963	0.34959	0.68565	61	40	65.5738
gene_MP011012	0.44147	0.57374	27	15	55.5556
gene_MP011172	0.36859	0.90401	563	26	4.6181
gene_MP011274	0.34141	0.81722	253	0	0.0000
gene_MP011285	0.41073	0.73500	58	0	0.0000
gene_MP011289	0.45185	0.38991	21	6	28.5714
gene_MP011307	0.41383	0.81495	68	45	66.1765
gene_MP011329	0.37539	0.80951	301	291	96.6777
gene_MP011330	0.34290	0.89646	491	75	15.2749
gene_MP011356	0.45114	1.05417	39	36	92.3077
gene_MP011373	0.37495	0.71123	67	55	82.0896
gene_MP011381	0.39359	0.79050	21	1	4.7619
gene_MP011508	0.38882	0.77137	49	0	0.0000
gene_MP011577	0.34861	1.19583	36	21	58.3333
gene_MP011590	0.36128	0.74147	216	104	48.1481
gene_MP011632	0.37744	0.67977	166	77	46.3855
gene_MP011658	0.34139	0.62908	64	24	37.5000
gene_MP011705	0.34775	0.82820	517	0	0.0000
gene_MP011728	0.33858	0.83184	466	0	0.0000
gene_MP011793	0.33223	0.77894	237	139	58.6498
gene_MP011815	0.36419	0.91042	503	0	0.0000
gene_MP011855	0.36631	0.75793	239	113	47.2803
gene_MP011919	0.36241	0.78062	208	0	0.0000
gene_MP011920	0.35262	0.79536	85	42	49.4118
gene_MP011922	0.42568	1.05261	42	0	0.0000
gene_MP011924	0.33667	0.57477	24	19	79.1667
gene_MP011938	0.35124	0.72080	46	32	69.5652
gene_MP011939	0.34623	0.61668	369	18	4.8780
gene_MP011975	0.36283	0.74417	161	0	0.0000
gene_MP012007	0.33988	1.01349	2101	1	0.0476
gene_MP012095	0.36368	0.77748	55	37	67.2727
gene_MP012170	0.35437	0.92390	2313	0	0.0000
gene_MP012210	0.34413	0.95135	48	36	75.0000
gene_MP012229	0.38975	0.77119	68	65	95.5882
gene_MP012232	0.37451	0.99579	163	117	71.7791
gene_MP012259	0.35684	0.63297	32	17	53.1250
gene_MP012267	0.33646	0.59029	23	14	60.8696
gene_MP012314	0.37115	0.67002	26	6	23.0769
gene_MP012408	0.39751	0.81955	1067	454	42.5492
gene_MP012464	0.35439	0.88854	312	0	0.0000
gene_MP012537	0.35024	0.71333	164	137	83.5366
gene_MP012588	0.42423	0.94438	74	58	78.3784
gene_MP012648	0.33496	1.06714	60	37	61.6667
gene_MP012696	0.36426	0.50822	37	0	0.0000
gene_MP012746	0.34839	0.92246	167	0	0.0000
gene_MP012839	0.37878	0.83560	106	79	74.5283
gene_MP012899	0.39716	0.76770	64	23	35.9375
gene_MP012914	0.38151	0.75646	227	149	65.6388
gene_MP013001	0.39214	0.68508	26	14	53.8462
gene_MP013190	0.39073	1.42118	24	16	66.6667
gene_MP013199	0.34720	0.82200	41	29	70.7317
gene_MP013262	0.34737	0.50538	112	92	82.1429
gene_MP013264	0.35401	0.85525	60	41	68.3333
gene_MP013396	0.33364	0.66003	20	19	95.0000
gene_MP013479	0.34029	0.91198	574	0	0.0000
gene_MP013556	0.32898	0.64982	192	27	14.0625
gene_MP013754	0.35347	0.91228	256	0	0.0000
gene_MP013823	0.33877	0.92504	620	0	0.0000
gene_MP013836	0.37454	0.69763	52	0	0.0000
gene_MP013841	0.35124	0.72080	95	6	6.3158
gene_MP013845	0.33918	0.93843	361	0	0.0000
gene_MP013854	0.35355	0.67287	198	48	24.2424
gene_MP013855	0.42538	0.88425	28	0	0.0000
gene_MP013861	0.46839	0.34711	28	14	50.0000
gene_MP013874	0.40811	0.77766	39	0	0.0000
gene_MP013965	0.31131	0.49102	25	22	88.0000
gene_MP013999	0.38236	0.78316	429	395	92.0746
gene_MP014216	0.35327	0.68824	289	53	18.3391
gene_MP014289	0.35563	0.88502	694	2	0.2882
gene_MP014298	0.33804	0.86006	569	83	14.5870
gene_MP014319	0.38616	0.69831	238	180	75.6303
gene_MP014402	0.34722	1.01295	2594	103	3.9707
gene_MP014466	0.37275	0.53563	32	29	90.6250
gene_MP014471	0.35952	0.99208	117	0	0.0000
gene_MP014542	0.34847	0.92253	322	0	0.0000
gene_MP014728	0.36045	0.93831	1255	65	5.1793
gene_MP014778	0.33385	0.95545	934	127	13.5974
gene_MP014781	0.32924	1.01312	782	0	0.0000
gene_MP014971	0.38050	0.69538	151	12	7.9470
gene_MP014980	0.37498	0.62448	103	91	88.3495
gene_MP014984	0.37599	0.65514	176	141	80.1136
gene_MP015047	0.33146	0.78987	311	23	7.3955
gene_MP015064	0.37443	0.83152	506	117	23.1225
gene_MP015075	0.36626	0.95734	982	0	0.0000
gene_MP015166	0.36657	0.81830	1336	476	35.6287
gene_MP015280	0.33544	0.91304	235	0	0.0000
gene_MP015357	0.39546	0.60487	428	351	82.0093
gene_MP015866	0.42892	0.90431	28	0	0.0000
gene_MP015883	0.46225	0.74939	56	0	0.0000
gene_MP016411	0.44928	0.83636	58	0	0.0000
gene_MP016427	0.43574	0.89733	41	0	0.0000
gene_MP016569	0.45995	1.42050	28	0	0.0000
gene_MP016807	0.33777	0.98955	87	0	0.0000
gene_MP016808	0.33776	0.98985	3495	0	0.0000
gene_MP016814	0.41110	0.93594	89	0	0.0000
gene_MP016824	0.40208	1.23791	24	0	0.0000
gene_MP016828	0.36601	0.78793	26	0	0.0000
gene_MP016851	0.36307	0.76951	363	162	44.6281
gene_MP016868	0.34307	0.94694	541	0	0.0000
gene_MP016876	0.34388	1.01066	2911	0	0.0000
gene_MP016905	0.38464	0.93315	119	0	0.0000
gene_MP016940	0.41546	0.95338	57	0	0.0000
gene_MP016952	0.32593	0.68316	30	0	0.0000
gene_MP016987	0.38675	0.64573	226	204	90.2655
gene_MP016991	0.33764	0.98850	174	25	14.3678
gene_MP016994	0.33530	0.97905	1910	0	0.0000
gene_MP017066	0.39236	0.37761	42	29	69.0476
gene_MP017118	0.35709	0.99617	1902	0	0.0000
gene_MP017135	0.37476	0.67830	99	47	47.4747
gene_MP017206	0.35617	0.77945	76	14	18.4211
gene_MP017261	0.36763	0.68849	30	26	86.6667
gene_MP017393	0.43619	1.20653	30	0	0.0000
gene_MP017523	0.38928	0.69833	41	0	0.0000
gene_MP017530	0.34202	0.90417	999	0	0.0000
gene_MP017566	0.32105	0.94937	1061	0	0.0000
gene_MP017645	0.42485	0.65160	35	0	0.0000
gene_MP018060	0.38346	0.92844	55	0	0.0000
gene_MP018091	0.39235	0.50757	28	0	0.0000
gene_MP018365	0.41259	0.60784	47	0	0.0000
gene_MP018428	0.37480	0.59510	156	120	76.9231
gene_MP018510	0.46992	0.67926	23	0	0.0000
gene_MP018527	0.34752	0.78345	39	0	0.0000
gene_MP018599	0.34800	0.90890	144	131	90.9722
gene_MP018643	0.36594	0.93811	51	31	60.7843
gene_MP018731	0.38646	0.92885	1190	1	0.0840
gene_MP018773	0.41967	0.84526	21	0	0.0000
gene_MP018849	0.41536	0.83489	30	0	0.0000
gene_MP018877	0.34800	0.90890	37	36	97.2973
gene_MP018941	0.35279	0.81532	86	0	0.0000
gene_MP018989	0.46124	1.46084	30	0	0.0000
gene_MP019118	0.34925	0.93249	1805	0	0.0000
gene_MP019167	0.46056	1.10421	45	0	0.0000
gene_MP000012	0.33141	0.95589	2664	0	0.0000
gene_MP000064	0.33764	1.00828	2928	0	0.0000
gene_MP000077	0.36073	0.87013	2079	75	3.6075
gene_MP000151	0.37898	0.69672	264	0	0.0000
gene_MP000155	0.35938	1.13600	169	97	57.3964
gene_MP000197	0.34362	0.61714	95	34	35.7895
gene_MP000198	0.34798	0.43106	37	17	45.9459
gene_MP000214	0.32904	0.85144	170	88	51.7647
gene_MP000306	0.38319	0.49400	39	30	76.9231
gene_MP000324	0.39548	1.27868	53	47	88.6792
gene_MP000325	0.38204	0.69275	61	42	68.8525
gene_MP000347	0.36774	0.75988	198	134	67.6768
gene_MP000462	0.37715	0.81420	58	0	0.0000
gene_MP000634	0.32407	0.57933	164	61	37.1951
gene_MP000671	0.34814	0.71468	85	0	0.0000
gene_MP000707	0.31172	0.60696	45	15	33.3333
gene_MP000735	0.36359	0.98012	267	139	52.0599
gene_MP000750	0.53333	0.64595	22	0	0.0000
gene_MP000751	0.36983	0.66612	30	9	30.0000
gene_MP000841	0.32954	0.97432	800	0	0.0000
gene_MP000887	0.36026	0.96380	3496	137	3.9188
gene_MP000909	0.35641	0.69217	200	5	2.5000
gene_MP000917	0.34965	0.63735	190	164	86.3158
gene_MP000918	0.33573	1.02075	3456	0	0.0000
gene_MP001166	0.34262	0.65132	244	227	93.0328
gene_MP001167	0.33470	0.52448	104	66	63.4615
gene_MP001169	0.34670	0.90627	2164	0	0.0000
gene_MP001172	0.36386	0.52048	151	46	30.4636
gene_MP001294	0.33590	1.00467	3044	37	1.2155
gene_MP001304	0.35713	0.44851	136	115	84.5588
gene_MP001393	0.53027	0.61376	50	46	92.0000
gene_MP001394	0.50592	0.46961	31	27	87.0968
gene_MP001512	0.37354	0.71798	148	107	72.2973
gene_MP001526	0.37062	0.61405	59	0	0.0000
gene_MP001527	0.37815	0.60890	51	0	0.0000
gene_MP001540	0.40973	0.81421	109	84	77.0642
gene_MP001543	0.34551	0.75159	155	0	0.0000
gene_MP001564	0.34754	0.79348	686	0	0.0000
gene_MP001626	0.33386	0.88337	78	43	55.1282
gene_MP001650	0.33648	0.56473	156	115	73.7179
gene_MP001656	0.34154	0.68991	62	28	45.1613
gene_MP001703	0.36472	0.58893	87	0	0.0000
gene_MP001717	0.32611	0.80946	90	0	0.0000
gene_MP001732	0.34247	0.93086	1856	0	0.0000
gene_MP001749	0.35558	0.93557	418	0	0.0000
gene_MP001835	0.40038	0.53080	44	15	34.0909
gene_MP001879	0.32436	0.99295	1378	35	2.5399
gene_MP001887	0.33473	0.97793	385	0	0.0000
gene_MP001894	0.45131	0.65865	32	0	0.0000
gene_MP001895	0.44504	0.67511	31	0	0.0000
gene_MP001896	0.44504	0.67511	31	0	0.0000
gene_MP001922	0.39073	0.77523	391	346	88.4910
gene_MP001965	0.42314	0.82097	147	143	97.2789
gene_MP001976	0.35358	0.92121	537	87	16.2011
gene_MP002124	0.36183	0.75752	96	83	86.4583
gene_MP002168	0.48361	0.67772	58	0	0.0000
gene_MP002178	0.32662	1.02238	190	0	0.0000
gene_MP002189	0.36636	0.85300	954	1	0.1048
gene_MP002236	0.38258	0.64028	124	112	90.3226
gene_MP002241	0.36244	0.96491	136	17	12.5000
gene_MP002352	0.35088	0.69999	205	89	43.4146
gene_MP002364	0.38035	0.69647	40	33	82.5000
gene_MP002368	0.46064	0.90459	131	130	99.2366
gene_MP002401	0.40819	0.78339	173	156	90.1734
gene_MP002408	0.35384	0.99967	773	0	0.0000
gene_MP002411	0.36898	0.74831	25	7	28.0000
gene_MP002414	0.37865	0.72131	139	122	87.7698
gene_MP002461	0.32598	0.94886	2671	0	0.0000
gene_MP002653	0.33532	0.94198	946	0	0.0000
gene_MP002655	0.37689	0.78389	92	62	67.3913
gene_MP002660	0.33763	0.82599	311	63	20.2572
gene_MP002672	0.37469	0.62020	148	99	66.8919
gene_MP002676	0.32703	0.60527	62	53	85.4839
gene_MP002776	0.42010	0.74743	258	196	75.9690
gene_MP002777	0.35447	0.63636	73	43	58.9041
gene_MP002813	0.34766	0.83307	38	23	60.5263
gene_MP002837	0.50513	0.91000	21	0	0.0000
gene_MP002842	0.33964	0.58198	21	15	71.4286
gene_MP002860	0.34645	0.95698	1324	0	0.0000
gene_MP002865	0.32006	1.00359	2141	0	0.0000
gene_MP002881	0.36502	0.82460	1754	0	0.0000
gene_MP002890	0.37894	0.81192	910	0	0.0000
gene_MP002906	0.35348	0.59856	81	44	54.3210
gene_MP002930	0.36141	0.60427	45	33	73.3333
gene_MP003001	0.35236	0.64253	103	81	78.6408
gene_MP003050	0.32591	0.55587	37	14	37.8378
gene_MP003082	0.38939	0.80231	153	0	0.0000
gene_MP003087	0.37097	0.69621	591	358	60.5753
gene_MP003113	0.33854	0.64919	132	94	71.2121
gene_MP003190	0.35091	0.92979	465	0	0.0000
gene_MP003362	0.38673	0.67640	85	51	60.0000
gene_MP003370	0.35446	0.94143	637	0	0.0000
gene_MP003399	0.35902	0.64732	53	39	73.5849
gene_MP003402	0.40518	0.80316	96	73	76.0417
gene_MP003408	0.35752	0.94245	450	4	0.8889
gene_MP003496	0.37033	0.70518	22	13	59.0909
gene_MP003571	0.36713	0.86849	73	47	64.3836
gene_MP003572	0.34167	0.79870	20	7	35.0000
gene_MP003641	0.37187	0.58088	55	39	70.9091
gene_MP003644	0.36879	1.05398	106	77	72.6415
gene_MP003657	0.45895	0.65597	49	27	55.1020
gene_MP003685	0.37655	0.60569	52	36	69.2308
gene_MP003689	0.33406	1.01815	449	0	0.0000
gene_MP003789	0.38664	0.83826	312	266	85.2564
gene_MP003799	0.39698	0.43303	26	26	100.0000
gene_MP003803	0.37452	1.39471	38	35	92.1053
gene_MP003808	0.31783	0.73708	31	0	0.0000
gene_MP003881	0.38143	0.81757	53	6	11.3208
gene_MP004006	0.41645	0.46607	78	73	93.5897
gene_MP004068	0.37612	1.14970	122	94	77.0492
gene_MP004093	0.34512	0.81676	286	132	46.1538
gene_MP004453	0.36429	0.89897	313	0	0.0000
gene_MP004476	0.33558	0.66785	114	67	58.7719
gene_MP004477	0.39374	0.75074	44	27	61.3636
gene_MP004516	0.36630	0.85124	39	28	71.7949
gene_MP004719	0.36532	0.73072	118	0	0.0000
gene_MP004781	0.41222	0.58257	113	70	61.9469
gene_MP004877	0.35421	0.87731	330	0	0.0000
gene_MP005167	0.41685	0.46478	36	28	77.7778
gene_MP005168	0.34055	0.90517	1173	30	2.5575
gene_MP005174	0.44642	0.74210	89	0	0.0000
gene_MP005368	0.34132	0.96960	1839	42	2.2838
gene_MP005543	0.39869	0.89666	385	243	63.1169
gene_MP005616	0.39813	0.91983	67	36	53.7313
gene_MP005670	0.39874	0.89810	22	13	59.0909
gene_MP005704	0.32516	0.95120	985	0	0.0000
gene_MP005795	0.35100	0.64132	64	50	78.1250
gene_MP005892	0.38286	0.74826	411	0	0.0000
gene_MP005913	0.43611	0.66969	39	0	0.0000
gene_MP005917	0.43650	0.66858	33	0	0.0000
gene_MP005918	0.43298	0.65486	39	0	0.0000
gene_MP006124	0.37638	0.90771	260	229	88.0769
gene_MP006155	0.34847	0.75389	98	70	71.4286
gene_MP006156	0.39006	1.06081	407	267	65.6020
gene_MP006317	0.41247	1.15244	73	0	0.0000
gene_MP006358	0.34876	0.74318	115	65	56.5217
gene_MP006439	0.38143	0.81757	22	13	59.0909
gene_MP006479	0.36806	0.92883	101	45	44.5545
gene_MP006629	0.35545	0.83308	101	0	0.0000
gene_MP006702	0.39317	0.79517	24	0	0.0000
gene_MP006739	0.35769	0.58974	437	334	76.4302
gene_MP006788	0.37503	0.83518	156	132	84.6154
gene_MP006789	0.36659	0.62524	376	281	74.7340
gene_MP006812	0.32968	0.97021	5331	2	0.0375
gene_MP006851	0.48428	1.20376	31	0	0.0000
gene_MP006855	0.34949	0.98534	2002	128	6.3936
gene_MP006865	0.36086	0.66161	50	28	56.0000
gene_MP006883	0.37791	0.71657	238	164	68.9076
gene_MP006884	0.45561	0.58763	70	50	71.4286
gene_MP006906	0.38027	0.63307	182	128	70.3297
gene_MP006929	0.32469	0.58580	191	136	71.2042
gene_MP006947	0.39172	0.80818	24	17	70.8333
gene_MP007552	0.32365	0.41840	36	0	0.0000
gene_MP007998	0.36601	0.61176	26	23	88.4615
gene_MP008042	0.40501	0.77218	144	0	0.0000
gene_MP008532	0.43617	0.68138	27	0	0.0000
gene_MP008533	0.43306	0.66685	26	0	0.0000
gene_MP008648	0.34492	0.59073	143	74	51.7483
gene_MP008661	0.32480	0.82839	1555	137	8.8103
gene_MP008668	0.37615	0.64284	215	135	62.7907
gene_MP008671	0.40600	0.75467	289	224	77.5087
gene_MP008755	0.36707	0.58360	32	30	93.7500
gene_MP008771	0.37116	0.68653	233	91	39.0558
gene_MP008892	0.31475	1.10379	220	0	0.0000
gene_MP009089	0.43478	0.40143	61	37	60.6557
gene_MP009094	0.35991	0.74050	395	277	70.1266
gene_MP009097	0.35610	0.80800	114	74	64.9123
gene_MP009105	0.37648	0.62608	26	8	30.7692
gene_MP009120	0.37451	0.63997	221	105	47.5113
gene_MP009128	0.38976	0.47675	707	647	91.5134
gene_MP009295	0.37030	0.67183	129	95	73.6434
gene_MP009314	0.39301	0.80169	277	186	67.1480
gene_MP009378	0.44160	0.66703	68	0	0.0000
gene_MP009987	0.41999	0.88161	95	0	0.0000
gene_MP009991	0.41959	0.88442	95	0	0.0000
gene_MP010663	0.46888	0.47327	61	59	96.7213
gene_MP010846	0.33660	0.29019	100	93	93.0000
gene_MP010852	0.36799	0.59081	33	25	75.7576
gene_MP010980	0.33992	0.93282	127	0	0.0000
gene_MP011004	0.38128	0.66993	71	60	84.5070
gene_MP011168	0.34427	0.59967	85	0	0.0000
gene_MP011203	0.34004	0.91177	304	0	0.0000
gene_MP011213	0.31103	0.56092	56	31	55.3571
gene_MP011218	0.35077	0.71015	93	31	33.3333
gene_MP011223	0.45800	0.91576	50	0	0.0000
gene_MP011246	0.35315	0.76341	95	33	34.7368
gene_MP011287	0.36954	0.66221	22	14	63.6364
gene_MP011290	0.32568	0.93562	318	0	0.0000
gene_MP011291	0.36083	0.93132	49	35	71.4286
gene_MP011431	0.37582	0.99032	255	154	60.3922
gene_MP011532	0.35394	0.88481	164	0	0.0000
gene_MP011591	0.33105	0.89051	346	0	0.0000
gene_MP011872	0.34597	0.75966	615	7	1.1382
gene_MP012089	0.36884	0.73407	31	23	74.1935
gene_MP012091	0.34659	0.89525	79	57	72.1519
gene_MP012186	0.34778	0.58320	31	18	58.0645
gene_MP012345	0.33601	0.94137	1595	0	0.0000
gene_MP012433	0.34921	0.57971	20	10	50.0000
gene_MP012460	0.35366	0.59233	53	16	30.1887
gene_MP012484	0.49198	0.62460	42	0	0.0000
gene_MP012514	0.37140	0.82896	363	160	44.0771
gene_MP012515	0.40505	0.78949	26	0	0.0000
gene_MP012532	0.48558	0.39508	20	0	0.0000
gene_MP012581	0.36735	0.97351	370	0	0.0000
gene_MP012612	0.38171	0.59371	60	33	55.0000
gene_MP012658	0.35405	0.85158	172	130	75.5814
gene_MP012686	0.42309	0.64624	101	92	91.0891
gene_MP012753	0.36965	0.70426	104	17	16.3462
gene_MP012825	0.40042	0.86676	63	47	74.6032
gene_MP012849	0.32426	0.98562	2197	0	0.0000
gene_MP012850	0.40594	0.59876	167	90	53.8922
gene_MP012852	0.35622	0.53592	40	18	45.0000
gene_MP012884	0.33574	0.85029	874	72	8.2380
gene_MP012922	0.33630	0.86812	418	129	30.8612
gene_MP012934	0.32791	0.53186	72	40	55.5556
gene_MP012944	0.32972	0.98530	2293	0	0.0000
gene_MP012945	0.33885	0.89473	170	0	0.0000
gene_MP012965	0.32516	1.00742	502	0	0.0000
gene_MP013135	0.36939	0.83738	20	14	70.0000
gene_MP013137	0.37701	0.81637	140	0	0.0000
gene_MP013162	0.40672	0.91270	113	88	77.8761
gene_MP013186	0.33874	0.98850	94	0	0.0000
gene_MP013219	0.48133	0.94503	79	0	0.0000
gene_MP013386	0.37385	0.49420	48	35	72.9167
gene_MP013410	0.33920	0.92257	495	0	0.0000
gene_MP013419	0.35659	0.70490	366	16	4.3716
gene_MP013469	0.35389	1.05035	88	0	0.0000
gene_MP013475	0.38652	0.60256	42	0	0.0000
gene_MP013476	0.36543	0.69200	155	147	94.8387
gene_MP013487	0.36311	1.00044	468	273	58.3333
gene_MP013760	0.34137	0.63787	193	90	46.6321
gene_MP013770	0.38782	0.68404	512	443	86.5234
gene_MP013911	0.35092	0.61629	64	55	85.9375
gene_MP013928	0.40000	0.48165	27	25	92.5926
gene_MP013970	0.40290	0.73308	25	12	48.0000
gene_MP013988	0.32568	0.93562	149	1	0.6711
gene_MP013997	0.32568	0.93562	49	15	30.6122
gene_MP014018	0.31187	0.94371	482	0	0.0000
gene_MP014021	0.33688	0.87331	128	0	0.0000
gene_MP014059	0.39709	0.54357	222	179	80.6306
gene_MP014079	0.36353	0.83756	937	679	72.4653
gene_MP014096	0.49769	0.86369	22	0	0.0000
gene_MP014172	0.33136	1.05222	48	0	0.0000
gene_MP014237	0.34055	0.90517	89	73	82.0225
gene_MP014245	0.35933	0.89041	38	21	55.2632
gene_MP014321	0.42889	1.04486	52	0	0.0000
gene_MP014336	0.33812	0.98952	2584	0	0.0000
gene_MP014350	0.33670	0.85081	663	38	5.7315
gene_MP014399	0.32306	0.87930	271	0	0.0000
gene_MP014457	0.34585	0.94173	418	0	0.0000
gene_MP014458	0.32691	0.75000	106	81	76.4151
gene_MP014629	0.32914	0.99133	696	0	0.0000
gene_MP014733	0.35477	0.43283	24	21	87.5000
gene_MP014822	0.38737	0.72482	50	0	0.0000
gene_MP014922	0.32408	0.91842	409	9	2.2005
gene_MP015267	0.37218	0.57210	199	192	96.4824
gene_MP015277	0.32823	1.00639	545	0	0.0000
gene_MP015320	0.33136	1.05222	2076	0	0.0000
gene_MP015321	0.37418	0.59593	67	18	26.8657
gene_MP015395	0.34914	0.70811	51	19	37.2549
gene_MP015439	0.34914	0.70811	55	16	29.0909
gene_MP015453	0.33372	0.92763	2418	0	0.0000
gene_MP015552	0.42208	0.97293	38	0	0.0000
gene_MP015719	0.34337	0.90260	347	0	0.0000
gene_MP015796	0.34339	0.69606	69	32	46.3768
gene_MP015797	0.37139	0.90338	672	0	0.0000
gene_MP015805	0.37859	0.68746	222	195	87.8378
gene_MP015809	0.38676	0.82788	320	83	25.9375
gene_MP015813	0.31936	1.01591	1031	0	0.0000
gene_MP015816	0.42715	0.51481	33	22	66.6667
gene_MP015834	0.38027	0.94920	54	0	0.0000
gene_MP015835	0.34314	1.02600	2897	241	8.3190
gene_MP015839	0.35974	0.78638	1138	79	6.9420
gene_MP015891	0.34514	0.53467	87	49	56.3218
gene_MP015897	0.34786	0.99936	2568	0	0.0000
gene_MP015903	0.34511	0.97576	1560	1	0.0641
gene_MP015922	0.41682	0.62348	44	0	0.0000
gene_MP015923	0.39532	0.71186	51	1	1.9608
gene_MP015945	0.34260	0.97834	272	0	0.0000
gene_MP015964	0.39656	0.80624	583	2	0.3431
gene_MP015992	0.40279	1.28866	260	249	95.7692
gene_MP015995	0.38069	0.74597	117	83	70.9402
gene_MP016010	0.41083	0.90749	129	117	90.6977
gene_MP016095	0.35274	0.88648	1339	163	12.1733
gene_MP016156	0.46032	0.78444	70	0	0.0000
gene_MP016826	0.40208	1.23791	24	0	0.0000
gene_MP017574	0.42566	0.74642	34	0	0.0000
gene_MP017582	0.34822	0.75140	585	264	45.1282
gene_MP017597	0.39531	0.71881	118	61	51.6949
gene_MP017612	0.38830	0.83187	85	0	0.0000
gene_MP017630	0.33066	0.67863	30	9	30.0000
gene_MP017655	0.34567	0.92278	101	0	0.0000
gene_MP017699	0.35103	0.89327	168	116	69.0476
gene_MP017806	0.34062	0.68041	53	23	43.3962
gene_MP017811	0.34890	0.99805	1129	0	0.0000
gene_MP017831	0.36524	0.45715	57	41	71.9298
gene_MP017976	0.31538	0.92464	93	0	0.0000
gene_MP018012	0.35346	0.71321	38	27	71.0526
gene_MP018097	0.36406	0.67032	96	0	0.0000
gene_MP018229	0.33300	0.97659	1459	0	0.0000
gene_MP018254	0.34458	0.98266	4228	116	2.7436
gene_MP018615	0.37653	0.92661	34	0	0.0000
gene_MP018850	0.41536	0.83489	41	0	0.0000
gene_MP000063	0.45330	0.49547	88	87	98.8636
gene_MP000203	0.38792	0.98909	132	91	68.9394
gene_MP000276	0.35322	1.02745	580	0	0.0000
gene_MP000310	0.39782	0.72674	191	151	79.0576
gene_MP000345	0.36143	0.57802	29	17	58.6207
gene_MP000419	0.40701	0.45460	233	194	83.2618
gene_MP000492	0.35876	0.92606	877	142	16.1916
gene_MP000650	0.36267	0.68548	594	193	32.4916
gene_MP000820	0.39764	0.83171	24	24	100.0000
gene_MP000833	0.39764	0.83171	113	79	69.9115
gene_MP000838	0.35404	0.99234	1619	0	0.0000
gene_MP000924	0.37947	0.93957	204	92	45.0980
gene_MP001150	0.33212	0.97245	2691	0	0.0000
gene_MP001258	0.42529	0.78002	104	99	95.1923
gene_MP001658	0.40084	0.53397	30	22	73.3333
gene_MP001677	0.34680	0.91644	204	7	3.4314
gene_MP001730	0.33642	0.98397	2347	0	0.0000
gene_MP001739	0.38824	0.83656	140	0	0.0000
gene_MP001795	0.37395	0.61558	54	43	79.6296
gene_MP001797	0.37616	0.77009	129	117	90.6977
gene_MP001823	0.36442	0.69865	724	0	0.0000
gene_MP001905	0.34606	0.79725	30	15	50.0000
gene_MP001927	0.38225	0.56062	49	2	4.0816
gene_MP001993	0.38678	0.46015	42	14	33.3333
gene_MP002061	0.34034	0.84568	105	53	50.4762
gene_MP002092	0.33785	0.73861	116	0	0.0000
gene_MP002209	0.33350	1.04218	4723	87	1.8420
gene_MP002301	0.37701	0.58915	22	19	86.3636
gene_MP002313	0.38574	1.01741	96	91	94.7917
gene_MP002317	0.37782	0.83475	57	39	68.4211
gene_MP002334	0.34004	0.94540	1726	0	0.0000
gene_MP002336	0.41284	0.78544	507	459	90.5325
gene_MP002337	0.32253	0.52969	56	43	76.7857
gene_MP002339	0.39788	0.56890	59	44	74.5763
gene_MP002342	0.37995	0.89968	133	72	54.1353
gene_MP002365	0.37758	0.59579	317	113	35.6467
gene_MP002472	0.40272	0.80424	23	21	91.3043
gene_MP002630	0.38684	0.76535	438	215	49.0868
gene_MP002637	0.34958	0.73437	31	19	61.2903
gene_MP002639	0.36590	0.36073	24	17	70.8333
gene_MP002647	0.37050	0.62979	63	0	0.0000
gene_MP002772	0.36024	0.59044	22	14	63.6364
gene_MP002807	0.34658	0.99934	2200	0	0.0000
gene_MP002828	0.35330	0.82659	144	0	0.0000
gene_MP002976	0.44685	0.73262	20	0	0.0000
gene_MP002979	0.35324	0.99216	594	0	0.0000
gene_MP002984	0.36510	0.48742	41	28	68.2927
gene_MP002988	0.36812	0.83755	719	129	17.9416
gene_MP003012	0.37411	0.79006	120	97	80.8333
gene_MP003015	0.33844	0.98458	873	52	5.9565
gene_MP003072	0.37667	1.07578	33	19	57.5758
gene_MP003081	0.36878	0.59537	94	69	73.4043
gene_MP003167	0.43321	0.80427	254	184	72.4409
gene_MP003244	0.35477	0.46611	90	61	67.7778
gene_MP003262	0.42232	0.66365	27	9	33.3333
gene_MP003301	0.36826	0.71720	100	66	66.0000
gene_MP003320	0.36367	0.85689	140	112	80.0000
gene_MP003365	0.33418	0.77551	77	49	63.6364
gene_MP003488	0.41389	0.70016	229	187	81.6594
gene_MP003574	0.42664	0.42744	46	32	69.5652
gene_MP003653	0.40084	0.65653	25	8	32.0000
gene_MP003701	0.34909	0.62719	25	21	84.0000
gene_MP003772	0.45161	1.13806	58	53	91.3793
gene_MP003793	0.33574	1.01828	1699	0	0.0000
gene_MP003849	0.33290	0.58593	58	40	68.9655
gene_MP004058	0.41138	0.43053	31	18	58.0645
gene_MP004237	0.40545	0.65485	90	66	73.3333
gene_MP004247	0.36435	0.80788	317	0	0.0000
gene_MP004257	0.33858	0.91123	37	0	0.0000
gene_MP004439	0.34111	1.00077	622	0	0.0000
gene_MP004454	0.38584	0.79223	145	134	92.4138
gene_MP004718	0.38898	0.62038	43	23	53.4884
gene_MP004726	0.35076	0.90290	999	0	0.0000
gene_MP004953	0.33583	0.87155	531	0	0.0000
gene_MP005014	0.33744	0.72579	61	53	86.8852
gene_MP005311	0.34353	0.79097	64	28	43.7500
gene_MP005350	0.39308	0.71659	48	28	58.3333
gene_MP005485	0.36404	0.63952	203	71	34.9754
gene_MP005530	0.35488	0.85968	1132	0	0.0000
gene_MP005535	0.40612	0.62165	221	216	97.7376
gene_MP005541	0.36857	0.63807	31	21	67.7419
gene_MP005574	0.39181	0.65997	74	57	77.0270
gene_MP005606	0.32753	0.46499	22	13	59.0909
gene_MP005619	0.35731	0.69850	95	43	45.2632
gene_MP005669	0.38624	0.68309	128	73	57.0312
gene_MP005749	0.39261	0.70961	217	72	33.1797
gene_MP005911	0.44086	0.57507	195	0	0.0000
gene_MP006031	0.35576	0.73212	276	103	37.3188
gene_MP006051	0.35633	0.98695	2644	6	0.2269
gene_MP006130	0.33193	0.93410	472	0	0.0000
gene_MP006131	0.35527	0.66355	98	52	53.0612
gene_MP006211	0.41884	0.55122	35	15	42.8571
gene_MP006330	0.33536	1.06808	299	0	0.0000
gene_MP006332	0.33968	0.88334	2099	0	0.0000
gene_MP006337	0.39062	0.77106	112	0	0.0000
gene_MP006388	0.35736	0.87091	243	0	0.0000
gene_MP006543	0.37083	0.77389	111	0	0.0000
gene_MP006583	0.32946	0.77153	232	211	90.9483
gene_MP006634	0.30768	0.80478	95	39	41.0526
gene_MP006640	0.33735	0.52444	20	13	65.0000
gene_MP006651	0.35009	0.66046	67	33	49.2537
gene_MP006658	0.41586	0.57894	190	154	81.0526
gene_MP006666	0.42159	0.64651	157	107	68.1529
gene_MP006679	0.40451	0.73398	49	0	0.0000
gene_MP006685	0.34912	0.78369	71	0	0.0000
gene_MP006691	0.35752	0.57850	131	124	94.6565
gene_MP006693	0.34113	0.74623	570	468	82.1053
gene_MP006710	0.37728	0.66242	212	190	89.6226
gene_MP006740	0.33044	0.87417	22	6	27.2727
gene_MP006842	0.35617	0.67030	44	26	59.0909
gene_MP006848	0.38536	0.80251	92	36	39.1304
gene_MP006863	0.33044	0.87417	136	82	60.2941
gene_MP008452	0.34842	0.86682	1069	0	0.0000
gene_MP008496	0.32480	0.54493	61	34	55.7377
gene_MP008555	0.38196	0.53124	32	24	75.0000
gene_MP008557	0.35913	0.81635	95	0	0.0000
gene_MP008563	0.34357	0.87670	1217	137	11.2572
gene_MP008571	0.34644	0.65042	29	21	72.4138
gene_MP008575	0.31779	1.09066	613	0	0.0000
gene_MP008579	0.35311	0.57318	244	101	41.3934
gene_MP008589	0.38658	0.69327	399	0	0.0000
gene_MP008590	0.35415	0.92910	130	0	0.0000
gene_MP008618	0.39357	0.83852	335	0	0.0000
gene_MP008630	0.39856	0.82321	1060	408	38.4906
gene_MP008631	0.46829	0.37528	118	71	60.1695
gene_MP008839	0.36434	0.48604	29	21	72.4138
gene_MP008850	0.41855	0.75437	216	191	88.4259
gene_MP008856	0.33533	0.95648	1765	70	3.9660
gene_MP008876	0.38610	0.63091	888	693	78.0405
gene_MP008885	0.34930	0.68686	176	74	42.0455
gene_MP009043	0.34595	0.89562	814	38	4.6683
gene_MP009050	0.38569	0.79481	47	45	95.7447
gene_MP009098	0.33821	0.98926	37	0	0.0000
gene_MP009169	0.33044	0.87417	2332	213	9.1338
gene_MP009192	0.34846	1.00427	499	0	0.0000
gene_MP010380	0.34842	0.86682	199	99	49.7487
gene_MP010536	0.42379	0.73850	60	0	0.0000
gene_MP010696	0.34871	0.99890	2196	0	0.0000
gene_MP010737	0.35633	0.88188	714	218	30.5322
gene_MP010835	0.37035	0.74573	121	0	0.0000
gene_MP010875	0.40175	0.77768	62	21	33.8710
gene_MP010946	0.34259	0.84673	2306	614	26.6262
gene_MP010952	0.54455	0.98377	22	0	0.0000
gene_MP010991	0.35849	0.94415	2309	0	0.0000
gene_MP011145	0.41566	0.75713	38	0	0.0000
gene_MP011162	0.35066	0.83775	311	0	0.0000
gene_MP011195	0.32963	0.93881	299	0	0.0000
gene_MP011222	0.33531	0.75919	265	42	15.8491
gene_MP011251	0.35018	0.74623	121	0	0.0000
gene_MP011339	0.38799	0.64830	278	164	58.9928
gene_MP011393	0.37755	0.65250	146	0	0.0000
gene_MP011429	0.32601	0.94877	426	0	0.0000
gene_MP011534	0.33333	0.70097	77	0	0.0000
gene_MP011558	0.35730	0.88021	533	0	0.0000
gene_MP011563	0.39122	0.60180	23	12	52.1739
gene_MP011586	0.35768	0.79979	44	34	77.2727
gene_MP011592	0.33344	0.83993	329	0	0.0000
gene_MP011595	0.33728	0.95163	64	0	0.0000
gene_MP011599	0.34993	0.96359	136	59	43.3824
gene_MP011618	0.37956	0.78190	186	131	70.4301
gene_MP011625	0.35297	0.69506	46	15	32.6087
gene_MP011665	0.34382	0.92083	23	0	0.0000
gene_MP011805	0.36885	0.66146	113	102	90.2655
gene_MP011836	0.33310	0.57572	73	57	78.0822
gene_MP011837	0.39401	0.62857	220	189	85.9091
gene_MP011974	0.36582	0.65969	144	0	0.0000
gene_MP012060	0.41921	0.56469	39	32	82.0513
gene_MP012099	0.35657	0.77811	67	36	53.7313
gene_MP012227	0.33674	0.92988	540	0	0.0000
gene_MP012239	0.41240	0.75421	37	0	0.0000
gene_MP012271	0.46265	0.48486	46	33	71.7391
gene_MP012316	0.38420	0.58261	74	68	91.8919
gene_MP012407	0.32985	0.52417	34	27	79.4118
gene_MP012469	0.45311	0.52383	40	13	32.5000
gene_MP012479	0.39789	0.86091	29	0	0.0000
gene_MP012576	0.35482	0.46398	21	0	0.0000
gene_MP012732	0.40389	0.93454	31	0	0.0000
gene_MP012809	0.36780	0.79117	27	14	51.8519
gene_MP012827	0.35132	0.95972	5402	133	2.4621
gene_MP012898	0.41026	0.48113	30	0	0.0000
gene_MP012928	0.35841	0.97462	128	95	74.2188
gene_MP013011	0.33761	0.72243	39	0	0.0000
gene_MP013043	0.35975	0.91505	1866	0	0.0000
gene_MP013161	0.38922	0.48779	52	47	90.3846
gene_MP013164	0.32732	0.63505	53	35	66.0377
gene_MP013178	0.36806	0.67759	88	58	65.9091
gene_MP013227	0.34426	0.54947	41	21	51.2195
gene_MP013313	0.35887	0.69989	184	131	71.1957
gene_MP013325	0.37362	0.89299	67	0	0.0000
gene_MP013333	0.35118	0.59499	121	47	38.8430
gene_MP013732	0.35019	0.64795	78	51	65.3846
gene_MP013736	0.34157	0.53169	93	43	46.2366
gene_MP013740	0.32998	0.61367	135	29	21.4815
gene_MP013857	0.34259	0.83873	136	97	71.3235
gene_MP013944	0.41327	0.68163	50	0	0.0000
gene_MP013947	0.32213	0.91848	913	0	0.0000
gene_MP013952	0.33491	0.78450	115	93	80.8696
gene_MP014006	0.38354	0.75154	271	187	69.0037
gene_MP014064	0.36354	0.72788	135	0	0.0000
gene_MP014199	0.35082	0.89499	397	194	48.8665
gene_MP014208	0.32707	0.90862	607	0	0.0000
gene_MP014651	0.35071	0.93644	1900	0	0.0000
gene_MP014657	0.35393	0.96909	198	0	0.0000
gene_MP014689	0.36078	0.74172	452	300	66.3717
gene_MP014853	0.35262	0.87590	84	0	0.0000
gene_MP015039	0.36384	0.93886	1167	0	0.0000
gene_MP015078	0.35671	0.96619	4806	0	0.0000
gene_MP015105	0.46949	0.49091	90	58	64.4444
gene_MP015154	0.35609	0.61354	67	31	46.2687
gene_MP015304	0.38505	0.72693	213	189	88.7324
gene_MP015371	0.37761	1.13562	62	0	0.0000
gene_MP015385	0.40291	0.69080	120	108	90.0000
gene_MP015509	0.37439	0.60285	43	34	79.0698
gene_MP015514	0.34444	0.41898	87	54	62.0690
gene_MP015538	0.36097	0.64384	57	0	0.0000
gene_MP015592	0.42266	0.73181	59	12	20.3390
gene_MP015600	0.37175	0.64572	80	66	82.5000
gene_MP015644	0.36586	0.95510	3906	201	5.1459
gene_MP015656	0.34595	0.76012	220	134	60.9091
gene_MP015660	0.35018	0.74623	55	0	0.0000
gene_MP015667	0.35392	0.50404	34	23	67.6471
gene_MP015671	0.32161	0.49458	20	3	15.0000
gene_MP015694	0.36491	0.66261	611	94	15.3846
gene_MP015695	0.42266	0.73181	60	46	76.6667
gene_MP015700	0.34517	0.41912	62	59	95.1613
gene_MP015704	0.34848	0.65778	65	0	0.0000
gene_MP015728	0.45004	0.59822	40	28	70.0000
gene_MP015741	0.40528	0.66290	78	51	65.3846
gene_MP015743	0.38056	1.02100	300	0	0.0000
gene_MP015795	0.32471	0.91028	1145	0	0.0000
gene_MP015820	0.40559	0.76445	64	52	81.2500
gene_MP015918	0.37293	0.89782	755	0	0.0000
gene_MP016258	0.36892	0.94248	27	0	0.0000
gene_MP016593	0.43796	0.57084	74	0	0.0000
gene_MP016943	0.41477	0.93923	52	0	0.0000
gene_MP017251	0.37531	0.73393	51	30	58.8235
gene_MP017488	0.35215	0.77777	34	31	91.1765
gene_MP017491	0.35262	0.68695	114	54	47.3684
gene_MP017499	0.35426	0.74952	128	0	0.0000
gene_MP017505	0.39982	0.60555	53	33	62.2642
gene_MP017506	0.49746	0.46740	125	114	91.2000
gene_MP017517	0.34233	0.77951	148	0	0.0000
gene_MP017561	0.36220	1.51775	56	53	94.6429
gene_MP017644	0.36520	0.71770	1266	215	16.9826
gene_MP017670	0.32377	0.91597	217	0	0.0000
gene_MP017704	0.36350	0.97580	46	0	0.0000
gene_MP017772	0.31847	0.77117	26	18	69.2308
gene_MP017778	0.37390	0.75579	26	18	69.2308
gene_MP017794	0.35839	0.73690	114	84	73.6842
gene_MP017810	0.35978	0.92451	3328	377	11.3281
gene_MP017818	0.37708	0.65245	98	78	79.5918
gene_MP017890	0.37911	0.75632	71	58	81.6901
gene_MP017914	0.35944	0.58140	76	64	84.2105
gene_MP017942	0.35213	0.95968	569	0	0.0000
gene_MP017944	0.34739	0.44979	46	24	52.1739
gene_MP017987	0.33465	0.96013	409	0	0.0000
gene_MP018011	0.31827	0.77433	622	22	3.5370
gene_MP018084	0.39302	0.56036	31	0	0.0000
gene_MP018785	0.43763	0.58652	33	0	0.0000
gene_MP018947	0.36802	0.81365	1374	205	14.9199
gene_MP000168	0.37057	0.89659	99	0	0.0000
gene_MP000215	0.36808	0.77174	334	230	68.8623
gene_MP000217	0.33666	0.62690	114	86	75.4386
gene_MP000219	0.33661	0.94069	811	26	3.2059
gene_MP000301	0.36524	0.72891	56	41	73.2143
gene_MP000335	0.34896	0.82973	358	46	12.8492
gene_MP000369	0.40413	1.25892	72	71	98.6111
gene_MP000391	0.40125	0.74382	263	154	58.5551
gene_MP000413	0.35603	0.84382	33	31	93.9394
gene_MP000649	0.34334	0.64675	38	29	76.3158
gene_MP000655	0.39696	0.78980	337	284	84.2730
gene_MP000726	0.35690	0.97588	1641	8	0.4875
gene_MP000982	0.32832	0.95000	90	0	0.0000
gene_MP000990	0.34767	0.78240	477	122	25.5765
gene_MP000998	0.37143	0.77244	160	129	80.6250
gene_MP001042	0.35976	0.97462	697	38	5.4519
gene_MP001301	0.36278	0.60525	59	20	33.8983
gene_MP001330	0.35899	1.05171	2360	0	0.0000
gene_MP001372	0.37025	0.74703	351	318	90.5983
gene_MP001375	0.34915	0.87002	1365	203	14.8718
gene_MP001384	0.39127	0.77982	129	92	71.3178
gene_MP001396	0.36753	0.67618	69	0	0.0000
gene_MP001411	0.36753	0.67618	416	348	83.6538
gene_MP001472	0.37973	0.69413	110	82	74.5455
gene_MP001534	0.35032	0.87144	196	0	0.0000
gene_MP001668	0.37882	0.67944	90	84	93.3333
gene_MP001707	0.34162	0.59474	95	0	0.0000
gene_MP001712	0.38851	0.72578	283	133	46.9965
gene_MP002054	0.38961	0.84123	172	143	83.1395
gene_MP002134	0.48563	0.62517	54	35	64.8148
gene_MP002139	0.36045	0.90795	3011	174	5.7788
gene_MP002144	0.37309	0.76165	26	8	30.7692
gene_MP002147	0.34811	0.82282	402	0	0.0000
gene_MP002152	0.35584	0.82902	74	52	70.2703
gene_MP002158	0.36208	0.72465	153	99	64.7059
gene_MP002171	0.36881	0.82675	142	86	60.5634
gene_MP002407	0.41985	0.85921	213	0	0.0000
gene_MP002462	0.33324	1.03765	956	0	0.0000
gene_MP002467	0.38489	0.92272	76	57	75.0000
gene_MP002474	0.38809	0.78282	455	0	0.0000
gene_MP002506	0.38014	0.87043	173	152	87.8613
gene_MP002528	0.35539	0.77863	97	61	62.8866
gene_MP002532	0.33985	0.91296	594	0	0.0000
gene_MP002692	0.37946	0.75984	207	92	44.4444
gene_MP002693	0.38240	0.79230	75	57	76.0000
gene_MP002697	0.38874	0.69799	219	204	93.1507
gene_MP002699	0.38945	0.72357	62	39	62.9032
gene_MP002853	0.37437	0.75086	68	54	79.4118
gene_MP002951	0.38069	1.18292	91	74	81.3187
gene_MP003046	0.37040	0.58958	44	0	0.0000
gene_MP003125	0.41390	0.91660	105	60	57.1429
gene_MP003196	0.38123	0.90564	68	44	64.7059
gene_MP003201	0.34967	0.74023	225	108	48.0000
gene_MP003203	0.33239	0.91571	1372	0	0.0000
gene_MP003218	0.38106	0.86811	219	23	10.5023
gene_MP003219	0.33898	0.75466	55	35	63.6364
gene_MP003232	0.34309	0.72516	62	24	38.7097
gene_MP003519	0.36340	0.65340	50	17	34.0000
gene_MP003535	0.37011	0.62699	135	65	48.1481
gene_MP003542	0.37635	0.88218	24	22	91.6667
gene_MP003560	0.45181	0.64667	98	79	80.6122
gene_MP003567	0.34703	1.01731	1219	0	0.0000
gene_MP003662	0.34909	0.58682	109	91	83.4862
gene_MP003665	0.45025	1.11252	90	61	67.7778
gene_MP003674	0.35697	0.95255	405	113	27.9012
gene_MP003724	0.43266	1.43948	40	34	85.0000
gene_MP003914	0.36093	0.79649	103	74	71.8447
gene_MP003918	0.41888	0.71423	150	124	82.6667
gene_MP003919	0.43028	0.62869	204	191	93.6275
gene_MP004004	0.36344	0.93786	72	64	88.8889
gene_MP004022	0.33679	0.99255	2174	0	0.0000
gene_MP004116	0.34889	0.68940	64	39	60.9375
gene_MP004207	0.36542	0.72476	277	155	55.9567
gene_MP004255	0.34247	0.80349	30	0	0.0000
gene_MP004306	0.35766	0.93582	887	0	0.0000
gene_MP004312	0.41623	0.70903	182	127	69.7802
gene_MP004313	0.38049	0.74674	395	237	60.0000
gene_MP004314	0.36292	0.76154	357	201	56.3025
gene_MP004320	0.34275	0.87945	110	76	69.0909
gene_MP004342	0.34494	0.91841	2080	125	6.0096
gene_MP004883	0.36088	0.84984	78	16	20.5128
gene_MP004922	0.34208	0.91809	3081	0	0.0000
gene_MP004996	0.37381	0.89651	224	171	76.3393
gene_MP005073	0.34723	0.96059	2427	0	0.0000
gene_MP005078	0.35220	1.01435	5357	51	0.9520
gene_MP005100	0.34897	1.05856	65	16	24.6154
gene_MP005431	0.36347	0.85121	574	0	0.0000
gene_MP005462	0.34421	0.81313	144	0	0.0000
gene_MP005464	0.39413	0.66268	92	73	79.3478
gene_MP005467	0.31095	0.73233	347	112	32.2767
gene_MP005469	0.34254	0.59236	182	107	58.7912
gene_MP005474	0.34713	0.97345	3151	106	3.3640
gene_MP005744	0.35220	0.78597	405	332	81.9753
gene_MP005869	0.37342	0.70409	69	41	59.4203
gene_MP006003	0.35147	0.88103	1554	63	4.0541
gene_MP006041	0.36952	0.77973	43	33	76.7442
gene_MP006239	0.47900	0.58580	88	67	76.1364
gene_MP007088	0.36883	0.58605	41	0	0.0000
gene_MP007478	0.31574	0.40883	23	0	0.0000
gene_MP007563	0.36686	0.70475	127	99	77.9528
gene_MP007565	0.34905	0.72430	177	62	35.0282
gene_MP007569	0.39449	0.66863	149	25	16.7785
gene_MP007600	0.34259	0.92984	963	0	0.0000
gene_MP007602	0.39476	0.72672	56	0	0.0000
gene_MP007606	0.36297	0.94489	62	0	0.0000
gene_MP007620	0.32481	0.70481	102	71	69.6078
gene_MP007625	0.32006	0.84563	282	0	0.0000
gene_MP007638	0.48430	0.86509	45	0	0.0000
gene_MP007672	0.34569	0.62459	108	0	0.0000
gene_MP007673	0.34786	0.57493	101	1	0.9901
gene_MP007679	0.37973	0.74164	50	29	58.0000
gene_MP007687	0.37370	0.57483	58	30	51.7241
gene_MP007700	0.38111	0.71844	155	115	74.1935
gene_MP007706	0.32938	0.97298	561	0	0.0000
gene_MP007711	0.35386	0.88034	1414	0	0.0000
gene_MP007714	0.34277	0.80192	190	108	56.8421
gene_MP007718	0.34247	0.80349	458	11	2.4017
gene_MP007720	0.35474	0.97438	897	0	0.0000
gene_MP007749	0.35545	0.58247	28	0	0.0000
gene_MP007761	0.36209	0.68476	126	94	74.6032
gene_MP007773	0.42657	0.58578	34	31	91.1765
gene_MP007789	0.38597	0.90725	532	406	76.3158
gene_MP007790	0.35689	0.80356	1380	178	12.8986
gene_MP007797	0.35805	0.85384	304	75	24.6711
gene_MP007800	0.38639	0.79140	737	560	75.9837
gene_MP008927	0.45614	0.71832	33	24	72.7273
gene_MP009313	0.38846	1.01384	107	85	79.4393
gene_MP009332	0.36201	1.08378	1441	122	8.4663
gene_MP009489	0.37576	0.61226	35	27	77.1429
gene_MP009622	0.33906	0.88975	3481	78	2.2407
gene_MP009664	0.36361	0.92650	2577	0	0.0000
gene_MP009672	0.36403	0.80045	122	82	67.2131
gene_MP009740	0.35070	0.84002	603	287	47.5954
gene_MP009743	0.39896	0.65392	125	68	54.4000
gene_MP009826	0.35225	0.82958	110	68	61.8182
gene_MP009898	0.37206	0.90398	2229	213	9.5559
gene_MP009903	0.36038	0.75479	268	116	43.2836
gene_MP009910	0.35297	0.85541	511	0	0.0000
gene_MP009914	0.35766	0.93582	791	230	29.0771
gene_MP009928	0.35709	0.98062	2751	153	5.5616
gene_MP010051	0.36361	0.92650	344	0	0.0000
gene_MP010137	0.35112	0.92571	124	64	51.6129
gene_MP010161	0.35727	0.89608	402	189	47.0149
gene_MP010548	0.33333	1.00409	319	0	0.0000
gene_MP010689	0.39754	0.79662	53	41	77.3585
gene_MP010716	0.34015	0.68260	324	168	51.8519
gene_MP010775	0.35449	0.82201	105	0	0.0000
gene_MP010799	0.35384	0.81771	104	78	75.0000
gene_MP010951	0.34664	0.80705	176	18	10.2273
gene_MP011063	0.49874	0.52456	25	0	0.0000
gene_MP011158	0.35482	0.67308	217	135	62.2120
gene_MP011436	0.37851	0.54240	56	43	76.7857
gene_MP011442	0.38935	0.64233	113	72	63.7168
gene_MP011445	0.37170	0.55036	20	9	45.0000
gene_MP011469	0.34796	0.98029	1504	0	0.0000
gene_MP011612	0.34305	0.97528	2203	0	0.0000
gene_MP011681	0.35833	0.71355	62	49	79.0323
gene_MP011683	0.37231	0.87351	284	241	84.8592
gene_MP011696	0.33701	0.80036	156	0	0.0000
gene_MP011697	0.48733	0.79209	23	0	0.0000
gene_MP011737	0.35948	0.59384	44	25	56.8182
gene_MP011741	0.37652	0.76770	141	5	3.5461
gene_MP011896	0.38758	0.88339	55	0	0.0000
gene_MP011955	0.38566	0.66971	51	40	78.4314
gene_MP012003	0.37835	0.57679	94	75	79.7872
gene_MP012022	0.37889	0.62368	27	20	74.0741
gene_MP012112	0.38462	0.57243	117	61	52.1368
gene_MP012114	0.46222	0.67392	32	14	43.7500
gene_MP012250	0.41330	0.69401	92	79	85.8696
gene_MP012254	0.32377	0.74302	61	42	68.8525
gene_MP012308	0.35687	1.07801	153	0	0.0000
gene_MP012427	0.35512	0.84839	63	51	80.9524
gene_MP012448	0.51163	0.49389	62	0	0.0000
gene_MP012449	0.51059	0.51915	65	19	29.2308
gene_MP012553	0.35376	0.99459	1101	0	0.0000
gene_MP012726	0.34392	0.99703	679	0	0.0000
gene_MP012780	0.37190	0.82645	61	45	73.7705
gene_MP012949	0.34793	0.73423	62	39	62.9032
gene_MP012956	0.35476	0.87970	254	42	16.5354
gene_MP012979	0.36510	0.65935	46	34	73.9130
gene_MP013037	0.38000	0.57323	79	0	0.0000
gene_MP013047	0.39987	0.57122	68	42	61.7647
gene_MP013068	0.37926	0.90499	38	30	78.9474
gene_MP013072	0.34925	0.71698	189	82	43.3862
gene_MP013074	0.34597	1.00655	2037	34	1.6691
gene_MP013077	0.35288	0.93088	480	54	11.2500
gene_MP013118	0.36480	0.57443	74	58	78.3784
gene_MP013121	0.37511	0.64567	25	12	48.0000
gene_MP013128	0.35462	1.01559	873	34	3.8946
gene_MP013231	0.47080	0.52574	49	37	75.5102
gene_MP013324	0.36965	1.11530	65	0	0.0000
gene_MP013358	0.35144	0.77184	87	47	54.0230
gene_MP013363	0.39057	0.71351	192	100	52.0833
gene_MP013448	0.42222	0.96041	46	41	89.1304
gene_MP013501	0.40501	0.74915	27	0	0.0000
gene_MP013509	0.34339	0.74891	27	18	66.6667
gene_MP013587	0.37921	0.61840	31	5	16.1290
gene_MP013588	0.37677	0.55211	43	26	60.4651
gene_MP013594	0.39740	0.72988	295	269	91.1864
gene_MP013608	0.31640	0.70483	128	0	0.0000
gene_MP013612	0.35733	0.93868	785	0	0.0000
gene_MP013617	0.37846	0.63483	329	284	86.3222
gene_MP013645	0.38743	0.70580	72	63	87.5000
gene_MP013951	0.35492	0.93930	1006	0	0.0000
gene_MP014087	0.34599	0.67904	179	94	52.5140
gene_MP014097	0.33092	0.90108	1300	0	0.0000
gene_MP014214	0.33952	0.84237	98	14	14.2857
gene_MP014343	0.33796	0.67338	24	0	0.0000
gene_MP014489	0.33547	1.05267	693	0	0.0000
gene_MP014500	0.34748	0.92184	670	20	2.9851
gene_MP014569	0.34591	0.90485	1895	21	1.1082
gene_MP014621	0.34551	1.02803	98	36	36.7347
gene_MP014725	0.37786	0.76966	158	95	60.1266
gene_MP014783	0.35658	0.62249	161	139	86.3354
gene_MP015049	0.34392	1.09760	825	0	0.0000
gene_MP015111	0.33132	0.98840	1162	0	0.0000
gene_MP015141	0.37155	0.69997	24	0	0.0000
gene_MP015165	0.35494	0.77397	21	14	66.6667
gene_MP015325	0.35211	0.86261	759	0	0.0000
gene_MP015369	0.35393	0.87814	146	86	58.9041
gene_MP015567	0.42100	0.98188	38	0	0.0000
gene_MP015957	0.35015	0.77481	38	26	68.4211
gene_MP016024	0.33752	0.85951	1491	88	5.9021
gene_MP016072	0.37940	0.58035	22	12	54.5455
gene_MP016135	0.37953	0.57428	80	46	57.5000
gene_MP016345	0.40711	0.64443	27	19	70.3704
gene_MP016409	0.44638	0.81809	56	0	0.0000
gene_MP016442	0.40745	0.65541	336	268	79.7619
gene_MP016526	0.42280	0.45230	39	4	10.2564
gene_MP016542	0.40197	0.72547	478	370	77.4059
gene_MP016645	0.36285	0.75891	182	95	52.1978
gene_MP016677	0.34376	0.94323	2568	161	6.2695
gene_MP016692	0.39468	0.98100	149	113	75.8389
gene_MP016701	0.37986	0.66690	40	0	0.0000
gene_MP016704	0.37861	0.79978	98	36	36.7347
gene_MP016894	0.38177	0.89595	34	0	0.0000
gene_MP016896	0.31888	0.93419	54	0	0.0000
gene_MP016931	0.41408	0.95864	57	0	0.0000
gene_MP017256	0.35898	0.97133	1424	1	0.0702
gene_MP017323	0.40635	0.96608	25	18	72.0000
gene_MP017702	0.36338	0.62938	29	24	82.7586
gene_MP018022	0.40745	0.65541	946	751	79.3869
gene_MP018188	0.39196	0.77084	140	120	85.7143
gene_MP018197	0.38674	0.91931	186	113	60.7527
gene_MP018220	0.37887	0.85774	92	36	39.1304
gene_MP018235	0.38908	0.77555	36	17	47.2222
gene_MP018245	0.37850	0.54867	44	29	65.9091
gene_MP018614	0.35080	0.71755	300	175	58.3333
gene_MP018624	0.52582	0.58519	43	21	48.8372
gene_MP018628	0.35281	0.85255	5278	1	0.0189
gene_MP018633	0.35427	0.95242	137	105	76.6423
gene_MP018637	0.36335	0.56156	106	84	79.2453
gene_MP018916	0.36337	0.58111	40	18	45.0000
gene_MP018937	0.37127	0.74007	21	1	4.7619
gene_MP018944	0.34836	0.89577	1159	0	0.0000
gene_MP000030	0.40775	0.81314	64	0	0.0000
gene_MP000091	0.34643	1.09014	152	2	1.3158
gene_MP000092	0.34665	1.09583	113	9	7.9646
gene_MP000095	0.38061	0.73461	168	94	55.9524
gene_MP000165	0.34855	0.76470	71	37	52.1127
gene_MP000206	0.35222	0.61218	111	83	74.7748
gene_MP000343	0.37583	1.17951	30	21	70.0000
gene_MP000414	0.37224	0.59955	167	136	81.4371
gene_MP000420	0.53541	0.72493	30	9	30.0000
gene_MP000430	0.37931	0.70281	102	32	31.3725
gene_MP000431	0.37290	0.80925	131	83	63.3588
gene_MP000448	0.37654	0.67283	141	69	48.9362
gene_MP000450	0.37654	0.67283	452	332	73.4513
gene_MP000559	0.39394	1.06633	25	21	84.0000
gene_MP000569	0.34338	0.91524	2316	0	0.0000
gene_MP000652	0.34237	0.94925	1210	28	2.3140
gene_MP000665	0.39346	0.64895	43	0	0.0000
gene_MP000996	0.39464	0.70318	226	173	76.5487
gene_MP001058	0.49787	0.98605	43	20	46.5116
gene_MP001144	0.31250	1.20664	61	0	0.0000
gene_MP001502	0.34881	0.87547	216	145	67.1296
gene_MP001517	0.42550	0.65907	215	207	96.2791
gene_MP001599	0.39135	0.50752	55	52	94.5455
gene_MP001619	0.40256	0.79897	128	93	72.6562
gene_MP001630	0.39262	0.78840	63	36	57.1429
gene_MP001673	0.37275	0.68874	147	123	83.6735
gene_MP001687	0.35691	0.93340	3725	44	1.1812
gene_MP001723	0.44812	0.75781	51	42	82.3529
gene_MP001773	0.44522	0.68629	58	0	0.0000
gene_MP001792	0.38621	0.68192	41	35	85.3659
gene_MP001878	0.35069	0.62598	146	123	84.2466
gene_MP001938	0.37979	0.84387	158	119	75.3165
gene_MP001948	0.36676	0.69261	161	133	82.6087
gene_MP002034	0.44272	0.50216	46	37	80.4348
gene_MP002037	0.42474	0.58144	75	44	58.6667
gene_MP002067	0.43689	0.62878	37	13	35.1351
gene_MP002077	0.34959	0.71934	64	40	62.5000
gene_MP002095	0.39105	0.70904	23	7	30.4348
gene_MP002125	0.36035	0.88738	42	34	80.9524
gene_MP002133	0.57204	0.40795	39	23	58.9744
gene_MP002185	0.37208	0.73227	182	71	39.0110
gene_MP002196	0.31725	1.11236	5135	0	0.0000
gene_MP002343	0.55227	0.72878	28	0	0.0000
gene_MP002404	0.36372	0.93552	1236	158	12.7832
gene_MP002405	0.35214	0.79522	94	73	77.6596
gene_MP002742	0.36760	0.71623	92	58	63.0435
gene_MP002744	0.37481	0.65483	191	154	80.6283
gene_MP002752	0.40821	0.67255	277	226	81.5884
gene_MP002753	0.37001	0.70902	145	86	59.3103
gene_MP002756	0.37736	0.71769	104	81	77.8846
gene_MP002759	0.35115	0.91395	127	91	71.6535
gene_MP002792	0.42250	0.77064	252	164	65.0794
gene_MP002820	0.52713	0.76655	48	17	35.4167
gene_MP002826	0.36197	0.73146	127	69	54.3307
gene_MP002874	0.36203	0.88708	337	0	0.0000
gene_MP002918	0.35280	0.61711	48	38	79.1667
gene_MP002996	0.37706	0.77282	116	85	73.2759
gene_MP003004	0.36164	0.80606	37	0	0.0000
gene_MP003020	0.41815	0.70872	47	34	72.3404
gene_MP003077	0.38281	0.71987	27	16	59.2593
gene_MP003136	0.35792	0.87029	64	0	0.0000
gene_MP003213	0.34816	0.93962	1649	161	9.7635
gene_MP003217	0.37640	0.67782	45	30	66.6667
gene_MP003278	0.36078	0.54326	47	32	68.0851
gene_MP003285	0.35224	0.99706	1713	34	1.9848
gene_MP003290	0.35497	0.73673	151	101	66.8874
gene_MP003295	0.33946	0.80539	1079	215	19.9259
gene_MP003297	0.36605	0.70973	134	88	65.6716
gene_MP003483	0.53172	0.92610	55	12	21.8182
gene_MP003512	0.42327	1.01794	97	79	81.4433
gene_MP003528	0.35941	0.91204	1107	0	0.0000
gene_MP003536	0.33168	0.56411	50	43	86.0000
gene_MP003540	0.35501	0.79145	21	8	38.0952
gene_MP003595	0.38100	0.73755	29	14	48.2759
gene_MP003616	0.37114	0.61324	125	59	47.2000
gene_MP003635	0.35412	0.72911	224	134	59.8214
gene_MP003725	0.36658	0.65686	40	37	92.5000
gene_MP003816	0.40627	0.53351	66	28	42.4242
gene_MP003851	0.38973	0.81240	257	214	83.2685
gene_MP003855	0.36208	0.86072	203	96	47.2906
gene_MP003858	0.33259	0.90312	250	0	0.0000
gene_MP003872	0.39406	0.71346	120	108	90.0000
gene_MP003899	0.50820	0.90277	30	0	0.0000
gene_MP003917	0.34763	0.97217	2323	74	3.1855
gene_MP003942	0.45725	0.57609	24	10	41.6667
gene_MP003946	0.38952	0.71683	108	89	82.4074
gene_MP004083	0.38182	0.62878	183	149	81.4208
gene_MP004290	0.36203	0.88708	1045	1	0.0957
gene_MP004297	0.39117	0.78901	283	149	52.6502
gene_MP004442	0.37847	1.02077	845	702	83.0769
gene_MP004498	0.38542	0.77925	248	211	85.0806
gene_MP004534	0.34504	0.71189	27	25	92.5926
gene_MP004539	0.35145	0.78030	155	85	54.8387
gene_MP004622	0.37449	0.82149	189	134	70.8995
gene_MP004630	0.36544	0.92116	5910	0	0.0000
gene_MP004636	0.37945	0.80410	29	20	68.9655
gene_MP004704	0.35047	0.92514	2990	1	0.0334
gene_MP004706	0.35046	0.92522	555	12	2.1622
gene_MP004756	0.37167	0.77177	76	60	78.9474
gene_MP004846	0.35600	0.50689	27	23	85.1852
gene_MP005079	0.33244	0.62040	89	78	87.6404
gene_MP005113	0.32004	0.78905	77	0	0.0000
gene_MP005257	0.36535	0.88800	1728	0	0.0000
gene_MP005292	0.36840	0.69430	148	79	53.3784
gene_MP005397	0.36785	0.92806	1844	119	6.4534
gene_MP005536	0.34672	0.93695	576	0	0.0000
gene_MP005545	0.35467	0.95378	1710	17	0.9942
gene_MP005661	0.34881	0.87547	269	91	33.8290
gene_MP005668	0.36255	0.86925	230	107	46.5217
gene_MP005692	0.37924	0.54791	42	37	88.0952
gene_MP005781	0.36581	0.88902	496	0	0.0000
gene_MP005803	0.36039	0.74189	97	47	48.4536
gene_MP005807	0.38050	0.75164	144	75	52.0833
gene_MP005864	0.37175	0.74560	95	74	77.8947
gene_MP005884	0.33946	0.80539	214	0	0.0000
gene_MP005890	0.37385	0.49839	81	62	76.5432
gene_MP005976	0.50972	0.57961	27	0	0.0000
gene_MP006026	0.36578	0.80098	195	123	63.0769
gene_MP006037	0.35206	0.67498	98	9	9.1837
gene_MP006255	0.36298	0.70615	97	0	0.0000
gene_MP006257	0.34664	0.93646	215	52	24.1860
gene_MP006327	0.35566	0.96275	3387	0	0.0000
gene_MP006331	0.36148	0.83204	210	94	44.7619
gene_MP006459	0.34788	0.78076	95	75	78.9474
gene_MP007200	0.37452	0.84694	560	180	32.1429
gene_MP007629	0.35883	0.73992	168	99	58.9286
gene_MP007636	0.35506	0.93598	77	12	15.5844
gene_MP007650	0.35137	0.85118	90	0	0.0000
gene_MP007661	0.38494	0.84048	42	25	59.5238
gene_MP007683	0.38651	0.68808	209	190	90.9091
gene_MP007686	0.36352	0.64901	34	25	73.5294
gene_MP007708	0.35800	0.93362	3318	34	1.0247
gene_MP007721	0.36353	0.82825	52	0	0.0000
gene_MP007728	0.37915	0.86333	20	18	90.0000
gene_MP007733	0.34395	0.87669	277	95	34.2960
gene_MP007739	0.31682	0.88527	450	17	3.7778
gene_MP007764	0.37841	0.81159	55	47	85.4545
gene_MP007765	0.37636	0.83775	117	94	80.3419
gene_MP007771	0.40857	0.72807	1629	366	22.4678
gene_MP007778	0.38616	0.57276	107	86	80.3738
gene_MP007804	0.34962	0.81102	137	65	47.4453
gene_MP007813	0.35137	0.81078	752	170	22.6064
gene_MP007839	0.39527	0.56338	25	0	0.0000
gene_MP007856	0.38494	0.84048	33	27	81.8182
gene_MP007858	0.40005	0.65532	112	0	0.0000
gene_MP007875	0.38593	0.69999	100	95	95.0000
gene_MP007910	0.36976	0.64827	330	223	67.5758
gene_MP007977	0.39692	0.76633	618	367	59.3851
gene_MP007986	0.34664	0.93646	4566	91	1.9930
gene_MP007988	0.37564	0.79575	547	343	62.7057
gene_MP008008	0.36985	0.90622	404	0	0.0000
gene_MP008617	0.37208	0.67692	113	40	35.3982
gene_MP009139	0.31396	0.70918	52	6	11.5385
gene_MP009326	0.34416	0.96580	6538	1	0.0153
gene_MP009335	0.36002	0.94060	282	0	0.0000
gene_MP009351	0.34962	0.83156	1232	337	27.3539
gene_MP009357	0.34817	0.74504	146	4	2.7397
gene_MP009362	0.34715	0.66565	74	59	79.7297
gene_MP009368	0.36002	0.94060	2214	64	2.8907
gene_MP009377	0.44118	0.67736	77	0	0.0000
gene_MP009383	0.44246	0.68177	78	0	0.0000
gene_MP009385	0.38342	0.69476	131	0	0.0000
gene_MP009399	0.34724	0.66513	21	15	71.4286
gene_MP009414	0.36500	0.84139	983	130	13.2248
gene_MP009417	0.37925	0.64785	215	97	45.1163
gene_MP009423	0.39586	0.83518	402	198	49.2537
gene_MP009439	0.35926	0.88817	1514	80	5.2840
gene_MP009446	0.35816	0.79285	197	177	89.8477
gene_MP009583	0.34810	0.61425	59	36	61.0169
gene_MP009613	0.37754	0.69047	82	55	67.0732
gene_MP009700	0.50367	0.76457	58	25	43.1034
gene_MP009924	0.35200	1.01081	3256	0	0.0000
gene_MP009936	0.38161	0.74027	53	27	50.9434
gene_MP009948	0.34810	0.61425	69	52	75.3623
gene_MP009964	0.33499	0.85204	171	23	13.4503
gene_MP010083	0.40216	0.69287	136	55	40.4412
gene_MP010151	0.34767	0.65314	56	32	57.1429
gene_MP010155	0.38311	0.73584	623	535	85.8748
gene_MP010157	0.34651	0.69271	221	109	49.3213
gene_MP010160	0.39551	0.97037	108	75	69.4444
gene_MP010173	0.37826	0.55636	76	41	53.9474
gene_MP010186	0.37307	0.66714	195	58	29.7436
gene_MP010203	0.35833	0.96215	249	0	0.0000
gene_MP010561	0.38051	0.55317	54	46	85.1852
gene_MP010603	0.43750	0.68214	29	0	0.0000
gene_MP010614	0.34290	0.51332	22	0	0.0000
gene_MP010681	0.36498	0.74918	569	126	22.1441
gene_MP010721	0.32476	0.96781	1491	0	0.0000
gene_MP010814	0.38293	0.64365	29	13	44.8276
gene_MP010844	0.38423	0.66538	82	58	70.7317
gene_MP010855	0.40169	0.73564	84	60	71.4286
gene_MP010863	0.34728	0.72116	81	61	75.3086
gene_MP010888	0.39194	0.66151	55	36	65.4545
gene_MP010914	0.41274	0.72004	87	63	72.4138
gene_MP011068	0.38706	0.62493	153	0	0.0000
gene_MP011082	0.33431	0.98494	2200	30	1.3636
gene_MP011186	0.33161	0.75647	25	13	52.0000
gene_MP011190	0.34854	0.90222	1599	48	3.0019
gene_MP011194	0.39750	0.48251	29	24	82.7586
gene_MP011240	0.38338	0.78740	278	136	48.9209
gene_MP011255	0.34834	0.81971	90	63	70.0000
gene_MP011368	0.42848	0.66883	141	122	86.5248
gene_MP011374	0.37676	0.74356	92	51	55.4348
gene_MP011377	0.37523	0.71666	55	32	58.1818
gene_MP011383	0.36432	1.02790	146	101	69.1781
gene_MP011495	0.35804	0.44518	45	21	46.6667
gene_MP011628	0.39695	1.08440	83	49	59.0361
gene_MP011685	0.35247	0.73141	28	17	60.7143
gene_MP011748	0.33484	0.40979	33	15	45.4545
gene_MP011777	0.42290	1.00198	79	62	78.4810
gene_MP011778	0.35905	0.78314	97	0	0.0000
gene_MP011782	0.38101	0.81992	413	156	37.7724
gene_MP011786	0.41176	0.97425	149	105	70.4698
gene_MP011818	0.40003	0.73741	161	94	58.3851
gene_MP011833	0.43945	0.83715	35	27	77.1429
gene_MP011965	0.35780	0.68466	97	78	80.4124
gene_MP012147	0.36410	0.90711	397	0	0.0000
gene_MP012238	0.51244	0.64499	51	29	56.8627
gene_MP012295	0.36701	0.79371	128	93	72.6562
gene_MP012297	0.36497	0.68902	31	18	58.0645
gene_MP012327	0.43491	0.80048	26	10	38.4615
gene_MP012339	0.37195	0.67604	67	0	0.0000
gene_MP012495	0.51720	0.75415	92	61	66.3043
gene_MP012598	0.36656	1.20840	39	17	43.5897
gene_MP012606	0.34031	0.56661	36	34	94.4444
gene_MP012818	0.36033	0.55410	48	25	52.0833
gene_MP012836	0.43333	0.79901	45	23	51.1111
gene_MP012895	0.39224	0.84925	174	147	84.4828
gene_MP012973	0.38132	0.45538	56	56	100.0000
gene_MP013033	0.34070	0.48295	45	37	82.2222
gene_MP013049	0.35724	0.87356	61	39	63.9344
gene_MP013051	0.36644	0.77699	130	0	0.0000
gene_MP013229	0.37706	0.71281	135	0	0.0000
gene_MP013269	0.36484	0.68153	127	14	11.0236
gene_MP013275	0.34672	0.59720	29	24	82.7586
gene_MP013316	0.41117	0.60847	23	0	0.0000
gene_MP013343	0.39134	0.77773	49	25	51.0204
gene_MP013424	0.35558	0.79133	263	180	68.4411
gene_MP013430	0.34910	0.87469	88	53	60.2273
gene_MP013543	0.37659	0.83987	117	0	0.0000
gene_MP013716	0.34466	0.70802	301	182	60.4651
gene_MP013720	0.35015	0.84043	25	0	0.0000
gene_MP013739	0.47450	0.46825	275	190	69.0909
gene_MP013761	0.37764	0.82305	302	198	65.5629
gene_MP013886	0.39920	0.79152	189	137	72.4868
gene_MP013893	0.35521	0.77984	186	154	82.7957
gene_MP014094	0.39062	0.60738	86	69	80.2326
gene_MP014217	0.40196	0.76364	163	107	65.6442
gene_MP014290	0.49070	0.58345	77	52	67.5325
gene_MP014305	0.34185	0.74943	59	43	72.8814
gene_MP014325	0.41413	0.84144	662	592	89.4260
gene_MP014333	0.37391	0.87339	229	0	0.0000
gene_MP014355	0.37047	0.84015	147	35	23.8095
gene_MP014364	0.36811	0.99741	257	0	0.0000
gene_MP014445	0.39592	0.84325	89	16	17.9775
gene_MP014476	0.54448	0.66749	27	27	100.0000
gene_MP014578	0.33829	0.89401	137	78	56.9343
gene_MP014642	0.34698	0.96439	1503	177	11.7764
gene_MP014747	0.31953	1.00996	3522	37	1.0505
gene_MP014762	0.34054	0.91522	454	0	0.0000
gene_MP014786	0.34075	1.01310	2349	0	0.0000
gene_MP014814	0.35295	0.68618	143	117	81.8182
gene_MP014818	0.35998	0.91174	596	0	0.0000
gene_MP014861	0.34593	0.91103	681	8	1.1747
gene_MP014867	0.33271	0.91748	123	0	0.0000
gene_MP014895	0.37285	0.73904	86	49	56.9767
gene_MP014910	0.35727	0.79209	165	96	58.1818
gene_MP014919	0.34075	1.01310	1700	0	0.0000
gene_MP014927	0.34075	1.01310	1112	10	0.8993
gene_MP015000	0.36274	0.79208	86	61	70.9302
gene_MP015221	0.37829	0.78125	130	68	52.3077
gene_MP015254	0.39027	0.75140	92	69	75.0000
gene_MP015258	0.33749	0.95997	1971	0	0.0000
gene_MP015259	0.33940	0.95014	4232	1	0.0236
gene_MP015271	0.37715	0.83076	453	27	5.9603
gene_MP015300	0.35704	0.67786	44	36	81.8182
gene_MP015416	0.37778	0.59759	80	3	3.7500
gene_MP015876	0.46225	0.74739	55	0	0.0000
gene_MP015977	0.44436	0.49246	635	157	24.7244
gene_MP016589	0.34646	0.81849	194	85	43.8144
gene_MP016606	0.39221	0.93991	32	0	0.0000
gene_MP016616	0.37073	0.70829	144	104	72.2222
gene_MP016618	0.43298	0.68666	72	57	79.1667
gene_MP016637	0.38384	0.77465	214	142	66.3551
gene_MP016686	0.42104	0.55681	100	0	0.0000
gene_MP016693	0.37252	0.66119	79	54	68.3544
gene_MP016700	0.37515	0.46750	40	19	47.5000
gene_MP016719	0.33813	0.79318	80	0	0.0000
gene_MP016736	0.35953	0.86055	26	15	57.6923
gene_MP016738	0.33949	0.96104	1809	0	0.0000
gene_MP016739	0.35478	0.95153	924	0	0.0000
gene_MP016756	0.39473	0.81387	291	210	72.1649
gene_MP016871	0.34179	1.06441	170	0	0.0000
gene_MP016978	0.34186	0.96195	414	0	0.0000
gene_MP017128	0.41039	0.61773	29	0	0.0000
gene_MP017430	0.37422	0.81436	90	42	46.6667
gene_MP017862	0.52027	0.74747	22	0	0.0000
gene_MP018255	0.40788	0.92159	918	396	43.1373
gene_MP018269	0.37474	0.78473	89	46	51.6854
gene_MP018460	0.43502	0.61331	27	21	77.7778
gene_MP018685	0.36295	0.88774	3277	194	5.9200
gene_MP018690	0.37764	0.87574	206	0	0.0000
gene_MP018723	0.37764	0.87574	97	23	23.7113
gene_MP018828	0.38932	0.83362	83	38	45.7831
gene_MP018867	0.34059	1.02124	335	2	0.5970
gene_MP018958	0.37762	0.61649	57	31	54.3860
gene_MP018973	0.36885	0.92214	82	54	65.8537
gene_MP019002	0.41556	0.85832	613	240	39.1517
gene_MP019212	0.37902	0.62256	29	24	82.7586
gene_MP019222	0.39232	0.64273	857	284	33.1389
gene_MP000065	0.34809	0.41041	89	59	66.2921
gene_MP000069	0.36787	0.80876	194	0	0.0000
gene_MP000070	0.36390	0.78588	593	365	61.5514
gene_MP000229	0.38464	0.81384	194	149	76.8041
gene_MP000234	0.34704	0.68895	226	186	82.3009
gene_MP000269	0.35316	0.64270	93	74	79.5699
gene_MP000295	0.37876	0.85472	156	123	78.8462
gene_MP000346	0.39966	0.69735	208	167	80.2885
gene_MP000349	0.39476	0.66089	94	60	63.8298
gene_MP000421	0.34115	0.92513	86	59	68.6047
gene_MP000423	0.34443	0.96028	1017	0	0.0000
gene_MP000539	0.35411	0.79613	1151	40	3.4752
gene_MP000550	0.36704	0.81503	209	0	0.0000
gene_MP000557	0.38464	0.81384	761	720	94.6124
gene_MP000633	0.36295	0.73657	387	187	48.3204
gene_MP000662	0.34937	0.99249	355	0	0.0000
gene_MP000712	0.32689	0.86717	374	0	0.0000
gene_MP000779	0.34316	0.97953	3394	57	1.6794
gene_MP001029	0.38825	0.55581	134	63	47.0149
gene_MP001062	0.39422	0.54225	38	17	44.7368
gene_MP001071	0.38776	0.73223	121	86	71.0744
gene_MP001366	0.34822	0.68415	369	247	66.9377
gene_MP001420	0.37147	0.70639	243	142	58.4362
gene_MP001593	0.39406	0.65969	134	125	93.2836
gene_MP001602	0.37722	0.77252	54	33	61.1111
gene_MP001629	0.35457	0.51564	49	25	51.0204
gene_MP001645	0.49325	1.06099	62	38	61.2903
gene_MP001681	0.38859	0.76816	32	25	78.1250
gene_MP001724	0.35528	0.99446	1670	0	0.0000
gene_MP001733	0.34503	0.90096	3495	74	2.1173
gene_MP001791	0.34360	0.72410	86	59	68.6047
gene_MP001984	0.38538	0.83742	591	24	4.0609
gene_MP002206	0.37883	0.79447	275	193	70.1818
gene_MP002243	0.38832	0.54068	73	52	71.2329
gene_MP002303	0.38566	0.64730	132	93	70.4545
gene_MP002583	0.37362	0.54952	66	51	77.2727
gene_MP002586	0.36343	0.89403	194	143	73.7113
gene_MP002597	0.38027	0.74620	66	60	90.9091
gene_MP002606	0.36032	0.55910	66	48	72.7273
gene_MP002798	0.41547	0.79463	34	22	64.7059
gene_MP002844	0.36178	0.47467	65	48	73.8462
gene_MP002949	0.36051	0.67272	41	0	0.0000
gene_MP002972	0.35666	0.98346	1341	0	0.0000
gene_MP003000	0.36458	0.99322	251	212	84.4622
gene_MP003059	0.36184	0.58958	32	15	46.8750
gene_MP003106	0.34840	0.78706	84	60	71.4286
gene_MP003146	0.36897	0.51356	68	52	76.4706
gene_MP003299	0.34878	0.54283	105	86	81.9048
gene_MP003306	0.39798	0.63384	67	0	0.0000
gene_MP003360	0.37182	0.77720	3268	0	0.0000
gene_MP003564	0.38207	0.58633	84	71	84.5238
gene_MP003588	0.35198	0.96601	325	0	0.0000
gene_MP003604	0.37896	0.61597	76	42	55.2632
gene_MP003606	0.34432	0.98037	1141	68	5.9597
gene_MP003649	0.38114	0.55583	83	73	87.9518
gene_MP003652	0.38592	0.47137	71	50	70.4225
gene_MP003999	0.39354	0.58446	56	0	0.0000
gene_MP004051	0.49537	0.50487	20	20	100.0000
gene_MP004052	0.37321	0.71627	57	31	54.3860
gene_MP004172	0.36775	0.79324	37	20	54.0541
gene_MP004403	0.34527	0.57758	83	27	32.5301
gene_MP004404	0.34455	0.88588	1351	137	10.1406
gene_MP004410	0.34333	0.97692	4999	0	0.0000
gene_MP004820	0.44504	0.61372	34	0	0.0000
gene_MP004859	0.38925	0.75683	233	149	63.9485
gene_MP004878	0.35102	0.55471	70	29	41.4286
gene_MP004964	0.34337	0.84759	344	126	36.6279
gene_MP005056	0.34120	0.93797	1901	0	0.0000
gene_MP005058	0.43043	0.67513	156	135	86.5385
gene_MP005127	0.37924	0.85952	274	0	0.0000
gene_MP005149	0.35880	0.89222	566	0	0.0000
gene_MP005152	0.34120	0.93797	408	32	7.8431
gene_MP005307	0.36878	0.94700	252	216	85.7143
gene_MP005316	0.33721	0.93524	829	42	5.0663
gene_MP005334	0.34240	0.89590	1168	62	5.3082
gene_MP005338	0.38550	0.69243	341	286	83.8710
gene_MP005345	0.35370	0.91203	148	0	0.0000
gene_MP005413	0.42105	0.83618	62	0	0.0000
gene_MP005510	0.36378	0.59242	84	79	94.0476
gene_MP005539	0.38873	0.64893	93	62	66.6667
gene_MP005559	0.34298	0.90425	459	85	18.5185
gene_MP005694	0.40490	0.75397	174	145	83.3333
gene_MP005696	0.34385	0.64606	52	24	46.1538
gene_MP006029	0.34386	1.02268	2471	0	0.0000
gene_MP006119	0.35354	0.90338	3160	275	8.7025
gene_MP006145	0.32940	0.60447	287	231	80.4878
gene_MP006224	0.34790	0.99071	375	0	0.0000
gene_MP006779	0.35237	0.73800	181	0	0.0000
gene_MP007451	0.34120	1.00510	2348	0	0.0000
gene_MP007707	0.36464	0.57828	310	0	0.0000
gene_MP007810	0.38268	0.51434	50	45	90.0000
gene_MP007821	0.43978	0.60814	124	92	74.1935
gene_MP007841	0.34455	0.88588	498	170	34.1365
gene_MP007862	0.34202	0.65700	50	22	44.0000
gene_MP007913	0.35487	0.91389	407	0	0.0000
gene_MP007921	0.33064	0.96887	4022	4	0.0995
gene_MP007957	0.36778	0.85082	305	212	69.5082
gene_MP007978	0.32645	0.97078	2773	0	0.0000
gene_MP007984	0.38881	0.79539	288	261	90.6250
gene_MP008007	0.32645	0.97078	877	3	0.3421
gene_MP008017	0.34076	0.52307	21	12	57.1429
gene_MP008020	0.37073	0.83283	898	437	48.6637
gene_MP008112	0.40596	1.44646	96	91	94.7917
gene_MP008154	0.33388	0.93123	1372	91	6.6327
gene_MP008601	0.32115	0.65767	43	0	0.0000
gene_MP008718	0.45668	0.51916	70	0	0.0000
gene_MP009521	0.43353	0.96802	182	144	79.1209
gene_MP009978	0.35172	0.77993	213	146	68.5446
gene_MP010184	0.39316	0.58765	306	228	74.5098
gene_MP010236	0.33332	0.53451	554	89	16.0650
gene_MP010251	0.37183	0.60301	27	0	0.0000
gene_MP010263	0.35935	0.91497	2903	0	0.0000
gene_MP010296	0.38571	0.81151	174	0	0.0000
gene_MP010310	0.35935	0.91497	30	0	0.0000
gene_MP010570	0.35966	0.79861	119	0	0.0000
gene_MP010585	0.37938	0.66361	50	38	76.0000
gene_MP010661	0.40124	0.90929	93	0	0.0000
gene_MP010698	0.38289	0.50373	23	17	73.9130
gene_MP010703	0.36877	0.59131	30	25	83.3333
gene_MP010732	0.36711	0.72924	189	148	78.3069
gene_MP010739	0.44340	0.88270	41	25	60.9756
gene_MP010897	0.31958	0.80341	39	0	0.0000
gene_MP010928	0.35417	0.87240	866	0	0.0000
gene_MP011038	0.36524	0.77076	318	0	0.0000
gene_MP011055	0.57516	0.98752	35	0	0.0000
gene_MP011267	0.34794	0.69721	24	0	0.0000
gene_MP011269	0.35880	0.80331	116	71	61.2069
gene_MP011281	0.41206	0.73388	456	422	92.5439
gene_MP011282	0.35529	1.05563	248	0	0.0000
gene_MP011304	0.38312	0.90211	84	61	72.6190
gene_MP011336	0.37043	0.89290	384	197	51.3021
gene_MP011408	0.35371	0.95451	2215	14	0.6321
gene_MP011497	0.41542	0.45356	26	16	61.5385
gene_MP011509	0.32895	1.04706	797	0	0.0000
gene_MP011521	0.36792	0.78649	59	42	71.1864
gene_MP011526	0.39796	0.48956	101	59	58.4158
gene_MP011528	0.42255	1.19370	43	36	83.7209
gene_MP011535	0.44370	0.91343	100	0	0.0000
gene_MP011575	0.33543	0.91434	2069	0	0.0000
gene_MP011581	0.37638	0.74538	82	0	0.0000
gene_MP011724	0.33719	0.76881	155	98	63.2258
gene_MP011802	0.38992	0.76350	279	148	53.0466
gene_MP011812	0.37160	0.64383	53	39	73.5849
gene_MP011816	0.38174	1.05861	206	156	75.7282
gene_MP011820	0.39096	0.51106	90	58	64.4444
gene_MP011824	0.42844	0.68937	101	90	89.1089
gene_MP011962	0.36548	0.50615	150	122	81.3333
gene_MP011963	0.40620	0.83505	41	0	0.0000
gene_MP011999	0.49392	0.51302	36	35	97.2222
gene_MP012000	0.45760	0.56788	61	49	80.3279
gene_MP012075	0.42818	0.38440	45	28	62.2222
gene_MP012086	0.38380	0.65691	213	163	76.5258
gene_MP012140	0.36911	0.88961	3516	0	0.0000
gene_MP012178	0.36368	0.78190	51	0	0.0000
gene_MP012213	0.34213	0.94643	717	0	0.0000
gene_MP012233	0.37167	0.81766	37	28	75.6757
gene_MP012247	0.38176	0.73969	72	60	83.3333
gene_MP012248	0.36754	0.58496	42	33	78.5714
gene_MP012344	0.37273	0.88991	142	132	92.9577
gene_MP012424	0.33537	0.65789	30	0	0.0000
gene_MP012521	0.50775	0.60150	20	0	0.0000
gene_MP012596	0.34469	0.75087	32	0	0.0000
gene_MP012639	0.38882	0.76000	110	89	80.9091
gene_MP012775	0.38024	0.48380	43	37	86.0465
gene_MP012778	0.38567	0.77621	71	0	0.0000
gene_MP012781	0.34080	0.78847	162	99	61.1111
gene_MP012838	0.38258	0.83374	83	0	0.0000
gene_MP012938	0.36500	0.94926	96	86	89.5833
gene_MP013013	0.32441	0.99629	2343	9	0.3841
gene_MP013014	0.42062	0.78018	121	108	89.2562
gene_MP013015	0.36918	0.60771	36	32	88.8889
gene_MP013158	0.38210	0.90719	110	73	66.3636
gene_MP013174	0.39560	0.87547	235	27	11.4894
gene_MP013314	0.35865	0.77690	260	117	45.0000
gene_MP013376	0.38892	0.74587	110	89	80.9091
gene_MP013381	0.38774	0.58595	82	0	0.0000
gene_MP013689	0.37496	0.95445	147	92	62.5850
gene_MP013697	0.41829	0.80917	125	0	0.0000
gene_MP013703	0.39561	0.85947	182	147	80.7692
gene_MP013719	0.34870	0.92149	2418	0	0.0000
gene_MP013844	0.36658	0.80088	61	53	86.8852
gene_MP014155	0.36016	0.97532	1272	0	0.0000
gene_MP014166	0.33862	0.96769	875	0	0.0000
gene_MP014391	0.36016	0.63316	45	0	0.0000
gene_MP014493	0.31611	1.02420	560	0	0.0000
gene_MP014574	0.36915	0.66372	42	0	0.0000
gene_MP014658	0.39546	0.75551	659	451	68.4370
gene_MP014744	0.34150	0.76402	25	0	0.0000
gene_MP014796	0.34769	0.58056	44	26	59.0909
gene_MP014827	0.36724	0.75615	129	14	10.8527
gene_MP014834	0.35843	0.55902	370	188	50.8108
gene_MP014839	0.35385	0.57322	172	121	70.3488
gene_MP015066	0.39724	0.81918	156	130	83.3333
gene_MP015077	0.36542	0.86991	218	0	0.0000
gene_MP015113	0.34720	0.96897	1623	4	0.2465
gene_MP015114	0.37725	0.78672	219	116	52.9680
gene_MP015196	0.38860	0.77772	34	0	0.0000
gene_MP015234	0.42522	0.64021	91	55	60.4396
gene_MP015239	0.35390	0.89989	583	0	0.0000
gene_MP015405	0.36825	0.80814	389	42	10.7969
gene_MP015674	0.46881	1.04774	25	0	0.0000
gene_MP015824	0.35912	1.07857	93	0	0.0000
gene_MP016089	0.37895	1.02844	21	18	85.7143
gene_MP016099	0.44393	0.60557	65	8	12.3077
gene_MP016179	0.44161	0.63123	43	0	0.0000
gene_MP016424	0.43678	0.89237	40	0	0.0000
gene_MP016425	0.43574	0.89733	31	0	0.0000
gene_MP016522	0.43177	0.64003	32	1	3.1250
gene_MP016575	0.46124	1.43730	29	0	0.0000
gene_MP016702	0.35618	0.92995	538	0	0.0000
gene_MP016715	0.34670	0.97551	3597	0	0.0000
gene_MP016766	0.35202	0.84027	817	482	58.9963
gene_MP016812	0.41459	0.95175	93	0	0.0000
gene_MP016825	0.40417	1.22488	24	0	0.0000
gene_MP016850	0.34751	0.83484	30	24	80.0000
gene_MP016923	0.40164	0.67482	322	254	78.8820
gene_MP016928	0.34165	0.96518	1342	0	0.0000
gene_MP017047	0.34281	1.00409	597	0	0.0000
gene_MP017195	0.36684	0.73391	44	0	0.0000
gene_MP017520	0.43939	1.18147	28	0	0.0000
gene_MP017579	0.40714	1.15575	20	0	0.0000
gene_MP017974	0.36071	0.68759	34	34	100.0000
gene_MP018348	0.37271	0.82533	933	365	39.1211
gene_MP018351	0.37475	0.73099	51	0	0.0000
gene_MP018379	0.40722	0.74781	125	103	82.4000
gene_MP018385	0.34760	0.57379	36	19	52.7778
gene_MP018390	0.38761	0.91181	205	0	0.0000
gene_MP018473	0.40221	0.60745	140	117	83.5714
gene_MP018511	0.47317	0.67102	23	0	0.0000
gene_MP018535	0.34752	0.78345	39	2	5.1282
gene_MP018539	0.38432	0.40630	145	137	94.4828
gene_MP018575	0.35228	0.86292	416	0	0.0000
gene_MP018698	0.45806	0.80597	22	0	0.0000
gene_MP018852	0.41618	0.83052	30	0	0.0000
gene_MP018856	0.36724	0.61220	115	42	36.5217
gene_MP018866	0.36708	0.79263	2012	1266	62.9225
gene_MP018930	0.35254	0.88017	178	0	0.0000
gene_MP019064	0.39442	1.04047	111	0	0.0000
gene_MP019076	0.37538	0.96146	174	146	83.9080
gene_MP000053	0.36971	0.52406	44	30	68.1818
gene_MP000150	0.33155	0.97441	1905	70	3.6745
gene_MP000176	0.33744	0.91529	947	0	0.0000
gene_MP000178	0.36079	0.89566	1654	158	9.5526
gene_MP000179	0.36219	0.89477	235	0	0.0000
gene_MP000200	0.37731	1.07843	37	14	37.8378
gene_MP000317	0.34484	0.71897	161	89	55.2795
gene_MP000327	0.37558	0.43862	33	26	78.7879
gene_MP000342	0.39103	1.46757	70	61	87.1429
gene_MP000371	0.40783	0.73727	141	121	85.8156
gene_MP000532	0.37014	0.75415	230	65	28.2609
gene_MP000544	0.40186	0.75421	23	0	0.0000
gene_MP001001	0.51340	0.40679	188	125	66.4894
gene_MP001015	0.44637	0.49579	146	0	0.0000
gene_MP001035	0.40181	0.75387	114	6	5.2632
gene_MP001044	0.36299	0.55483	69	49	71.0145
gene_MP001055	0.34032	1.01082	1399	73	5.2180
gene_MP001087	0.37945	0.72335	770	112	14.5455
gene_MP001088	0.33835	0.99010	96	84	87.5000
gene_MP001312	0.39058	0.38175	33	3	9.0909
gene_MP001358	0.37397	0.70518	855	711	83.1579
gene_MP001386	0.34862	0.98823	5208	68	1.3057
gene_MP001391	0.38968	0.63836	59	51	86.4407
gene_MP001430	0.33471	0.81788	238	0	0.0000
gene_MP001456	0.33471	0.81788	646	559	86.5325
gene_MP001460	0.37066	0.59331	132	122	92.4242
gene_MP001662	0.36442	0.56201	56	46	82.1429
gene_MP001692	0.34659	0.93741	327	187	57.1865
gene_MP001886	0.35202	0.46828	47	24	51.0638
gene_MP001890	0.41251	0.57026	87	63	72.4138
gene_MP001898	0.36753	0.78773	229	145	63.3188
gene_MP001907	0.36205	0.70213	166	120	72.2892
gene_MP001910	0.37924	0.54963	78	70	89.7436
gene_MP001966	0.39364	0.84898	42	19	45.2381
gene_MP002007	0.36725	0.74687	126	91	72.2222
gene_MP002016	0.38233	0.61776	25	20	80.0000
gene_MP002024	0.40480	0.55718	43	34	79.0698
gene_MP002047	0.37716	0.75344	254	195	76.7717
gene_MP002058	0.38163	0.72590	328	250	76.2195
gene_MP002059	0.38189	0.81819	400	262	65.5000
gene_MP002071	0.36995	0.89644	905	0	0.0000
gene_MP002075	0.36010	0.77642	43	22	51.1628
gene_MP002105	0.36138	0.72035	41	37	90.2439
gene_MP002115	0.39771	1.01772	114	83	72.8070
gene_MP002130	0.36770	0.78349	624	1	0.1603
gene_MP002159	0.35455	0.51185	29	23	79.3103
gene_MP002187	0.35081	0.77557	50	0	0.0000
gene_MP002276	0.35796	0.65799	31	15	48.3871
gene_MP002279	0.36340	0.78938	188	65	34.5745
gene_MP002307	0.39827	0.70525	65	0	0.0000
gene_MP002326	0.33253	1.14530	93	24	25.8065
gene_MP002329	0.37244	0.99563	115	84	73.0435
gene_MP002394	0.37426	0.76912	113	69	61.0619
gene_MP002419	0.34081	0.86773	28	18	64.2857
gene_MP002598	0.37925	0.72443	373	105	28.1501
gene_MP002599	0.36336	0.79115	51	45	88.2353
gene_MP002619	0.40694	0.55446	170	107	62.9412
gene_MP002736	0.46585	0.96117	64	57	89.0625
gene_MP002737	0.42540	0.60574	86	71	82.5581
gene_MP002768	0.34688	0.90715	184	99	53.8043
gene_MP002827	0.35506	0.59539	29	16	55.1724
gene_MP002877	0.35515	0.91668	90	0	0.0000
gene_MP002883	0.36225	0.93057	4875	0	0.0000
gene_MP002896	0.46945	0.81911	42	0	0.0000
gene_MP002903	0.38355	0.68752	31	10	32.2581
gene_MP002931	0.39130	0.75029	367	295	80.3815
gene_MP002974	0.35497	0.86828	176	0	0.0000
gene_MP003071	0.40409	0.61424	101	43	42.5743
gene_MP003080	0.35582	0.84230	951	87	9.1483
gene_MP003086	0.44968	0.71022	60	32	53.3333
gene_MP003090	0.41646	0.90024	48	28	58.3333
gene_MP003147	0.34603	0.93199	893	0	0.0000
gene_MP003149	0.39776	0.66041	32	29	90.6250
gene_MP003150	0.35569	0.82195	143	116	81.1189
gene_MP003159	0.35491	0.68557	40	33	82.5000
gene_MP003194	0.36809	0.87101	140	50	35.7143
gene_MP003197	0.33782	0.96555	1564	0	0.0000
gene_MP003198	0.35327	0.65457	43	25	58.1395
gene_MP003224	0.35563	0.72222	20	19	95.0000
gene_MP003226	0.38024	0.80663	260	214	82.3077
gene_MP003248	0.43350	0.63157	90	84	93.3333
gene_MP003255	0.34290	0.93505	747	2	0.2677
gene_MP003257	0.36311	0.74712	81	45	55.5556
gene_MP003267	0.36431	1.01641	706	0	0.0000
gene_MP003421	0.36030	0.95489	987	446	45.1874
gene_MP003523	0.41553	0.69296	32	30	93.7500
gene_MP003576	0.39297	0.80208	86	57	66.2791
gene_MP003621	0.41413	0.71435	34	18	52.9412
gene_MP003668	0.40469	0.68805	49	32	65.3061
gene_MP003672	0.38213	0.61712	164	131	79.8780
gene_MP003679	0.36166	0.42863	44	21	47.7273
gene_MP003861	0.35393	0.64400	74	53	71.6216
gene_MP003873	0.34843	0.59535	188	48	25.5319
gene_MP003876	0.32575	0.85092	203	0	0.0000
gene_MP003915	0.37753	0.75920	146	132	90.4110
gene_MP003948	0.39881	0.67853	213	82	38.4977
gene_MP004007	0.33158	0.95537	1250	95	7.6000
gene_MP004085	0.40535	0.78713	112	86	76.7857
gene_MP004171	0.36001	0.51950	151	125	82.7815
gene_MP004173	0.37336	0.93436	335	255	76.1194
gene_MP004185	0.32239	0.95602	1818	0	0.0000
gene_MP004195	0.38147	0.68795	252	164	65.0794
gene_MP004262	0.34143	0.95069	461	0	0.0000
gene_MP004440	0.34345	0.69681	42	30	71.4286
gene_MP004580	0.47439	0.65313	46	27	58.6957
gene_MP004666	0.38737	0.51592	47	0	0.0000
gene_MP004761	0.36527	0.69932	53	0	0.0000
gene_MP004773	0.35921	0.89915	331	0	0.0000
gene_MP004777	0.36784	0.54928	64	24	37.5000
gene_MP004801	0.37637	0.92190	618	237	38.3495
gene_MP004868	0.39595	0.85159	171	72	42.1053
gene_MP004899	0.50670	0.82190	58	0	0.0000
gene_MP005177	0.39415	0.69522	328	131	39.9390
gene_MP005330	0.37563	0.91321	115	109	94.7826
gene_MP005351	0.35156	0.79479	644	107	16.6149
gene_MP005377	0.35972	0.94282	1608	0	0.0000
gene_MP005426	0.35491	0.68557	367	289	78.7466
gene_MP005429	0.41760	0.60089	44	40	90.9091
gene_MP005478	0.45794	0.95475	80	55	68.7500
gene_MP005502	0.38141	0.79576	626	421	67.2524
gene_MP005572	0.35243	0.91635	1463	0	0.0000
gene_MP005824	0.35517	0.70085	23	16	69.5652
gene_MP005837	0.33527	0.80856	86	0	0.0000
gene_MP005873	0.45589	1.25619	83	54	65.0602
gene_MP005899	0.35926	0.75066	189	160	84.6561
gene_MP005961	0.33136	0.63889	127	86	67.7165
gene_MP006157	0.37726	1.00395	196	152	77.5510
gene_MP006172	0.35554	0.88992	48	11	22.9167
gene_MP006202	0.35297	0.89717	21	2	9.5238
gene_MP006216	0.40635	0.84444	498	200	40.1606
gene_MP006227	0.38453	0.75061	225	0	0.0000
gene_MP006347	0.36076	0.89999	267	93	34.8315
gene_MP006354	0.36377	0.51821	36	31	86.1111
gene_MP007225	0.46607	0.73876	149	0	0.0000
gene_MP007717	0.36142	0.81523	528	0	0.0000
gene_MP007742	0.34601	0.92008	1800	0	0.0000
gene_MP007743	0.36263	0.51500	163	136	83.4356
gene_MP007755	0.38637	0.70506	170	14	8.2353
gene_MP007762	0.37306	0.97477	92	56	60.8696
gene_MP007904	0.35874	0.81051	370	91	24.5946
gene_MP007929	0.36601	0.73172	21	9	42.8571
gene_MP007930	0.36339	0.92482	958	0	0.0000
gene_MP007942	0.35221	0.85853	368	218	59.2391
gene_MP007953	0.34850	0.60914	244	210	86.0656
gene_MP008031	0.35376	0.90187	86	26	30.2326
gene_MP008127	0.37476	0.77243	97	0	0.0000
gene_MP008205	0.40677	0.67294	211	176	83.4123
gene_MP008218	0.36776	0.85072	1456	968	66.4835
gene_MP008223	0.35066	1.00213	1854	95	5.1241
gene_MP008225	0.36148	0.93035	292	0	0.0000
gene_MP008315	0.36657	0.72760	275	47	17.0909
gene_MP008507	0.49356	0.81761	197	0	0.0000
gene_MP009344	0.36784	0.86943	542	3	0.5535
gene_MP009448	0.38040	0.71940	174	62	35.6322
gene_MP009454	0.33167	0.96713	40	19	47.5000
gene_MP009458	0.34268	0.89386	655	51	7.7863
gene_MP009464	0.36691	0.72190	135	121	89.6296
gene_MP009468	0.37092	0.82983	540	174	32.2222
gene_MP009475	0.34480	0.96309	2907	0	0.0000
gene_MP009477	0.37092	0.82983	129	4	3.1008
gene_MP009497	0.39273	0.69115	169	35	20.7101
gene_MP009505	0.34199	0.92436	1974	1	0.0507
gene_MP009659	0.40247	0.65784	1788	989	55.3132
gene_MP009682	0.35691	0.87958	857	0	0.0000
gene_MP009698	0.40299	0.56354	23	16	69.5652
gene_MP009719	0.34560	0.95643	2742	191	6.9657
gene_MP009749	0.37402	0.50243	53	42	79.2453
gene_MP009817	0.33549	1.01036	1080	0	0.0000
gene_MP009853	0.35364	0.75212	2035	263	12.9238
gene_MP009980	0.37927	0.77522	241	93	38.5892
gene_MP010024	0.36524	0.69600	193	161	83.4197
gene_MP010030	0.35320	0.85671	251	0	0.0000
gene_MP010036	0.35712	0.65837	222	158	71.1712
gene_MP010039	0.40453	0.77771	77	34	44.1558
gene_MP010079	0.36842	0.49854	33	10	30.3030
gene_MP010131	0.35313	0.87717	1052	221	21.0076
gene_MP010138	0.35313	0.87717	149	0	0.0000
gene_MP010142	0.35922	0.75162	248	162	65.3226
gene_MP010153	0.33365	0.96515	2748	0	0.0000
gene_MP010198	0.34995	0.79249	412	276	66.9903
gene_MP010201	0.37617	0.80913	372	180	48.3871
gene_MP010208	0.35313	0.87717	1059	30	2.8329
gene_MP010218	0.40299	0.56354	154	91	59.0909
gene_MP010223	0.34612	0.55752	141	104	73.7589
gene_MP010228	0.35641	0.92476	1112	261	23.4712
gene_MP010240	0.35313	0.87717	1270	788	62.0472
gene_MP010243	0.36399	0.78093	695	524	75.3957
gene_MP010244	0.35427	0.57750	176	0	0.0000
gene_MP010260	0.36360	0.69222	115	51	44.3478
gene_MP010354	0.39585	0.60250	37	30	81.0811
gene_MP010356	0.34850	0.93768	98	0	0.0000
gene_MP010379	0.36690	0.93208	1151	52	4.5178
gene_MP010388	0.35535	0.88774	53	38	71.6981
gene_MP010784	0.35000	0.49051	27	18	66.6667
gene_MP010795	0.42042	0.59744	92	66	71.7391
gene_MP010861	0.37639	0.74667	34	22	64.7059
gene_MP010910	0.37500	0.78909	31	29	93.5484
gene_MP010921	0.41909	0.54931	23	20	86.9565
gene_MP010969	0.35098	0.91741	5204	0	0.0000
gene_MP010993	0.34633	0.61191	24	8	33.3333
gene_MP011020	0.35863	0.97453	271	0	0.0000
gene_MP011065	0.32648	0.99885	277	0	0.0000
gene_MP011090	0.36415	0.96249	1621	0	0.0000
gene_MP011202	0.37109	0.79888	147	72	48.9796
gene_MP011237	0.38729	0.50514	66	45	68.1818
gene_MP011239	0.37368	0.69942	341	288	84.4575
gene_MP011333	0.35366	0.67832	668	337	50.4491
gene_MP011362	0.36198	0.85317	231	164	70.9957
gene_MP011417	0.35360	0.90048	2844	895	31.4698
gene_MP011432	0.33760	0.63599	135	74	54.8148
gene_MP011458	0.33250	1.19760	94	68	72.3404
gene_MP011545	0.42689	1.09834	106	67	63.2075
gene_MP011660	0.34238	0.88737	61	24	39.3443
gene_MP011675	0.34399	0.88819	983	0	0.0000
gene_MP011706	0.33645	0.67192	69	45	65.2174
gene_MP011712	0.35850	1.03233	2720	48	1.7647
gene_MP012012	0.42403	0.70845	83	78	93.9759
gene_MP012050	0.39526	0.87194	46	34	73.9130
gene_MP012126	0.34422	0.88280	857	135	15.7526
gene_MP012208	0.34085	0.59658	43	34	79.0698
gene_MP012457	0.32682	0.79143	66	46	69.6970
gene_MP012614	0.40429	0.65159	217	112	51.6129
gene_MP012628	0.38321	0.56575	151	29	19.2053
gene_MP012630	0.37895	0.70577	121	111	91.7355
gene_MP012638	0.33973	1.05421	138	64	46.3768
gene_MP012685	0.35643	0.67413	32	28	87.5000
gene_MP012729	0.37128	0.65748	76	27	35.5263
gene_MP012787	0.37628	0.52036	104	93	89.4231
gene_MP012811	0.44365	1.20640	100	69	69.0000
gene_MP012821	0.34954	0.69857	46	33	71.7391
gene_MP012826	0.31427	0.94506	226	2	0.8850
gene_MP012874	0.45148	0.69576	87	64	73.5632
gene_MP012876	0.40224	0.50424	20	16	80.0000
gene_MP012963	0.39457	0.53686	30	28	93.3333
gene_MP012996	0.39770	0.72007	162	151	93.2099
gene_MP013053	0.36461	0.68959	21	12	57.1429
gene_MP013057	0.36162	0.79988	225	31	13.7778
gene_MP013197	0.34123	0.95390	91	64	70.3297
gene_MP013317	0.38399	0.82438	61	34	55.7377
gene_MP013350	0.36581	0.43308	26	18	69.2308
gene_MP013407	0.37736	0.61339	295	260	88.1356
gene_MP013473	0.38212	0.88312	287	183	63.7631
gene_MP013506	0.34766	0.97079	893	0	0.0000
gene_MP013512	0.35366	0.67832	162	95	58.6420
gene_MP013576	0.33589	0.87887	317	0	0.0000
gene_MP013816	0.38965	0.82293	48	15	31.2500
gene_MP013896	0.31844	0.53943	45	27	60.0000
gene_MP013909	0.36510	0.80816	404	155	38.3663
gene_MP013935	0.33155	0.90528	1639	5	0.3051
gene_MP013960	0.35795	0.91377	87	0	0.0000
gene_MP014043	0.34526	1.13064	135	62	45.9259
gene_MP014099	0.33360	0.73240	108	48	44.4444
gene_MP014100	0.35375	0.68989	96	42	43.7500
gene_MP014170	0.37932	0.50566	103	85	82.5243
gene_MP014345	0.39295	0.68244	63	50	79.3651
gene_MP014427	0.37827	0.76388	93	0	0.0000
gene_MP014448	0.36323	0.72238	167	104	62.2754
gene_MP014552	0.37289	0.59910	125	88	70.4000
gene_MP014566	0.35444	0.64403	99	78	78.7879
gene_MP014669	0.36126	0.70332	26	13	50.0000
gene_MP014713	0.43627	0.80292	54	0	0.0000
gene_MP014731	0.34414	0.96812	2276	27	1.1863
gene_MP014780	0.37042	1.20425	30	24	80.0000
gene_MP014945	0.41245	0.65992	461	107	23.2104
gene_MP015014	0.35957	0.86364	30	20	66.6667
gene_MP015020	0.35654	0.86958	111	80	72.0721
gene_MP015044	0.35777	0.88180	1350	125	9.2593
gene_MP015095	0.34384	0.83836	516	191	37.0155
gene_MP015109	0.30683	0.93239	164	0	0.0000
gene_MP015152	0.37256	0.72497	145	50	34.4828
gene_MP015172	0.37301	0.89156	135	0	0.0000
gene_MP015192	0.35619	0.87475	4115	31	0.7533
gene_MP015303	0.37880	0.66434	20	0	0.0000
gene_MP015327	0.34426	0.97480	1391	0	0.0000
gene_MP015344	0.35942	0.54223	20	20	100.0000
gene_MP015411	0.34611	0.45677	37	27	72.9730
gene_MP015447	0.36225	0.59949	58	41	70.6897
gene_MP015745	0.35288	0.85861	778	0	0.0000
gene_MP015751	0.46748	0.81304	56	0	0.0000
gene_MP015792	0.43626	0.61500	104	93	89.4231
gene_MP015960	0.39209	0.60098	20	20	100.0000
gene_MP016000	0.39167	1.25170	23	23	100.0000
gene_MP016155	0.45973	0.78588	33	0	0.0000
gene_MP016158	0.46032	0.78444	70	0	0.0000
gene_MP016534	0.38024	0.60031	67	49	73.1343
gene_MP016638	0.36632	0.45664	29	18	62.0690
gene_MP016646	0.37272	0.67112	204	194	95.0980
gene_MP016649	0.38795	0.63830	130	126	96.9231
gene_MP016665	0.35906	0.83669	410	0	0.0000
gene_MP016667	0.36287	0.64835	27	24	88.8889
gene_MP016683	0.36199	0.74852	101	72	71.2871
gene_MP016685	0.37872	0.67852	35	26	74.2857
gene_MP016703	0.35906	0.83669	258	80	31.0078
gene_MP016733	0.36161	0.70903	106	30	28.3019
gene_MP016827	0.48051	0.86035	151	146	96.6887
gene_MP016854	0.41807	0.90264	123	102	82.9268
gene_MP016883	0.42032	0.94051	202	97	48.0198
gene_MP017191	0.33924	0.99995	3266	0	0.0000
gene_MP017319	0.36034	0.86236	493	157	31.8458
gene_MP017329	0.34257	0.92229	763	37	4.8493
gene_MP017355	0.35829	0.89032	879	58	6.5984
gene_MP017360	0.36027	0.74447	451	367	81.3747
gene_MP017440	0.34853	0.86754	1073	288	26.8406
gene_MP017671	0.47380	0.73616	37	0	0.0000
gene_MP018082	0.39235	0.56196	22	0	0.0000
gene_MP018283	0.38610	0.63484	66	42	63.6364
gene_MP018298	0.36520	0.77358	1221	321	26.2899
gene_MP018346	0.40210	0.62607	125	24	19.2000
gene_MP018349	0.39288	0.74285	184	112	60.8696
gene_MP018505	0.36292	0.91253	169	114	67.4556
gene_MP018558	0.39151	0.84430	311	149	47.9100
gene_MP018665	0.34740	0.91605	1069	0	0.0000
gene_MP018681	0.39800	0.56695	67	19	28.3582
gene_MP018701	0.34703	0.81128	125	48	38.4000
gene_MP018712	0.36427	0.90864	661	252	38.1241
gene_MP018768	0.42310	0.59503	44	0	0.0000
gene_MP018824	0.42578	0.69468	29	17	58.6207
gene_MP018833	0.34217	0.90982	1981	44	2.2211
gene_MP018835	0.33979	0.78575	985	169	17.1574
gene_MP018854	0.41710	0.76539	61	52	85.2459
gene_MP018913	0.39045	0.41336	28	18	64.2857
gene_MP018921	0.34223	0.91851	1418	13	0.9168
gene_MP018927	0.43231	0.44608	109	103	94.4954
gene_MP019000	0.38050	0.68913	310	222	71.6129
gene_MP019037	0.38764	0.71277	273	256	93.7729
gene_MP019053	0.34851	0.99997	448	0	0.0000
gene_MP019109	0.38521	0.61576	137	115	83.9416
gene_MP019127	0.36664	0.97198	530	0	0.0000
gene_MP019140	0.38275	0.65621	319	104	32.6019
gene_MP019171	0.35621	0.91667	1449	1	0.0690
gene_MP000027	0.35310	0.93643	2599	73	2.8088
gene_MP000042	0.37653	0.74015	47	28	59.5745
gene_MP000046	0.37651	0.69706	687	359	52.2562
gene_MP000186	0.38418	0.69924	164	94	57.3171
gene_MP000216	0.35558	0.69451	309	220	71.1974
gene_MP000223	0.36860	0.68415	130	88	67.6923
gene_MP000251	0.35684	0.72315	348	182	52.2989
gene_MP000329	0.36726	0.69412	21	15	71.4286
gene_MP000333	0.32686	0.74423	128	48	37.5000
gene_MP000370	0.37545	0.93259	359	0	0.0000
gene_MP000424	0.40072	0.83724	130	117	90.0000
gene_MP000528	0.32851	0.65207	71	51	71.8310
gene_MP000533	0.37004	0.65643	202	128	63.3663
gene_MP000543	0.38848	0.67683	188	164	87.2340
gene_MP000549	0.35484	0.46933	214	109	50.9346
gene_MP000561	0.36034	0.78916	251	113	45.0199
gene_MP000632	0.36840	0.90633	961	119	12.3829
gene_MP000718	0.42347	0.53741	28	22	78.5714
gene_MP000739	0.34965	0.78623	336	258	76.7857
gene_MP000763	0.33991	0.91564	370	3	0.8108
gene_MP001084	0.37356	0.79101	303	197	65.0165
gene_MP001091	0.41632	0.72864	112	0	0.0000
gene_MP001092	0.40505	0.81986	145	0	0.0000
gene_MP001100	0.38257	0.61608	44	32	72.7273
gene_MP001103	0.34626	0.69060	81	21	25.9259
gene_MP001370	0.35117	0.67670	205	94	45.8537
gene_MP001436	0.35682	0.69759	553	178	32.1881
gene_MP001450	0.31299	0.77951	290	59	20.3448
gene_MP001461	0.39921	0.74028	839	434	51.7282
gene_MP001515	0.50147	0.51784	33	0	0.0000
gene_MP001547	0.35671	0.73814	116	72	62.0690
gene_MP001571	0.35533	0.90258	1025	153	14.9268
gene_MP001574	0.33626	0.93812	1106	4	0.3617
gene_MP001865	0.32859	0.85300	97	0	0.0000
gene_MP001873	0.35549	0.71749	104	82	78.8462
gene_MP001874	0.34920	0.52533	75	57	76.0000
gene_MP001903	0.37387	0.60201	118	91	77.1186
gene_MP001918	0.35369	0.95903	421	160	38.0048
gene_MP001928	0.35362	0.94332	3840	0	0.0000
gene_MP001944	0.37920	0.83424	628	111	17.6752
gene_MP001946	0.35931	0.66816	84	64	76.1905
gene_MP001951	0.37598	0.66986	268	217	80.9701
gene_MP001964	0.36880	0.57975	143	129	90.2098
gene_MP001967	0.40822	0.64635	93	51	54.8387
gene_MP001970	0.35660	0.90439	53	0	0.0000
gene_MP001982	0.36282	0.75924	353	42	11.8980
gene_MP001991	0.56859	0.53934	70	38	54.2857
gene_MP001994	0.34187	0.44427	32	25	78.1250
gene_MP001995	0.35617	0.62517	83	50	60.2410
gene_MP002029	0.43037	0.54561	22	10	45.4545
gene_MP002073	0.37450	0.97611	517	116	22.4371
gene_MP002082	0.38229	0.70755	53	30	56.6038
gene_MP002100	0.33423	0.84176	259	197	76.0618
gene_MP002101	0.38751	0.89612	144	124	86.1111
gene_MP002165	0.34138	0.71636	71	25	35.2113
gene_MP002183	0.34981	0.69559	32	20	62.5000
gene_MP002246	0.33211	0.92728	501	21	4.1916
gene_MP002263	0.34883	0.98676	2171	0	0.0000
gene_MP002286	0.33932	0.93392	549	4	0.7286
gene_MP002312	0.35123	0.90051	1175	4	0.3404
gene_MP002375	0.37421	1.21212	40	22	55.0000
gene_MP002518	0.35745	0.81450	203	50	24.6305
gene_MP002627	0.36931	0.83830	184	150	81.5217
gene_MP002670	0.39033	0.72294	88	75	85.2273
gene_MP002794	0.36643	0.69809	142	95	66.9014
gene_MP002832	0.54476	0.38135	22	20	90.9091
gene_MP002834	0.40158	0.68024	97	84	86.5979
gene_MP002902	0.35588	0.70717	36	24	66.6667
gene_MP002937	0.41981	0.41744	93	40	43.0108
gene_MP002978	0.33774	0.91379	404	0	0.0000
gene_MP002998	0.34606	0.78049	20	20	100.0000
gene_MP003009	0.36636	0.81774	54	0	0.0000
gene_MP003066	0.34870	0.71162	159	131	82.3899
gene_MP003088	0.37958	0.60836	33	12	36.3636
gene_MP003094	0.36973	0.86071	81	26	32.0988
gene_MP003095	0.34669	0.54520	194	158	81.4433
gene_MP003097	0.38956	0.79529	117	99	84.6154
gene_MP003117	0.32567	0.90911	923	124	13.4345
gene_MP003122	0.33721	0.75465	193	111	57.5130
gene_MP003140	0.38354	0.76142	22	3	13.6364
gene_MP003162	0.32279	0.94201	290	170	58.6207
gene_MP003231	0.38225	0.68836	49	0	0.0000
gene_MP003236	0.37312	0.85094	220	0	0.0000
gene_MP003269	0.37316	0.49750	131	105	80.1527
gene_MP003284	0.45864	0.63923	27	9	33.3333
gene_MP003289	0.38038	0.74753	243	151	62.1399
gene_MP003300	0.33901	0.65794	112	95	84.8214
gene_MP003327	0.34692	0.74075	76	60	78.9474
gene_MP003330	0.32533	0.95736	870	16	1.8391
gene_MP003390	0.50990	0.79845	31	0	0.0000
gene_MP003416	0.34545	0.59518	75	68	90.6667
gene_MP003434	0.37413	0.79362	108	62	57.4074
gene_MP003436	0.34136	0.51754	31	17	54.8387
gene_MP003443	0.36114	0.81084	23	9	39.1304
gene_MP003464	0.36010	0.55450	34	15	44.1176
gene_MP003487	0.37459	0.72625	87	78	89.6552
gene_MP003516	0.35863	0.85367	367	8	2.1798
gene_MP003517	0.37118	0.86912	74	39	52.7027
gene_MP003597	0.33858	1.05349	1888	74	3.9195
gene_MP003598	0.35276	0.85462	85	0	0.0000
gene_MP003619	0.41142	0.69273	24	11	45.8333
gene_MP003680	0.43180	0.73175	38	19	50.0000
gene_MP003779	0.37075	0.68371	121	99	81.8182
gene_MP003792	0.39673	0.93321	29	21	72.4138
gene_MP003795	0.42659	0.49693	48	34	70.8333
gene_MP003815	0.35140	0.86149	537	2	0.3724
gene_MP003841	0.38594	0.94378	218	0	0.0000
gene_MP003892	0.39737	0.77622	109	66	60.5505
gene_MP003903	0.44986	1.13558	102	77	75.4902
gene_MP003954	0.44857	0.54301	97	92	94.8454
gene_MP003958	0.37237	0.68553	97	72	74.2268
gene_MP003983	0.36924	0.58174	41	26	63.4146
gene_MP003985	0.37310	0.72860	277	246	88.8087
gene_MP004120	0.35669	0.93809	132	0	0.0000
gene_MP004121	0.38455	0.63143	131	109	83.2061
gene_MP004127	0.37534	0.65142	246	204	82.9268
gene_MP004128	0.34309	0.87563	257	140	54.4747
gene_MP004142	0.37342	0.99004	144	0	0.0000
gene_MP004154	0.35460	0.93641	123	39	31.7073
gene_MP004183	0.34093	0.95680	347	0	0.0000
gene_MP004187	0.36084	0.60360	67	21	31.3433
gene_MP004194	0.34169	0.95944	9321	0	0.0000
gene_MP004205	0.35843	0.87172	1005	229	22.7861
gene_MP004211	0.36925	0.71332	206	140	67.9612
gene_MP004221	0.35377	0.94007	1313	0	0.0000
gene_MP004223	0.34826	0.78802	27	11	40.7407
gene_MP004641	0.34161	0.77930	88	0	0.0000
gene_MP004711	0.38362	0.97346	150	118	78.6667
gene_MP004744	0.35442	0.75507	101	84	83.1683
gene_MP004759	0.34289	0.99686	353	0	0.0000
gene_MP004782	0.35343	0.98894	4264	278	6.5197
gene_MP004794	0.38087	0.80972	65	46	70.7692
gene_MP004855	0.37238	0.47391	33	27	81.8182
gene_MP004857	0.34217	0.93551	5176	59	1.1399
gene_MP004906	0.34826	0.78802	371	60	16.1725
gene_MP004908	0.37927	0.83781	193	141	73.0570
gene_MP004909	0.36705	0.68396	38	27	71.0526
gene_MP004924	0.35407	0.82886	294	61	20.7483
gene_MP004928	0.37657	0.74257	160	96	60.0000
gene_MP004929	0.39048	0.67588	155	0	0.0000
gene_MP005070	0.34265	0.88149	214	67	31.3084
gene_MP005267	0.36430	0.84000	1534	430	28.0313
gene_MP005300	0.37418	0.85083	63	43	68.2540
gene_MP005318	0.33605	0.49934	133	66	49.6241
gene_MP005371	0.33718	0.77924	165	150	90.9091
gene_MP005389	0.34347	0.55115	40	26	65.0000
gene_MP005392	0.40017	0.65249	61	39	63.9344
gene_MP005416	0.37110	0.54055	150	49	32.6667
gene_MP005419	0.43560	0.82840	408	338	82.8431
gene_MP005442	0.35594	0.73953	1289	250	19.3949
gene_MP005721	0.35678	0.69745	75	50	66.6667
gene_MP005741	0.40396	0.72364	349	197	56.4470
gene_MP005808	0.34943	0.79770	204	0	0.0000
gene_MP005905	0.32567	0.73541	105	74	70.4762
gene_MP005938	0.33051	1.02949	5062	1	0.0198
gene_MP005946	0.36341	0.72919	87	0	0.0000
gene_MP005959	0.39578	0.37596	59	30	50.8475
gene_MP005973	0.35536	0.93120	5162	0	0.0000
gene_MP006060	0.37940	0.82831	277	0	0.0000
gene_MP006087	0.33359	0.88344	665	0	0.0000
gene_MP006177	0.35853	0.78952	94	72	76.5957
gene_MP006192	0.35413	0.71844	93	0	0.0000
gene_MP007416	0.39693	0.93019	83	43	51.8072
gene_MP007479	0.31574	0.40883	23	0	0.0000
gene_MP007514	0.35243	0.53659	30	21	70.0000
gene_MP007524	0.39274	0.93692	52	30	57.6923
gene_MP007557	0.43636	0.71207	29	0	0.0000
gene_MP007993	0.35513	0.96258	31	0	0.0000
gene_MP008087	0.35974	0.93895	1624	92	5.6650
gene_MP008092	0.35204	0.99850	4281	0	0.0000
gene_MP008095	0.36200	0.73842	279	0	0.0000
gene_MP008113	0.35007	0.92365	420	0	0.0000
gene_MP008132	0.40275	0.69196	197	151	76.6497
gene_MP008144	0.36097	0.80861	106	55	51.8868
gene_MP008216	0.38831	0.55810	254	209	82.2835
gene_MP008255	0.37890	0.70482	214	131	61.2150
gene_MP008264	0.34954	0.79807	58	0	0.0000
gene_MP008266	0.34836	0.67419	190	123	64.7368
gene_MP008268	0.43800	0.70613	66	0	0.0000
gene_MP008350	0.35345	0.75236	102	81	79.4118
gene_MP008365	0.35640	0.79574	1304	720	55.2147
gene_MP008431	0.37370	0.75913	235	128	54.4681
gene_MP008595	0.32084	0.64667	53	0	0.0000
gene_MP008818	0.36313	0.80925	643	0	0.0000
gene_MP009083	0.34507	0.85159	158	83	52.5316
gene_MP009086	0.37720	0.75439	53	48	90.5660
gene_MP009346	0.36695	0.81404	302	0	0.0000
gene_MP009792	0.32909	1.00689	3406	59	1.7322
gene_MP009794	0.39189	0.69345	179	101	56.4246
gene_MP009818	0.41620	0.79221	264	221	83.7121
gene_MP009835	0.34837	0.57304	95	50	52.6316
gene_MP009869	0.39590	0.77785	869	755	86.8815
gene_MP009877	0.36669	0.70268	349	287	82.2350
gene_MP009883	0.33306	0.99787	549	0	0.0000
gene_MP009911	0.36608	0.75969	348	289	83.0460
gene_MP010016	0.34182	0.77936	23	0	0.0000
gene_MP010152	0.36059	0.66671	70	11	15.7143
gene_MP010156	0.37525	0.86110	428	303	70.7944
gene_MP010261	0.35931	0.64650	105	71	67.6190
gene_MP010264	0.36355	0.66730	496	239	48.1855
gene_MP010280	0.35618	0.77449	163	138	84.6626
gene_MP010285	0.34513	0.66937	108	32	29.6296
gene_MP010353	0.38167	0.72421	783	481	61.4304
gene_MP010365	0.35376	0.70405	133	0	0.0000
gene_MP010403	0.37735	0.64173	54	50	92.5926
gene_MP010430	0.36343	0.80757	74	0	0.0000
gene_MP010434	0.37370	0.75913	82	25	30.4878
gene_MP010441	0.36036	0.69281	90	25	27.7778
gene_MP010452	0.42671	0.69628	52	0	0.0000
gene_MP010506	0.33211	0.74474	179	0	0.0000
gene_MP010576	0.37422	0.73409	38	23	60.5263
gene_MP010579	0.39374	0.89265	21	0	0.0000
gene_MP010605	0.34570	1.00811	2769	1	0.0361
gene_MP010671	0.37199	0.61873	175	154	88.0000
gene_MP010679	0.36316	0.78355	193	172	89.1192
gene_MP010786	0.37105	0.76582	38	22	57.8947
gene_MP010794	0.36272	0.57197	56	51	91.0714
gene_MP010801	0.36847	0.69652	141	58	41.1348
gene_MP010849	0.34736	0.81329	39	22	56.4103
gene_MP010856	0.36590	0.64143	37	32	86.4865
gene_MP010857	0.35927	0.89491	20	9	45.0000
gene_MP010860	0.35952	0.78634	48	0	0.0000
gene_MP010990	0.32034	1.09053	169	0	0.0000
gene_MP011069	0.53925	0.45753	22	0	0.0000
gene_MP011084	0.37632	0.88269	49	0	0.0000
gene_MP011149	0.34400	0.90133	214	0	0.0000
gene_MP011173	0.35153	0.54308	23	10	43.4783
gene_MP011177	0.37168	0.83732	445	0	0.0000
gene_MP011212	0.40693	0.56480	88	78	88.6364
gene_MP011232	0.40558	0.59262	163	153	93.8650
gene_MP011283	0.40452	0.73822	31	1	3.2258
gene_MP011303	0.32439	0.59324	36	21	58.3333
gene_MP011315	0.37074	0.64896	128	98	76.5625
gene_MP011316	0.37171	0.82348	120	87	72.5000
gene_MP011335	0.36361	0.66217	161	126	78.2609
gene_MP011341	0.36941	0.75037	79	41	51.8987
gene_MP011392	0.36433	0.72028	131	113	86.2595
gene_MP011435	0.36011	0.90873	236	0	0.0000
gene_MP011484	0.35837	0.63219	260	236	90.7692
gene_MP011520	0.37093	0.57359	38	27	71.0526
gene_MP011822	0.47067	0.71382	57	29	50.8772
gene_MP012083	0.36364	0.87520	42	0	0.0000
gene_MP012094	0.38831	0.64478	42	26	61.9048
gene_MP012098	0.33973	0.71473	90	70	77.7778
gene_MP012157	0.31567	0.82754	45	0	0.0000
gene_MP012175	0.36141	0.57321	45	26	57.7778
gene_MP012188	0.35541	0.54000	21	10	47.6190
gene_MP012242	0.39304	0.57182	25	6	24.0000
gene_MP012258	0.35116	0.94455	140	106	75.7143
gene_MP012466	0.33333	0.96026	27	7	25.9259
gene_MP012489	0.37123	0.96126	70	0	0.0000
gene_MP012494	0.40200	0.60459	100	56	56.0000
gene_MP012552	0.35162	0.91747	22	4	18.1818
gene_MP012565	0.34497	0.97228	18068	0	0.0000
gene_MP012579	0.41057	0.57582	26	0	0.0000
gene_MP012589	0.34888	0.94283	834	0	0.0000
gene_MP012600	0.37987	0.71795	27	17	62.9630
gene_MP012627	0.33952	0.73008	47	37	78.7234
gene_MP012659	0.35365	0.62106	30	25	83.3333
gene_MP012671	0.36856	0.53020	86	61	70.9302
gene_MP012680	0.36690	0.85196	376	0	0.0000
gene_MP012681	0.33072	0.88075	675	10	1.4815
gene_MP012700	0.36290	0.72867	231	192	83.1169
gene_MP012718	0.36105	0.83277	126	0	0.0000
gene_MP012743	0.39254	0.79691	198	0	0.0000
gene_MP012747	0.35055	0.57054	38	21	55.2632
gene_MP012773	0.58269	0.76919	48	0	0.0000
gene_MP012798	0.36953	0.66201	122	90	73.7705
gene_MP012799	0.35581	0.59413	53	39	73.5849
gene_MP012824	0.39260	0.68068	73	50	68.4932
gene_MP013008	0.36628	0.59819	84	60	71.4286
gene_MP013195	0.38617	1.27351	84	81	96.4286
gene_MP013204	0.41876	0.73017	38	29	76.3158
gene_MP013282	0.39075	0.67213	134	94	70.1493
gene_MP013447	0.34529	0.63600	28	17	60.7143
gene_MP013472	0.34359	0.54131	153	85	55.5556
gene_MP013489	0.35275	0.85592	622	13	2.0900
gene_MP013574	0.36250	0.92880	254	106	41.7323
gene_MP013918	0.35458	0.87522	825	36	4.3636
gene_MP014052	0.35985	0.69353	479	247	51.5658
gene_MP014114	0.35365	1.02138	1985	0	0.0000
gene_MP014365	0.35303	0.67978	28	16	57.1429
gene_MP014446	0.33928	0.95558	4351	0	0.0000
gene_MP014461	0.35927	0.89491	90	76	84.4444
gene_MP014467	0.43412	0.63860	54	43	79.6296
gene_MP014512	0.33402	0.99874	52	20	38.4615
gene_MP014592	0.33876	0.44735	48	25	52.0833
gene_MP014609	0.33402	0.99874	140	11	7.8571
gene_MP014617	0.33334	1.01363	1594	0	0.0000
gene_MP014628	0.35656	0.89877	140	0	0.0000
gene_MP014967	0.35957	0.90329	2386	120	5.0293
gene_MP014979	0.37163	0.78733	357	247	69.1877
gene_MP015065	0.34809	0.68119	58	37	63.7931
gene_MP015467	0.34910	0.87896	21	17	80.9524
gene_MP015527	0.34770	0.56090	96	57	59.3750
gene_MP015731	0.34785	0.75982	21	0	0.0000
gene_MP016001	0.36168	0.76666	85	33	38.8235
gene_MP016747	0.44798	0.65508	47	0	0.0000
gene_MP016817	0.41284	0.92829	71	0	0.0000
gene_MP016981	0.38723	0.78843	75	59	78.6667
gene_MP016985	0.39582	0.64979	376	268	71.2766
gene_MP016989	0.37123	0.86175	1402	0	0.0000
gene_MP017000	0.35285	0.87190	228	125	54.8246
gene_MP017018	0.33831	0.96123	2125	100	4.7059
gene_MP017134	0.34133	0.97942	533	15	2.8143
gene_MP017137	0.39518	1.45336	104	75	72.1154
gene_MP017139	0.38227	0.62253	130	81	62.3077
gene_MP017156	0.37687	0.92804	110	58	52.7273
gene_MP017167	0.38839	0.81646	140	0	0.0000
gene_MP017192	0.46376	0.80645	98	43	43.8776
gene_MP017204	0.36345	0.86329	514	0	0.0000
gene_MP017210	0.35237	0.76690	184	88	47.8261
gene_MP017214	0.34616	0.81008	744	140	18.8172
gene_MP017390	0.35556	0.66397	60	50	83.3333
gene_MP017501	0.38559	0.64315	119	63	52.9412
gene_MP017538	0.41826	0.91468	26	25	96.1538
gene_MP017753	0.59436	0.76577	62	0	0.0000
gene_MP018192	0.39630	0.87376	87	60	68.9655
gene_MP018199	0.36116	0.86372	133	0	0.0000
gene_MP018200	0.37442	0.88866	308	0	0.0000
gene_MP018240	0.39819	0.85615	33	27	81.8182
gene_MP018329	0.43502	0.60592	41	0	0.0000
gene_MP018443	0.36066	0.66477	67	47	70.1493
gene_MP018461	0.35952	0.75116	42	0	0.0000
gene_MP018587	0.34327	0.84583	299	186	62.2074
gene_MP018588	0.34572	0.73899	101	0	0.0000
gene_MP018621	0.39165	0.73435	149	67	44.9664
gene_MP018758	0.36305	0.75930	508	0	0.0000
gene_MP018832	0.34327	0.84583	185	86	46.4865
gene_MP019066	0.34414	0.75223	23	10	43.4783
gene_MP019096	0.34885	0.79704	43	0	0.0000
gene_MP019165	0.33878	0.76023	268	124	46.2687
gene_MP019169	0.35749	0.77009	20	7	35.0000
gene_MP019176	0.40475	0.69758	191	181	94.7644
gene_MP019177	0.35784	0.95933	2216	59	2.6625
gene_MP019181	0.34404	0.61071	73	6	8.2192
gene_MP000138	0.37479	0.71439	73	0	0.0000
gene_MP000158	0.33192	1.00601	3286	12	0.3652
gene_MP000163	0.42907	0.93180	37	21	56.7568
gene_MP000171	0.40254	0.66674	230	224	97.3913
gene_MP000183	0.36710	0.85840	427	336	78.6885
gene_MP000187	0.41071	0.72615	103	72	69.9029
gene_MP000232	0.37561	0.82993	524	382	72.9008
gene_MP000254	0.32765	0.86736	379	159	41.9525
gene_MP000283	0.39979	0.80069	277	223	80.5054
gene_MP000284	0.38368	0.65496	138	73	52.8986
gene_MP000293	0.36890	0.74717	70	44	62.8571
gene_MP000409	0.37719	0.98726	1142	11	0.9632
gene_MP000514	0.36468	0.89429	1876	133	7.0896
gene_MP000551	0.35961	0.71081	228	124	54.3860
gene_MP000686	0.40313	0.90949	233	207	88.8412
gene_MP000698	0.36528	0.71502	327	179	54.7401
gene_MP000834	0.39041	0.84448	161	0	0.0000
gene_MP000849	0.33260	0.93557	1331	21	1.5778
gene_MP001160	0.35144	0.82775	721	231	32.0388
gene_MP001162	0.33850	0.84432	588	87	14.7959
gene_MP001164	0.39107	0.79950	1593	427	26.8048
gene_MP001263	0.34618	0.88279	811	0	0.0000
gene_MP001521	0.41054	0.84949	39	36	92.3077
gene_MP001548	0.38098	0.70069	141	105	74.4681
gene_MP001558	0.36316	0.82062	54	0	0.0000
gene_MP001559	0.34078	0.35933	20	15	75.0000
gene_MP001583	0.34766	0.86892	530	0	0.0000
gene_MP001699	0.34024	0.67278	72	71	98.6111
gene_MP001731	0.35498	0.55319	22	16	72.7273
gene_MP001794	0.35551	0.73804	220	42	19.0909
gene_MP001801	0.34048	0.83268	669	0	0.0000
gene_MP001832	0.33480	0.92290	2545	107	4.2043
gene_MP001909	0.37223	0.59017	95	70	73.6842
gene_MP001914	0.41253	0.75020	290	229	78.9655
gene_MP001930	0.35329	0.63375	261	83	31.8008
gene_MP001934	0.35367	0.52882	49	36	73.4694
gene_MP001939	0.41306	0.53859	35	22	62.8571
gene_MP001955	0.38780	0.54765	43	37	86.0465
gene_MP001974	0.36538	0.88815	286	0	0.0000
gene_MP001981	0.37240	0.65849	123	83	67.4797
gene_MP001990	0.36531	0.52810	61	54	88.5246
gene_MP002102	0.41246	0.64255	39	28	71.7949
gene_MP002150	0.39066	0.78889	23	0	0.0000
gene_MP002210	0.40519	0.68408	28	0	0.0000
gene_MP002212	0.34366	0.63026	29	22	75.8621
gene_MP002233	0.47222	0.83049	60	35	58.3333
gene_MP002282	0.32813	0.91215	1944	0	0.0000
gene_MP002435	0.38384	0.80149	61	11	18.0328
gene_MP002473	0.34302	0.96618	4536	0	0.0000
gene_MP002482	0.36510	0.69566	115	84	73.0435
gene_MP002536	0.38168	0.82202	375	70	18.6667
gene_MP002541	0.38705	0.83425	52	40	76.9231
gene_MP002544	0.41173	0.63836	236	197	83.4746
gene_MP002696	0.39759	0.82410	32	15	46.8750
gene_MP002703	0.32659	0.73386	54	32	59.2593
gene_MP002705	0.39285	0.60576	185	153	82.7027
gene_MP002706	0.38690	0.84451	188	107	56.9149
gene_MP002714	0.37983	0.69625	124	96	77.4194
gene_MP002720	0.33352	0.95825	2702	0	0.0000
gene_MP002727	0.37417	1.21433	51	46	90.1961
gene_MP002779	0.36163	0.83147	127	95	74.8031
gene_MP002781	0.38829	0.86632	21	20	95.2381
gene_MP002782	0.39607	0.48801	28	24	85.7143
gene_MP002850	0.36533	0.63146	136	117	86.0294
gene_MP002862	0.35460	0.59372	54	0	0.0000
gene_MP002922	0.37024	0.68861	102	79	77.4510
gene_MP002938	0.39714	0.67369	102	29	28.4314
gene_MP003044	0.40849	0.52054	133	34	25.5639
gene_MP003055	0.35867	0.79537	234	3	1.2821
gene_MP003105	0.40250	0.64750	114	80	70.1754
gene_MP003155	0.37892	0.67624	206	145	70.3883
gene_MP003173	0.39169	0.80898	321	0	0.0000
gene_MP003250	0.40137	0.56560	112	78	69.6429
gene_MP003373	0.36870	0.64326	95	25	26.3158
gene_MP003428	0.40525	1.42832	160	129	80.6250
gene_MP003431	0.32583	0.47821	99	69	69.6970
gene_MP003432	0.42867	1.21443	82	69	84.1463
gene_MP003442	0.35359	0.98073	62	0	0.0000
gene_MP003455	0.38169	0.69709	69	52	75.3623
gene_MP003470	0.35704	1.03955	92	34	36.9565
gene_MP003481	0.37257	0.53339	101	93	92.0792
gene_MP003482	0.38902	0.99613	138	128	92.7536
gene_MP003495	0.38000	0.61351	93	65	69.8925
gene_MP003566	0.38539	0.76547	214	97	45.3271
gene_MP003691	0.44203	0.62727	21	8	38.0952
gene_MP003697	0.34785	0.99203	1452	0	0.0000
gene_MP003732	0.33740	0.68031	25	20	80.0000
gene_MP003735	0.36609	0.57209	56	44	78.5714
gene_MP003853	0.35826	0.48619	20	13	65.0000
gene_MP003860	0.39252	0.87242	114	84	73.6842
gene_MP003878	0.35246	0.93043	938	0	0.0000
gene_MP003909	0.36347	0.81894	206	167	81.0680
gene_MP003941	0.32517	0.64871	28	19	67.8571
gene_MP003944	0.43089	0.99576	37	16	43.2432
gene_MP003945	0.35578	0.72590	78	50	64.1026
gene_MP004012	0.36429	0.80338	349	154	44.1261
gene_MP004019	0.40359	0.77764	41	0	0.0000
gene_MP004021	0.31828	0.64739	324	174	53.7037
gene_MP004075	0.32246	1.06318	23	6	26.0870
gene_MP004076	0.33787	0.92004	353	58	16.4306
gene_MP004077	0.35268	0.62837	127	105	82.6772
gene_MP004105	0.35879	1.02043	501	0	0.0000
gene_MP004111	0.35359	0.98073	2596	0	0.0000
gene_MP004176	0.34224	0.87435	354	0	0.0000
gene_MP004200	0.36455	0.78767	311	66	21.2219
gene_MP004556	0.38818	0.47997	506	260	51.3834
gene_MP004575	0.35080	0.73713	227	81	35.6828
gene_MP004592	0.33320	0.75083	395	107	27.0886
gene_MP004597	0.34727	0.95507	1445	0	0.0000
gene_MP004727	0.39790	0.48947	35	34	97.1429
gene_MP004730	0.35971	0.51012	142	126	88.7324
gene_MP004762	0.33552	0.92012	550	1	0.1818
gene_MP004770	0.34434	0.64987	302	105	34.7682
gene_MP004786	0.38143	0.83853	530	429	80.9434
gene_MP004856	0.40585	0.57193	65	0	0.0000
gene_MP004952	0.35565	0.74266	37	0	0.0000
gene_MP005086	0.34861	0.82779	788	11	1.3959
gene_MP005255	0.38457	0.73925	198	23	11.6162
gene_MP005303	0.36584	0.88201	191	11	5.7592
gene_MP005333	0.38793	0.60920	65	0	0.0000
gene_MP005611	0.37926	0.85189	183	77	42.0765
gene_MP005625	0.35297	0.52316	65	57	87.6923
gene_MP005633	0.36703	0.91861	50	45	90.0000
gene_MP005685	0.37267	0.87964	298	218	73.1544
gene_MP005687	0.35018	0.96956	1907	132	6.9219
gene_MP005695	0.40906	0.84834	112	82	73.2143
gene_MP005702	0.41225	0.53222	24	0	0.0000
gene_MP005722	0.37378	0.80312	165	0	0.0000
gene_MP005756	0.38412	0.84409	398	225	56.5327
gene_MP005831	0.47748	0.63925	44	38	86.3636
gene_MP005843	0.44229	0.73888	279	272	97.4910
gene_MP005850	0.34023	0.96641	1913	252	13.1730
gene_MP005851	0.38594	0.72630	290	242	83.4483
gene_MP005904	0.37323	0.71030	231	141	61.0390
gene_MP005923	0.38371	0.59509	112	48	42.8571
gene_MP005926	0.38958	0.93399	23	13	56.5217
gene_MP005942	0.38345	0.98116	127	97	76.3780
gene_MP006052	0.41710	0.71534	167	0	0.0000
gene_MP006065	0.30715	0.82154	195	92	47.1795
gene_MP006077	0.34326	0.92198	4049	0	0.0000
gene_MP006098	0.35014	0.94725	1944	0	0.0000
gene_MP006289	0.40675	0.48730	86	20	23.2558
gene_MP006294	0.34826	0.63742	175	105	60.0000
gene_MP006441	0.34927	0.83038	170	20	11.7647
gene_MP006499	0.32345	0.41433	23	0	0.0000
gene_MP006659	0.35470	0.74567	38	17	44.7368
gene_MP006674	0.33791	0.89598	806	0	0.0000
gene_MP006678	0.35608	0.79794	160	125	78.1250
gene_MP006697	0.35354	0.64575	61	48	78.6885
gene_MP006705	0.34463	0.72804	782	225	28.7724
gene_MP006712	0.34180	0.97582	6917	0	0.0000
gene_MP006714	0.33245	0.88081	872	0	0.0000
gene_MP006773	0.35857	0.92829	1151	89	7.7324
gene_MP006780	0.32943	0.88652	350	0	0.0000
gene_MP006785	0.33173	0.98650	1313	0	0.0000
gene_MP006787	0.37162	0.92433	922	0	0.0000
gene_MP006795	0.34488	0.69767	100	88	88.0000
gene_MP006796	0.36334	0.76933	493	359	72.8195
gene_MP006799	0.37963	0.65212	38	17	44.7368
gene_MP006818	0.36865	0.94661	1809	10	0.5528
gene_MP006819	0.34887	0.85113	843	13	1.5421
gene_MP006830	0.35460	0.76873	439	1	0.2278
gene_MP006833	0.34130	0.98652	1610	0	0.0000
gene_MP006836	0.40307	0.63172	239	207	86.6109
gene_MP006837	0.32481	0.96044	2016	0	0.0000
gene_MP007019	0.39676	0.95172	445	231	51.9101
gene_MP007129	0.37787	0.69684	23	0	0.0000
gene_MP007965	0.37107	0.80309	82	67	81.7073
gene_MP008626	0.37560	0.53261	110	97	88.1818
gene_MP008627	0.35711	0.65832	185	119	64.3243
gene_MP008628	0.36640	0.79704	838	423	50.4773
gene_MP008633	0.33807	0.85964	379	18	4.7493
gene_MP008649	0.34185	0.66693	143	70	48.9510
gene_MP008700	0.38086	0.81734	228	183	80.2632
gene_MP008724	0.36408	0.70994	62	39	62.9032
gene_MP008790	0.37886	0.77112	422	0	0.0000
gene_MP008793	0.38212	0.49260	134	103	76.8657
gene_MP008977	0.33274	0.99734	3251	0	0.0000
gene_MP008983	0.37691	0.49200	130	110	84.6154
gene_MP008988	0.31948	1.13065	569	19	3.3392
gene_MP009073	0.39670	0.74755	131	47	35.8779
gene_MP009127	0.32867	1.04368	1354	0	0.0000
gene_MP009131	0.37932	0.74096	260	186	71.5385
gene_MP009166	0.37283	0.84041	287	246	85.7143
gene_MP009188	0.38273	0.76497	327	92	28.1346
gene_MP009201	0.35864	0.89646	112	0	0.0000
gene_MP009253	0.40309	0.85402	92	68	73.9130
gene_MP009273	0.31118	0.88076	41	20	48.7805
gene_MP009309	0.40183	0.68251	867	804	92.7336
gene_MP009373	0.44075	0.67877	24	0	0.0000
gene_MP010404	0.39708	0.71351	129	60	46.5116
gene_MP010431	0.39585	0.84051	84	40	47.6190
gene_MP010468	0.39415	0.73329	772	526	68.1347
gene_MP010516	0.41474	0.57162	68	0	0.0000
gene_MP010668	0.37616	0.58242	75	59	78.6667
gene_MP010746	0.38300	0.67724	78	60	76.9231
gene_MP010753	0.42664	0.74042	62	56	90.3226
gene_MP010776	0.38522	0.86084	93	58	62.3656
gene_MP010879	0.39530	0.59532	45	35	77.7778
gene_MP010902	0.31502	0.69802	42	23	54.7619
gene_MP010944	0.34762	0.78582	266	66	24.8120
gene_MP010964	0.31107	0.86331	173	73	42.1965
gene_MP010971	0.32288	0.96069	143	0	0.0000
gene_MP011126	0.35153	0.90209	95	0	0.0000
gene_MP011132	0.36601	0.91522	166	0	0.0000
gene_MP011236	0.36068	0.89762	237	169	71.3080
gene_MP011278	0.41609	0.82750	31	31	100.0000
gene_MP011657	0.36024	0.99091	64	44	68.7500
gene_MP011661	0.40775	0.53130	21	9	42.8571
gene_MP011668	0.34272	0.91846	249	0	0.0000
gene_MP011695	0.36080	0.89900	272	165	60.6618
gene_MP011698	0.34584	1.00500	2136	8	0.3745
gene_MP011700	0.32257	0.74852	44	24	54.5455
gene_MP011701	0.37199	0.62023	127	77	60.6299
gene_MP011707	0.34964	0.99635	2080	1	0.0481
gene_MP011709	0.37268	1.00746	129	0	0.0000
gene_MP011826	0.38548	0.53585	37	16	43.2432
gene_MP011913	0.38262	0.61291	32	23	71.8750
gene_MP011914	0.38221	0.58281	25	8	32.0000
gene_MP011916	0.41753	0.40252	61	26	42.6230
gene_MP011917	0.34019	0.66561	29	10	34.4828
gene_MP012026	0.39765	0.65854	74	37	50.0000
gene_MP012125	0.36322	0.73830	68	54	79.4118
gene_MP012128	0.35466	0.73718	50	31	62.0000
gene_MP012253	0.41450	0.69281	88	63	71.5909
gene_MP012260	0.37336	0.87175	508	221	43.5039
gene_MP012443	0.32894	0.86063	196	0	0.0000
gene_MP012459	0.37004	0.65794	51	28	54.9020
gene_MP012503	0.36264	0.75518	61	28	45.9016
gene_MP012608	0.33390	0.66186	303	154	50.8251
gene_MP012613	0.39141	0.65750	182	91	50.0000
gene_MP012649	0.38923	0.80684	138	99	71.7391
gene_MP012654	0.37548	0.75925	34	31	91.1765
gene_MP012761	0.37151	0.65744	240	142	59.1667
gene_MP012804	0.35319	0.61004	105	53	50.4762
gene_MP012856	0.36040	0.94238	421	0	0.0000
gene_MP012870	0.41374	0.69018	22	9	40.9091
gene_MP012879	0.38374	0.75479	27	0	0.0000
gene_MP012883	0.34635	0.57903	90	35	38.8889
gene_MP012909	0.39252	0.79082	114	0	0.0000
gene_MP012977	0.37252	0.78248	110	98	89.0909
gene_MP012978	0.36897	0.76662	20	8	40.0000
gene_MP012981	0.36021	0.88149	467	289	61.8844
gene_MP013132	0.38474	0.54138	24	16	66.6667
gene_MP013136	0.35770	0.84725	231	166	71.8615
gene_MP013168	0.36954	0.76911	215	144	66.9767
gene_MP013172	0.40376	0.78227	378	0	0.0000
gene_MP013177	0.37576	0.73184	55	21	38.1818
gene_MP013233	0.34695	0.98920	1519	1	0.0658
gene_MP013235	0.32963	0.92493	521	22	4.2226
gene_MP013246	0.32678	0.91023	581	84	14.4578
gene_MP013248	0.36907	0.90209	330	0	0.0000
gene_MP013249	0.39796	0.69172	91	65	71.4286
gene_MP013279	0.38419	0.79512	359	172	47.9109
gene_MP013284	0.37027	0.94285	212	44	20.7547
gene_MP013288	0.36556	0.69427	50	32	64.0000
gene_MP013341	0.39150	0.57344	103	80	77.6699
gene_MP013356	0.36051	0.53809	45	26	57.7778
gene_MP013357	0.38005	0.58826	75	53	70.6667
gene_MP013418	0.34867	0.89865	600	0	0.0000
gene_MP013422	0.36075	0.96625	4292	0	0.0000
gene_MP013795	0.34574	0.87976	471	245	52.0170
gene_MP013796	0.43720	0.47415	120	39	32.5000
gene_MP013798	0.32873	0.96811	950	0	0.0000
gene_MP013803	0.36077	0.89548	522	0	0.0000
gene_MP013826	0.37670	0.61775	103	0	0.0000
gene_MP013829	0.35532	0.53571	81	37	45.6790
gene_MP013834	0.42148	0.81076	58	0	0.0000
gene_MP013948	0.34872	0.95812	1548	0	0.0000
gene_MP013949	0.35815	0.85334	539	1	0.1855
gene_MP013955	0.42282	0.71701	39	24	61.5385
gene_MP014013	0.41983	0.52440	56	54	96.4286
gene_MP014060	0.35165	0.77490	144	94	65.2778
gene_MP014296	0.38325	0.65116	24	23	95.8333
gene_MP014297	0.35684	0.95894	427	378	88.5246
gene_MP014300	0.33054	1.07719	3349	0	0.0000
gene_MP014302	0.33054	1.07719	2290	71	3.1004
gene_MP014393	0.34574	0.87976	172	0	0.0000
gene_MP014416	0.34623	0.69942	75	45	60.0000
gene_MP014426	0.33164	0.66249	43	28	65.1163
gene_MP014474	0.34749	0.90785	34	0	0.0000
gene_MP014495	0.43571	0.74558	44	25	56.8182
gene_MP014496	0.34418	0.99684	1122	6	0.5348
gene_MP014587	0.38510	0.85125	1054	350	33.2068
gene_MP014645	0.44470	0.71896	46	0	0.0000
gene_MP014776	0.33781	0.97403	622	0	0.0000
gene_MP014865	0.31757	0.67256	29	2	6.8966
gene_MP014873	0.33781	0.97403	2352	9	0.3827
gene_MP015030	0.35370	0.76965	34	27	79.4118
gene_MP015034	0.38022	0.77575	61	47	77.0492
gene_MP015071	0.46558	0.48523	24	23	95.8333
gene_MP015090	0.34725	0.53469	59	29	49.1525
gene_MP015138	0.35753	0.73757	870	0	0.0000
gene_MP015198	0.32071	1.02369	187	0	0.0000
gene_MP015216	0.33957	0.98708	3773	0	0.0000
gene_MP015233	0.34719	1.01211	1343	1	0.0745
gene_MP015260	0.36357	0.90184	1389	0	0.0000
gene_MP015464	0.40434	1.09535	95	84	88.4211
gene_MP015466	0.41753	0.40252	69	37	53.6232
gene_MP015683	0.46213	0.48208	136	110	80.8824
gene_MP015688	0.34719	1.01211	243	0	0.0000
gene_MP015717	0.34471	0.90905	1226	0	0.0000
gene_MP015833	0.34072	1.03496	186	0	0.0000
gene_MP015836	0.37362	0.66409	201	0	0.0000
gene_MP015838	0.34750	0.95366	2016	0	0.0000
gene_MP015850	0.34650	0.76645	185	33	17.8378
gene_MP015858	0.34957	0.69264	50	0	0.0000
gene_MP015874	0.46225	0.74739	23	0	0.0000
gene_MP015893	0.35263	0.61862	135	82	60.7407
gene_MP015895	0.37989	0.91639	232	155	66.8103
gene_MP015914	0.39962	0.71663	74	21	28.3784
gene_MP015921	0.39364	0.63818	163	79	48.4663
gene_MP015924	0.36902	0.71336	34	15	44.1176
gene_MP015965	0.41363	0.61710	164	157	95.7317
gene_MP016430	0.43574	0.89733	40	0	0.0000
gene_MP016574	0.45995	1.42135	58	0	0.0000
gene_MP016576	0.46094	1.45008	28	0	0.0000
gene_MP016708	0.38126	0.69488	22	0	0.0000
gene_MP017387	0.64312	0.82456	47	0	0.0000
gene_MP017402	0.43619	1.24541	31	0	0.0000
gene_MP017547	0.36948	0.58561	119	70	58.8235
gene_MP017549	0.32685	0.60591	135	27	20.0000
gene_MP017551	0.39028	0.44702	21	14	66.6667
gene_MP017552	0.35451	0.92064	1093	208	19.0302
gene_MP017642	0.39042	0.68738	141	127	90.0709
gene_MP017649	0.42569	0.64910	35	0	0.0000
gene_MP017752	0.34059	0.69283	238	98	41.1765
gene_MP017766	0.38277	0.60074	94	74	78.7234
gene_MP017957	0.38134	0.77678	118	99	83.8983
gene_MP018052	0.40514	0.87264	45	30	66.6667
gene_MP018219	0.32780	0.86187	746	0	0.0000
gene_MP018239	0.34391	0.91122	75	0	0.0000
gene_MP018702	0.36456	0.88293	29	8	27.5862
gene_MP019240	0.33913	0.81260	104	40	38.4615
gene_MP000036	0.32987	0.83202	421	224	53.2067
gene_MP000061	0.35095	0.64702	132	0	0.0000
gene_MP000152	0.39588	0.57204	75	0	0.0000
gene_MP000153	0.37216	0.88176	49	0	0.0000
gene_MP000363	0.39769	0.74142	90	53	58.8889
gene_MP000460	0.35196	0.91827	1223	0	0.0000
gene_MP001627	0.38255	0.79500	69	46	66.6667
gene_MP001659	0.35083	1.41449	50	27	54.0000
gene_MP001782	0.37805	0.77539	112	0	0.0000
gene_MP001940	0.39375	0.63408	103	0	0.0000
gene_MP001968	0.38392	0.73983	264	128	48.4848
gene_MP001979	0.37479	0.74435	84	61	72.6190
gene_MP002203	0.38280	0.59173	34	22	64.7059
gene_MP002469	0.34558	0.97933	2611	410	15.7028
gene_MP002554	0.38502	0.77046	293	180	61.4334
gene_MP002572	0.39548	0.62848	36	25	69.4444
gene_MP002584	0.35263	0.99048	815	181	22.2086
gene_MP002754	0.38251	0.77428	29	12	41.3793
gene_MP002758	0.36195	0.75113	49	25	51.0204
gene_MP002760	0.35527	0.88111	1213	139	11.4592
gene_MP002793	0.38022	0.77239	137	0	0.0000
gene_MP002861	0.38333	0.71812	82	65	79.2683
gene_MP002913	0.35319	0.95072	578	0	0.0000
gene_MP002923	0.37712	0.80171	128	63	49.2188
gene_MP002939	0.38667	0.87638	166	0	0.0000
gene_MP003096	0.36656	0.88980	689	0	0.0000
gene_MP003143	0.36198	0.78717	941	0	0.0000
gene_MP003191	0.36249	0.78901	84	0	0.0000
gene_MP003264	0.45838	0.64918	154	118	76.6234
gene_MP003404	0.42102	0.73306	53	0	0.0000
gene_MP003447	0.38125	0.75611	31	13	41.9355
gene_MP003543	0.39671	0.67059	53	31	58.4906
gene_MP003639	0.42114	0.82517	45	0	0.0000
gene_MP003643	0.42462	0.72826	74	47	63.5135
gene_MP003807	0.38137	0.58788	21	13	61.9048
gene_MP003856	0.38758	1.10295	58	29	50.0000
gene_MP003947	0.40322	0.75708	425	337	79.2941
gene_MP003951	0.35803	0.91584	854	0	0.0000
gene_MP004047	0.35239	0.96042	1646	0	0.0000
gene_MP004059	0.37323	0.83143	435	0	0.0000
gene_MP004102	0.39892	0.74266	594	305	51.3468
gene_MP004117	0.41215	0.88830	158	116	73.4177
gene_MP004146	0.43859	0.70210	194	0	0.0000
gene_MP004175	0.39912	0.72649	415	130	31.3253
gene_MP004222	0.34474	1.47002	33	17	51.5152
gene_MP004623	0.35694	0.95817	5674	0	0.0000
gene_MP004635	0.42070	0.79040	89	1	1.1236
gene_MP004709	0.36287	0.91017	969	0	0.0000
gene_MP004715	0.34815	0.89192	1119	193	17.2475
gene_MP004790	0.37918	0.64139	37	0	0.0000
gene_MP004863	0.34648	0.90583	1910	0	0.0000
gene_MP004921	0.36837	0.72339	245	111	45.3061
gene_MP005191	0.38861	0.65372	222	15	6.7568
gene_MP005209	0.35569	0.90693	284	36	12.6761
gene_MP005276	0.39063	0.89493	273	179	65.5678
gene_MP005284	0.36531	0.85317	178	133	74.7191
gene_MP005285	0.38861	0.65372	169	1	0.5917
gene_MP005379	0.37170	0.58684	51	0	0.0000
gene_MP005576	0.34263	0.95385	675	0	0.0000
gene_MP005940	0.41663	0.81985	83	0	0.0000
gene_MP006084	0.39653	0.80617	116	82	70.6897
gene_MP006093	0.39874	0.74642	34	26	76.4706
gene_MP006238	0.44076	0.90209	58	0	0.0000
gene_MP006430	0.35084	0.93894	3067	0	0.0000
gene_MP007153	0.35843	0.93198	2699	2	0.0741
gene_MP007731	0.45071	0.69600	91	0	0.0000
gene_MP008201	0.37388	0.72311	675	0	0.0000
gene_MP008220	0.36651	0.85848	1135	0	0.0000
gene_MP008224	0.36270	0.93961	564	321	56.9149
gene_MP008267	0.38261	0.64279	108	87	80.5556
gene_MP008327	0.38831	0.63471	169	72	42.6036
gene_MP008398	0.34809	0.94541	734	0	0.0000
gene_MP008443	0.46053	1.25901	76	35	46.0526
gene_MP008483	0.36502	1.00362	152	136	89.4737
gene_MP009819	0.39494	0.79273	170	123	72.3529
gene_MP009942	0.35462	0.87135	1343	0	0.0000
gene_MP009993	0.42080	0.89625	97	0	0.0000
gene_MP010031	0.39099	0.60682	388	199	51.2887
gene_MP010182	0.39011	0.69442	35	19	54.2857
gene_MP010347	0.37790	0.88434	817	1	0.1224
gene_MP010409	0.37534	0.81573	209	149	71.2919
gene_MP010415	0.36852	0.78604	232	0	0.0000
gene_MP010466	0.37581	0.98918	1070	293	27.3832
gene_MP010482	0.38123	0.92375	357	291	81.5126
gene_MP010767	0.35711	0.88498	462	306	66.2338
gene_MP011002	0.41687	0.69264	49	0	0.0000
gene_MP011260	0.47443	0.80221	25	0	0.0000
gene_MP011317	0.35005	0.96843	30	0	0.0000
gene_MP011401	0.55873	0.49843	49	0	0.0000
gene_MP011433	0.47619	1.04074	105	105	100.0000
gene_MP011767	0.40722	0.91201	66	48	72.7273
gene_MP011787	0.40238	0.63375	132	70	53.0303
gene_MP011957	0.35257	0.95044	200	0	0.0000
gene_MP011961	0.40331	1.04673	828	129	15.5797
gene_MP011967	0.39016	0.84162	224	141	62.9464
gene_MP011968	0.38819	0.89957	366	0	0.0000
gene_MP012016	0.35135	0.67990	100	88	88.0000
gene_MP012092	0.38563	0.74816	61	48	78.6885
gene_MP012132	0.34583	0.78354	313	252	80.5112
gene_MP012317	0.38838	0.82491	125	0	0.0000
gene_MP012318	0.40936	0.81628	102	0	0.0000
gene_MP012410	0.39710	0.76242	140	133	95.0000
gene_MP012426	0.44667	1.13430	25	0	0.0000
gene_MP012618	0.51864	0.59368	21	0	0.0000
gene_MP012635	0.37391	0.89042	1598	171	10.7009
gene_MP012786	0.46197	0.59978	34	0	0.0000
gene_MP012904	0.38139	0.69124	299	0	0.0000
gene_MP012976	0.36149	0.93094	1439	0	0.0000
gene_MP013196	0.36122	0.93735	173	0	0.0000
gene_MP013305	0.54876	0.71596	60	0	0.0000
gene_MP013319	0.35126	0.96919	1374	0	0.0000
gene_MP013374	0.35436	0.93246	130	0	0.0000
gene_MP013399	0.36405	0.70582	541	487	90.0185
gene_MP013630	0.36232	0.87200	304	5	1.6447
gene_MP013765	0.34430	0.97604	32	8	25.0000
gene_MP013870	0.36875	0.94256	582	0	0.0000
gene_MP013899	0.36485	0.74262	197	0	0.0000
gene_MP013902	0.38717	0.84091	464	73	15.7328
gene_MP013905	0.38652	0.77421	35	0	0.0000
gene_MP013912	0.40918	0.69285	157	137	87.2611
gene_MP013913	0.37296	1.17949	98	83	84.6939
gene_MP013937	0.36559	0.93042	2701	0	0.0000
gene_MP013940	0.36783	0.87194	832	0	0.0000
gene_MP013966	0.37351	0.69589	190	94	49.4737
gene_MP014032	0.36536	0.97574	2740	0	0.0000
gene_MP014209	0.36232	0.87200	76	0	0.0000
gene_MP014367	0.37826	0.56023	52	24	46.1538
gene_MP014378	0.40978	0.74414	218	141	64.6789
gene_MP014478	0.35734	0.93060	168	115	68.4524
gene_MP014546	0.38389	0.72362	145	132	91.0345
gene_MP014837	0.37310	0.85313	826	116	14.0436
gene_MP015024	0.36053	1.00288	4132	0	0.0000
gene_MP015275	0.38064	0.74731	482	333	69.0871
gene_MP015294	0.43087	0.72624	77	71	92.2078
gene_MP015534	0.40000	0.72155	29	0	0.0000
gene_MP015736	0.34785	0.75982	37	0	0.0000
gene_MP015744	0.36529	0.88197	697	13	1.8651
gene_MP015793	0.35917	0.80020	31	0	0.0000
gene_MP016136	0.35943	0.85122	164	14	8.5366
gene_MP016410	0.44710	0.83017	57	0	0.0000
gene_MP016570	0.45995	1.44499	29	0	0.0000
gene_MP016907	0.38493	0.93171	90	0	0.0000
gene_MP016973	0.39545	0.77647	20	0	0.0000
gene_MP016975	0.39545	0.77601	20	0	0.0000
gene_MP017161	0.40978	0.63435	148	135	91.2162
gene_MP017162	0.44952	0.52802	28	0	0.0000
gene_MP017169	0.37867	0.80700	129	55	42.6357
gene_MP017179	0.37672	0.70690	124	49	39.5161
gene_MP017230	0.35063	0.86332	99	31	31.3131
gene_MP017287	0.35636	0.85507	3131	245	7.8250
gene_MP017297	0.37867	0.80700	577	294	50.9532
gene_MP017344	0.35611	0.94984	3781	2	0.0529
gene_MP017416	0.45003	0.81724	61	0	0.0000
gene_MP017419	0.38685	0.86501	682	373	54.6921
gene_MP017519	0.43561	1.20219	30	0	0.0000
gene_MP017893	0.53428	0.81521	49	0	0.0000
gene_MP017903	0.53191	0.82250	42	1	2.3810
gene_MP017905	0.53310	0.81909	49	0	0.0000
gene_MP018286	0.35950	0.79630	23	0	0.0000
gene_MP018680	0.37853	0.78820	131	90	68.7023
gene_MP018797	0.41153	0.77266	23	4	17.3913
gene_MP018918	0.41733	0.61187	538	385	71.5613
gene_MP018984	0.45866	1.45276	59	0	0.0000
gene_MP019003	0.41153	0.77266	72	52	72.2222
gene_MP019114	0.33558	0.99310	1171	1	0.0854
gene_MP019120	0.40486	0.72851	505	478	94.6535
gene_MP019130	0.37772	0.66426	26	10	38.4615
gene_MP019131	0.37745	0.69421	43	30	69.7674
gene_MP019135	0.37027	0.96833	4799	58	1.2086
gene_MP019166	0.37745	0.69421	111	37	33.3333
gene_MP019191	0.38627	0.69747	77	0	0.0000
gene_MP000039	0.40068	0.60650	115	0	0.0000
gene_MP000208	0.39971	0.60554	99	61	61.6162
gene_MP000210	0.38342	0.72563	409	235	57.4572
gene_MP000225	0.38304	0.79965	159	0	0.0000
gene_MP000226	0.36087	0.92907	1243	190	15.2856
gene_MP000266	0.37870	0.57978	44	35	79.5455
gene_MP000287	0.39171	1.00517	31	25	80.6452
gene_MP000341	0.37160	0.73716	131	109	83.2061
gene_MP000396	0.38243	0.85940	722	633	87.6731
gene_MP000408	0.38968	0.75332	138	101	73.1884
gene_MP000658	0.37741	0.69626	702	607	86.4672
gene_MP000664	0.35525	0.87583	856	0	0.0000
gene_MP000974	0.36601	0.55431	123	66	53.6585
gene_MP000984	0.38083	0.57359	248	109	43.9516
gene_MP000992	0.37152	0.80799	585	413	70.5983
gene_MP000993	0.38862	0.98874	231	204	88.3117
gene_MP001006	0.35789	0.93688	1171	0	0.0000
gene_MP001011	0.36489	0.77498	396	203	51.2626
gene_MP001264	0.39832	0.82237	763	672	88.0734
gene_MP001510	0.39348	0.67341	249	221	88.7550
gene_MP001570	0.40648	0.62984	121	110	90.9091
gene_MP001586	0.37608	0.69120	127	104	81.8898
gene_MP001601	0.33800	0.69402	55	39	70.9091
gene_MP001617	0.39823	0.58810	30	23	76.6667
gene_MP001652	0.36362	0.82713	81	63	77.7778
gene_MP001660	0.38075	0.91779	101	77	76.2376
gene_MP001661	0.36830	0.93701	1375	82	5.9636
gene_MP001696	0.35496	0.87503	141	78	55.3191
gene_MP001883	0.38362	0.74748	129	58	44.9612
gene_MP001899	0.39480	0.84940	23	11	47.8261
gene_MP001900	0.36697	0.82451	337	203	60.2374
gene_MP001917	0.37981	0.94150	345	85	24.6377
gene_MP001926	0.35906	0.97647	496	260	52.4194
gene_MP002055	0.38314	0.53244	20	9	45.0000
gene_MP002064	0.34965	0.96275	888	0	0.0000
gene_MP002162	0.38594	0.88817	515	0	0.0000
gene_MP002182	0.35057	0.73889	123	75	60.9756
gene_MP002191	0.36396	0.70235	123	55	44.7154
gene_MP002200	0.37138	0.87261	321	212	66.0436
gene_MP002205	0.43640	0.80732	196	102	52.0408
gene_MP002214	0.43004	0.71042	22	21	95.4545
gene_MP002219	0.41219	0.76473	104	83	79.8077
gene_MP002248	0.36542	0.89978	733	0	0.0000
gene_MP002254	0.43224	0.79036	89	84	94.3820
gene_MP002259	0.36923	0.72871	90	75	83.3333
gene_MP002380	0.40334	0.79960	348	253	72.7011
gene_MP002384	0.36227	0.83935	310	0	0.0000
gene_MP002438	0.36973	0.81186	79	56	70.8861
gene_MP002515	0.38219	0.82672	520	386	74.2308
gene_MP002538	0.40173	0.57785	86	28	32.5581
gene_MP002545	0.37064	0.77658	58	34	58.6207
gene_MP002548	0.36774	0.70870	79	0	0.0000
gene_MP002552	0.36284	0.81488	195	141	72.3077
gene_MP002567	0.39994	0.72636	97	63	64.9485
gene_MP002614	0.38099	0.71504	63	36	57.1429
gene_MP002617	0.36596	0.96149	140	90	64.2857
gene_MP002804	0.37565	0.71325	52	50	96.1538
gene_MP002846	0.38398	0.77844	152	0	0.0000
gene_MP002849	0.35449	0.90547	134	95	70.8955
gene_MP002851	0.42746	0.73588	137	112	81.7518
gene_MP002879	0.37953	0.71598	71	55	77.4648
gene_MP002904	0.37687	1.14708	29	27	93.1034
gene_MP002914	0.38641	0.88487	141	88	62.4113
gene_MP002992	0.40714	0.94451	68	49	72.0588
gene_MP003007	0.38288	0.99387	36	0	0.0000
gene_MP003085	0.36588	0.79280	291	245	84.1924
gene_MP003111	0.38442	0.80919	81	41	50.6173
gene_MP003174	0.36709	0.88807	1357	327	24.0973
gene_MP003220	0.35470	0.72604	907	487	53.6935
gene_MP003227	0.44842	1.18291	109	77	70.6422
gene_MP003325	0.39786	0.68406	86	68	79.0698
gene_MP003339	0.40747	1.31129	157	130	82.8025
gene_MP003343	0.39244	0.75578	207	141	68.1159
gene_MP003368	0.35108	0.67625	150	105	70.0000
gene_MP003372	0.34539	0.66708	33	12	36.3636
gene_MP003440	0.37108	0.91550	225	0	0.0000
gene_MP003441	0.38586	0.98613	121	91	75.2066
gene_MP003573	0.39778	0.74237	315	90	28.5714
gene_MP003587	0.44300	0.87228	117	73	62.3932
gene_MP003609	0.37100	0.86598	144	81	56.2500
gene_MP003620	0.38328	0.83300	558	353	63.2616
gene_MP003623	0.37758	0.73219	551	230	41.7423
gene_MP003624	0.36512	0.89339	34	18	52.9412
gene_MP003682	0.39946	1.07980	31	3	9.6774
gene_MP003684	0.35561	0.64261	224	0	0.0000
gene_MP003692	0.41225	1.54979	104	91	87.5000
gene_MP003703	0.41822	0.73046	479	369	77.0355
gene_MP003956	0.38103	0.85054	217	127	58.5253
gene_MP004034	0.40966	1.22605	105	71	67.6190
gene_MP004339	0.37434	0.70024	68	45	66.1765
gene_MP004344	0.37262	0.94423	290	0	0.0000
gene_MP004349	0.39174	0.78721	220	90	40.9091
gene_MP004350	0.39604	0.76514	354	288	81.3559
gene_MP004355	0.38660	0.84427	110	80	72.7273
gene_MP004356	0.40093	0.65997	388	322	82.9897
gene_MP004364	0.39087	0.75692	485	403	83.0928
gene_MP004369	0.37136	0.74117	406	289	71.1823
gene_MP004371	0.40536	1.52510	81	72	88.8889
gene_MP004375	0.35542	0.91908	1383	0	0.0000
gene_MP004639	0.36034	0.94956	1985	228	11.4861
gene_MP004649	0.34198	0.83514	420	383	91.1905
gene_MP004685	0.38952	0.76732	739	431	58.3221
gene_MP004703	0.37360	0.79959	665	6	0.9023
gene_MP005022	0.35234	0.77865	420	307	73.0952
gene_MP005037	0.36227	0.76422	190	0	0.0000
gene_MP005119	0.35498	0.98091	2108	0	0.0000
gene_MP005247	0.33537	1.05495	8448	0	0.0000
gene_MP005518	0.40303	0.74355	686	259	37.7551
gene_MP005628	0.37899	0.90339	286	165	57.6923
gene_MP005651	0.40747	0.64848	78	59	75.6410
gene_MP005778	0.38003	0.80556	333	6	1.8018
gene_MP005922	0.35851	0.87331	23	0	0.0000
gene_MP006149	0.40273	0.92615	33	31	93.9394
gene_MP006269	0.40111	0.68869	50	44	88.0000
gene_MP006277	0.38589	0.75398	257	90	35.0195
gene_MP006290	0.35398	1.00227	3105	14	0.4509
gene_MP006410	0.37333	0.96219	375	0	0.0000
gene_MP006513	0.36222	0.88755	221	85	38.4615
gene_MP006862	0.36488	0.96283	1593	380	23.8544
gene_MP007321	0.39171	0.76381	296	186	62.8378
gene_MP007379	0.36350	0.95382	2896	124	4.2818
gene_MP007387	0.36141	0.98307	1985	0	0.0000
gene_MP007392	0.37776	0.77634	369	258	69.9187
gene_MP007409	0.37934	0.76066	494	300	60.7287
gene_MP007414	0.37972	0.73655	405	256	63.2099
gene_MP007424	0.39542	0.40386	20	10	50.0000
gene_MP007433	0.40000	0.52136	25	5	20.0000
gene_MP007452	0.37368	0.92860	1850	4	0.2162
gene_MP007484	0.36333	0.83429	235	0	0.0000
gene_MP007497	0.35517	0.96965	671	0	0.0000
gene_MP007499	0.39658	0.71825	145	136	93.7931
gene_MP007536	0.39640	1.11594	113	89	78.7611
gene_MP007537	0.38266	0.61398	297	280	94.2761
gene_MP007580	0.37598	0.91049	3903	99	2.5365
gene_MP007595	0.39625	0.61575	59	0	0.0000
gene_MP007618	0.36843	0.73557	280	190	67.8571
gene_MP007631	0.36845	0.56571	221	0	0.0000
gene_MP007640	0.35941	0.96757	547	0	0.0000
gene_MP007648	0.41819	0.80215	234	209	89.3162
gene_MP007654	0.29922	0.85333	22	13	59.0909
gene_MP008195	0.37403	0.87638	21	0	0.0000
gene_MP008596	0.32021	0.64903	53	0	0.0000
gene_MP008619	0.35099	0.73974	232	0	0.0000
gene_MP009005	0.39210	0.75904	1139	286	25.1097
gene_MP009053	0.39252	0.75814	69	13	18.8406
gene_MP009161	0.36374	0.87475	1292	0	0.0000
gene_MP009167	0.45854	0.71030	59	20	33.8983
gene_MP009178	0.39635	0.81785	421	351	83.3729
gene_MP009196	0.38529	0.79333	1319	222	16.8309
gene_MP009199	0.43516	0.67933	473	230	48.6258
gene_MP009205	0.36374	0.87475	4910	0	0.0000
gene_MP009249	0.39408	0.76277	58	46	79.3103
gene_MP009319	0.38191	0.58768	293	202	68.9420
gene_MP009493	0.40535	0.79866	60	0	0.0000
gene_MP009730	0.35233	0.97939	2589	0	0.0000
gene_MP009755	0.35124	0.98111	985	0	0.0000
gene_MP009768	0.35902	0.93820	911	0	0.0000
gene_MP009782	0.35124	0.98111	4625	0	0.0000
gene_MP009871	0.36050	0.65157	94	55	58.5106
gene_MP009882	0.36345	0.88896	2863	478	16.6958
gene_MP009968	0.38520	0.72096	881	362	41.0897
gene_MP009970	0.39380	0.72971	517	471	91.1025
gene_MP010522	0.47101	0.99454	38	13	34.2105
gene_MP010554	0.60597	0.64462	55	0	0.0000
gene_MP010686	0.39192	0.76032	336	0	0.0000
gene_MP010859	0.39152	0.67145	102	0	0.0000
gene_MP010862	0.36343	0.88235	50	39	78.0000
gene_MP010877	0.38854	0.73900	70	45	64.2857
gene_MP010895	0.37018	0.93204	740	75	10.1351
gene_MP010955	0.36900	0.80791	78	37	47.4359
gene_MP010956	0.36736	0.84657	188	91	48.4043
gene_MP011003	0.35926	0.90802	84	26	30.9524
gene_MP011103	0.37220	0.78217	111	0	0.0000
gene_MP011118	0.38973	0.56401	54	0	0.0000
gene_MP011139	0.41730	0.63952	81	56	69.1358
gene_MP011187	0.33891	0.81929	272	171	62.8676
gene_MP011189	0.35415	0.92478	1268	223	17.5868
gene_MP011208	0.38760	0.85991	271	151	55.7196
gene_MP011233	0.34496	0.80696	40	0	0.0000
gene_MP011258	0.38305	0.98995	300	112	37.3333
gene_MP011403	0.41005	0.88046	143	0	0.0000
gene_MP011412	0.36914	0.84040	97	0	0.0000
gene_MP011439	0.36873	0.87957	62	30	48.3871
gene_MP011450	0.35911	0.64087	30	10	33.3333
gene_MP011455	0.39736	0.70754	237	171	72.1519
gene_MP011464	0.37535	0.54641	180	144	80.0000
gene_MP011471	0.36334	0.96535	657	20	3.0441
gene_MP011474	0.34586	0.66034	52	35	67.3077
gene_MP011488	0.35717	0.57360	36	16	44.4444
gene_MP011529	0.37251	0.80394	42	19	45.2381
gene_MP011565	0.36310	0.72005	207	0	0.0000
gene_MP011606	0.36245	0.72378	238	134	56.3025
gene_MP011736	0.42179	1.00227	34	0	0.0000
gene_MP011749	0.46163	0.96216	21	0	0.0000
gene_MP011755	0.42898	0.75879	209	177	84.6890
gene_MP011761	0.34933	0.98646	1183	0	0.0000
gene_MP011788	0.36555	0.86144	33	0	0.0000
gene_MP011794	0.40066	0.84815	141	118	83.6879
gene_MP011858	0.37356	0.82418	196	81	41.3265
gene_MP011934	0.38691	0.76137	332	191	57.5301
gene_MP011937	0.41264	0.78496	74	50	67.5676
gene_MP011993	0.45710	0.92093	62	39	62.9032
gene_MP012043	0.38822	0.73844	77	32	41.5584
gene_MP012059	0.42666	0.87060	65	62	95.3846
gene_MP012212	0.40156	0.78480	105	89	84.7619
gene_MP012255	0.40276	0.95056	94	82	87.2340
gene_MP012425	0.36059	1.03794	1312	1	0.0762
gene_MP012650	0.36238	0.88014	91	0	0.0000
gene_MP012689	0.38983	0.78481	316	145	45.8861
gene_MP012712	0.35554	0.81730	150	59	39.3333
gene_MP012720	0.35989	0.94845	106	62	58.4906
gene_MP012727	0.43144	0.87466	33	11	33.3333
gene_MP012745	0.37049	0.80016	131	89	67.9389
gene_MP012759	0.39691	0.71329	150	89	59.3333
gene_MP012796	0.40043	0.55806	60	11	18.3333
gene_MP012801	0.37407	0.86623	91	51	56.0440
gene_MP012807	0.43883	0.81024	88	69	78.4091
gene_MP012983	0.41140	0.61101	121	103	85.1240
gene_MP013094	0.41047	1.24265	95	70	73.6842
gene_MP013099	0.36695	0.90167	79	47	59.4937
gene_MP013116	0.39734	0.90052	112	81	72.3214
gene_MP013117	0.38215	0.73487	159	64	40.2516
gene_MP013294	0.38022	0.77032	149	0	0.0000
gene_MP013366	0.40901	1.12069	26	0	0.0000
gene_MP013367	0.39169	0.98842	295	218	73.8983
gene_MP013466	0.40584	0.64715	31	20	64.5161
gene_MP013535	0.34948	0.78151	162	84	51.8519
gene_MP013631	0.40652	0.64787	50	36	72.0000
gene_MP013632	0.36992	0.44632	37	0	0.0000
gene_MP013633	0.35476	0.90164	450	0	0.0000
gene_MP013646	0.36070	0.93897	444	0	0.0000
gene_MP013651	0.36382	0.79692	189	100	52.9101
gene_MP013655	0.35323	1.00833	700	0	0.0000
gene_MP013656	0.40402	0.68737	102	0	0.0000
gene_MP013903	0.44007	0.30123	34	5	14.7059
gene_MP013922	0.43678	1.50858	75	62	82.6667
gene_MP014063	0.37068	0.89552	23	0	0.0000
gene_MP014068	0.37193	0.85795	219	0	0.0000
gene_MP014090	0.39455	1.16795	32	0	0.0000
gene_MP014129	0.43025	0.84774	41	25	60.9756
gene_MP014131	0.43115	0.84947	473	329	69.5560
gene_MP014154	0.39117	0.85562	1278	136	10.6416
gene_MP014218	0.41014	1.06469	29	0	0.0000
gene_MP014571	0.37913	0.74330	143	123	86.0140
gene_MP014575	0.37370	0.88333	513	179	34.8928
gene_MP014605	0.39230	0.83869	176	0	0.0000
gene_MP014610	0.34236	0.90517	1050	93	8.8571
gene_MP014612	0.39169	0.82302	1409	245	17.3882
gene_MP014654	0.39623	1.54650	106	99	93.3962
gene_MP014660	0.37589	0.88320	534	154	28.8390
gene_MP014756	0.36155	0.63204	115	85	73.9130
gene_MP014782	0.35782	0.92621	727	0	0.0000
gene_MP015007	0.36026	0.77730	178	67	37.6404
gene_MP015013	0.36401	0.81737	85	0	0.0000
gene_MP015122	0.37519	0.71772	164	102	62.1951
gene_MP015124	0.43576	0.82301	52	0	0.0000
gene_MP015136	0.36651	0.83579	115	0	0.0000
gene_MP015170	0.39802	0.80685	55	0	0.0000
gene_MP015345	0.38986	1.08235	28	0	0.0000
gene_MP015445	0.39457	0.79709	99	75	75.7576
gene_MP015823	0.35898	1.07933	57	0	0.0000
gene_MP015827	0.35917	1.07851	93	0	0.0000
gene_MP015877	0.46296	0.74537	51	0	0.0000
gene_MP015886	0.46225	0.74939	55	0	0.0000
gene_MP016030	0.39519	0.64025	21	0	0.0000
gene_MP016033	0.36261	0.84636	107	0	0.0000
gene_MP016344	0.47403	0.84348	50	0	0.0000
gene_MP016349	0.45595	0.76408	100	73	73.0000
gene_MP016367	0.40282	0.78860	129	0	0.0000
gene_MP016368	0.37250	0.86350	296	16	5.4054
gene_MP016371	0.40848	0.86999	624	537	86.0577
gene_MP016386	0.33639	0.95207	1628	199	12.2236
gene_MP016397	0.41908	1.17490	80	35	43.7500
gene_MP016401	0.40274	0.73554	148	101	68.2432
gene_MP016402	0.40282	0.78860	136	0	0.0000
gene_MP016403	0.37250	0.86350	1064	0	0.0000
gene_MP016422	0.37589	0.88320	188	0	0.0000
gene_MP016465	0.41887	0.67523	163	86	52.7607
gene_MP016475	0.43075	0.81686	114	106	92.9825
gene_MP016481	0.38859	0.71116	565	413	73.0973
gene_MP016482	0.39430	0.77273	414	0	0.0000
gene_MP016508	0.37959	0.97556	1164	0	0.0000
gene_MP016509	0.38548	0.67875	132	86	65.1515
gene_MP016523	0.35785	0.63241	26	1	3.8462
gene_MP016533	0.37466	0.85829	535	0	0.0000
gene_MP016578	0.38077	0.63747	71	50	70.4225
gene_MP016581	0.37107	0.58517	21	4	19.0476
gene_MP016680	0.38366	0.75989	51	7	13.7255
gene_MP016691	0.38457	0.95485	43	0	0.0000
gene_MP016716	0.35890	0.94494	224	3	1.3393
gene_MP017109	0.40829	0.88611	41	0	0.0000
gene_MP018044	0.37252	1.50182	194	141	72.6804
gene_MP018053	0.39028	0.76277	34	0	0.0000
gene_MP018057	0.37842	0.88072	286	198	69.2308
gene_MP018072	0.37959	0.97556	503	0	0.0000
gene_MP018078	0.39533	0.54965	61	43	70.4918
gene_MP018092	0.42380	0.79536	409	331	80.9291
gene_MP018102	0.38833	0.76723	500	379	75.8000
gene_MP018107	0.38832	0.88827	990	166	16.7677
gene_MP018122	0.36555	0.86144	56	0	0.0000
gene_MP018253	0.36024	0.95783	2244	0	0.0000
gene_MP018357	0.37303	0.81063	104	72	69.2308
gene_MP018380	0.38873	1.10766	176	141	80.1136
gene_MP018468	0.36777	0.69906	217	180	82.9493
gene_MP018479	0.39829	0.69179	183	112	61.2022
gene_MP018484	0.41551	0.74354	252	205	81.3492
gene_MP018506	0.36623	0.91973	1193	264	22.1291
gene_MP018523	0.38897	0.80659	229	175	76.4192
gene_MP018542	0.34996	0.93836	1914	0	0.0000
gene_MP018661	0.37303	0.81063	1139	332	29.1484
gene_MP019061	0.39442	1.04047	168	0	0.0000
gene_MP019104	0.41503	0.78553	154	111	72.0779
gene_MP019239	0.39820	0.77886	48	27	56.2500
gene_MP000029	0.35747	0.78703	151	116	76.8212
gene_MP000177	0.38424	0.75917	404	120	29.7030
gene_MP000181	0.44532	0.97503	109	93	85.3211
gene_MP000189	0.42767	1.01704	29	17	58.6207
gene_MP000222	0.36654	0.65807	237	115	48.5232
gene_MP000309	0.37727	0.70077	205	154	75.1220
gene_MP000313	0.36051	0.56678	40	0	0.0000
gene_MP000340	0.44404	0.99397	116	72	62.0690
gene_MP000387	0.40101	0.79945	235	91	38.7234
gene_MP000530	0.38482	0.86769	950	1	0.1053
gene_MP000603	0.37859	0.69242	101	56	55.4455
gene_MP000612	0.41256	0.65030	625	591	94.5600
gene_MP000693	0.39503	1.03020	363	308	84.8485
gene_MP000958	0.38584	0.69835	330	248	75.1515
gene_MP000968	0.39130	0.68390	213	165	77.4648
gene_MP000971	0.36966	0.80356	232	132	56.8966
gene_MP000983	0.37727	0.70077	253	176	69.5652
gene_MP001256	0.36548	0.91677	1280	0	0.0000
gene_MP001341	0.39488	0.60164	317	205	64.6688
gene_MP001387	0.37578	0.80732	882	215	24.3764
gene_MP001490	0.34016	0.94163	255	0	0.0000
gene_MP001522	0.46548	0.76243	81	0	0.0000
gene_MP001528	0.37722	0.70827	238	0	0.0000
gene_MP001544	0.39062	0.67307	267	201	75.2809
gene_MP001590	0.40271	0.70771	126	113	89.6825
gene_MP001624	0.41631	0.68708	88	53	60.2273
gene_MP001638	0.35665	0.85627	109	65	59.6330
gene_MP001834	0.35568	0.96278	3191	0	0.0000
gene_MP001880	0.42590	0.81603	21	19	90.4762
gene_MP001885	0.37036	0.64655	215	166	77.2093
gene_MP001889	0.34375	0.96163	1468	0	0.0000
gene_MP001908	0.38070	0.95725	246	0	0.0000
gene_MP001954	0.34164	0.72285	299	96	32.1070
gene_MP001957	0.38109	0.90769	46	34	73.9130
gene_MP001969	0.46471	1.11058	61	41	67.2131
gene_MP001971	0.41869	0.39524	45	0	0.0000
gene_MP001989	0.38550	0.69412	143	116	81.1189
gene_MP002098	0.35302	0.64043	29	21	72.4138
gene_MP002112	0.36423	0.64533	100	48	48.0000
gene_MP002145	0.38248	0.84392	137	85	62.0438
gene_MP002156	0.36415	0.83895	113	53	46.9027
gene_MP002169	0.36237	1.00201	137	40	29.1971
gene_MP002197	0.37720	0.81253	434	270	62.2120
gene_MP002213	0.38300	0.85248	163	112	68.7117
gene_MP002216	0.36973	0.73084	92	76	82.6087
gene_MP002228	0.34919	0.95985	7094	1	0.0141
gene_MP002292	0.40224	0.67772	242	158	65.2893
gene_MP002513	0.39229	0.79524	254	148	58.2677
gene_MP002539	0.36142	0.90718	47	26	55.3191
gene_MP002549	0.43025	0.69179	233	192	82.4034
gene_MP002553	0.30459	1.32965	386	335	86.7876
gene_MP002558	0.39251	0.90698	313	15	4.7923
gene_MP002713	0.35438	1.07347	263	0	0.0000
gene_MP002769	0.37102	0.79417	173	81	46.8208
gene_MP002815	0.40889	0.94509	62	47	75.8065
gene_MP002854	0.37956	0.75904	253	227	89.7233
gene_MP002997	0.40380	0.58882	30	15	50.0000
gene_MP003098	0.37195	0.77141	60	31	51.6667
gene_MP003115	0.39350	0.71312	287	259	90.2439
gene_MP003120	0.37798	0.71269	21	2	9.5238
gene_MP003216	0.40531	0.64420	61	39	63.9344
gene_MP003230	0.38560	0.75033	24	13	54.1667
gene_MP003241	0.35996	0.87397	209	0	0.0000
gene_MP003294	0.35111	0.76282	246	140	56.9106
gene_MP003304	0.37459	0.73844	95	68	71.5789
gene_MP003310	0.42153	0.75706	48	0	0.0000
gene_MP003321	0.47341	1.32654	99	98	98.9899
gene_MP003324	0.39158	0.75182	277	254	91.6968
gene_MP003333	0.41137	0.58680	48	43	89.5833
gene_MP003383	0.35574	0.71497	83	43	51.8072
gene_MP003412	0.40975	0.90853	56	16	28.5714
gene_MP003477	0.45827	1.09110	116	108	93.1034
gene_MP003480	0.38619	0.83879	433	375	86.6051
gene_MP003736	0.38753	0.80975	253	161	63.6364
gene_MP003742	0.35213	1.33516	259	236	91.1197
gene_MP003747	0.37465	0.87368	192	130	67.7083
gene_MP003883	0.43031	1.26503	119	99	83.1933
gene_MP003885	0.38620	0.81339	80	50	62.5000
gene_MP003920	0.37976	0.62633	68	33	48.5294
gene_MP003953	0.39206	0.80368	114	0	0.0000
gene_MP003959	0.40589	0.62656	137	54	39.4161
gene_MP004124	0.38327	1.76534	96	87	90.6250
gene_MP004129	0.36064	0.86673	1323	1	0.0756
gene_MP004149	0.36170	0.92672	966	0	0.0000
gene_MP004321	0.33549	0.79711	179	53	29.6089
gene_MP004322	0.36190	0.93458	30	12	40.0000
gene_MP004352	0.38237	0.67541	120	66	55.0000
gene_MP004365	0.41420	0.83357	210	184	87.6190
gene_MP004657	0.37784	0.94772	1562	398	25.4802
gene_MP004660	0.36904	0.95388	352	13	3.6932
gene_MP004662	0.39227	0.77673	101	79	78.2178
gene_MP004682	0.35784	0.94684	93	57	61.2903
gene_MP004714	0.41417	1.06399	386	349	90.4145
gene_MP004729	0.42667	0.76375	149	92	61.7450
gene_MP004796	0.38877	0.72379	74	47	63.5135
gene_MP004865	0.36897	0.81231	63	37	58.7302
gene_MP004925	0.34371	0.99536	1386	0	0.0000
gene_MP004950	0.37002	0.84058	960	365	38.0208
gene_MP004962	0.37653	0.79125	40	36	90.0000
gene_MP005006	0.34338	0.97249	2361	0	0.0000
gene_MP005269	0.39169	0.93928	178	118	66.2921
gene_MP005279	0.35812	0.54411	415	332	80.0000
gene_MP005297	0.40251	0.64929	167	133	79.6407
gene_MP005302	0.36032	0.71736	182	58	31.8681
gene_MP005383	0.38327	0.80691	141	60	42.5532
gene_MP005447	0.30917	1.20543	279	239	85.6631
gene_MP005471	0.36574	0.81477	275	0	0.0000
gene_MP005479	0.37160	0.59904	180	92	51.1111
gene_MP005623	0.41701	0.78913	50	0	0.0000
gene_MP005789	0.39533	0.88676	23	19	82.6087
gene_MP005880	0.35744	0.95767	2261	0	0.0000
gene_MP006469	0.35696	0.95136	88	55	62.5000
gene_MP006891	0.42821	0.68127	46	0	0.0000
gene_MP007255	0.38351	0.68910	898	474	52.7840
gene_MP007273	0.39721	0.77941	429	393	91.6084
gene_MP007295	0.43427	0.90358	190	105	55.2632
gene_MP007297	0.44155	0.52158	20	0	0.0000
gene_MP007328	0.36984	0.77965	653	337	51.6080
gene_MP007330	0.36877	0.86457	916	406	44.3231
gene_MP007335	0.39040	0.66280	269	130	48.3271
gene_MP007378	0.35874	0.94987	1641	0	0.0000
gene_MP007397	0.38923	0.69974	34	27	79.4118
gene_MP007405	0.38923	0.69974	744	353	47.4462
gene_MP007407	0.36993	0.66995	144	33	22.9167
gene_MP007446	0.37208	0.70717	606	376	62.0462
gene_MP007459	0.36181	0.97169	1675	0	0.0000
gene_MP007471	0.36877	0.86457	99	64	64.6465
gene_MP007486	0.37232	0.91142	1220	0	0.0000
gene_MP007494	0.38217	0.79874	805	632	78.5093
gene_MP007568	0.35023	1.05688	11798	249	2.1105
gene_MP007608	0.43350	0.67776	25	0	0.0000
gene_MP007616	0.36325	0.71664	253	0	0.0000
gene_MP007635	0.36170	0.92672	161	0	0.0000
gene_MP007641	0.35605	0.71669	95	44	46.3158
gene_MP007729	0.40206	0.73182	1265	1197	94.6245
gene_MP007894	0.39811	0.76260	82	0	0.0000
gene_MP009047	0.36634	0.77440	213	128	60.0939
gene_MP009108	0.38674	0.78032	290	151	52.0690
gene_MP009123	0.36893	0.74461	730	645	88.3562
gene_MP009148	0.36800	0.88463	59	0	0.0000
gene_MP009150	0.38180	0.83417	750	60	8.0000
gene_MP009151	0.37232	0.91142	627	517	82.4561
gene_MP009152	0.35601	0.93288	1094	0	0.0000
gene_MP009193	0.37429	0.88171	242	0	0.0000
gene_MP009241	0.51096	0.40192	269	187	69.5167
gene_MP009292	0.38254	0.73268	177	103	58.1921
gene_MP009312	0.37028	0.90435	2510	547	21.7928
gene_MP009393	0.36502	0.95784	2120	1	0.0472
gene_MP009608	0.34016	0.94163	230	17	7.3913
gene_MP009614	0.34195	0.87098	1794	266	14.8272
gene_MP009637	0.37842	0.87298	536	425	79.2910
gene_MP009688	0.38065	0.71498	25	13	52.0000
gene_MP009711	0.38334	1.08824	355	283	79.7183
gene_MP009828	0.35859	0.94540	4314	7	0.1623
gene_MP009899	0.35830	0.79973	888	359	40.4279
gene_MP009925	0.36170	0.92672	339	144	42.4779
gene_MP009931	0.37557	0.73592	201	117	58.2090
gene_MP009950	0.38187	0.70462	423	0	0.0000
gene_MP009974	0.39711	0.63886	469	354	75.4797
gene_MP010288	0.44832	0.51872	23	0	0.0000
gene_MP010505	0.40223	0.71586	103	0	0.0000
gene_MP010521	0.39715	0.82615	243	45	18.5185
gene_MP010565	0.34699	1.14284	59	35	59.3220
gene_MP010692	0.40066	0.66958	89	75	84.2697
gene_MP010693	0.39315	0.62633	54	44	81.4815
gene_MP010779	0.35052	0.73394	59	33	55.9322
gene_MP010782	0.41654	0.85765	76	58	76.3158
gene_MP010811	0.40335	0.59473	26	11	42.3077
gene_MP010988	0.36126	0.99017	109	0	0.0000
gene_MP011007	0.47811	0.94267	32	1	3.1250
gene_MP011034	0.39838	0.84116	22	11	50.0000
gene_MP011077	0.34283	0.84979	193	0	0.0000
gene_MP011100	0.33561	0.85084	42	18	42.8571
gene_MP011113	0.38557	1.38878	211	189	89.5735
gene_MP011163	0.36088	0.80012	160	96	60.0000
gene_MP011201	0.39793	0.75401	101	0	0.0000
gene_MP011206	0.37643	0.75209	107	71	66.3551
gene_MP011221	0.35284	0.78619	51	29	56.8627
gene_MP011254	0.40918	0.91931	177	155	87.5706
gene_MP011265	0.39961	0.61726	131	56	42.7481
gene_MP011266	0.37512	0.90220	1443	626	43.3818
gene_MP011286	0.41476	1.32883	120	79	65.8333
gene_MP011371	0.36658	0.67459	58	0	0.0000
gene_MP011386	0.39876	0.74246	324	197	60.8025
gene_MP011387	0.38382	0.76207	116	0	0.0000
gene_MP011414	0.37944	0.76684	122	88	72.1311
gene_MP011419	0.41463	1.76918	28	27	96.4286
gene_MP011466	0.36024	0.98135	84	76	90.4762
gene_MP011473	0.38975	0.74808	37	21	56.7568
gene_MP011549	0.37029	0.93847	29	2	6.8966
gene_MP011610	0.41617	0.77382	139	105	75.5396
gene_MP011727	0.39028	0.63826	68	42	61.7647
gene_MP011926	0.41355	1.83784	44	43	97.7273
gene_MP012131	0.36283	0.73542	38	0	0.0000
gene_MP012237	0.37488	0.72216	131	122	93.1298
gene_MP012315	0.40887	0.86873	96	0	0.0000
gene_MP012364	0.40585	0.77904	81	0	0.0000
gene_MP012415	0.40310	0.87308	27	26	96.2963
gene_MP012504	0.35274	0.84765	49	0	0.0000
gene_MP012641	0.36563	0.86364	107	0	0.0000
gene_MP012739	0.40602	1.01442	136	113	83.0882
gene_MP012782	0.35235	0.99298	67	0	0.0000
gene_MP012843	0.36816	0.82316	66	0	0.0000
gene_MP012873	0.39206	0.60286	157	114	72.6115
gene_MP012955	0.38819	2.02204	36	36	100.0000
gene_MP013005	0.36986	0.61963	38	18	47.3684
gene_MP013080	0.36431	0.69680	27	9	33.3333
gene_MP013081	0.36175	1.02513	140	16	11.4286
gene_MP013403	0.37679	1.15882	117	0	0.0000
gene_MP013444	0.35233	0.98069	4644	0	0.0000
gene_MP013446	0.36172	0.78695	487	43	8.8296
gene_MP013451	0.35982	0.90082	8378	0	0.0000
gene_MP013604	0.36710	0.95925	42	31	73.8095
gene_MP013607	0.37513	0.85494	144	0	0.0000
gene_MP013614	0.33997	0.93530	38	0	0.0000
gene_MP013621	0.34004	0.93462	196	0	0.0000
gene_MP013972	0.35547	0.92908	4028	0	0.0000
gene_MP013974	0.40232	0.80654	48	0	0.0000
gene_MP013975	0.39084	0.72730	170	100	58.8235
gene_MP014009	0.39047	0.64530	54	27	50.0000
gene_MP014055	0.36605	0.55384	101	54	53.4653
gene_MP014101	0.37570	0.89885	232	0	0.0000
gene_MP014374	0.46667	0.71781	36	11	30.5556
gene_MP014470	0.37248	0.71105	55	28	50.9091
gene_MP014541	0.38648	0.65451	27	25	92.5926
gene_MP014588	0.42694	0.82310	214	194	90.6542
gene_MP014953	0.39474	0.87213	299	0	0.0000
gene_MP014976	0.39358	0.80700	162	144	88.8889
gene_MP015012	0.35830	0.87903	1003	0	0.0000
gene_MP015224	0.37755	0.54577	160	150	93.7500
gene_MP015505	0.37269	0.80174	172	143	83.1395
gene_MP015888	0.46154	0.75210	55	0	0.0000
gene_MP016305	0.36205	0.90543	624	0	0.0000
gene_MP016314	0.41775	0.72615	548	428	78.1022
gene_MP016332	0.38153	0.80600	56	0	0.0000
gene_MP016340	0.40000	0.74796	121	89	73.5537
gene_MP016380	0.49405	0.85463	51	0	0.0000
gene_MP016417	0.40050	0.72009	447	408	91.2752
gene_MP016497	0.30856	0.72934	24	0	0.0000
gene_MP016582	0.36517	0.90016	88	54	61.3636
gene_MP016644	0.38703	1.01412	352	279	79.2614
gene_MP016874	0.35264	0.84548	2474	91	3.6783
gene_MP016983	0.37725	0.84136	320	179	55.9375
gene_MP017061	0.32483	1.12378	54	28	51.8519
gene_MP017900	0.53191	0.80621	31	17	54.8387
gene_MP017972	0.47826	0.98736	27	0	0.0000
gene_MP018016	0.40484	0.78079	45	28	62.2222
gene_MP018111	0.35557	0.98356	467	0	0.0000
gene_MP018381	0.41805	0.74984	79	74	93.6709
gene_MP018489	0.38767	0.74532	170	119	70.0000
gene_MP018504	0.43027	0.81658	239	184	76.9874
gene_MP018578	0.35908	0.94418	1648	0	0.0000
gene_MP000011	0.36305	0.92842	3771	553	14.6645
gene_MP000111	0.38671	0.72738	721	403	55.8946
gene_MP000147	0.44842	1.36727	149	134	89.9329
gene_MP000224	0.49667	1.03363	86	75	87.2093
gene_MP000260	0.37107	0.73326	319	26	8.1505
gene_MP000262	0.39414	0.71752	172	133	77.3256
gene_MP000472	0.39309	0.83281	297	243	81.8182
gene_MP000473	0.35440	0.89989	1470	1014	68.9796
gene_MP000475	0.40962	0.86051	1277	1016	79.5615
gene_MP000637	0.38372	0.68709	194	54	27.8351
gene_MP000981	0.37618	0.83583	612	465	75.9804
gene_MP001002	0.39432	0.73368	102	63	61.7647
gene_MP001254	0.34799	0.79635	2267	730	32.2011
gene_MP001281	0.36548	0.60216	28	13	46.4286
gene_MP001302	0.36548	0.60216	941	577	61.3177
gene_MP001363	0.38969	0.92840	265	235	88.6792
gene_MP001365	0.40932	0.92948	49	24	48.9796
gene_MP001378	0.40932	0.92948	277	250	90.2527
gene_MP001519	0.46364	1.50309	52	46	88.4615
gene_MP001537	0.39719	0.67901	203	197	97.0443
gene_MP001553	0.42774	1.09649	60	0	0.0000
gene_MP001567	0.49630	0.96269	64	0	0.0000
gene_MP001572	0.38985	0.79990	151	119	78.8079
gene_MP001591	0.35914	0.92921	4197	0	0.0000
gene_MP001665	0.41528	0.56583	114	80	70.1754
gene_MP001666	0.36749	0.67824	38	22	57.8947
gene_MP001676	0.41083	0.88624	42	25	59.5238
gene_MP001682	0.45704	1.62230	98	44	44.8980
gene_MP001816	0.37870	0.59878	105	12	11.4286
gene_MP002032	0.38758	1.06619	100	0	0.0000
gene_MP002153	0.37840	0.89470	67	43	64.1791
gene_MP002170	0.40269	0.77397	87	63	72.4138
gene_MP002176	0.37195	0.84700	869	0	0.0000
gene_MP002180	0.41607	0.82566	211	151	71.5640
gene_MP002184	0.37846	0.61034	139	87	62.5899
gene_MP002195	0.39125	0.64669	104	82	78.8462
gene_MP002440	0.37660	0.92705	42	34	80.9524
gene_MP002488	0.40501	0.63541	215	131	60.9302
gene_MP002504	0.40434	0.69963	196	175	89.2857
gene_MP002508	0.38231	0.89688	80	63	78.7500
gene_MP002550	0.41875	1.25975	73	36	49.3151
gene_MP002822	0.38478	0.85858	90	56	62.2222
gene_MP002838	0.35866	0.81357	231	0	0.0000
gene_MP002875	0.38871	0.78861	114	67	58.7719
gene_MP002907	0.39635	0.80926	521	446	85.6046
gene_MP003212	0.38697	0.70915	58	0	0.0000
gene_MP003234	0.37827	0.63451	48	39	81.2500
gene_MP003245	0.38258	0.76593	176	160	90.9091
gene_MP003312	0.39916	0.71529	75	57	76.0000
gene_MP003318	0.38824	0.67934	75	44	58.6667
gene_MP003328	0.36600	0.71455	274	121	44.1606
gene_MP003550	0.41737	0.70892	172	93	54.0698
gene_MP003552	0.43193	1.21859	211	179	84.8341
gene_MP003555	0.42102	0.69096	71	0	0.0000
gene_MP003558	0.38376	0.85374	1499	127	8.4723
gene_MP003563	0.48281	1.03375	80	75	93.7500
gene_MP003585	0.35587	0.95226	1992	0	0.0000
gene_MP003589	0.38955	0.75840	56	38	67.8571
gene_MP003601	0.40520	0.73367	32	13	40.6250
gene_MP003667	0.37880	0.82126	457	330	72.2101
gene_MP003669	0.40738	0.70811	185	95	51.3514
gene_MP003677	0.39354	0.68069	89	70	78.6517
gene_MP003686	0.36954	0.94290	3047	221	7.2530
gene_MP003690	0.41588	0.75460	151	111	73.5099
gene_MP003694	0.39636	0.69863	108	73	67.5926
gene_MP003741	0.36690	0.63242	67	42	62.6866
gene_MP003744	0.38821	0.78055	95	0	0.0000
gene_MP003752	0.37746	0.77857	434	314	72.3502
gene_MP003943	0.37327	0.84119	111	0	0.0000
gene_MP004029	0.40819	0.48058	169	105	62.1302
gene_MP004031	0.40039	0.69381	57	5	8.7719
gene_MP004053	0.38221	0.84406	24	0	0.0000
gene_MP004210	0.36321	1.03810	1371	0	0.0000
gene_MP004329	0.35805	0.74516	220	40	18.1818
gene_MP004331	0.36952	0.93271	387	0	0.0000
gene_MP004334	0.37048	0.71557	150	0	0.0000
gene_MP004335	0.36354	0.81419	411	238	57.9075
gene_MP004343	0.34422	0.93672	109	0	0.0000
gene_MP004351	0.36889	0.66663	141	0	0.0000
gene_MP004357	0.42673	0.74611	100	85	85.0000
gene_MP004368	0.36329	0.87875	1474	0	0.0000
gene_MP004376	0.37920	0.71538	27	1	3.7037
gene_MP004607	0.43550	0.68401	58	37	63.7931
gene_MP004816	0.40823	0.91358	74	54	72.9730
gene_MP005010	0.36040	0.95147	745	0	0.0000
gene_MP005015	0.40524	0.75591	60	34	56.6667
gene_MP005410	0.36572	0.86125	501	0	0.0000
gene_MP005445	0.36872	0.95091	576	0	0.0000
gene_MP005449	0.35115	1.01089	1593	0	0.0000
gene_MP005488	0.42421	0.64085	247	0	0.0000
gene_MP005519	0.37445	0.85277	1726	930	53.8818
gene_MP005629	0.37347	0.76732	64	0	0.0000
gene_MP005637	0.37882	0.75711	455	337	74.0659
gene_MP005639	0.34121	1.15432	302	0	0.0000
gene_MP005930	0.45439	1.32891	156	115	73.7179
gene_MP006333	0.36922	0.71916	139	78	56.1151
gene_MP006338	0.40707	0.54033	300	233	77.6667
gene_MP006412	0.35579	0.84131	4007	679	16.9453
gene_MP007062	0.34241	0.72283	38	0	0.0000
gene_MP007112	0.35797	0.93854	583	62	10.6346
gene_MP007166	0.36480	0.91002	1573	517	32.8671
gene_MP007342	0.36181	0.94436	195	123	63.0769
gene_MP007395	0.41009	0.66933	593	521	87.8583
gene_MP007566	0.41978	0.69329	621	369	59.4203
gene_MP007651	0.41058	0.75893	562	509	90.5694
gene_MP007670	0.42048	0.75122	638	474	74.2947
gene_MP007788	0.36911	0.86686	615	152	24.7154
gene_MP007994	0.35604	0.95886	30	0	0.0000
gene_MP008947	0.37619	0.79598	382	2	0.5236
gene_MP009044	0.38611	0.74209	110	53	48.1818
gene_MP009085	0.38953	1.01423	221	144	65.1584
gene_MP009090	0.38953	1.01423	314	258	82.1656
gene_MP009102	0.37223	0.68762	108	54	50.0000
gene_MP009114	0.43816	0.61439	60	35	58.3333
gene_MP009121	0.37995	0.92431	206	178	86.4078
gene_MP009122	0.37325	0.88114	137	0	0.0000
gene_MP009129	0.38953	1.01423	823	685	83.2321
gene_MP009154	0.36612	0.86152	374	254	67.9144
gene_MP009306	0.40837	0.77998	183	108	59.0164
gene_MP009337	0.36796	0.81736	74	0	0.0000
gene_MP009340	0.42780	0.79851	407	144	35.3808
gene_MP009364	0.38777	1.01127	26	20	76.9231
gene_MP009606	0.39422	0.67130	1728	598	34.6065
gene_MP009808	0.41188	0.85585	220	3	1.3636
gene_MP009815	0.38380	0.80648	67	0	0.0000
gene_MP010015	0.35675	1.01718	88	0	0.0000
gene_MP010290	0.44958	0.52187	68	37	54.4118
gene_MP010358	0.35461	0.91135	67	0	0.0000
gene_MP010519	0.38549	0.85336	126	87	69.0476
gene_MP010531	0.38438	0.75352	428	40	9.3458
gene_MP010540	0.42022	0.65241	90	81	90.0000
gene_MP010650	0.50457	0.84386	23	0	0.0000
gene_MP010691	0.39604	0.76528	110	107	97.2727
gene_MP010882	0.37075	0.65880	67	53	79.1045
gene_MP011328	0.35480	0.91199	381	0	0.0000
gene_MP011380	0.36474	0.94672	31	0	0.0000
gene_MP011437	0.38050	0.81452	96	7	7.2917
gene_MP011440	0.38927	0.72324	28	24	85.7143
gene_MP011441	0.41998	0.76065	227	216	95.1542
gene_MP011452	0.38292	0.96653	405	74	18.2716
gene_MP011460	0.36946	0.94338	2870	213	7.4216
gene_MP011491	0.37657	0.83794	21	5	23.8095
gene_MP011492	0.40357	0.69188	249	182	73.0924
gene_MP011498	0.38425	0.70203	71	52	73.2394
gene_MP011505	0.44491	0.48949	221	180	81.4480
gene_MP011523	0.37618	0.99072	687	25	3.6390
gene_MP011536	0.38243	0.86824	1358	673	49.5582
gene_MP011543	0.35508	0.99882	495	0	0.0000
gene_MP011719	0.39296	0.86136	616	481	78.0844
gene_MP011720	0.37563	0.90753	214	131	61.2150
gene_MP011738	0.35067	0.76057	325	0	0.0000
gene_MP011742	0.39793	0.68621	137	77	56.2044
gene_MP011756	0.36087	0.86273	1921	235	12.2332
gene_MP011757	0.37085	0.90718	853	308	36.1079
gene_MP011921	0.39373	0.70327	40	22	55.0000
gene_MP011923	0.36400	0.68227	28	18	64.2857
gene_MP011935	0.38734	0.63860	134	64	47.7612
gene_MP012010	0.38024	0.66396	75	53	70.6667
gene_MP012021	0.44229	0.87763	77	77	100.0000
gene_MP012058	0.40914	0.66185	57	57	100.0000
gene_MP012085	0.36365	0.91582	320	284	88.7500
gene_MP012117	0.39646	0.85213	99	73	73.7374
gene_MP012244	0.36437	0.81248	185	27	14.5946
gene_MP012300	0.45136	0.89207	28	11	39.2857
gene_MP012341	0.40648	0.71227	283	239	84.4523
gene_MP012381	0.37523	0.88846	361	0	0.0000
gene_MP012432	0.38886	0.82230	167	113	67.6647
gene_MP012583	0.39113	1.01935	77	59	76.6234
gene_MP012655	0.37918	0.89507	459	63	13.7255
gene_MP012709	0.35773	0.79322	2113	766	36.2518
gene_MP012710	0.37702	0.95623	21	0	0.0000
gene_MP012721	0.40739	0.91063	182	133	73.0769
gene_MP012723	0.37201	0.89499	1278	118	9.2332
gene_MP012822	0.37452	0.98769	1581	364	23.0234
gene_MP012947	0.34404	1.04052	598	139	23.2441
gene_MP012989	0.42688	0.58701	194	147	75.7732
gene_MP013133	0.38808	0.87107	542	0	0.0000
gene_MP013216	0.39466	0.81371	20	10	50.0000
gene_MP013283	0.51738	0.67355	22	0	0.0000
gene_MP013293	0.38913	0.81464	131	73	55.7252
gene_MP013326	0.35474	0.91515	833	0	0.0000
gene_MP013364	0.41355	0.68126	229	19	8.2969
gene_MP013365	0.39350	0.68570	102	64	62.7451
gene_MP013415	0.38386	0.79038	470	289	61.4894
gene_MP013531	0.34949	1.03746	142	0	0.0000
gene_MP013603	0.37776	1.10192	37	33	89.1892
gene_MP013611	0.39895	0.86019	182	147	80.7692
gene_MP013624	0.39658	0.80810	415	349	84.0964
gene_MP013638	0.46262	1.50666	169	158	93.4911
gene_MP013992	0.34756	0.89863	784	0	0.0000
gene_MP014076	0.36729	1.58758	375	333	88.8000
gene_MP014102	0.38817	0.85645	1074	115	10.7076
gene_MP014130	0.41355	0.67428	193	130	67.3575
gene_MP014206	0.37448	0.98733	360	204	56.6667
gene_MP014598	0.51899	0.86370	68	67	98.5294
gene_MP014600	0.36621	0.84975	138	129	93.4783
gene_MP014662	0.37596	0.79112	852	581	68.1925
gene_MP014751	0.37573	0.94260	1024	0	0.0000
gene_MP014759	0.34732	0.70495	225	0	0.0000
gene_MP014765	0.38263	0.81425	1355	451	33.2841
gene_MP014795	0.41618	0.67931	136	104	76.4706
gene_MP014931	0.36699	0.87741	408	317	77.6961
gene_MP015125	0.36842	0.96285	264	0	0.0000
gene_MP015127	0.37988	0.85655	1071	130	12.1382
gene_MP015190	0.38278	0.99285	1755	206	11.7379
gene_MP015218	0.36809	0.96200	1985	326	16.4232
gene_MP015333	0.41858	0.89304	66	0	0.0000
gene_MP015335	0.38907	0.94811	268	75	27.9851
gene_MP015911	0.40231	0.86641	228	144	63.1579
gene_MP016265	0.38292	0.82700	175	104	59.4286
gene_MP016302	0.38275	0.87640	2070	202	9.7585
gene_MP016327	0.36875	0.95991	429	0	0.0000
gene_MP016333	0.36713	0.93092	61	10	16.3934
gene_MP016348	0.39801	0.64985	404	322	79.7030
gene_MP016369	0.38907	0.72798	305	203	66.5574
gene_MP016374	0.36796	0.93296	1435	195	13.5889
gene_MP016384	0.36875	0.95991	234	0	0.0000
gene_MP016391	0.36875	0.95991	83	0	0.0000
gene_MP016419	0.35901	0.95958	1532	1	0.0653
gene_MP016433	0.39175	0.59618	167	64	38.3234
gene_MP016439	0.36652	0.77142	595	99	16.6387
gene_MP016447	0.37822	0.76816	675	632	93.6296
gene_MP016511	0.37853	0.93755	1003	0	0.0000
gene_MP016601	0.45817	0.62438	463	439	94.8164
gene_MP016632	0.36796	0.93296	310	0	0.0000
gene_MP016793	0.34732	0.70495	41	0	0.0000
gene_MP017898	0.53310	0.81909	36	0	0.0000
gene_MP017989	0.36875	0.95991	1090	0	0.0000
gene_MP017993	0.35198	0.98113	26	0	0.0000
gene_MP018146	0.36828	0.95079	393	240	61.0687
gene_MP018158	0.39001	0.83351	126	1	0.7937
gene_MP018173	0.36874	0.93130	2297	0	0.0000
gene_MP018203	0.36049	1.07448	212	0	0.0000
gene_MP018270	0.36763	0.93382	181	41	22.6519
gene_MP018274	0.39001	0.83351	915	619	67.6503
gene_MP018278	0.39300	0.72605	192	0	0.0000
gene_MP018571	0.39578	0.92705	379	0	0.0000
gene_MP018674	0.45423	0.60975	20	17	85.0000
gene_MP018726	0.40954	0.91864	437	323	73.9130
gene_MP018791	0.37566	0.72109	504	309	61.3095
gene_MP019027	0.38386	0.79038	52	35	67.3077
gene_MP019028	0.39080	1.35467	27	0	0.0000
gene_MP019102	0.37399	0.75068	1327	0	0.0000
gene_MP019144	0.49574	1.46667	358	0	0.0000
gene_MP000037	0.42843	0.64459	320	0	0.0000
gene_MP000373	0.38409	0.89694	141	114	80.8511
gene_MP000702	0.37061	0.72091	1662	354	21.2996
gene_MP000715	0.33354	0.90840	539	0	0.0000
gene_MP000731	0.39672	0.80482	787	545	69.2503
gene_MP001089	0.36295	0.80774	1936	2	0.1033
gene_MP001090	0.35381	0.82920	281	198	70.4626
gene_MP001098	0.37875	0.84594	200	178	89.0000
gene_MP001101	0.37664	0.68484	221	0	0.0000
gene_MP001107	0.36902	0.94385	3274	1	0.0305
gene_MP001118	0.33354	0.90840	427	196	45.9016
gene_MP001119	0.33592	0.92415	63	0	0.0000
gene_MP001120	0.38334	0.79511	1109	281	25.3381
gene_MP001122	0.40578	0.67395	1382	0	0.0000
gene_MP001446	0.43543	0.68360	158	0	0.0000
gene_MP001447	0.39017	0.77020	54	42	77.7778
gene_MP001448	0.42226	0.89019	410	376	91.7073
gene_MP001457	0.38322	0.79716	351	246	70.0855
gene_MP001465	0.36559	0.89476	3856	1	0.0259
gene_MP001466	0.38322	0.79716	712	435	61.0955
gene_MP001469	0.36559	0.89476	2552	0	0.0000
gene_MP001750	0.58333	1.09474	29	0	0.0000
gene_MP001751	0.58333	1.09474	29	0	0.0000
gene_MP001752	0.58333	1.09474	29	0	0.0000
gene_MP001755	0.58333	1.09474	21	0	0.0000
gene_MP001756	0.58333	1.09474	29	0	0.0000
gene_MP001761	0.58333	1.09474	29	0	0.0000
gene_MP001763	0.58333	1.09474	29	0	0.0000
gene_MP001924	0.40161	0.65129	349	311	89.1117
gene_MP002010	0.36777	1.02335	856	151	17.6402
gene_MP002062	0.42083	0.65673	22	17	77.2727
gene_MP002163	0.42851	0.69701	70	0	0.0000
gene_MP002192	0.40696	0.69642	77	0	0.0000
gene_MP002367	0.41151	0.71574	164	25	15.2439
gene_MP003141	0.37523	0.72015	1061	0	0.0000
gene_MP003165	0.42579	0.87981	119	100	84.0336
gene_MP003172	0.38904	0.66446	218	124	56.8807
gene_MP003246	0.41656	0.86708	267	184	68.9139
gene_MP003270	0.48593	0.65764	45	0	0.0000
gene_MP003467	0.36623	0.90271	1015	8	0.7882
gene_MP003474	0.38881	0.81999	108	0	0.0000
gene_MP003610	0.38772	0.82773	402	221	54.9751
gene_MP003927	0.59854	0.82156	30	0	0.0000
gene_MP003929	0.59854	0.82156	30	0	0.0000
gene_MP003935	0.59854	0.82156	30	0	0.0000
gene_MP003936	0.59854	0.82156	30	0	0.0000
gene_MP003937	0.59854	0.82156	30	0	0.0000
gene_MP004005	0.35995	0.80985	22	19	86.3636
gene_MP004258	0.42060	0.65561	285	259	90.8772
gene_MP004278	0.34835	0.95921	1508	1	0.0663
gene_MP004712	0.39266	0.70424	583	473	81.1321
gene_MP004716	0.37937	0.80244	749	193	25.7677
gene_MP004746	0.38344	0.79396	289	30	10.3806
gene_MP004765	0.38736	0.70442	20	5	25.0000
gene_MP004769	0.35747	0.87521	842	0	0.0000
gene_MP004811	0.38868	0.70141	59	46	77.9661
gene_MP004814	0.38868	0.70141	348	279	80.1724
gene_MP004862	0.34238	0.94570	547	0	0.0000
gene_MP004864	0.37348	0.84653	101	20	19.8020
gene_MP004872	0.37937	0.80244	129	0	0.0000
gene_MP004917	0.39694	0.95566	37	25	67.5676
gene_MP005349	0.40199	0.71588	200	184	92.0000
gene_MP005374	0.40405	0.82217	1602	230	14.3571
gene_MP005418	0.38556	0.75133	156	0	0.0000
gene_MP005551	0.36261	0.95703	530	0	0.0000
gene_MP005747	0.39530	0.68415	618	513	83.0097
gene_MP005941	0.40277	0.66657	42	11	26.1905
gene_MP006012	0.40303	0.68900	100	0	0.0000
gene_MP006048	0.35622	0.63739	372	247	66.3978
gene_MP006200	0.36952	0.82643	1157	0	0.0000
gene_MP006204	0.38240	0.74894	484	150	30.9917
gene_MP006281	0.40836	0.86635	53	0	0.0000
gene_MP006581	0.39959	1.17130	45	28	62.2222
gene_MP007058	0.40667	0.60341	59	0	0.0000
gene_MP008164	0.41168	0.72649	527	420	79.6964
gene_MP008187	0.42139	0.73743	342	0	0.0000
gene_MP008192	0.37167	0.92409	2789	292	10.4697
gene_MP008213	0.40632	0.85708	51	22	43.1373
gene_MP008241	0.38490	0.86172	2244	827	36.8538
gene_MP008247	0.40915	0.75830	132	114	86.3636
gene_MP008261	0.36426	0.85405	58	39	67.2414
gene_MP008265	0.38606	0.80181	1205	354	29.3776
gene_MP008277	0.35934	0.71957	269	81	30.1115
gene_MP008279	0.39854	0.77142	1130	836	73.9823
gene_MP008316	0.42304	0.84732	232	219	94.3966
gene_MP008367	0.42973	0.70540	40	35	87.5000
gene_MP008380	0.38837	0.72293	1167	846	72.4936
gene_MP008382	0.38443	0.80018	248	186	75.0000
gene_MP008384	0.35381	0.82920	519	419	80.7322
gene_MP008395	0.35706	0.93855	3479	74	2.1270
gene_MP008399	0.34113	0.85164	363	7	1.9284
gene_MP008414	0.35350	0.78860	116	0	0.0000
gene_MP008429	0.34636	0.93934	414	0	0.0000
gene_MP008474	0.35471	0.95389	3198	0	0.0000
gene_MP008475	0.34633	0.93842	281	0	0.0000
gene_MP009807	0.34847	0.74074	58	0	0.0000
gene_MP009888	0.36426	0.85405	737	367	49.7965
gene_MP009893	0.38317	0.70923	349	0	0.0000
gene_MP009904	0.35186	0.95584	514	0	0.0000
gene_MP009913	0.35394	0.92605	1262	0	0.0000
gene_MP010054	0.41509	0.71613	50	0	0.0000
gene_MP010217	0.37441	0.82662	125	0	0.0000
gene_MP010320	0.37386	0.95730	2527	1129	44.6775
gene_MP010325	0.36459	0.83745	745	484	64.9664
gene_MP010326	0.35186	0.95584	132	0	0.0000
gene_MP010328	0.36004	0.83884	1264	0	0.0000
gene_MP010331	0.37804	0.87872	1599	57	3.5647
gene_MP010332	0.38934	0.74176	425	303	71.2941
gene_MP010338	0.35348	0.77420	1865	108	5.7909
gene_MP010344	0.35749	0.94671	7103	1	0.0141
gene_MP010369	0.38496	0.74259	49	33	67.3469
gene_MP010399	0.35508	0.89330	1266	0	0.0000
gene_MP010438	0.35067	0.93603	119	0	0.0000
gene_MP010474	0.40177	0.79159	179	147	82.1229
gene_MP011640	0.35710	1.01329	409	0	0.0000
gene_MP012123	0.41108	0.63479	30	0	0.0000
gene_MP012135	0.39637	0.81581	188	171	90.9574
gene_MP012187	0.35349	0.91469	362	0	0.0000
gene_MP012190	0.58667	0.96106	31	0	0.0000
gene_MP012191	0.58667	0.96106	31	0	0.0000
gene_MP012197	0.58667	0.96106	31	0	0.0000
gene_MP012198	0.58667	0.96106	31	0	0.0000
gene_MP012199	0.58667	0.96106	31	0	0.0000
gene_MP012202	0.58667	0.96106	31	0	0.0000
gene_MP012384	0.56800	0.89713	27	0	0.0000
gene_MP012385	0.56533	0.90507	27	0	0.0000
gene_MP012386	0.56800	0.89713	27	0	0.0000
gene_MP012395	0.56800	0.89713	27	0	0.0000
gene_MP012396	0.56800	0.89713	27	0	0.0000
gene_MP012398	0.56800	0.89713	27	0	0.0000
gene_MP012522	0.36835	0.89968	1700	4	0.2353
gene_MP012569	0.42040	0.71430	183	0	0.0000
gene_MP012621	0.40399	1.43659	38	0	0.0000
gene_MP012738	0.36537	0.87356	1065	1	0.0939
gene_MP012834	0.39068	0.81517	515	282	54.7573
gene_MP012903	0.40545	0.78176	213	176	82.6291
gene_MP013031	0.36349	0.92527	469	237	50.5330
gene_MP013093	0.58559	0.44327	34	0	0.0000
gene_MP013339	0.39620	0.80416	1063	770	72.4365
gene_MP013917	0.41943	0.79709	50	25	50.0000
gene_MP013945	0.41942	0.79783	405	366	90.3704
gene_MP014037	0.38445	0.68905	322	82	25.4658
gene_MP014084	0.39699	0.93866	430	214	49.7674
gene_MP014108	0.38640	0.69889	343	205	59.7668
gene_MP014143	0.36732	0.74207	295	0	0.0000
gene_MP014201	0.35797	0.91716	1036	0	0.0000
gene_MP014736	0.34610	0.81695	168	0	0.0000
gene_MP014943	0.34471	0.96124	700	16	2.2857
gene_MP015015	0.38873	0.66675	316	187	59.1772
gene_MP016434	0.35499	0.77644	35	0	0.0000
gene_MP016444	0.47292	0.73517	22	0	0.0000
gene_MP016811	0.35919	0.84752	40	0	0.0000
gene_MP017131	0.39077	0.69096	60	0	0.0000
gene_MP017136	0.40892	0.63658	126	80	63.4921
gene_MP017171	0.47752	0.88568	31	18	58.0645
gene_MP017190	0.33510	0.88243	169	0	0.0000
gene_MP017312	0.33510	0.88243	78	0	0.0000
gene_MP017372	0.64312	0.82456	47	0	0.0000
gene_MP017377	0.64312	0.82456	47	0	0.0000
gene_MP017379	0.64312	0.82456	47	0	0.0000
gene_MP017431	0.42183	0.68112	477	392	82.1803
gene_MP017436	0.38471	0.71275	376	223	59.3085
gene_MP017680	0.40823	1.14953	221	0	0.0000
gene_MP017723	0.35608	0.93372	191	0	0.0000
gene_MP017725	0.38151	0.82697	818	0	0.0000
gene_MP017732	0.37945	0.84385	112	0	0.0000
gene_MP017954	0.35845	0.92457	138	1	0.7246
gene_MP018691	0.38063	0.94215	48	0	0.0000
gene_MP018709	0.39144	0.90192	708	579	81.7797
gene_MP018720	0.40281	0.80447	93	0	0.0000
gene_MP018727	0.42977	1.07054	1185	1019	85.9916
gene_MP018730	0.38522	0.62110	469	206	43.9232
gene_MP018754	0.38793	0.64681	75	0	0.0000
gene_MP018804	0.33510	0.88243	586	2	0.3413
gene_MP018888	0.39385	0.86174	232	0	0.0000
gene_MP018899	0.36614	0.86764	1068	0	0.0000
gene_MP018972	0.61298	0.83356	35	31	88.5714
gene_MP019108	0.36614	0.86764	327	99	30.2752
gene_MP000054	0.35047	0.87796	366	9	2.4590
gene_MP000142	0.35518	0.96556	2488	0	0.0000
gene_MP000273	0.35530	0.83778	190	143	75.2632
gene_MP000297	0.36679	0.86579	191	159	83.2461
gene_MP000388	0.35165	0.73687	185	148	80.0000
gene_MP000435	0.32350	0.62975	31	24	77.4194
gene_MP000481	0.32097	0.61083	114	63	55.2632
gene_MP000516	0.36496	0.64357	330	105	31.8182
gene_MP000523	0.39399	0.61407	131	108	82.4427
gene_MP000526	0.43453	0.52350	204	145	71.0784
gene_MP000536	0.37478	0.70005	617	531	86.0616
gene_MP000566	0.37211	0.46539	86	73	84.8837
gene_MP000584	0.32555	0.94957	1380	0	0.0000
gene_MP000769	0.34351	1.00074	2616	0	0.0000
gene_MP000817	0.34354	0.88005	1091	228	20.8983
gene_MP000903	0.37940	0.73956	232	221	95.2586
gene_MP000908	0.42719	0.62633	638	8	1.2539
gene_MP001128	0.45624	0.50965	38	0	0.0000
gene_MP001137	0.41345	0.47295	61	38	62.2951
gene_MP001195	0.39419	0.67453	194	41	21.1340
gene_MP001231	0.34354	0.88005	764	17	2.2251
gene_MP001244	0.36247	0.56533	105	79	75.2381
gene_MP001253	0.34354	0.88005	1128	203	17.9965
gene_MP001332	0.34728	0.78766	811	0	0.0000
gene_MP001374	0.34546	0.91630	435	225	51.7241
gene_MP001381	0.35927	0.53403	29	20	68.9655
gene_MP001414	0.34551	0.93910	4578	533	11.6426
gene_MP001433	0.34310	0.81554	144	0	0.0000
gene_MP001478	0.35036	0.99025	161	0	0.0000
gene_MP001499	0.32038	1.00959	98	0	0.0000
gene_MP001524	0.36431	0.91050	1484	0	0.0000
gene_MP001562	0.33618	0.82975	161	0	0.0000
gene_MP001587	0.36398	0.94676	522	2	0.3831
gene_MP001686	0.35329	0.76149	137	31	22.6277
gene_MP001719	0.35010	0.96231	1602	16	0.9988
gene_MP001746	0.32581	1.01144	471	0	0.0000
gene_MP001798	0.33766	0.98250	226	0	0.0000
gene_MP002051	0.35372	0.65578	106	56	52.8302
gene_MP002127	0.34546	0.75026	115	98	85.2174
gene_MP002148	0.35496	0.69155	92	36	39.1304
gene_MP002215	0.35574	0.72022	153	93	60.7843
gene_MP002264	0.33762	0.87470	242	6	2.4793
gene_MP002283	0.35602	0.86014	579	49	8.4629
gene_MP002331	0.34015	0.74908	133	101	75.9398
gene_MP002360	0.37340	0.79906	108	74	68.5185
gene_MP002524	0.39358	0.81267	488	310	63.5246
gene_MP002578	0.31773	1.03066	195	0	0.0000
gene_MP002605	0.36467	0.80070	354	0	0.0000
gene_MP002613	0.32083	0.82608	140	0	0.0000
gene_MP002712	0.37169	0.74910	94	61	64.8936
gene_MP002735	0.37081	0.81400	174	0	0.0000
gene_MP002749	0.33981	0.85991	34	0	0.0000
gene_MP002755	0.36147	0.55312	120	111	92.5000
gene_MP002757	0.34048	0.72902	67	48	71.6418
gene_MP002762	0.34194	0.71540	155	41	26.4516
gene_MP002810	0.33893	0.74779	203	125	61.5764
gene_MP002864	0.32972	0.60374	62	16	25.8065
gene_MP003060	0.32916	1.07215	253	0	0.0000
gene_MP003240	0.37519	0.85084	603	1	0.1658
gene_MP003247	0.34736	0.81267	524	149	28.4351
gene_MP003277	0.37464	0.75587	102	71	69.6078
gene_MP003309	0.35904	0.70030	189	136	71.9577
gene_MP003317	0.35262	1.02675	23	0	0.0000
gene_MP003322	0.35294	0.69361	37	18	48.6486
gene_MP003493	0.34052	0.96856	1300	0	0.0000
gene_MP003510	0.35573	0.54414	90	78	86.6667
gene_MP003515	0.34334	0.82486	637	103	16.1695
gene_MP003626	0.34043	0.59544	27	20	74.0741
gene_MP003660	0.35328	0.86614	104	102	98.0769
gene_MP003661	0.38146	0.61364	27	24	88.8889
gene_MP003663	0.30121	0.96685	76	0	0.0000
gene_MP003666	0.34927	0.68951	54	47	87.0370
gene_MP003746	0.37101	0.78447	97	95	97.9381
gene_MP003762	0.34684	0.90647	563	26	4.6181
gene_MP003764	0.32621	0.84937	112	0	0.0000
gene_MP003786	0.31076	0.96998	370	0	0.0000
gene_MP003798	0.32843	0.94400	1511	19	1.2574
gene_MP003836	0.36424	0.85664	393	365	92.8753
gene_MP003842	0.42843	0.65883	58	38	65.5172
gene_MP003886	0.32141	0.96288	1334	0	0.0000
gene_MP003902	0.38384	0.70046	113	101	89.3805
gene_MP003965	0.33738	1.00192	4289	0	0.0000
gene_MP003967	0.35590	0.87534	148	0	0.0000
gene_MP003974	0.44313	0.75667	111	0	0.0000
gene_MP003978	0.33590	0.74322	111	20	18.0180
gene_MP004081	0.38813	0.89615	62	0	0.0000
gene_MP004156	0.36964	0.61397	87	81	93.1034
gene_MP004392	0.38078	0.75520	188	29	15.4255
gene_MP004396	0.32834	0.97299	2005	0	0.0000
gene_MP004397	0.37701	1.09560	256	0	0.0000
gene_MP004400	0.34000	1.00595	138	0	0.0000
gene_MP004874	0.36334	0.75811	322	163	50.6211
gene_MP004979	0.48378	0.57767	37	0	0.0000
gene_MP004985	0.31768	0.97405	73	0	0.0000
gene_MP004992	0.37467	0.49879	93	75	80.6452
gene_MP005060	0.35571	0.93408	1060	0	0.0000
gene_MP005082	0.35571	0.93408	379	20	5.2770
gene_MP005090	0.34511	0.92912	101	0	0.0000
gene_MP005093	0.43675	0.80397	41	0	0.0000
gene_MP005140	0.34626	0.92190	984	0	0.0000
gene_MP005215	0.32263	0.97264	260	33	12.6923
gene_MP005226	0.33981	0.85991	234	0	0.0000
gene_MP005231	0.34180	0.65707	142	27	19.0141
gene_MP005455	0.36057	0.92975	217	0	0.0000
gene_MP005457	0.33031	0.95740	1126	0	0.0000
gene_MP005500	0.36420	0.80648	67	54	80.5970
gene_MP005594	0.33854	0.97302	574	0	0.0000
gene_MP005705	0.36546	0.84019	233	210	90.1288
gene_MP005791	0.35119	0.86729	135	107	79.2593
gene_MP005866	0.35627	0.79628	333	251	75.3754
gene_MP005876	0.35382	1.04405	134	0	0.0000
gene_MP005988	0.33279	1.04983	249	0	0.0000
gene_MP006097	0.35245	0.77499	619	180	29.0792
gene_MP006170	0.35455	0.77378	50	23	46.0000
gene_MP006300	0.38955	0.67502	156	127	81.4103
gene_MP006313	0.36004	0.85003	859	298	34.6915
gene_MP006369	0.34973	0.70380	86	54	62.7907
gene_MP006397	0.35005	0.63934	472	355	75.2119
gene_MP006453	0.35393	0.67301	34	0	0.0000
gene_MP006460	0.37240	0.72323	622	584	93.8907
gene_MP006491	0.36128	0.95103	234	0	0.0000
gene_MP006554	0.40116	0.91411	63	0	0.0000
gene_MP006631	0.35164	0.82350	136	86	63.2353
gene_MP006647	0.33475	0.75894	447	364	81.4318
gene_MP006649	0.32715	0.95211	3193	0	0.0000
gene_MP006682	0.33470	0.78928	21	0	0.0000
gene_MP006683	0.33470	0.78928	403	0	0.0000
gene_MP006692	0.31894	0.98457	681	0	0.0000
gene_MP006723	0.34346	0.64834	82	69	84.1463
gene_MP006766	0.33097	1.02455	63	0	0.0000
gene_MP006769	0.35860	0.93041	5934	0	0.0000
gene_MP006774	0.35494	0.82995	201	0	0.0000
gene_MP006786	0.32122	0.97814	1006	0	0.0000
gene_MP006809	0.34028	0.94785	495	36	7.2727
gene_MP006813	0.37870	0.88986	64	48	75.0000
gene_MP006857	0.34943	0.80834	319	77	24.1379
gene_MP006861	0.30379	0.72714	64	8	12.5000
gene_MP006864	0.32643	0.96135	350	0	0.0000
gene_MP006876	0.38887	0.59110	292	226	77.3973
gene_MP006920	0.38780	0.80303	569	434	76.2742
gene_MP006950	0.34915	0.98104	5385	0	0.0000
gene_MP006953	0.31741	0.99640	518	0	0.0000
gene_MP007076	0.37806	0.72443	62	50	80.6452
gene_MP007399	0.30942	1.05380	553	0	0.0000
gene_MP007591	0.31754	0.52335	81	41	50.6173
gene_MP007703	0.32518	0.57668	62	11	17.7419
gene_MP007777	0.31838	0.55884	22	18	81.8182
gene_MP008093	0.50244	0.81823	73	0	0.0000
gene_MP008209	0.33554	0.64445	134	109	81.3433
gene_MP008257	0.35843	0.79627	236	62	26.2712
gene_MP008505	0.33886	0.65275	88	57	64.7727
gene_MP008509	0.33348	0.89235	2118	77	3.6355
gene_MP008519	0.36193	0.93874	2664	2	0.0751
gene_MP008524	0.34298	0.96194	30	19	63.3333
gene_MP008541	0.35362	0.96533	815	0	0.0000
gene_MP008545	0.34298	0.96194	3637	260	7.1487
gene_MP008566	0.31407	0.59328	42	6	14.2857
gene_MP008576	0.31788	0.59806	36	24	66.6667
gene_MP008610	0.38019	0.53830	28	13	46.4286
gene_MP008632	0.31896	0.98434	162	0	0.0000
gene_MP008673	0.33201	0.96588	375	0	0.0000
gene_MP008678	0.31961	0.71198	75	47	62.6667
gene_MP008710	0.48605	0.79568	32	0	0.0000
gene_MP008756	0.36242	0.82611	927	782	84.3581
gene_MP008823	0.51364	0.82707	36	0	0.0000
gene_MP008883	0.40996	0.72254	167	141	84.4311
gene_MP008900	0.35743	0.80387	40	0	0.0000
gene_MP008986	0.35743	0.80387	287	51	17.7700
gene_MP009283	0.32261	0.43679	35	0	0.0000
gene_MP009304	0.32518	0.57668	151	34	22.5166
gene_MP009361	0.33293	0.95043	173	0	0.0000
gene_MP009366	0.37641	0.85985	43	0	0.0000
gene_MP009496	0.44493	0.81625	37	0	0.0000
gene_MP009572	0.30845	0.66296	77	37	48.0519
gene_MP009638	0.37322	0.67110	1124	363	32.2954
gene_MP009753	0.31039	1.04933	57	0	0.0000
gene_MP009827	0.32125	0.39421	34	0	0.0000
gene_MP010053	0.36678	0.70590	44	8	18.1818
gene_MP010232	0.36572	0.71299	895	201	22.4581
gene_MP010499	0.33361	0.89114	365	88	24.1096
gene_MP010517	0.40138	0.93661	39	0	0.0000
gene_MP010595	0.34982	0.83169	146	111	76.0274
gene_MP010596	0.37185	0.86657	813	24	2.9520
gene_MP010598	0.34535	0.94580	97	74	76.2887
gene_MP010599	0.31970	1.01396	1698	0	0.0000
gene_MP010601	0.37478	0.81885	561	0	0.0000
gene_MP010802	0.37326	0.82031	228	209	91.6667
gene_MP010950	0.33134	0.62915	32	0	0.0000
gene_MP011024	0.33636	0.71285	51	39	76.4706
gene_MP011059	0.32469	0.92062	564	0	0.0000
gene_MP011060	0.40680	0.81736	127	3	2.3622
gene_MP011064	0.42327	0.73830	21	0	0.0000
gene_MP011105	0.39067	0.47675	67	62	92.5373
gene_MP011133	0.31519	1.01069	443	0	0.0000
gene_MP011143	0.32439	0.90345	256	0	0.0000
gene_MP011309	0.35863	0.72210	193	156	80.8290
gene_MP011312	0.36732	0.62112	30	24	80.0000
gene_MP011478	0.35102	0.68839	63	40	63.4921
gene_MP011512	0.34658	0.66745	189	131	69.3122
gene_MP011524	0.33400	0.51999	36	29	80.5556
gene_MP011531	0.36171	0.76157	240	115	47.9167
gene_MP011539	0.35516	1.02097	2254	39	1.7303
gene_MP011544	0.33530	1.06964	560	10	1.7857
gene_MP011730	0.32091	0.82776	128	0	0.0000
gene_MP011731	0.39326	0.87797	25	8	32.0000
gene_MP011735	0.39355	0.88837	233	179	76.8240
gene_MP011759	0.32337	0.49439	53	25	47.1698
gene_MP011797	0.32559	0.98215	30	3	10.0000
gene_MP011808	0.33746	0.97726	1029	34	3.3042
gene_MP011823	0.38472	0.86688	477	228	47.7987
gene_MP011840	0.35999	0.97364	54	0	0.0000
gene_MP011946	0.38666	0.89827	154	103	66.8831
gene_MP011964	0.43810	0.61172	36	0	0.0000
gene_MP011969	0.34181	0.69848	92	13	14.1304
gene_MP011992	0.43590	0.67722	27	0	0.0000
gene_MP012171	0.33930	0.94920	456	0	0.0000
gene_MP012182	0.53211	0.64353	42	0	0.0000
gene_MP012372	0.33359	0.74324	27	0	0.0000
gene_MP012455	0.31228	0.77854	109	3	2.7523
gene_MP012470	0.46871	0.67580	29	0	0.0000
gene_MP012545	0.34585	0.63955	110	93	84.5455
gene_MP012693	0.31386	0.59511	37	10	27.0270
gene_MP012791	0.31990	0.97689	276	0	0.0000
gene_MP012795	0.34135	0.60414	106	42	39.6226
gene_MP012910	0.37114	0.67792	141	62	43.9716
gene_MP013147	0.54060	0.83306	28	0	0.0000
gene_MP013163	0.38566	0.83795	283	175	61.8375
gene_MP013185	0.35989	0.94229	700	0	0.0000
gene_MP013194	0.34946	0.74264	206	56	27.1845
gene_MP013318	0.36978	0.82650	325	6	1.8462
gene_MP013322	0.33352	0.64312	97	74	76.2887
gene_MP013462	0.36299	0.87039	134	0	0.0000
gene_MP013683	0.35308	1.02509	214	0	0.0000
gene_MP013691	0.35629	0.92482	1120	34	3.0357
gene_MP013696	0.38752	1.00724	61	0	0.0000
gene_MP013723	0.30649	0.82952	60	0	0.0000
gene_MP013734	0.32254	1.08820	323	0	0.0000
gene_MP013791	0.34042	1.04428	171	0	0.0000
gene_MP013835	0.51458	0.91303	29	0	0.0000
gene_MP013867	0.33212	0.74013	157	88	56.0510
gene_MP013869	0.34802	0.57312	91	75	82.4176
gene_MP014185	0.36228	0.60450	56	48	85.7143
gene_MP014196	0.38034	0.60268	26	18	69.2308
gene_MP014270	0.38328	0.62480	245	166	67.7551
gene_MP014280	0.35410	0.70944	137	53	38.6861
gene_MP014294	0.34097	0.97590	338	0	0.0000
gene_MP014315	0.33961	1.02922	234	0	0.0000
gene_MP014331	0.35178	0.87892	155	81	52.2581
gene_MP014334	0.35629	1.04342	192	0	0.0000
gene_MP014408	0.37046	0.92035	1671	106	6.3435
gene_MP014435	0.37597	0.74496	71	29	40.8451
gene_MP014573	0.35890	0.66578	598	367	61.3712
gene_MP014618	0.36533	0.96498	55	0	0.0000
gene_MP014647	0.35400	0.99131	160	7	4.3750
gene_MP014673	0.33348	0.57369	36	21	58.3333
gene_MP014700	0.33237	1.02184	3631	16	0.4406
gene_MP014704	0.33869	0.97339	663	0	0.0000
gene_MP014706	0.35110	0.64840	56	0	0.0000
gene_MP014710	0.35110	0.63737	57	0	0.0000
gene_MP014798	0.43257	0.87859	64	0	0.0000
gene_MP014807	0.34823	0.83622	76	0	0.0000
gene_MP014809	0.36332	0.73141	237	151	63.7131
gene_MP014848	0.33881	0.77387	77	0	0.0000
gene_MP014858	0.44124	0.46732	113	7	6.1947
gene_MP014959	0.32645	1.08702	563	0	0.0000
gene_MP014982	0.37989	0.76708	167	160	95.8084
gene_MP014999	0.35745	0.78798	76	0	0.0000
gene_MP015040	0.39993	0.97093	118	115	97.4576
gene_MP015134	0.31369	0.71246	22	0	0.0000
gene_MP015205	0.41322	0.90844	94	0	0.0000
gene_MP015235	0.32508	0.99135	896	0	0.0000
gene_MP015249	0.34339	0.61510	123	72	58.5366
gene_MP015359	0.32387	1.02279	2498	0	0.0000
gene_MP015368	0.34902	0.67133	132	117	88.6364
gene_MP015374	0.36695	0.87760	203	0	0.0000
gene_MP015497	0.33588	1.05867	2512	28	1.1146
gene_MP015550	0.32527	0.45971	34	28	82.3529
gene_MP015593	0.30938	0.61347	22	7	31.8182
gene_MP015678	0.38174	0.92094	115	0	0.0000
gene_MP015691	0.34619	0.94516	988	18	1.8219
gene_MP015693	0.31140	0.61254	76	30	39.4737
gene_MP015776	0.36021	0.59677	148	99	66.8919
gene_MP015779	0.31209	1.09127	233	149	63.9485
gene_MP015811	0.35219	0.97984	47	0	0.0000
gene_MP015870	0.34436	0.53669	21	0	0.0000
gene_MP015905	0.32698	0.63046	330	180	54.5455
gene_MP015948	0.35419	0.97625	276	0	0.0000
gene_MP016004	0.34854	0.75078	359	201	55.9889
gene_MP016032	0.36377	0.96897	289	0	0.0000
gene_MP016102	0.40311	0.73368	1118	147	13.1485
gene_MP016141	0.32083	0.95348	160	0	0.0000
gene_MP016172	0.32587	0.96914	2033	35	1.7216
gene_MP016183	0.37233	0.71151	485	437	90.1031
gene_MP016476	0.38165	0.74328	86	57	66.2791
gene_MP017367	0.37324	0.68597	224	203	90.6250
gene_MP017376	0.64130	0.82907	47	0	0.0000
gene_MP017468	0.34578	0.95596	781	0	0.0000
gene_MP017556	0.39018	0.66213	141	13	9.2199
gene_MP017596	0.34192	0.80365	148	54	36.4865
gene_MP017627	0.35404	0.92292	109	0	0.0000
gene_MP017672	0.31178	1.01635	117	0	0.0000
gene_MP017679	0.34578	0.95596	1423	0	0.0000
gene_MP017741	0.40320	0.69524	143	106	74.1259
gene_MP017757	0.35477	0.91841	146	0	0.0000
gene_MP017761	0.38765	0.72490	454	355	78.1938
gene_MP017769	0.37701	0.87930	887	0	0.0000
gene_MP017773	0.32313	0.97216	2089	0	0.0000
gene_MP017785	0.34578	0.95596	60	0	0.0000
gene_MP017786	0.34384	0.95124	2193	43	1.9608
gene_MP017796	0.37106	0.85487	224	0	0.0000
gene_MP017894	0.53191	0.80621	48	0	0.0000
gene_MP017984	0.37253	0.92682	65	10	15.3846
gene_MP017994	0.33185	0.97403	1067	0	0.0000
gene_MP018018	0.35333	0.71735	103	60	58.2524
gene_MP018030	0.42333	1.17180	31	0	0.0000
gene_MP018086	0.39302	0.56036	31	0	0.0000
gene_MP018252	0.40076	0.60893	329	269	81.7629
gene_MP018388	0.32380	0.89738	545	143	26.2385
gene_MP018397	0.35833	0.97168	2499	0	0.0000
gene_MP018981	0.33596	0.66104	85	81	95.2941
gene_MP019038	0.35376	0.85190	40	24	60.0000
gene_MP019184	0.39046	0.57771	76	73	96.0526
gene_MP019244	0.34434	0.92571	485	70	14.4330
gene_MP019245	0.36210	0.76801	113	51	45.1327
gene_MP001146	0.37762	1.36478	166	0	0.0000
