gene	gc	cpg_oe	n_cpg	n_conf	pct_conf
gene_MP000011	0.36540	0.99207	1608	0	0.0000
gene_MP000052	0.37754	0.50457	61	8	13.1148
gene_MP000115	0.46838	1.18515	763	0	0.0000
gene_MP000121	0.36956	1.03329	866	0	0.0000
gene_MP000147	0.43522	1.09418	686	0	0.0000
gene_MP000151	0.46157	0.39539	46	6	13.0435
gene_MP000180	0.38885	0.99769	620	0	0.0000
gene_MP000262	0.36412	0.59360	41	6	14.6341
gene_MP000268	0.36186	0.63714	75	6	8.0000
gene_MP000323	0.37976	1.26174	170	0	0.0000
gene_MP000410	0.34563	0.96008	235	4	1.7021
gene_MP000495	0.39413	0.90994	371	10	2.6954
gene_MP000498	0.39137	0.98386	888	2	0.2252
gene_MP000556	0.38214	1.01544	811	0	0.0000
gene_MP000606	0.36163	1.07082	236	0	0.0000
gene_MP000630	0.41362	0.74524	178	4	2.2472
gene_MP000640	0.42787	1.11062	692	1	0.1445
gene_MP000667	0.37680	0.93482	164	5	3.0488
gene_MP000730	0.40759	0.95997	448	0	0.0000
gene_MP000731	0.40138	0.90249	273	0	0.0000
gene_MP000740	0.40269	0.96354	34	0	0.0000
gene_MP000994	0.37902	0.96073	133	1	0.7519
gene_MP001004	0.40247	0.90639	66	11	16.6667
gene_MP001040	0.37284	0.66406	44	11	25.0000
gene_MP001278	0.35925	0.94521	71	0	0.0000
gene_MP001280	0.51047	1.25606	339	0	0.0000
gene_MP001306	0.37852	0.95297	534	1	0.1873
gene_MP001354	0.39045	1.06475	31	0	0.0000
gene_MP001367	0.39268	0.91639	185	4	2.1622
gene_MP001388	0.43694	0.84679	96	18	18.7500
gene_MP001390	0.39045	1.06475	42	0	0.0000
gene_MP001403	0.39045	1.06475	490	1	0.2041
gene_MP001409	0.37782	0.98293	142	0	0.0000
gene_MP001412	0.47215	1.08597	566	0	0.0000
gene_MP001570	0.42286	0.92873	82	0	0.0000
gene_MP001585	0.42885	1.00397	387	12	3.1008
gene_MP001595	0.43526	0.98907	48	0	0.0000
gene_MP001596	0.68889	1.29107	193	0	0.0000
gene_MP001607	0.38805	0.96948	84	0	0.0000
gene_MP001611	0.54815	1.04895	39	0	0.0000
gene_MP001615	0.35320	0.93663	28	0	0.0000
gene_MP001631	0.43620	0.89483	130	0	0.0000
gene_MP001632	0.41793	1.00955	162	0	0.0000
gene_MP001638	0.41512	0.80244	72	16	22.2222
gene_MP001639	0.38588	1.18569	1813	0	0.0000
gene_MP001719	0.37173	0.69901	175	7	4.0000
gene_MP001883	0.34699	1.01494	902	0	0.0000
gene_MP001965	0.36948	1.09235	1849	0	0.0000
gene_MP002015	0.40716	0.98087	21	0	0.0000
gene_MP002036	0.35335	1.14698	80	0	0.0000
gene_MP002048	0.42780	1.28673	345	0	0.0000
gene_MP002063	0.43785	0.77486	279	19	6.8100
gene_MP002145	0.37617	0.67356	33	0	0.0000
gene_MP002205	0.39730	0.83113	153	3	1.9608
gene_MP002240	0.34516	0.72577	70	7	10.0000
gene_MP002245	0.45400	1.00329	34	0	0.0000
gene_MP002254	0.35507	0.93565	63	0	0.0000
gene_MP002266	0.37886	1.03917	22	3	13.6364
gene_MP002267	0.39582	0.90565	425	0	0.0000
gene_MP002269	0.37429	1.00197	183	0	0.0000
gene_MP002273	0.39506	1.16611	316	0	0.0000
gene_MP002288	0.38762	0.96317	109	0	0.0000
gene_MP002298	0.40083	1.06778	160	0	0.0000
gene_MP002300	0.42559	1.01344	100	13	13.0000
gene_MP002303	0.37657	1.06819	297	0	0.0000
gene_MP002328	0.38101	1.02059	349	0	0.0000
gene_MP002331	0.37718	1.16742	561	0	0.0000
gene_MP002344	0.39413	1.17192	559	0	0.0000
gene_MP002418	0.39381	0.98935	1173	9	0.7673
gene_MP002419	0.40217	0.98753	48	0	0.0000
gene_MP002427	0.54594	0.91290	65	0	0.0000
gene_MP002449	0.38055	0.68873	129	18	13.9535
gene_MP002661	0.37730	1.04495	554	0	0.0000
gene_MP002670	0.36629	0.77825	43	6	13.9535
gene_MP002688	0.37878	0.95094	224	1	0.4464
gene_MP002698	0.40451	1.16681	146	14	9.5890
gene_MP002723	0.39120	0.77590	62	6	9.6774
gene_MP002739	0.41590	1.07250	37	7	18.9189
gene_MP002749	0.40096	1.24474	462	0	0.0000
gene_MP002753	0.43487	1.14017	235	1	0.4255
gene_MP002754	0.46796	0.76351	53	1	1.8868
gene_MP002933	0.40567	0.97126	141	0	0.0000
gene_MP002936	0.43535	1.00834	542	14	2.5830
gene_MP003059	0.33290	0.59635	25	7	28.0000
gene_MP003072	0.38296	1.10803	184	0	0.0000
gene_MP003090	0.36839	1.09291	239	3	1.2552
gene_MP003167	0.34836	0.88331	66	0	0.0000
gene_MP003168	0.38075	1.05745	159	0	0.0000
gene_MP003222	0.34634	0.98562	295	0	0.0000
gene_MP003284	0.33627	0.94435	101	0	0.0000
gene_MP003361	0.37362	0.84248	204	1	0.4902
gene_MP003476	0.34467	1.00387	234	0	0.0000
gene_MP003480	0.36967	0.80984	86	14	16.2791
gene_MP003506	0.52299	1.01342	87	0	0.0000
gene_MP003507	0.37421	0.94997	454	0	0.0000
gene_MP003510	0.39717	1.01662	167	1	0.5988
gene_MP003516	0.42389	0.73129	139	0	0.0000
gene_MP003560	0.41590	1.07250	138	0	0.0000
gene_MP003582	0.58151	0.95587	110	0	0.0000
gene_MP003584	0.34554	0.40966	20	11	55.0000
gene_MP003593	0.41667	0.69216	40	7	17.5000
gene_MP003596	0.37280	0.89767	182	6	3.2967
gene_MP003607	0.44840	0.83936	20	10	50.0000
gene_MP003613	0.33151	0.99992	153	0	0.0000
gene_MP003667	0.37414	0.69991	25	5	20.0000
gene_MP003693	0.38674	0.58822	25	10	40.0000
gene_MP003696	0.36685	1.17142	1631	0	0.0000
gene_MP003719	0.41847	1.10968	46	0	0.0000
gene_MP003764	0.46173	0.84317	47	4	8.5106
gene_MP003842	0.36978	0.82718	61	2	3.2787
gene_MP003844	0.38487	0.41541	25	11	44.0000
gene_MP003849	0.37948	0.96883	297	0	0.0000
gene_MP003852	0.36503	1.05710	319	12	3.7618
gene_MP003859	0.37915	0.62609	42	13	30.9524
gene_MP003881	0.36389	1.19881	176	0	0.0000
gene_MP003899	0.37349	1.10428	620	0	0.0000
gene_MP003975	0.38820	0.81811	336	22	6.5476
gene_MP003977	0.35054	0.78572	181	2	1.1050
gene_MP003996	0.37495	1.05009	266	0	0.0000
gene_MP004000	0.33926	0.74683	102	3	2.9412
gene_MP004011	0.41667	0.74687	40	0	0.0000
gene_MP004051	0.35975	0.95896	79	0	0.0000
gene_MP004061	0.36339	0.61623	30	2	6.6667
gene_MP004065	0.34536	0.97783	539	0	0.0000
gene_MP004075	0.36664	1.03329	331	12	3.6254
gene_MP004220	0.36251	0.65319	42	1	2.3810
gene_MP004259	0.37516	0.48484	40	5	12.5000
gene_MP004275	0.36619	0.84874	98	0	0.0000
gene_MP004277	0.37256	0.81255	250	0	0.0000
gene_MP004286	0.60779	1.20469	67	0	0.0000
gene_MP004367	0.37049	0.72355	92	3	3.2609
gene_MP004370	0.36088	0.65108	111	3	2.7027
gene_MP004481	0.35349	0.47410	22	3	13.6364
gene_MP004486	0.36938	1.04196	926	0	0.0000
gene_MP004508	0.37643	1.08111	377	0	0.0000
gene_MP004686	0.37464	1.03104	105	0	0.0000
gene_MP004692	0.37756	0.91987	23	0	0.0000
gene_MP004696	0.36448	0.66417	30	11	36.6667
gene_MP004697	0.36366	0.82612	124	15	12.0968
gene_MP004701	0.36370	0.78821	32	3	9.3750
gene_MP004703	0.37896	0.80095	31	2	6.4516
gene_MP004704	0.36035	0.91007	177	0	0.0000
gene_MP004711	0.35391	0.96516	203	0	0.0000
gene_MP004713	0.47795	0.92647	57	0	0.0000
gene_MP004721	0.43987	0.83708	45	0	0.0000
gene_MP004735	0.46709	1.25168	24	0	0.0000
gene_MP004740	0.35959	0.98669	439	0	0.0000
gene_MP005065	0.38620	1.03678	1540	2	0.1299
gene_MP005068	0.40561	1.01323	139	0	0.0000
gene_MP005116	0.36816	1.06994	156	0	0.0000
gene_MP005184	0.62911	1.21872	290	0	0.0000
gene_MP005259	0.41594	1.01901	233	4	1.7167
gene_MP005323	0.49502	0.75170	78	0	0.0000
gene_MP005327	0.37427	1.22271	144	0	0.0000
gene_MP005337	0.34845	0.63155	45	4	8.8889
gene_MP005354	0.37622	0.97725	180	0	0.0000
gene_MP005417	0.39777	1.24717	27	0	0.0000
gene_MP005423	0.38225	1.08261	272	0	0.0000
gene_MP005454	0.37525	1.02720	32	0	0.0000
gene_MP005505	0.37351	1.01329	108	0	0.0000
gene_MP005733	0.39108	1.03614	460	7	1.5217
gene_MP005752	0.38799	0.96874	256	0	0.0000
gene_MP005757	0.39213	1.04115	278	0	0.0000
gene_MP005782	0.41631	1.07049	137	0	0.0000
gene_MP005878	0.36594	1.10125	223	0	0.0000
gene_MP005916	0.36456	0.88246	627	0	0.0000
gene_MP005920	0.34200	1.08866	639	0	0.0000
gene_MP005946	0.36984	1.13505	71	0	0.0000
gene_MP005951	0.33749	1.09673	68	0	0.0000
gene_MP005954	0.41844	0.94119	120	0	0.0000
gene_MP005959	0.39492	1.08840	50	0	0.0000
gene_MP005965	0.36870	1.18109	370	0	0.0000
gene_MP006109	0.38636	1.09593	62	0	0.0000
gene_MP006117	0.39507	0.90920	31	0	0.0000
gene_MP006128	0.36126	1.13825	228	0	0.0000
gene_MP006144	0.33758	0.53981	35	8	22.8571
gene_MP006214	0.37242	1.01649	167	2	1.1976
gene_MP006285	0.41177	0.90332	253	4	1.5810
gene_MP006382	0.34816	0.94865	744	0	0.0000
gene_MP006520	0.33041	0.88728	47	0	0.0000
gene_MP006538	0.43124	0.99286	53	0	0.0000
gene_MP006540	0.39731	1.05026	779	0	0.0000
gene_MP006544	0.60343	1.18575	195	0	0.0000
gene_MP006820	0.35720	0.85267	267	0	0.0000
gene_MP006824	0.35274	0.82716	93	0	0.0000
gene_MP006897	0.36938	1.07847	330	10	3.0303
gene_MP006902	0.37336	1.07218	444	0	0.0000
gene_MP007048	0.36866	1.03323	517	0	0.0000
gene_MP007228	0.65497	1.01277	53	0	0.0000
gene_MP007691	0.65446	1.01249	311	0	0.0000
gene_MP007908	0.45491	1.14398	120	0	0.0000
gene_MP007916	0.42828	0.96956	1047	2	0.1910
gene_MP007935	0.41653	0.93395	55	0	0.0000
gene_MP007953	0.43476	1.03120	609	2	0.3284
gene_MP007993	0.38286	1.06318	441	0	0.0000
gene_MP008005	0.39189	0.31850	31	3	9.6774
gene_MP008007	0.37541	1.03254	69	0	0.0000
gene_MP008011	0.44832	1.12057	1175	10	0.8511
gene_MP008037	0.36945	1.08017	91	0	0.0000
gene_MP008042	0.35845	0.77101	51	0	0.0000
gene_MP008055	0.40147	0.93383	458	12	2.6201
gene_MP008060	0.39327	0.94927	327	0	0.0000
gene_MP008087	0.41631	1.07049	244	0	0.0000
gene_MP008091	0.41631	1.07049	297	0	0.0000
gene_MP008098	0.37315	0.94432	124	2	1.6129
gene_MP008100	0.37723	1.17614	77	0	0.0000
gene_MP008105	0.37210	0.82569	90	0	0.0000
gene_MP008121	0.38286	1.06318	40	0	0.0000
gene_MP008143	0.42546	1.14317	147	0	0.0000
gene_MP008158	0.38383	0.70740	48	7	14.5833
gene_MP008215	0.43580	1.13933	669	7	1.0463
gene_MP008217	0.38382	1.13206	880	18	2.0455
gene_MP008271	0.34936	0.84187	139	0	0.0000
gene_MP008301	0.38588	1.18569	1373	0	0.0000
gene_MP008308	0.35168	0.85763	225	29	12.8889
gene_MP008328	0.40645	1.13190	940	7	0.7447
gene_MP008350	0.36952	0.93793	177	0	0.0000
gene_MP008398	0.44150	1.11179	618	3	0.4854
gene_MP008496	0.37389	0.86868	65	0	0.0000
gene_MP009936	0.42067	1.11585	750	0	0.0000
gene_MP009941	0.51656	1.23717	33	0	0.0000
gene_MP009946	0.51656	1.23717	230	0	0.0000
gene_MP009965	0.37606	1.04031	390	3	0.7692
gene_MP009968	0.40664	1.12823	240	8	3.3333
gene_MP009971	0.37981	0.84465	35	0	0.0000
gene_MP009979	0.42502	1.05046	326	8	2.4540
gene_MP009980	0.39557	0.88870	150	0	0.0000
gene_MP009989	0.51656	1.23717	321	0	0.0000
gene_MP010014	0.39519	1.28143	166	0	0.0000
gene_MP010056	0.36418	1.01088	3869	1	0.0258
gene_MP010074	0.43722	1.05374	131	0	0.0000
gene_MP010109	0.42012	1.05721	796	1	0.1256
gene_MP010121	0.51656	1.23717	728	13	1.7857
gene_MP010125	0.38801	0.93005	418	2	0.4785
gene_MP010156	0.37981	0.84465	89	2	2.2472
gene_MP010172	0.38370	1.08058	900	4	0.4444
gene_MP010199	0.41580	0.95257	151	0	0.0000
gene_MP010209	0.36265	0.95468	164	0	0.0000
gene_MP010253	0.40763	1.12097	449	0	0.0000
gene_MP010321	0.39023	1.09239	99	0	0.0000
gene_MP010488	0.41036	1.04817	1419	3	0.2114
gene_MP010497	0.42552	1.16758	376	0	0.0000
gene_MP010533	0.42847	1.10689	26	8	30.7692
gene_MP010560	0.36273	1.05621	318	0	0.0000
gene_MP010584	0.39057	1.00856	310	0	0.0000
gene_MP010596	0.43956	0.35880	23	4	17.3913
gene_MP010658	0.38529	1.24759	36	0	0.0000
gene_MP010684	0.34821	0.96556	146	0	0.0000
gene_MP010705	0.60060	1.24640	25	0	0.0000
gene_MP010732	0.40376	1.23858	62	0	0.0000
gene_MP010855	0.36974	0.80951	129	0	0.0000
gene_MP010877	0.36244	1.09691	206	0	0.0000
gene_MP010906	0.39878	0.96231	423	1	0.2364
gene_MP010910	0.41822	1.05599	146	17	11.6438
gene_MP011394	0.43729	1.13140	293	0	0.0000
gene_MP011545	0.37907	1.06522	123	0	0.0000
gene_MP011546	0.36832	1.00999	205	0	0.0000
gene_MP011547	0.35248	0.87970	95	0	0.0000
gene_MP011580	0.40902	1.09278	88	0	0.0000
gene_MP011590	0.36443	1.05547	371	0	0.0000
gene_MP011634	0.37735	0.94981	51	20	39.2157
gene_MP011793	0.38299	0.65574	51	23	45.0980
gene_MP011794	0.39783	0.66737	45	20	44.4444
gene_MP011864	0.35554	0.92234	280	4	1.4286
gene_MP011893	0.35120	0.79613	49	4	8.1633
gene_MP011897	0.43738	0.61386	22	6	27.2727
gene_MP012343	0.35861	0.91640	326	0	0.0000
gene_MP012397	0.37813	1.00233	118	1	0.8475
gene_MP012458	0.34771	0.89943	170	0	0.0000
gene_MP012464	0.34719	0.69805	82	14	17.0732
gene_MP012466	0.32476	0.67919	20	4	20.0000
gene_MP012486	0.42086	0.98693	170	0	0.0000
gene_MP012487	0.41258	1.20809	121	0	0.0000
gene_MP012512	0.36359	0.77087	189	0	0.0000
gene_MP012559	0.41977	0.82682	118	0	0.0000
gene_MP012561	0.41629	1.19147	67	0	0.0000
gene_MP012566	0.33707	0.63315	24	5	20.8333
gene_MP012720	0.36999	0.88712	484	0	0.0000
gene_MP012727	0.38708	0.89112	201	0	0.0000
gene_MP012737	0.33662	0.89158	37	0	0.0000
gene_MP012739	0.40786	0.98604	407	4	0.9828
gene_MP012740	0.35138	0.93712	94	0	0.0000
gene_MP012783	0.37852	0.39355	21	5	23.8095
gene_MP012790	0.36918	0.85821	77	9	11.6883
gene_MP012837	0.44479	0.95754	75	0	0.0000
gene_MP012844	0.33139	0.81359	138	6	4.3478
gene_MP012863	0.39055	0.89913	38	8	21.0526
gene_MP012865	0.35712	0.77988	68	0	0.0000
gene_MP012867	0.36438	1.05571	547	0	0.0000
gene_MP012871	0.37561	1.02353	442	0	0.0000
gene_MP012879	0.36465	1.07461	2156	2	0.0928
gene_MP012892	0.36945	1.08582	1089	1	0.0918
gene_MP012898	0.38118	0.70636	107	6	5.6075
gene_MP012915	0.36413	0.65113	27	16	59.2593
gene_MP012924	0.39654	0.90374	82	0	0.0000
gene_MP012928	0.39076	1.01177	175	0	0.0000
gene_MP012946	0.42229	0.64264	28	2	7.1429
gene_MP012952	0.39235	0.88984	164	1	0.6098
gene_MP013101	0.43773	1.20516	263	5	1.9011
gene_MP013125	0.37925	0.62874	43	13	30.2326
gene_MP013257	0.42286	1.06871	82	0	0.0000
gene_MP013271	0.36987	1.04875	422	0	0.0000
gene_MP013290	0.36807	0.79433	30	0	0.0000
gene_MP013315	0.37031	0.91117	126	0	0.0000
gene_MP013361	0.41482	0.67665	26	2	7.6923
gene_MP013721	0.37498	1.02516	219	15	6.8493
gene_MP013722	0.40773	1.22863	310	0	0.0000
gene_MP013733	0.51818	0.79001	35	5	14.2857
gene_MP013856	0.32374	0.72090	24	4	16.6667
gene_MP013878	0.39733	1.16062	34	0	0.0000
gene_MP013883	0.37550	0.76049	24	0	0.0000
gene_MP013981	0.35319	1.12427	150	0	0.0000
gene_MP014029	0.45352	0.67567	37	0	0.0000
gene_MP014042	0.36069	0.86821	118	9	7.6271
gene_MP014058	0.39639	0.85340	47	0	0.0000
gene_MP014098	0.37373	1.11453	803	0	0.0000
gene_MP014215	0.38511	0.66501	25	16	64.0000
gene_MP014432	0.38288	0.98197	229	0	0.0000
gene_MP014453	0.38169	0.91678	55	0	0.0000
gene_MP014457	0.37264	0.59365	61	7	11.4754
gene_MP014498	0.38782	0.63738	35	7	20.0000
gene_MP014499	0.38281	0.97479	177	0	0.0000
gene_MP014628	0.36308	0.98097	101	0	0.0000
gene_MP014639	0.38881	0.92100	207	4	1.9324
gene_MP014648	0.35790	1.07526	1230	0	0.0000
gene_MP014652	0.36340	0.82454	126	6	4.7619
gene_MP014720	0.36353	0.95092	77	0	0.0000
gene_MP014823	0.37991	0.95342	72	0	0.0000
gene_MP014866	0.38426	0.80295	131	3	2.2901
gene_MP014916	0.34337	1.04348	1797	0	0.0000
gene_MP014987	0.42838	0.71574	27	0	0.0000
gene_MP015048	0.39641	0.94390	52	1	1.9231
gene_MP015172	0.38556	0.65385	42	20	47.6190
gene_MP015252	0.37456	1.25293	340	0	0.0000
gene_MP015260	0.37992	1.04937	28	0	0.0000
gene_MP015498	0.41016	0.98278	50	0	0.0000
gene_MP015506	0.39492	0.81658	98	14	14.2857
gene_MP015612	0.37428	0.85865	44	0	0.0000
gene_MP015614	0.37567	0.88125	217	8	3.6866
gene_MP015676	0.39322	0.94513	139	0	0.0000
gene_MP015732	0.34549	1.01617	451	0	0.0000
gene_MP015735	0.40519	1.03102	408	0	0.0000
gene_MP015741	0.35304	0.93931	343	0	0.0000
gene_MP015911	0.43229	0.79307	28	0	0.0000
gene_MP015987	0.39732	0.95465	111	0	0.0000
gene_MP015989	0.37075	1.12840	58	13	22.4138
gene_MP015996	0.38242	0.92855	81	1	1.2346
gene_MP016010	0.37072	1.12870	1665	0	0.0000
gene_MP016012	0.36665	1.01348	84	0	0.0000
gene_MP016013	0.37854	1.10743	84	0	0.0000
gene_MP016017	0.39493	1.08206	392	0	0.0000
gene_MP016040	0.34021	1.09140	318	0	0.0000
gene_MP016042	0.37683	1.03453	46	0	0.0000
gene_MP016419	0.41458	1.15443	342	3	0.8772
gene_MP016468	0.47237	1.15215	36	0	0.0000
gene_MP016477	0.39582	1.08105	65	0	0.0000
gene_MP016519	0.50877	0.65537	29	0	0.0000
gene_MP016554	0.36955	0.91167	133	9	6.7669
gene_MP016557	0.33555	0.90489	69	0	0.0000
gene_MP016596	0.34802	0.92572	609	0	0.0000
gene_MP016636	0.43951	0.92506	155	4	2.5806
gene_MP016737	0.37328	0.94929	251	0	0.0000
gene_MP016739	0.37241	1.19710	385	0	0.0000
gene_MP016745	0.35858	1.02934	4082	3	0.0735
gene_MP016754	0.40165	0.86968	52	0	0.0000
gene_MP016821	0.39086	1.10342	82	0	0.0000
gene_MP016908	0.38589	0.73264	75	5	6.6667
gene_MP016940	0.33839	1.08715	33	0	0.0000
gene_MP016959	0.41247	0.44166	28	9	32.1429
gene_MP016972	0.36143	0.95222	115	0	0.0000
gene_MP017233	0.42481	0.80882	22	3	13.6364
gene_MP017318	0.38762	0.99930	114	3	2.6316
gene_MP017321	0.36929	0.91639	118	3	2.5424
gene_MP017339	0.40282	1.12308	338	0	0.0000
gene_MP017502	0.39653	0.73543	122	0	0.0000
gene_MP017508	0.40784	1.05497	249	0	0.0000
gene_MP017521	0.38236	1.19936	337	0	0.0000
gene_MP017627	0.41953	1.22109	170	7	4.1176
gene_MP017801	0.39386	0.98760	1207	0	0.0000
gene_MP017828	0.34732	0.64262	42	8	19.0476
gene_MP017842	0.38538	1.06283	184	1	0.5435
gene_MP017872	0.41562	0.81775	224	10	4.4643
gene_MP017964	0.35618	0.75095	27	0	0.0000
gene_MP018008	0.37062	1.05234	275	5	1.8182
gene_MP018013	0.35532	0.93833	1167	2	0.1714
gene_MP018027	0.36731	1.01034	473	0	0.0000
gene_MP018048	0.36980	0.91202	235	9	3.8298
gene_MP018050	0.36262	0.86878	251	4	1.5936
gene_MP018079	0.35101	0.96056	216	0	0.0000
gene_MP018145	0.37256	0.53967	39	10	25.6410
gene_MP018168	0.36320	0.88779	68	0	0.0000
gene_MP018333	0.37017	1.09591	645	0	0.0000
gene_MP018340	0.40855	0.99589	611	0	0.0000
gene_MP018681	0.45375	0.98943	99	0	0.0000
gene_MP018683	0.42483	1.06573	1129	1	0.0886
gene_MP018758	0.41924	0.65948	47	0	0.0000
gene_MP019058	0.58333	1.29796	53	0	0.0000
gene_MP019162	0.52025	1.01905	22	0	0.0000
gene_MP019516	0.50000	0.88194	84	0	0.0000
gene_MP019648	0.49327	0.84952	46	0	0.0000
gene_MP020073	0.53109	1.59587	71	0	0.0000
gene_MP020095	0.42770	1.19613	177	0	0.0000
gene_MP020099	0.40829	1.15228	777	0	0.0000
gene_MP020116	0.42037	0.94588	636	1	0.1572
gene_MP020122	0.36015	0.97545	239	0	0.0000
gene_MP020138	0.37001	1.09368	318	0	0.0000
gene_MP020157	0.38265	0.92843	25	16	64.0000
gene_MP020195	0.47039	1.04569	759	4	0.5270
gene_MP020209	0.36521	0.88522	430	0	0.0000
gene_MP020221	0.37001	1.09368	406	0	0.0000
gene_MP020228	0.37001	1.09368	237	0	0.0000
gene_MP020256	0.39324	0.99477	175	16	9.1429
gene_MP020258	0.37599	1.01172	1160	0	0.0000
gene_MP020266	0.55102	1.18331	38	0	0.0000
gene_MP020277	0.38233	0.92077	360	0	0.0000
gene_MP020282	0.40727	0.99265	185	1	0.5405
gene_MP020290	0.39442	0.99788	72	1	1.3889
gene_MP020297	0.37262	0.78647	30	0	0.0000
gene_MP020301	0.38458	0.42781	21	8	38.0952
gene_MP020311	0.36978	0.91217	487	5	1.0267
gene_MP020314	0.36521	0.88522	111	0	0.0000
gene_MP020383	0.42248	1.06483	1031	10	0.9699
gene_MP020405	0.42365	0.90304	208	4	1.9231
gene_MP020541	0.36220	1.08714	322	0	0.0000
gene_MP020548	0.36391	0.80573	41	0	0.0000
gene_MP020683	0.38912	0.86945	415	6	1.4458
gene_MP021095	0.42043	1.04686	86	0	0.0000
gene_MP021125	0.39578	0.70620	143	0	0.0000
gene_MP021145	0.50485	1.18904	263	0	0.0000
gene_MP021363	0.36719	0.99134	111	0	0.0000
gene_MP021459	0.65986	0.98636	31	0	0.0000
gene_MP021848	0.54321	1.17228	37	0	0.0000
gene_MP022562	0.48584	1.03478	28	0	0.0000
gene_MP022584	0.37001	1.09368	315	0	0.0000
gene_MP022616	0.35756	0.81489	20	12	60.0000
gene_MP022626	0.40727	0.99265	1214	0	0.0000
gene_MP022803	0.38156	0.97212	493	0	0.0000
gene_MP022842	0.36327	1.08974	606	0	0.0000
gene_MP022920	0.64683	0.98819	30	0	0.0000
gene_MP022993	0.36992	1.10056	212	0	0.0000
gene_MP023024	0.37586	0.68184	85	0	0.0000
gene_MP023029	0.43527	0.69408	309	0	0.0000
gene_MP023040	0.41094	0.72409	24	0	0.0000
gene_MP023167	0.41453	0.94689	189	0	0.0000
gene_MP023407	0.35332	0.95643	134	0	0.0000
gene_MP023504	0.34730	0.74806	55	0	0.0000
gene_MP023625	0.38830	1.14013	1154	0	0.0000
gene_MP023644	0.35357	0.92069	1089	0	0.0000
gene_MP023657	0.39377	1.07049	251	0	0.0000
gene_MP023669	0.45261	0.92520	184	0	0.0000
gene_MP023791	0.35902	0.98796	185	0	0.0000
gene_MP023901	0.36404	1.09251	2402	0	0.0000
gene_MP023923	0.49907	0.95433	94	0	0.0000
gene_MP023993	0.36990	1.07546	192	0	0.0000
gene_MP024278	0.39246	0.81413	41	0	0.0000
gene_MP000017	0.41269	1.01297	333	0	0.0000
gene_MP000066	0.38286	0.79682	85	4	4.7059
gene_MP000077	0.38425	1.09472	129	0	0.0000
gene_MP000223	0.37900	0.79828	58	10	17.2414
gene_MP000241	0.34720	0.60202	20	1	5.0000
gene_MP000263	0.35053	0.87041	21	2	9.5238
gene_MP000294	0.40847	1.21838	596	0	0.0000
gene_MP000300	0.35348	0.98438	319	0	0.0000
gene_MP000344	0.49581	0.87578	22	0	0.0000
gene_MP000348	0.36875	0.84203	150	1	0.6667
gene_MP000395	0.45820	1.07346	503	0	0.0000
gene_MP000441	0.37522	0.82975	135	3	2.2222
gene_MP000509	0.36642	1.07419	402	1	0.2488
gene_MP000594	0.39088	0.78620	203	0	0.0000
gene_MP000689	0.36679	1.09554	187	0	0.0000
gene_MP000830	0.35603	0.91936	89	0	0.0000
gene_MP000831	0.35919	0.54603	49	5	10.2041
gene_MP000835	0.40963	1.06604	244	0	0.0000
gene_MP000838	0.43769	1.04782	251	0	0.0000
gene_MP000840	0.39838	1.00014	118	0	0.0000
gene_MP000842	0.35758	0.93903	1033	0	0.0000
gene_MP000850	0.38322	0.96796	132	0	0.0000
gene_MP000858	0.40887	0.94029	391	2	0.5115
gene_MP000882	0.36304	1.06092	2281	0	0.0000
gene_MP001169	0.37910	1.18690	668	3	0.4491
gene_MP001178	0.37660	1.03246	25	6	24.0000
gene_MP001180	0.35836	0.96884	1045	0	0.0000
gene_MP001210	0.37461	0.99840	801	0	0.0000
gene_MP001215	0.35744	0.70045	33	0	0.0000
gene_MP001227	0.38709	0.94745	1214	0	0.0000
gene_MP001236	0.36291	0.64535	69	0	0.0000
gene_MP001247	0.37986	1.13903	43	0	0.0000
gene_MP001265	0.37626	0.91937	164	0	0.0000
gene_MP001522	0.54670	0.90591	94	26	27.6596
gene_MP001597	0.37989	1.07336	335	0	0.0000
gene_MP001665	0.36094	0.94523	158	15	9.4937
gene_MP001756	0.36119	1.03391	100	0	0.0000
gene_MP001780	0.44354	1.20750	116	0	0.0000
gene_MP001977	0.40334	0.78936	92	0	0.0000
gene_MP001980	0.39059	0.92865	339	12	3.5398
gene_MP002014	0.39482	0.76636	35	0	0.0000
gene_MP002022	0.46702	0.88517	27	0	0.0000
gene_MP002095	0.34029	0.40773	26	1	3.8462
gene_MP002118	0.38767	0.68703	103	24	23.3010
gene_MP002172	0.54223	1.29404	122	6	4.9180
gene_MP002206	0.41742	0.98825	511	18	3.5225
gene_MP002386	0.36290	0.71469	49	12	24.4898
gene_MP002394	0.31929	0.56656	29	8	27.5862
gene_MP002401	0.36944	0.90668	379	0	0.0000
gene_MP002455	0.35837	0.85910	77	4	5.1948
gene_MP002458	0.35849	0.40951	27	0	0.0000
gene_MP002460	0.39142	1.00477	86	0	0.0000
gene_MP002471	0.36832	1.17284	451	0	0.0000
gene_MP002503	0.40993	0.83132	234	3	1.2821
gene_MP002507	0.33822	0.90339	28	0	0.0000
gene_MP002514	0.39067	1.09145	26	0	0.0000
gene_MP002533	0.34833	0.56115	28	8	28.5714
gene_MP002662	0.35857	0.91618	125	3	2.4000
gene_MP002669	0.37115	1.12234	248	0	0.0000
gene_MP002673	0.41178	1.15968	283	0	0.0000
gene_MP002678	0.38290	0.80203	84	0	0.0000
gene_MP002681	0.35888	0.86242	36	1	2.7778
gene_MP002687	0.44006	0.85190	84	0	0.0000
gene_MP002746	0.37807	0.89961	68	0	0.0000
gene_MP002809	0.39163	1.02176	133	0	0.0000
gene_MP002815	0.34974	0.97469	30	1	3.3333
gene_MP002824	0.42278	0.82014	129	7	5.4264
gene_MP002825	0.34221	0.55335	32	0	0.0000
gene_MP002826	0.36523	0.80219	99	3	3.0303
gene_MP002835	0.36040	0.53315	69	4	5.7971
gene_MP002931	0.34003	0.65862	36	6	16.6667
gene_MP002938	0.39753	1.14332	601	19	3.1614
gene_MP002939	0.35860	0.92032	528	6	1.1364
gene_MP002987	0.39040	1.02308	21	0	0.0000
gene_MP002990	0.34414	0.58629	75	7	9.3333
gene_MP002991	0.33903	0.50157	48	11	22.9167
gene_MP003075	0.36871	1.10917	506	0	0.0000
gene_MP003093	0.37389	0.99498	94	6	6.3830
gene_MP003112	0.33372	0.94492	307	13	4.2345
gene_MP003134	0.40387	0.61562	32	6	18.7500
gene_MP003150	0.39358	1.04966	81	0	0.0000
gene_MP003198	0.34437	1.05725	501	0	0.0000
gene_MP003270	0.37745	0.50084	28	2	7.1429
gene_MP003343	0.36586	0.80433	118	4	3.3898
gene_MP003345	0.39281	0.97212	139	1	0.7194
gene_MP003470	0.37687	0.78779	46	0	0.0000
gene_MP003523	0.31957	1.23620	159	2	1.2579
gene_MP003556	0.36778	0.81306	53	3	5.6604
gene_MP003599	0.64021	1.13160	87	0	0.0000
gene_MP003664	0.39345	1.05265	130	2	1.5385
gene_MP003675	0.41611	0.87189	138	1	0.7246
gene_MP003694	0.41694	0.98940	88	0	0.0000
gene_MP003700	0.34981	0.86104	371	5	1.3477
gene_MP003706	0.37585	1.13957	729	0	0.0000
gene_MP003708	0.40262	0.87722	88	5	5.6818
gene_MP003741	0.36707	1.23040	750	0	0.0000
gene_MP003759	0.36890	0.70874	226	0	0.0000
gene_MP003772	0.36779	0.98663	28	0	0.0000
gene_MP003779	0.39138	1.09186	68	0	0.0000
gene_MP003853	0.35622	1.02391	465	0	0.0000
gene_MP003992	0.40362	0.86625	243	6	2.4691
gene_MP004070	0.40958	0.88005	38	0	0.0000
gene_MP004071	0.38014	0.94485	173	0	0.0000
gene_MP004073	0.36058	0.98337	170	0	0.0000
gene_MP004078	0.37145	0.94844	375	0	0.0000
gene_MP004081	0.36841	0.95859	59	0	0.0000
gene_MP004099	0.40316	0.89888	104	0	0.0000
gene_MP004102	0.34859	0.84812	74	0	0.0000
gene_MP004122	0.34535	0.80413	138	5	3.6232
gene_MP004126	0.35900	0.45264	56	6	10.7143
gene_MP004129	0.38647	0.87269	627	0	0.0000
gene_MP004283	0.38526	0.82440	206	0	0.0000
gene_MP004285	0.37037	1.06388	22	0	0.0000
gene_MP004317	0.38275	1.12292	339	0	0.0000
gene_MP004324	0.37178	1.00706	323	4	1.2384
gene_MP004442	0.45311	1.00955	48	14	29.1667
gene_MP004445	0.39312	0.98781	243	0	0.0000
gene_MP004446	0.37065	0.93315	86	4	4.6512
gene_MP004456	0.34687	0.94382	2582	0	0.0000
gene_MP004613	0.36605	0.94977	806	0	0.0000
gene_MP004789	0.37120	1.12082	149	0	0.0000
gene_MP004796	0.35213	1.03504	607	0	0.0000
gene_MP004797	0.35210	0.94225	225	1	0.4444
gene_MP004800	0.38813	0.95045	190	0	0.0000
gene_MP004808	0.38142	0.84837	71	0	0.0000
gene_MP004821	0.51397	0.80894	46	0	0.0000
gene_MP004823	0.37161	0.50564	52	6	11.5385
gene_MP004825	0.41267	1.11189	887	0	0.0000
gene_MP004834	0.37636	1.14485	273	0	0.0000
gene_MP004837	0.38578	1.02176	564	1	0.1773
gene_MP004854	0.37005	0.86305	144	0	0.0000
gene_MP004972	0.37059	1.04443	94	0	0.0000
gene_MP004974	0.38262	1.10933	149	0	0.0000
gene_MP004996	0.38678	1.06509	316	2	0.6329
gene_MP005011	0.37324	0.84428	140	0	0.0000
gene_MP005049	0.49070	0.89699	42	0	0.0000
gene_MP005167	0.34636	0.95309	127	0	0.0000
gene_MP005171	0.37228	0.95714	215	0	0.0000
gene_MP005401	0.37120	1.12082	1086	0	0.0000
gene_MP005408	0.44871	0.87497	101	0	0.0000
gene_MP005412	0.38394	1.10608	264	0	0.0000
gene_MP005421	0.40685	1.08036	224	0	0.0000
gene_MP005466	0.48197	1.23016	150	15	10.0000
gene_MP005498	0.37296	1.06136	202	0	0.0000
gene_MP005503	0.39675	1.06720	65	0	0.0000
gene_MP005518	0.37074	1.12173	378	0	0.0000
gene_MP005525	0.40775	0.94602	35	2	5.7143
gene_MP005531	0.42278	0.82014	116	0	0.0000
gene_MP005597	0.38872	0.91884	90	0	0.0000
gene_MP005616	0.36732	0.98586	134	0	0.0000
gene_MP005622	0.39920	1.06634	737	0	0.0000
gene_MP005753	0.34417	0.84906	128	0	0.0000
gene_MP005767	0.38661	0.93307	253	1	0.3953
gene_MP005823	0.43911	0.85676	94	0	0.0000
gene_MP005945	0.38222	1.15106	513	0	0.0000
gene_MP005950	0.40635	1.23190	492	0	0.0000
gene_MP005958	0.36678	0.77631	67	6	8.9552
gene_MP005989	0.35753	1.14782	324	0	0.0000
gene_MP006011	0.35578	1.02756	1083	0	0.0000
gene_MP006024	0.38544	1.01243	70	0	0.0000
gene_MP006033	0.38616	1.17816	437	0	0.0000
gene_MP006049	0.32900	0.91291	54	0	0.0000
gene_MP006069	0.36469	1.02896	40	0	0.0000
gene_MP006108	0.36940	1.06818	1046	0	0.0000
gene_MP006110	0.39701	1.08119	179	0	0.0000
gene_MP006133	0.36801	1.07076	93	0	0.0000
gene_MP006239	0.37115	1.12234	434	5	1.1521
gene_MP006324	0.36980	1.08238	151	0	0.0000
gene_MP006332	0.34626	0.65331	40	0	0.0000
gene_MP006341	0.36342	1.11301	96	0	0.0000
gene_MP006342	0.37703	1.03138	190	0	0.0000
gene_MP006484	0.37354	1.13554	1615	0	0.0000
gene_MP006521	0.38408	1.04122	832	0	0.0000
gene_MP006532	0.40238	0.72033	105	0	0.0000
gene_MP006572	0.41350	1.01520	767	20	2.6076
gene_MP006661	0.39347	0.93784	36	0	0.0000
gene_MP006723	0.38773	0.98622	96	0	0.0000
gene_MP006768	0.36877	0.97931	120	0	0.0000
gene_MP006879	0.37521	1.19137	193	0	0.0000
gene_MP006948	0.45838	0.98362	360	0	0.0000
gene_MP006950	0.35153	0.58644	60	16	26.6667
gene_MP006951	0.38718	1.18366	115	0	0.0000
gene_MP007097	0.36302	1.09455	44	0	0.0000
gene_MP007102	0.39161	1.02915	329	2	0.6079
gene_MP007103	0.38664	0.92179	327	0	0.0000
gene_MP007122	0.39613	1.07593	235	5	2.1277
gene_MP007125	0.37019	1.18001	1315	0	0.0000
gene_MP007141	0.37287	1.18857	616	0	0.0000
gene_MP007153	0.34766	0.66035	136	17	12.5000
gene_MP007161	0.37590	1.08522	255	2	0.7843
gene_MP007164	0.37633	0.77581	77	4	5.1948
gene_MP007167	0.37053	1.14402	1462	0	0.0000
gene_MP007175	0.39035	1.16217	242	0	0.0000
gene_MP007182	0.39437	0.89911	330	2	0.6061
gene_MP007187	0.38213	1.10537	396	0	0.0000
gene_MP007190	0.39225	1.16337	26	0	0.0000
gene_MP007192	0.34395	1.02097	342	0	0.0000
gene_MP007195	0.34850	0.85317	42	0	0.0000
gene_MP007197	0.37038	0.87739	25	0	0.0000
gene_MP007198	0.63486	1.11274	88	0	0.0000
gene_MP007199	0.37654	0.97905	132	0	0.0000
gene_MP007203	0.35472	0.69134	82	0	0.0000
gene_MP007210	0.47368	1.08032	174	9	5.1724
gene_MP007243	0.53787	1.35757	277	11	3.9711
gene_MP007274	0.38669	0.99787	255	0	0.0000
gene_MP007346	0.41650	0.84839	216	9	4.1667
gene_MP007364	0.45444	1.20825	41	0	0.0000
gene_MP007386	0.39225	1.16337	358	0	0.0000
gene_MP007405	0.36469	1.04033	445	1	0.2247
gene_MP008270	0.54956	0.85478	167	0	0.0000
gene_MP009056	0.44202	0.95919	947	0	0.0000
gene_MP009364	0.37904	1.27179	226	0	0.0000
gene_MP009366	0.34586	1.02060	811	0	0.0000
gene_MP009371	0.39613	1.07593	331	0	0.0000
gene_MP009372	0.41515	0.97010	213	5	2.3474
gene_MP009373	0.37535	0.79883	518	0	0.0000
gene_MP009380	0.49810	1.27959	535	0	0.0000
gene_MP009388	0.38498	1.05357	291	0	0.0000
gene_MP009396	0.41720	0.82153	193	2	1.0363
gene_MP009397	0.37592	1.14106	130	0	0.0000
gene_MP009400	0.38075	0.87859	102	0	0.0000
gene_MP009404	0.37592	1.08580	1509	2	0.1325
gene_MP009451	0.36795	0.97562	1251	0	0.0000
gene_MP009493	0.39613	1.07593	298	0	0.0000
gene_MP009502	0.74448	1.42536	170	0	0.0000
gene_MP009525	0.37139	1.13427	348	0	0.0000
gene_MP009530	0.39763	1.11149	172	0	0.0000
gene_MP009610	0.35284	0.97074	119	0	0.0000
gene_MP009640	0.37561	0.91355	102	0	0.0000
gene_MP009646	0.35949	0.61451	21	8	38.0952
gene_MP009653	0.33361	0.91669	212	0	0.0000
gene_MP009656	0.37378	1.20816	225	0	0.0000
gene_MP009684	0.41365	1.14366	386	3	0.7772
gene_MP009738	0.43596	1.06417	182	0	0.0000
gene_MP009743	0.41616	1.02283	23	0	0.0000
gene_MP009799	0.37631	1.09511	646	1	0.1548
gene_MP009844	0.35607	0.86136	81	0	0.0000
gene_MP009847	0.45783	0.99486	50	0	0.0000
gene_MP009879	0.41558	1.02406	40	0	0.0000
gene_MP009887	0.37528	0.93178	61	0	0.0000
gene_MP009889	0.35195	0.32153	20	8	40.0000
gene_MP011082	0.51389	1.24959	20	0	0.0000
gene_MP011571	0.49745	1.34746	440	0	0.0000
gene_MP011636	0.35614	0.76126	126	6	4.7619
gene_MP011730	0.37164	0.91011	91	0	0.0000
gene_MP011743	0.40190	0.97533	37	0	0.0000
gene_MP011766	0.46592	0.65740	76	0	0.0000
gene_MP011781	0.46606	0.91180	42	0	0.0000
gene_MP011879	0.37290	1.17695	183	1	0.5464
gene_MP011904	0.38140	1.14806	611	0	0.0000
gene_MP011949	0.37607	1.00501	200	6	3.0000
gene_MP011984	0.42349	1.03250	26	0	0.0000
gene_MP012037	0.39372	0.98243	53	5	9.4340
gene_MP012062	0.60847	0.84135	29	0	0.0000
gene_MP012069	0.35071	1.01477	1772	0	0.0000
gene_MP012070	0.37460	0.97995	228	0	0.0000
gene_MP012145	0.35703	0.79390	216	1	0.4630
gene_MP012149	0.38949	0.77667	25	0	0.0000
gene_MP012335	0.35915	0.38251	23	4	17.3913
gene_MP012401	0.34681	0.79092	54	0	0.0000
gene_MP012501	0.46816	0.71770	21	0	0.0000
gene_MP012521	0.45029	0.87749	58	0	0.0000
gene_MP012522	0.36538	0.67862	65	8	12.3077
gene_MP012552	0.40894	0.82231	62	0	0.0000
gene_MP012672	0.39479	0.85391	88	0	0.0000
gene_MP012834	0.46593	1.29946	121	3	2.4793
gene_MP012935	0.39381	0.82237	79	0	0.0000
gene_MP013004	0.39464	0.54316	30	7	23.3333
gene_MP013020	0.34347	1.00423	247	0	0.0000
gene_MP013026	0.41401	0.82899	178	0	0.0000
gene_MP013033	0.41615	0.94883	191	0	0.0000
gene_MP013037	0.36282	1.11086	184	0	0.0000
gene_MP013041	0.38502	0.91328	27	0	0.0000
gene_MP013051	0.36300	1.12517	283	0	0.0000
gene_MP013085	0.35206	0.48606	26	13	50.0000
gene_MP013089	0.36086	0.97327	288	0	0.0000
gene_MP013092	0.37758	1.01406	113	3	2.6549
gene_MP013130	0.37757	0.69697	70	4	5.7143
gene_MP013260	0.35239	1.00107	377	0	0.0000
gene_MP013460	0.46255	0.91639	65	0	0.0000
gene_MP013466	0.53431	0.71003	31	0	0.0000
gene_MP013470	0.37750	0.44315	30	5	16.6667
gene_MP013481	0.38134	0.87150	139	0	0.0000
gene_MP013573	0.34211	0.66495	45	0	0.0000
gene_MP013693	0.33915	0.65828	23	2	8.6957
gene_MP013753	0.35555	0.87967	118	0	0.0000
gene_MP013780	0.38462	0.70786	25	9	36.0000
gene_MP013823	0.41983	1.16838	803	0	0.0000
gene_MP013861	0.38230	0.55956	30	7	23.3333
gene_MP013862	0.35391	0.92638	26	0	0.0000
gene_MP013907	0.69600	1.21252	55	0	0.0000
gene_MP013920	0.40689	0.65489	45	0	0.0000
gene_MP013948	0.32368	0.92734	22	0	0.0000
gene_MP014040	0.54825	1.20031	41	0	0.0000
gene_MP014094	0.51882	0.88121	44	0	0.0000
gene_MP014097	0.52894	0.93787	24	0	0.0000
gene_MP014228	0.51028	1.19015	407	0	0.0000
gene_MP014240	0.36560	1.17990	29	0	0.0000
gene_MP014374	0.37828	0.89386	80	0	0.0000
gene_MP014522	0.33449	1.05956	397	0	0.0000
gene_MP014527	0.37461	0.78048	22	0	0.0000
gene_MP014556	0.38918	0.74145	174	13	7.4713
gene_MP014589	0.37516	0.91524	129	0	0.0000
gene_MP014606	0.34666	0.68465	32	16	50.0000
gene_MP014717	0.37003	1.14794	63	0	0.0000
gene_MP014762	0.40752	0.63085	25	11	44.0000
gene_MP014846	0.37000	0.84911	490	24	4.8980
gene_MP014854	0.36120	0.96498	102	0	0.0000
gene_MP014945	0.44683	0.97763	83	0	0.0000
gene_MP015036	0.37622	0.62439	34	8	23.5294
gene_MP015042	0.36542	0.58281	34	16	47.0588
gene_MP015108	0.33375	0.51196	46	6	13.0435
gene_MP015131	0.35352	0.94325	145	14	9.6552
gene_MP015184	0.36285	0.89289	121	2	1.6529
gene_MP015185	0.41947	0.92782	271	3	1.1070
gene_MP015187	0.38190	1.21775	20	0	0.0000
gene_MP015263	0.37550	0.89503	95	0	0.0000
gene_MP015268	0.39066	0.78166	128	3	2.3438
gene_MP015270	0.46700	0.96548	41	0	0.0000
gene_MP015272	0.38139	0.90001	94	2	2.1277
gene_MP015276	0.36455	0.97534	264	9	3.4091
gene_MP015288	0.33905	0.73342	144	0	0.0000
gene_MP015300	0.36312	0.98720	66	1	1.5152
gene_MP015375	0.34575	1.00108	167	0	0.0000
gene_MP015436	0.44444	0.78542	57	0	0.0000
gene_MP015440	0.66875	1.15414	179	0	0.0000
gene_MP015441	0.67015	1.15653	180	0	0.0000
gene_MP015479	0.38131	0.93642	69	0	0.0000
gene_MP015508	0.34988	0.83632	58	0	0.0000
gene_MP015609	0.48622	1.16685	516	7	1.3566
gene_MP015641	0.31233	0.98557	232	0	0.0000
gene_MP015644	0.38093	1.09208	25	0	0.0000
gene_MP015645	0.37893	0.69986	36	5	13.8889
gene_MP015683	0.38448	0.90005	225	0	0.0000
gene_MP015829	0.41119	0.93792	23	0	0.0000
gene_MP016078	0.45437	1.08105	22	0	0.0000
gene_MP016109	0.37202	0.88103	46	8	17.3913
gene_MP016152	0.34641	0.99779	726	0	0.0000
gene_MP016281	0.42610	0.96923	180	0	0.0000
gene_MP016308	0.38610	1.01201	45	0	0.0000
gene_MP016313	0.41102	0.89499	290	7	2.4138
gene_MP016453	0.38396	0.98194	24	0	0.0000
gene_MP016686	0.38066	0.99748	346	0	0.0000
gene_MP016864	0.43338	1.16834	85	0	0.0000
gene_MP016880	0.36499	0.86718	33	0	0.0000
gene_MP016882	0.56010	1.27170	348	7	2.0115
gene_MP016889	0.37978	1.01804	49	0	0.0000
gene_MP016907	0.38174	1.08598	55	0	0.0000
gene_MP017038	0.48909	1.11113	47	0	0.0000
gene_MP017098	0.40568	1.13105	304	0	0.0000
gene_MP017110	0.35586	1.04044	22	0	0.0000
gene_MP017111	0.38491	1.03947	20	0	0.0000
gene_MP017193	0.41056	1.12295	658	0	0.0000
gene_MP017220	0.39227	0.95288	56	0	0.0000
gene_MP017302	0.37607	1.00334	402	0	0.0000
gene_MP017482	0.35181	0.98000	540	0	0.0000
gene_MP017647	0.37125	1.09060	20	0	0.0000
gene_MP017676	0.67785	1.00374	51	0	0.0000
gene_MP017725	0.38150	1.32705	646	0	0.0000
gene_MP017764	0.36205	0.93522	78	14	17.9487
gene_MP017777	0.38150	1.32705	501	0	0.0000
gene_MP017903	0.35132	1.08064	1076	0	0.0000
gene_MP017953	0.36145	0.95006	594	0	0.0000
gene_MP017956	0.39818	1.10799	71	0	0.0000
gene_MP017963	0.37306	1.05403	92	0	0.0000
gene_MP017966	0.35937	0.90273	513	0	0.0000
gene_MP017977	0.38537	1.12659	137	0	0.0000
gene_MP018080	0.42128	0.79960	75	0	0.0000
gene_MP018195	0.42041	1.02542	292	0	0.0000
gene_MP018215	0.38348	0.75781	48	0	0.0000
gene_MP018265	0.39714	0.86025	218	23	10.5505
gene_MP018476	0.37887	1.15185	272	0	0.0000
gene_MP018617	0.35707	0.99535	318	14	4.4025
gene_MP018762	0.40561	0.93142	47	0	0.0000
gene_MP018834	0.36507	1.08651	178	0	0.0000
gene_MP018950	0.37811	1.14403	37	0	0.0000
gene_MP018971	0.36431	1.12489	385	0	0.0000
gene_MP018973	0.43724	1.31105	310	2	0.6452
gene_MP018984	0.44947	1.06545	438	0	0.0000
gene_MP018990	0.39505	0.99175	147	0	0.0000
gene_MP019038	0.39619	0.99512	626	0	0.0000
gene_MP019053	0.39762	0.86427	67	0	0.0000
gene_MP019071	0.36900	1.10313	895	0	0.0000
gene_MP019083	0.46334	1.07658	276	0	0.0000
gene_MP019093	0.40986	0.95941	59	0	0.0000
gene_MP019095	0.40589	1.01859	89	2	2.2472
gene_MP019113	0.38985	1.02559	222	0	0.0000
gene_MP019119	0.34525	1.00636	1038	0	0.0000
gene_MP019120	0.35181	0.98000	936	0	0.0000
gene_MP019124	0.38375	0.87135	162	0	0.0000
gene_MP019129	0.45750	0.97619	46	0	0.0000
gene_MP019131	0.39110	1.16299	4558	0	0.0000
gene_MP019134	0.41749	0.82094	198	0	0.0000
gene_MP019197	0.35287	0.39337	29	4	13.7931
gene_MP019208	0.40288	0.78720	23	2	8.6957
gene_MP019236	0.35349	0.96270	363	0	0.0000
gene_MP019319	0.35181	0.98000	357	0	0.0000
gene_MP019379	0.39637	0.67099	21	0	0.0000
gene_MP019515	0.50262	0.88319	85	0	0.0000
gene_MP019596	0.67778	1.03489	54	0	0.0000
gene_MP019700	0.43399	0.87329	31	0	0.0000
gene_MP020459	0.50099	0.95474	29	0	0.0000
gene_MP021447	0.65646	0.99825	31	0	0.0000
gene_MP021517	0.55120	0.87241	20	0	0.0000
gene_MP021864	0.37508	0.98020	104	0	0.0000
gene_MP021867	0.39432	1.02055	1068	0	0.0000
gene_MP021868	0.34930	0.95715	183	0	0.0000
gene_MP021871	0.41243	1.07581	377	0	0.0000
gene_MP021881	0.36592	0.76521	28	2	7.1429
gene_MP021888	0.34847	1.03826	170	0	0.0000
gene_MP021891	0.37622	0.95368	155	12	7.7419
gene_MP021910	0.35573	0.86590	75	0	0.0000
gene_MP022026	0.39527	0.91143	284	1	0.3521
gene_MP022063	0.39771	0.93231	29	0	0.0000
gene_MP022173	0.34957	1.10398	254	0	0.0000
gene_MP022183	0.35033	0.55977	38	5	13.1579
gene_MP022188	0.36424	0.95683	382	0	0.0000
gene_MP022200	0.39337	0.87024	337	0	0.0000
gene_MP022253	0.35526	1.12418	36	0	0.0000
gene_MP022407	0.39465	0.99849	29	0	0.0000
gene_MP022499	0.36983	1.15980	46	0	0.0000
gene_MP022504	0.41747	0.81018	33	0	0.0000
gene_MP022734	0.44394	0.64551	43	0	0.0000
gene_MP023001	0.50465	0.71714	34	0	0.0000
gene_MP023173	0.43433	1.15003	140	0	0.0000
gene_MP023700	0.60645	1.52955	43	0	0.0000
gene_MP023885	0.53535	0.84774	24	0	0.0000
gene_MP023951	0.54281	0.91029	44	1	2.2727
gene_MP024762	0.34634	1.13914	112	0	0.0000
gene_MP000003	0.38114	0.61508	30	5	16.6667
gene_MP000010	0.37790	0.94788	350	9	2.5714
gene_MP000016	0.42909	1.11891	730	0	0.0000
gene_MP000032	0.40464	1.27999	475	0	0.0000
gene_MP000053	0.42135	0.78188	194	3	1.5464
gene_MP000086	0.37504	1.22057	213	0	0.0000
gene_MP000096	0.37553	1.13054	156	0	0.0000
gene_MP000173	0.40955	1.14317	211	0	0.0000
gene_MP000270	0.35659	1.13450	657	0	0.0000
gene_MP000276	0.39019	1.08805	867	3	0.3460
gene_MP000389	0.37845	0.75019	67	7	10.4478
gene_MP000397	0.40640	0.90009	76	0	0.0000
gene_MP000412	0.38549	1.11605	673	0	0.0000
gene_MP000437	0.35842	1.08187	113	0	0.0000
gene_MP000529	0.37504	1.22057	110	0	0.0000
gene_MP000582	0.35593	0.99305	206	0	0.0000
gene_MP000596	0.35723	1.03138	2550	0	0.0000
gene_MP000599	0.35998	0.76107	95	5	5.2632
gene_MP000601	0.37504	1.22057	319	0	0.0000
gene_MP000614	0.37603	0.91059	195	10	5.1282
gene_MP000677	0.34802	0.98351	826	0	0.0000
gene_MP000828	0.37549	0.84426	337	0	0.0000
gene_MP000832	0.37360	1.23900	58	0	0.0000
gene_MP000834	0.40523	1.09110	317	8	2.5237
gene_MP000836	0.36741	1.05069	162	1	0.6173
gene_MP000843	0.38279	0.53340	111	5	4.5045
gene_MP001142	0.37444	0.99947	117	0	0.0000
gene_MP001150	0.41794	0.69712	242	0	0.0000
gene_MP001161	0.36394	0.93049	1201	0	0.0000
gene_MP001204	0.35588	1.01371	556	2	0.3597
gene_MP001241	0.38913	1.14314	248	0	0.0000
gene_MP001244	0.38610	0.95495	553	0	0.0000
gene_MP001516	0.38297	0.61524	64	1	1.5625
gene_MP001537	0.34767	1.05114	40	0	0.0000
gene_MP001603	0.36059	0.82394	137	0	0.0000
gene_MP001691	0.37857	0.89283	54	2	3.7037
gene_MP001827	0.39211	1.03415	276	0	0.0000
gene_MP002304	0.38080	0.86959	565	0	0.0000
gene_MP002312	0.35129	0.80725	107	8	7.4766
gene_MP002335	0.37303	0.99583	358	0	0.0000
gene_MP002337	0.64943	1.23459	84	0	0.0000
gene_MP002347	0.40036	1.09856	21	0	0.0000
gene_MP002392	0.38577	1.01377	303	0	0.0000
gene_MP002521	0.40719	0.51579	22	1	4.5455
gene_MP002524	0.38580	0.50450	28	6	21.4286
gene_MP002526	0.34502	1.00838	423	0	0.0000
gene_MP002531	0.38299	1.20357	136	0	0.0000
gene_MP002541	0.38034	1.06534	147	0	0.0000
gene_MP002546	0.34368	0.74493	56	1	1.7857
gene_MP002559	0.39639	1.29010	308	0	0.0000
gene_MP002568	0.35448	1.05246	628	0	0.0000
gene_MP002625	0.38095	1.09538	337	8	2.3739
gene_MP002628	0.39979	0.91876	307	2	0.6515
gene_MP002658	0.34863	0.66753	123	4	3.2520
gene_MP002737	0.37418	0.82748	112	0	0.0000
gene_MP002755	0.36216	0.83402	180	5	2.7778
gene_MP002763	0.34220	0.59356	24	8	33.3333
gene_MP002772	0.35705	1.11135	294	0	0.0000
gene_MP002817	0.43515	1.21434	388	0	0.0000
gene_MP002857	0.38030	0.83847	96	5	5.2083
gene_MP002862	0.43230	1.07045	323	9	2.7864
gene_MP002866	0.37556	1.25506	1987	0	0.0000
gene_MP002872	0.42854	0.93309	552	0	0.0000
gene_MP002948	0.42212	0.75419	47	0	0.0000
gene_MP002999	0.40551	0.81473	32	3	9.3750
gene_MP003000	0.42857	0.89631	69	0	0.0000
gene_MP003033	0.42571	0.98605	31	0	0.0000
gene_MP003038	0.38559	1.17759	148	0	0.0000
gene_MP003065	0.36338	0.66232	36	14	38.8889
gene_MP003139	0.36896	0.65761	30	8	26.6667
gene_MP003165	0.42571	0.42440	23	5	21.7391
gene_MP003183	0.39382	0.85060	113	18	15.9292
gene_MP003374	0.40473	1.02594	91	0	0.0000
gene_MP003408	0.42029	1.00650	316	0	0.0000
gene_MP003500	0.36068	0.98162	725	0	0.0000
gene_MP003513	0.38480	0.92721	258	0	0.0000
gene_MP003539	0.35925	0.95400	298	2	0.6711
gene_MP003622	0.44200	1.35138	72	0	0.0000
gene_MP003630	0.35924	1.01606	89	0	0.0000
gene_MP003636	0.33928	0.97913	248	18	7.2581
gene_MP003660	0.35605	0.97753	202	2	0.9901
gene_MP003672	0.40478	0.60640	25	2	8.0000
gene_MP003735	0.62126	1.02640	89	0	0.0000
gene_MP003758	0.38907	0.75602	132	0	0.0000
gene_MP003820	0.36391	0.73303	41	2	4.8780
gene_MP003875	0.44391	1.32339	212	0	0.0000
gene_MP003932	0.35344	1.05751	827	0	0.0000
gene_MP003933	0.36721	0.97920	379	0	0.0000
gene_MP004024	0.33745	0.66832	98	6	6.1224
gene_MP004025	0.41357	0.92635	29	0	0.0000
gene_MP004035	0.36056	0.45568	60	7	11.6667
gene_MP004037	0.38175	1.07730	852	0	0.0000
gene_MP004041	0.36440	1.01554	30	0	0.0000
gene_MP004119	0.38488	0.88690	34	0	0.0000
gene_MP004145	0.38986	0.67893	127	13	10.2362
gene_MP004148	0.39207	1.01505	97	11	11.3402
gene_MP004156	0.51171	1.20803	429	0	0.0000
gene_MP004282	0.37690	1.12207	187	0	0.0000
gene_MP004323	0.39649	0.90705	35	0	0.0000
gene_MP004337	0.39783	0.69679	96	33	34.3750
gene_MP004382	0.35911	1.03473	240	0	0.0000
gene_MP004384	0.34954	0.95745	1132	0	0.0000
gene_MP004416	0.40501	1.05536	29	0	0.0000
gene_MP004729	0.40751	1.00588	126	0	0.0000
gene_MP004733	0.39561	0.91315	501	0	0.0000
gene_MP004737	0.35916	1.10292	280	0	0.0000
gene_MP004739	0.39746	1.18109	37	0	0.0000
gene_MP004745	0.38735	0.91837	159	1	0.6289
gene_MP004749	0.38210	0.80628	240	0	0.0000
gene_MP004757	0.35418	1.08789	2001	0	0.0000
gene_MP004860	0.35494	0.64459	54	3	5.5556
gene_MP004882	0.38945	1.08190	606	7	1.1551
gene_MP004917	0.38926	1.22183	372	0	0.0000
gene_MP004920	0.41237	1.16299	485	10	2.0619
gene_MP005222	0.37807	0.95130	331	0	0.0000
gene_MP005363	0.40391	1.23919	602	0	0.0000
gene_MP005441	0.38052	1.06389	43	5	11.6279
gene_MP005450	0.38850	0.98095	404	1	0.2475
gene_MP005452	0.36946	1.04958	996	0	0.0000
gene_MP005805	0.39854	0.67483	87	6	6.8966
gene_MP005806	0.41020	0.92586	446	1	0.2242
gene_MP005889	0.38419	1.17678	441	0	0.0000
gene_MP005910	0.37805	0.80410	85	0	0.0000
gene_MP005961	0.38656	0.79486	44	0	0.0000
gene_MP005963	0.35749	0.97679	326	0	0.0000
gene_MP005993	0.45212	1.13133	103	0	0.0000
gene_MP006002	0.35226	0.71829	55	17	30.9091
gene_MP006121	0.41154	0.94941	55	0	0.0000
gene_MP006125	0.35445	1.07980	279	0	0.0000
gene_MP006129	0.32960	0.76485	57	5	8.7719
gene_MP006154	0.38981	1.06786	660	0	0.0000
gene_MP006157	0.38389	0.93521	182	2	1.0989
gene_MP006270	0.35595	0.96838	304	7	2.3026
gene_MP006271	0.39395	0.84665	140	5	3.5714
gene_MP006289	0.39395	1.06057	466	0	0.0000
gene_MP006383	0.36061	0.93300	96	0	0.0000
gene_MP006699	0.48993	1.17620	23	2	8.6957
gene_MP006843	0.37040	0.82717	204	12	5.8824
gene_MP006906	0.36271	1.03996	1270	0	0.0000
gene_MP006913	0.38252	1.07296	1081	0	0.0000
gene_MP006914	0.34899	0.92596	43	0	0.0000
gene_MP006925	0.40715	1.04421	590	0	0.0000
gene_MP006986	0.44158	0.91066	669	0	0.0000
gene_MP007054	0.47888	1.06354	28	0	0.0000
gene_MP007059	0.37885	0.92690	245	9	3.6735
gene_MP007060	0.41155	1.08571	80	0	0.0000
gene_MP007061	0.42590	1.04616	105	0	0.0000
gene_MP007062	0.34893	0.89036	319	0	0.0000
gene_MP007063	0.38059	0.94686	112	0	0.0000
gene_MP007064	0.39456	1.21251	4770	0	0.0000
gene_MP007066	0.35534	0.74773	111	1	0.9009
gene_MP007082	0.39529	0.85405	176	0	0.0000
gene_MP007087	0.41713	0.88899	175	8	4.5714
gene_MP007092	0.38308	1.17596	580	0	0.0000
gene_MP007093	0.33485	0.33772	33	6	18.1818
gene_MP007095	0.39985	0.96068	783	8	1.0217
gene_MP007101	0.39039	1.01582	4745	0	0.0000
gene_MP007115	0.58325	1.24448	39	0	0.0000
gene_MP007119	0.37349	0.92245	173	16	9.2486
gene_MP007133	0.37058	1.05368	547	0	0.0000
gene_MP007145	0.35844	1.02012	653	0	0.0000
gene_MP007166	0.41767	0.60453	39	12	30.7692
gene_MP007261	0.41050	0.86277	399	0	0.0000
gene_MP007277	0.36622	1.06052	678	0	0.0000
gene_MP009074	0.42167	0.86437	82	0	0.0000
gene_MP009106	0.37710	0.93989	132	0	0.0000
gene_MP009131	0.35024	1.02185	727	0	0.0000
gene_MP009151	0.38179	1.20056	769	0	0.0000
gene_MP009164	0.38503	1.17125	310	0	0.0000
gene_MP009186	0.35073	0.94558	2193	0	0.0000
gene_MP009220	0.43116	1.31332	183	0	0.0000
gene_MP009223	0.33792	0.64552	61	0	0.0000
gene_MP009232	0.58821	1.27428	654	0	0.0000
gene_MP009256	0.52778	0.86483	54	0	0.0000
gene_MP009277	0.34948	0.94916	670	0	0.0000
gene_MP009313	0.35073	0.94558	232	0	0.0000
gene_MP009322	0.42987	1.16921	303	7	2.3102
gene_MP009324	0.36546	1.04447	260	11	4.2308
gene_MP009326	0.36441	1.15449	654	0	0.0000
gene_MP009327	0.35073	0.94558	102	0	0.0000
gene_MP009328	0.37320	1.13186	103	0	0.0000
gene_MP009335	0.39015	1.18746	21	0	0.0000
gene_MP009336	0.36698	0.90189	163	0	0.0000
gene_MP009340	0.37320	1.13186	883	0	0.0000
gene_MP009353	0.36728	0.99806	223	21	9.4170
gene_MP009409	0.35489	0.72461	61	6	9.8361
gene_MP009415	0.36816	0.77651	58	12	20.6897
gene_MP009468	0.41563	1.02116	32	0	0.0000
gene_MP009484	0.37936	1.09934	1672	1	0.0598
gene_MP009569	0.39513	0.69288	83	3	3.6145
gene_MP009571	0.38334	0.78008	292	13	4.4521
gene_MP009575	0.48621	1.30887	32	14	43.7500
gene_MP009583	0.35788	0.87120	204	0	0.0000
gene_MP009586	0.38334	0.93654	27	0	0.0000
gene_MP009593	0.37526	1.01871	29	0	0.0000
gene_MP009686	0.37735	0.86803	168	9	5.3571
gene_MP009703	0.43402	1.12238	244	0	0.0000
gene_MP009758	0.41383	0.96979	218	1	0.4587
gene_MP009781	0.39082	0.62216	62	2	3.2258
gene_MP009824	0.44121	1.03474	29	0	0.0000
gene_MP010572	0.35924	0.60954	32	0	0.0000
gene_MP010958	0.36087	1.10806	83	0	0.0000
gene_MP010974	0.38438	1.08003	327	0	0.0000
gene_MP010996	0.44444	0.77462	44	0	0.0000
gene_MP011002	0.35969	0.69241	38	0	0.0000
gene_MP011020	0.38481	0.85861	273	0	0.0000
gene_MP011025	0.40315	0.97714	1006	17	1.6899
gene_MP011199	0.36803	1.06208	185	0	0.0000
gene_MP011220	0.38781	1.24182	1078	0	0.0000
gene_MP011349	0.49962	0.91140	222	0	0.0000
gene_MP011396	0.39367	0.69583	29	14	48.2759
gene_MP011402	0.65842	1.11646	132	0	0.0000
gene_MP011417	0.37754	1.04001	26	0	0.0000
gene_MP011506	0.37022	0.99137	224	0	0.0000
gene_MP011507	0.39396	1.04656	53	0	0.0000
gene_MP011537	0.41554	1.11250	778	0	0.0000
gene_MP011540	0.47520	1.06377	56	0	0.0000
gene_MP011584	0.46936	0.81453	30	0	0.0000
gene_MP011650	0.33483	1.00499	68	2	2.9412
gene_MP011667	0.37496	0.57835	69	16	23.1884
gene_MP011790	0.43904	0.56233	54	17	31.4815
gene_MP011850	0.33802	0.75778	88	7	7.9545
gene_MP011881	0.42418	0.94059	154	0	0.0000
gene_MP011891	0.36849	1.15738	31	0	0.0000
gene_MP012168	0.35536	0.57120	36	3	8.3333
gene_MP012175	0.41251	0.50399	28	6	21.4286
gene_MP012188	0.38624	1.09865	102	0	0.0000
gene_MP012191	0.36097	0.84609	95	1	1.0526
gene_MP012199	0.68565	1.16560	64	0	0.0000
gene_MP012241	0.70390	1.37149	91	0	0.0000
gene_MP012242	0.39600	1.13398	573	0	0.0000
gene_MP012299	0.52178	1.08837	77	0	0.0000
gene_MP012394	0.35816	0.86785	45	0	0.0000
gene_MP012791	0.35344	0.40973	22	6	27.2727
gene_MP012900	0.45503	1.28969	275	2	0.7273
gene_MP012911	0.46434	0.78064	25	0	0.0000
gene_MP012917	0.40853	0.64774	51	3	5.8824
gene_MP012933	0.37813	0.97174	132	5	3.7879
gene_MP012953	0.35980	0.61356	40	5	12.5000
gene_MP012997	0.39340	1.03530	97	0	0.0000
gene_MP013087	0.43688	1.03783	46	0	0.0000
gene_MP013099	0.39282	0.83988	97	0	0.0000
gene_MP013100	0.39761	0.86099	298	8	2.6846
gene_MP013116	0.43023	0.89835	107	0	0.0000
gene_MP013336	0.45384	1.08253	124	0	0.0000
gene_MP013340	0.64333	1.21587	151	0	0.0000
gene_MP013351	0.34936	0.97805	97	0	0.0000
gene_MP013358	0.35714	0.93334	75	22	29.3333
gene_MP013371	0.35678	1.17558	304	0	0.0000
gene_MP013416	0.38302	1.02835	28	0	0.0000
gene_MP013421	0.36253	0.86256	90	6	6.6667
gene_MP013490	0.37536	0.89971	76	20	26.3158
gene_MP013494	0.35734	1.06669	136	0	0.0000
gene_MP013500	0.35203	0.25953	20	6	30.0000
gene_MP013506	0.33356	0.94582	360	0	0.0000
gene_MP013511	0.33023	0.94983	169	0	0.0000
gene_MP013515	0.40715	0.67904	32	5	15.6250
gene_MP013614	0.40807	0.87180	33	0	0.0000
gene_MP013620	0.38408	0.88263	29	0	0.0000
gene_MP013624	0.33167	0.57495	41	4	9.7561
gene_MP013626	0.53789	0.87128	100	0	0.0000
gene_MP013675	0.40582	1.07784	94	0	0.0000
gene_MP013676	0.37075	1.07144	262	0	0.0000
gene_MP013844	0.37582	0.91336	212	7	3.3019
gene_MP013901	0.43423	0.82914	37	0	0.0000
gene_MP013964	0.35051	0.84830	51	25	49.0196
gene_MP013972	0.36359	0.86550	158	6	3.7975
gene_MP014010	0.40330	0.79936	21	18	85.7143
gene_MP014099	0.60000	1.14087	23	0	0.0000
gene_MP014197	0.37594	0.69161	64	8	12.5000
gene_MP014219	0.40769	0.41730	23	9	39.1304
gene_MP014242	0.38861	1.18287	61	0	0.0000
gene_MP014543	0.39701	1.01829	67	0	0.0000
gene_MP014592	0.34802	0.91218	109	10	9.1743
gene_MP014643	0.49417	0.93645	49	0	0.0000
gene_MP014647	0.39802	1.01337	110	0	0.0000
gene_MP014650	0.37131	0.89311	154	9	5.8442
gene_MP014656	0.39738	0.70995	101	19	18.8119
gene_MP014693	0.68969	1.37651	165	0	0.0000
gene_MP014715	0.38217	0.99135	266	1	0.3759
gene_MP014822	0.38697	0.74716	47	1	2.1277
gene_MP014938	0.43989	0.84361	74	0	0.0000
gene_MP014942	0.40261	0.97156	115	0	0.0000
gene_MP015064	0.36259	1.01156	540	0	0.0000
gene_MP015109	0.39073	0.76703	131	11	8.3969
gene_MP015128	0.38395	0.92452	554	5	0.9025
gene_MP015175	0.35838	0.79386	45	3	6.6667
gene_MP015211	0.37477	0.71866	196	4	2.0408
gene_MP015237	0.45627	1.02126	77	0	0.0000
gene_MP015241	0.35061	0.67985	66	3	4.5455
gene_MP015290	0.44245	0.90073	39	0	0.0000
gene_MP015322	0.38427	0.75954	25	0	0.0000
gene_MP015327	0.38384	0.93471	204	0	0.0000
gene_MP015339	0.37671	0.69940	22	0	0.0000
gene_MP015427	0.40208	0.91393	81	0	0.0000
gene_MP015520	0.37952	0.88857	51	0	0.0000
gene_MP015525	0.35655	1.07559	341	0	0.0000
gene_MP015572	0.37590	1.10747	286	1	0.3497
gene_MP015622	0.39524	0.87304	347	4	1.1527
gene_MP016030	0.35671	0.93759	22	0	0.0000
gene_MP016039	0.38172	1.09128	616	9	1.4610
gene_MP016044	0.37236	0.96614	688	0	0.0000
gene_MP016059	0.41305	0.98476	298	0	0.0000
gene_MP016069	0.38703	1.12028	55	0	0.0000
gene_MP016080	0.32506	0.77274	32	0	0.0000
gene_MP016108	0.36580	0.93950	803	0	0.0000
gene_MP016169	0.51146	0.73711	27	0	0.0000
gene_MP016202	0.39022	1.15787	249	0	0.0000
gene_MP016522	0.57503	1.60627	99	0	0.0000
gene_MP016619	0.42807	0.93778	74	0	0.0000
gene_MP016953	0.33193	0.64745	31	6	19.3548
gene_MP016957	0.38791	0.95502	180	6	3.3333
gene_MP017182	0.36018	1.15468	326	0	0.0000
gene_MP017185	0.34305	1.04832	73	0	0.0000
gene_MP017489	0.38441	1.17867	344	0	0.0000
gene_MP017550	0.37723	0.92677	361	0	0.0000
gene_MP017652	0.37867	0.76638	143	0	0.0000
gene_MP017686	0.36027	0.94021	97	4	4.1237
gene_MP017821	0.41980	1.12092	97	0	0.0000
gene_MP017896	0.35795	1.06504	281	0	0.0000
gene_MP017989	0.33577	0.40610	28	10	35.7143
gene_MP018045	0.37303	1.04790	1082	0	0.0000
gene_MP018427	0.44273	1.22871	181	0	0.0000
gene_MP018519	0.37042	0.84266	74	2	2.7027
gene_MP018522	0.38156	1.28050	87	0	0.0000
gene_MP018527	0.36580	1.09652	994	0	0.0000
gene_MP018706	0.40133	0.99620	644	0	0.0000
gene_MP018788	0.37493	0.82993	324	1	0.3086
gene_MP018797	0.38916	1.11875	624	0	0.0000
gene_MP018801	0.35548	1.05471	385	0	0.0000
gene_MP018923	0.47120	1.30971	44	0	0.0000
gene_MP018939	0.40537	0.82315	53	0	0.0000
gene_MP018956	0.42822	0.72569	40	0	0.0000
gene_MP018957	0.37310	1.02716	212	14	6.6038
gene_MP018975	0.41307	0.91594	164	0	0.0000
gene_MP018980	0.38849	1.13111	416	2	0.4808
gene_MP018985	0.38658	0.90831	84	22	26.1905
gene_MP018989	0.35373	0.98065	347	0	0.0000
gene_MP018994	0.41541	1.08650	259	5	1.9305
gene_MP019032	0.37729	0.93205	86	2	2.3256
gene_MP019040	0.36828	0.97178	467	0	0.0000
gene_MP019043	0.39124	0.89619	320	0	0.0000
gene_MP019054	0.33768	0.67284	25	1	4.0000
gene_MP019084	0.34788	1.30188	187	0	0.0000
gene_MP019103	0.41192	0.72889	90	0	0.0000
gene_MP019230	0.36165	0.95688	117	0	0.0000
gene_MP019243	0.39425	1.16965	196	0	0.0000
gene_MP019352	0.40139	0.80563	20	0	0.0000
gene_MP019467	0.48925	0.99742	54	0	0.0000
gene_MP019707	0.47113	0.93020	39	0	0.0000
gene_MP019711	0.46850	0.96389	40	0	0.0000
gene_MP019872	0.39308	1.26489	46	0	0.0000
gene_MP020742	0.42136	0.82550	20	0	0.0000
gene_MP020973	0.40807	0.68487	43	5	11.6279
gene_MP021056	0.49467	0.74846	30	0	0.0000
gene_MP021480	0.35084	0.68152	34	1	2.9412
gene_MP021506	0.37191	1.03059	50	0	0.0000
gene_MP021528	0.47032	0.84950	23	0	0.0000
gene_MP021535	0.36694	1.02496	192	13	6.7708
gene_MP021543	0.48202	1.20096	166	0	0.0000
gene_MP021544	0.44240	0.93802	1270	0	0.0000
gene_MP021546	0.36624	0.89064	63	6	9.5238
gene_MP021564	0.36238	1.02623	375	0	0.0000
gene_MP021583	0.44237	0.93804	234	0	0.0000
gene_MP021586	0.41810	0.97008	805	7	0.8696
gene_MP021587	0.38656	1.12525	99	0	0.0000
gene_MP021667	0.47995	0.95160	46	0	0.0000
gene_MP021747	0.43598	0.92808	23	4	17.3913
gene_MP021769	0.34677	0.43094	22	12	54.5455
gene_MP021777	0.39433	0.64192	91	0	0.0000
gene_MP021833	0.39974	1.06953	448	0	0.0000
gene_MP021836	0.38172	0.73283	59	0	0.0000
gene_MP021840	0.35795	1.06504	37	0	0.0000
gene_MP021841	0.37227	0.95037	37	0	0.0000
gene_MP021843	0.36282	1.05271	1130	0	0.0000
gene_MP021845	0.36546	0.81604	77	0	0.0000
gene_MP021847	0.35772	0.95282	47	0	0.0000
gene_MP021863	0.38681	1.02586	172	0	0.0000
gene_MP021895	0.43187	1.06909	41	0	0.0000
gene_MP021898	0.35795	1.06504	147	0	0.0000
gene_MP021912	0.40611	0.84624	99	0	0.0000
gene_MP021968	0.39370	1.06557	42	0	0.0000
gene_MP021988	0.34815	0.51458	23	0	0.0000
gene_MP021989	0.37828	0.74804	100	0	0.0000
gene_MP022132	0.35795	1.06504	476	1	0.2101
gene_MP022148	0.36494	0.88875	91	0	0.0000
gene_MP022241	0.35254	0.97348	2207	0	0.0000
gene_MP022380	0.43915	0.98900	75	0	0.0000
gene_MP022414	0.34657	1.01209	228	0	0.0000
gene_MP022522	0.61111	0.90283	44	0	0.0000
gene_MP022958	0.40023	1.24653	257	0	0.0000
gene_MP023083	0.51515	0.89938	57	0	0.0000
gene_MP023974	0.60518	1.09414	29	0	0.0000
gene_MP024007	0.38998	1.10902	83	0	0.0000
gene_MP024122	0.38049	1.13748	392	0	0.0000
gene_MP024132	0.37124	1.05084	411	24	5.8394
gene_MP024150	0.35502	1.08082	482	0	0.0000
gene_MP024488	0.36191	0.99745	136	0	0.0000
gene_MP024742	0.47696	1.07386	32	0	0.0000
gene_MP024743	0.37815	1.06494	56	0	0.0000
gene_MP000051	0.37256	0.77451	133	9	6.7669
gene_MP000095	0.35357	1.12292	1063	0	0.0000
gene_MP000204	0.38311	0.81019	178	8	4.4944
gene_MP000312	0.38508	0.93373	116	2	1.7241
gene_MP000338	0.37828	0.76990	36	8	22.2222
gene_MP000368	0.36778	0.79131	71	12	16.9014
gene_MP000425	0.36349	0.88512	54	0	0.0000
gene_MP000478	0.37259	0.95490	309	0	0.0000
gene_MP000574	0.36309	1.16855	828	0	0.0000
gene_MP000669	0.36257	0.89847	549	0	0.0000
gene_MP000775	0.35711	0.87567	149	4	2.6846
gene_MP000809	0.35333	1.09668	831	0	0.0000
gene_MP001066	0.37311	0.97682	215	0	0.0000
gene_MP001077	0.36952	0.96349	566	16	2.8269
gene_MP001081	0.35320	1.09316	51	0	0.0000
gene_MP001089	0.39620	0.84711	542	0	0.0000
gene_MP001100	0.37928	1.01905	329	0	0.0000
gene_MP001133	0.36309	1.16855	99	0	0.0000
gene_MP001359	0.50474	1.19802	717	0	0.0000
gene_MP001380	0.37130	0.94770	1292	0	0.0000
gene_MP001402	0.50167	1.19623	30	0	0.0000
gene_MP001444	0.35109	0.91660	1124	0	0.0000
gene_MP001467	0.36132	1.11983	1442	1	0.0693
gene_MP001509	0.36912	0.60728	30	13	43.3333
gene_MP001549	0.41112	1.21563	121	0	0.0000
gene_MP001565	0.38570	0.82985	110	1	0.9091
gene_MP002021	0.34437	0.84574	162	0	0.0000
gene_MP002116	0.37143	1.03905	57	0	0.0000
gene_MP002132	0.36171	0.95741	181	0	0.0000
gene_MP002241	0.40599	0.85762	26	12	46.1538
gene_MP002348	0.34566	1.04555	1101	4	0.3633
gene_MP002384	0.39033	1.13919	24	0	0.0000
gene_MP002485	0.35329	0.82585	52	0	0.0000
gene_MP002590	0.38252	1.09289	74	0	0.0000
gene_MP002621	0.37274	1.03710	195	1	0.5128
gene_MP002629	0.37276	0.70715	50	7	14.0000
gene_MP002631	0.38657	0.93487	426	5	1.1737
gene_MP002639	0.41047	1.13957	599	0	0.0000
gene_MP002642	0.39185	0.94715	141	0	0.0000
gene_MP002759	0.38425	0.87257	209	0	0.0000
gene_MP002786	0.39582	0.84899	78	0	0.0000
gene_MP002900	0.38226	0.74380	185	2	1.0811
gene_MP002915	0.39630	0.39462	31	8	25.8065
gene_MP002920	0.40763	1.06455	111	0	0.0000
gene_MP002921	0.40740	1.12357	74	4	5.4054
gene_MP003040	0.45389	1.10647	31	0	0.0000
gene_MP003250	0.36309	0.98939	128	0	0.0000
gene_MP003255	0.44496	0.88966	86	0	0.0000
gene_MP003388	0.37247	0.90173	180	0	0.0000
gene_MP003407	0.39520	0.68953	68	9	13.2353
gene_MP003452	0.35614	1.08350	128	0	0.0000
gene_MP003479	0.38053	0.80860	168	0	0.0000
gene_MP003573	0.38405	0.64652	88	9	10.2273
gene_MP003609	0.35512	1.09830	481	0	0.0000
gene_MP003685	0.40647	1.02697	401	9	2.2444
gene_MP003691	0.35701	0.52414	27	3	11.1111
gene_MP003702	0.33966	0.78268	43	16	37.2093
gene_MP003732	0.38068	0.91517	101	0	0.0000
gene_MP003745	0.36498	0.72615	42	0	0.0000
gene_MP003748	0.36931	0.96899	1222	8	0.6547
gene_MP003771	0.31531	0.91709	98	0	0.0000
gene_MP003791	0.35623	0.57747	55	6	10.9091
gene_MP003856	0.35731	1.01377	2429	0	0.0000
gene_MP003860	0.35705	0.85532	32	0	0.0000
gene_MP003888	0.40760	1.02166	539	8	1.4842
gene_MP003948	0.35107	0.89344	31	0	0.0000
gene_MP003971	0.34594	0.42149	30	3	10.0000
gene_MP004045	0.37214	0.74743	27	0	0.0000
gene_MP004077	0.33844	0.96007	262	0	0.0000
gene_MP004183	0.38049	0.59818	21	0	0.0000
gene_MP004198	0.34603	0.50004	85	9	10.5882
gene_MP004203	0.37693	0.89643	86	12	13.9535
gene_MP004239	0.32323	0.93264	43	0	0.0000
gene_MP004336	0.34558	0.94555	54	0	0.0000
gene_MP004345	0.36982	0.54519	36	7	19.4444
gene_MP004353	0.38605	0.94619	98	0	0.0000
gene_MP004354	0.35262	1.05124	281	0	0.0000
gene_MP004356	0.37437	0.76575	40	5	12.5000
gene_MP004423	0.39091	0.82113	110	0	0.0000
gene_MP004467	0.35684	0.93988	135	2	1.4815
gene_MP004489	0.36424	1.10471	492	0	0.0000
gene_MP004490	0.34948	0.81290	93	0	0.0000
gene_MP004500	0.32938	0.98439	189	0	0.0000
gene_MP004504	0.36414	0.80758	74	0	0.0000
gene_MP004600	0.35163	0.92902	1155	0	0.0000
gene_MP004933	0.36661	1.15307	895	0	0.0000
gene_MP004941	0.34951	0.88165	108	0	0.0000
gene_MP004942	0.37290	1.11468	323	0	0.0000
gene_MP005237	0.39811	1.13960	373	2	0.5362
gene_MP005365	0.43883	0.99590	56	0	0.0000
gene_MP005495	0.37156	1.26738	197	0	0.0000
gene_MP005652	0.39654	0.92677	208	0	0.0000
gene_MP005700	0.36093	1.14686	83	0	0.0000
gene_MP005769	0.36424	1.10471	101	0	0.0000
gene_MP005794	0.39622	0.84055	206	13	6.3107
gene_MP005827	0.34908	1.02423	36	0	0.0000
gene_MP006000	0.34685	0.82744	750	8	1.0667
gene_MP006086	0.36820	0.94169	202	0	0.0000
gene_MP006103	0.37594	1.06356	145	0	0.0000
gene_MP006151	0.39332	0.89008	28	0	0.0000
gene_MP006185	0.36767	1.03729	1073	1	0.0932
gene_MP006303	0.40977	0.92203	95	0	0.0000
gene_MP006329	0.34582	0.98307	240	0	0.0000
gene_MP006335	0.36929	0.90197	114	0	0.0000
gene_MP006506	0.35363	0.92006	262	0	0.0000
gene_MP006626	0.36900	0.78172	191	12	6.2827
gene_MP006831	0.41474	1.00760	318	0	0.0000
gene_MP006941	0.34678	0.94657	199	0	0.0000
gene_MP006945	0.36522	1.12420	635	0	0.0000
gene_MP007023	0.34290	1.12031	94	0	0.0000
gene_MP008547	0.34748	1.03198	376	0	0.0000
gene_MP008561	0.41010	1.09177	392	0	0.0000
gene_MP008571	0.60465	1.38607	233	0	0.0000
gene_MP008584	0.39196	0.72508	259	0	0.0000
gene_MP008613	0.38204	0.96107	288	22	7.6389
gene_MP008657	0.37548	1.00315	215	0	0.0000
gene_MP008682	0.34597	0.86182	413	0	0.0000
gene_MP008700	0.35432	0.77762	32	0	0.0000
gene_MP008743	0.37708	1.09087	577	6	1.0399
gene_MP008795	0.37156	1.26738	1236	0	0.0000
gene_MP008806	0.38010	0.88371	34	11	32.3529
gene_MP008810	0.40854	1.18106	31	0	0.0000
gene_MP008830	0.38655	0.94962	419	0	0.0000
gene_MP008845	0.37452	0.95886	360	0	0.0000
gene_MP008887	0.34163	0.87600	99	5	5.0505
gene_MP009000	0.34047	0.86904	163	0	0.0000
gene_MP009134	0.35109	0.93521	384	0	0.0000
gene_MP010450	0.41267	1.00637	616	14	2.2727
gene_MP010479	0.43292	1.20581	782	10	1.2788
gene_MP010490	0.34898	0.92881	26	0	0.0000
gene_MP010498	0.35163	1.03867	93	0	0.0000
gene_MP010509	0.33953	0.99525	21	1	4.7619
gene_MP010535	0.39775	1.00206	182	2	1.0989
gene_MP010538	0.37471	0.98768	123	0	0.0000
gene_MP010558	0.36789	0.99586	455	0	0.0000
gene_MP010569	0.33338	0.87615	273	5	1.8315
gene_MP010679	0.34202	0.97782	518	0	0.0000
gene_MP010688	0.35163	1.03867	112	0	0.0000
gene_MP010715	0.39648	0.91765	194	2	1.0309
gene_MP010727	0.32947	0.27519	21	0	0.0000
gene_MP010733	0.38292	0.99936	746	0	0.0000
gene_MP010742	0.38870	1.00414	284	6	2.1127
gene_MP010831	0.35163	1.03867	934	0	0.0000
gene_MP010843	0.34326	0.88777	38	0	0.0000
gene_MP010852	0.34679	0.78590	116	0	0.0000
gene_MP010854	0.36029	1.03491	308	0	0.0000
gene_MP011047	0.35163	1.03867	156	1	0.6410
gene_MP011057	0.33953	0.99525	128	0	0.0000
gene_MP011062	0.36958	0.76570	33	0	0.0000
gene_MP011068	0.36913	0.72599	77	7	9.0909
gene_MP011216	0.37022	0.89201	490	14	2.8571
gene_MP011270	0.41255	0.96246	105	0	0.0000
gene_MP011320	0.37732	0.97653	269	3	1.1152
gene_MP011323	0.36878	0.77992	95	6	6.3158
gene_MP011332	0.35978	1.00142	369	6	1.6260
gene_MP011339	0.37262	1.05394	83	0	0.0000
gene_MP011345	0.40246	1.13147	302	0	0.0000
gene_MP011352	0.34698	0.80693	161	0	0.0000
gene_MP011566	0.37012	0.95608	172	0	0.0000
gene_MP011627	0.37050	0.55406	37	9	24.3243
gene_MP011644	0.40869	1.05476	135	15	11.1111
gene_MP011664	0.35932	0.81066	152	0	0.0000
gene_MP011749	0.37761	1.02475	66	0	0.0000
gene_MP011751	0.43009	1.05860	332	0	0.0000
gene_MP011758	0.56527	1.14350	73	0	0.0000
gene_MP011805	0.35874	0.91336	24	0	0.0000
gene_MP011806	0.35072	0.73794	32	6	18.7500
gene_MP011886	0.36755	0.38357	21	3	14.2857
gene_MP011963	0.35751	0.62566	27	6	22.2222
gene_MP012121	0.33819	0.97870	2453	0	0.0000
gene_MP012124	0.34969	1.00892	1778	0	0.0000
gene_MP012185	0.57219	1.16325	35	0	0.0000
gene_MP012186	0.58289	1.08823	34	0	0.0000
gene_MP012190	0.37870	1.02801	179	0	0.0000
gene_MP012197	0.36190	0.97883	287	0	0.0000
gene_MP012198	0.40713	0.90617	53	0	0.0000
gene_MP012200	0.35410	0.97647	136	0	0.0000
gene_MP012221	0.47826	1.14184	42	0	0.0000
gene_MP012222	0.52861	1.07023	47	0	0.0000
gene_MP012225	0.44367	0.98319	62	0	0.0000
gene_MP012238	0.35332	0.92209	32	0	0.0000
gene_MP012245	0.34510	0.91964	91	0	0.0000
gene_MP012293	0.40206	1.14151	97	0	0.0000
gene_MP012319	0.58311	1.04358	162	11	6.7901
gene_MP012358	0.47792	1.26482	30	2	6.6667
gene_MP012383	0.35903	0.89398	52	0	0.0000
gene_MP012385	0.38154	0.87966	230	21	9.1304
gene_MP012524	0.77262	1.18069	148	0	0.0000
gene_MP012547	0.44409	0.80654	87	1	1.1494
gene_MP012551	0.37428	0.72975	44	3	6.8182
gene_MP012568	0.35940	0.96602	704	0	0.0000
gene_MP012574	0.43253	1.14663	149	0	0.0000
gene_MP012576	0.49888	1.24317	449	0	0.0000
gene_MP012577	0.36149	1.04212	192	0	0.0000
gene_MP012606	0.34812	0.99454	664	0	0.0000
gene_MP012689	0.38889	0.69356	41	12	29.2683
gene_MP012851	0.37928	0.73055	26	0	0.0000
gene_MP012872	0.37930	0.88139	89	0	0.0000
gene_MP012876	0.35331	1.03233	349	0	0.0000
gene_MP012903	0.35605	1.00596	443	0	0.0000
gene_MP013025	0.36933	0.76307	55	0	0.0000
gene_MP013031	0.35291	0.98101	1542	0	0.0000
gene_MP013147	0.34846	0.89127	334	0	0.0000
gene_MP013152	0.34668	0.76595	135	7	5.1852
gene_MP013210	0.34779	0.99266	135	2	1.4815
gene_MP013218	0.36368	1.17075	76	0	0.0000
gene_MP013552	0.32665	1.00812	44	0	0.0000
gene_MP013562	0.33873	0.92178	42	0	0.0000
gene_MP013574	0.37272	1.05124	167	0	0.0000
gene_MP013690	0.45365	0.89044	37	0	0.0000
gene_MP013692	0.36364	0.65374	50	4	8.0000
gene_MP013797	0.38817	0.59025	50	4	8.0000
gene_MP013906	0.45570	1.24989	181	0	0.0000
gene_MP013949	0.35600	0.87386	134	0	0.0000
gene_MP014077	0.38949	0.97478	32	0	0.0000
gene_MP014110	0.33800	0.96378	264	0	0.0000
gene_MP014122	0.37780	1.07787	33	0	0.0000
gene_MP014123	0.37914	0.85971	101	0	0.0000
gene_MP014130	0.36147	0.94157	165	0	0.0000
gene_MP014135	0.36615	1.01188	55	0	0.0000
gene_MP014169	0.36821	0.96476	205	0	0.0000
gene_MP014172	0.35035	0.95833	179	0	0.0000
gene_MP014185	0.40347	1.00821	24	0	0.0000
gene_MP014238	0.54016	1.16752	162	0	0.0000
gene_MP014266	0.35371	0.99862	60	0	0.0000
gene_MP014278	0.34789	1.07676	204	0	0.0000
gene_MP014302	0.40832	0.78729	78	0	0.0000
gene_MP014303	0.38887	1.05028	99	0	0.0000
gene_MP014305	0.38726	1.08408	490	0	0.0000
gene_MP014311	0.42074	1.05283	32	0	0.0000
gene_MP014312	0.39164	1.01801	43	0	0.0000
gene_MP014338	0.62205	0.77665	28	0	0.0000
gene_MP014356	0.37428	0.88918	336	0	0.0000
gene_MP014387	0.38055	1.13014	77	0	0.0000
gene_MP014388	0.38726	1.08408	108	0	0.0000
gene_MP014393	0.36198	0.80366	58	0	0.0000
gene_MP014478	0.43697	0.71767	104	14	13.4615
gene_MP014488	0.39987	0.93582	68	0	0.0000
gene_MP014552	0.40624	0.83422	48	2	4.1667
gene_MP014564	0.34385	1.07357	599	0	0.0000
gene_MP014857	0.34072	0.57230	32	12	37.5000
gene_MP014913	0.34832	0.99595	761	0	0.0000
gene_MP014999	0.38201	1.10465	26	4	15.3846
gene_MP015023	0.36785	0.99691	23	0	0.0000
gene_MP015126	0.35332	0.87128	110	0	0.0000
gene_MP015234	0.35018	0.79076	120	11	9.1667
gene_MP015238	0.35027	0.59405	48	3	6.2500
gene_MP015240	0.40503	0.96075	424	0	0.0000
gene_MP015242	0.43678	0.75724	32	8	25.0000
gene_MP015266	0.36721	0.82679	327	0	0.0000
gene_MP015401	0.37493	0.77051	76	0	0.0000
gene_MP015477	0.35751	1.07911	306	0	0.0000
gene_MP015486	0.37482	0.81850	20	1	5.0000
gene_MP015507	0.40009	0.94302	80	0	0.0000
gene_MP015523	0.34556	1.01726	2593	1	0.0386
gene_MP015655	0.34474	0.61196	25	12	48.0000
gene_MP015748	0.53922	0.94644	49	0	0.0000
gene_MP015755	0.39679	1.00944	290	0	0.0000
gene_MP015898	0.40894	0.95406	47	0	0.0000
gene_MP016076	0.45635	1.10929	29	0	0.0000
gene_MP016218	0.38095	1.30640	402	0	0.0000
gene_MP016222	0.46318	1.25995	1292	4	0.3096
gene_MP016243	0.35167	1.00390	274	0	0.0000
gene_MP016265	0.35680	0.57688	56	6	10.7143
gene_MP016446	0.34638	0.99067	185	0	0.0000
gene_MP016479	0.36981	0.96569	470	1	0.2128
gene_MP016483	0.34728	0.96178	3823	0	0.0000
gene_MP016612	0.40165	1.20413	1003	0	0.0000
gene_MP016716	0.47489	1.19836	233	0	0.0000
gene_MP016748	0.37868	0.91706	290	0	0.0000
gene_MP016760	0.36870	1.11025	142	0	0.0000
gene_MP016761	0.35839	1.02707	33	0	0.0000
gene_MP016854	0.36972	0.95657	1137	0	0.0000
gene_MP016911	0.38603	1.13480	172	0	0.0000
gene_MP017017	0.37989	0.98366	62	0	0.0000
gene_MP017036	0.36060	1.13608	436	0	0.0000
gene_MP017225	0.40234	0.96414	273	19	6.9597
gene_MP017254	0.35131	1.06652	48	0	0.0000
gene_MP017414	0.39025	0.80222	122	5	4.0984
gene_MP017449	0.37311	1.23614	1939	0	0.0000
gene_MP017461	0.35899	0.63447	34	1	2.9412
gene_MP017506	0.36921	0.89810	746	0	0.0000
gene_MP017588	0.36651	1.11971	945	0	0.0000
gene_MP017772	0.37593	0.94824	27	0	0.0000
gene_MP017806	0.37006	0.81207	85	0	0.0000
gene_MP017826	0.36114	0.96618	104	2	1.9231
gene_MP017890	0.35066	0.71315	54	0	0.0000
gene_MP017947	0.42776	0.66982	29	0	0.0000
gene_MP018069	0.33373	1.01870	277	0	0.0000
gene_MP018183	0.36375	0.97661	479	0	0.0000
gene_MP018185	0.36404	0.69819	23	1	4.3478
gene_MP018230	0.38517	0.98605	175	0	0.0000
gene_MP018282	0.35564	1.02556	2825	0	0.0000
gene_MP018708	0.37752	0.98250	214	0	0.0000
gene_MP018829	0.36564	0.89254	32	0	0.0000
gene_MP019126	0.34824	0.80247	81	39	48.1481
gene_MP019299	0.44101	1.14056	86	0	0.0000
gene_MP019667	0.49028	0.83501	67	0	0.0000
gene_MP020698	0.38103	0.52636	35	11	31.4286
gene_MP020707	0.51469	1.25292	754	18	2.3873
gene_MP020732	0.36647	1.04966	38	0	0.0000
gene_MP020760	0.39419	1.09753	479	0	0.0000
gene_MP020767	0.34728	0.96041	52	0	0.0000
gene_MP020772	0.33803	1.14594	140	0	0.0000
gene_MP020773	0.35878	0.93333	326	0	0.0000
gene_MP020776	0.38239	0.96578	49	0	0.0000
gene_MP020797	0.40495	1.08138	1382	1	0.0724
gene_MP020804	0.59605	0.76981	29	0	0.0000
gene_MP020821	0.37462	0.92571	182	0	0.0000
gene_MP020832	0.34614	1.03562	214	0	0.0000
gene_MP020833	0.38148	0.54874	41	0	0.0000
gene_MP020837	0.36515	0.88629	125	0	0.0000
gene_MP020882	0.35829	0.95358	211	0	0.0000
gene_MP020902	0.35070	0.95911	504	2	0.3968
gene_MP020904	0.38218	0.71993	46	0	0.0000
gene_MP020936	0.37311	0.95702	785	0	0.0000
gene_MP020957	0.37306	0.95899	454	0	0.0000
gene_MP020975	0.37342	0.99662	566	7	1.2367
gene_MP020993	0.35888	0.94126	692	0	0.0000
gene_MP021010	0.52571	1.00773	36	0	0.0000
gene_MP021014	0.44822	0.68184	172	0	0.0000
gene_MP021031	0.38249	1.01717	49	0	0.0000
gene_MP021078	0.38826	0.94262	106	0	0.0000
gene_MP021093	0.35963	0.92496	155	0	0.0000
gene_MP021100	0.44453	1.10914	451	0	0.0000
gene_MP021119	0.53041	0.97155	28	0	0.0000
gene_MP021296	0.38521	0.94709	54	0	0.0000
gene_MP021301	0.51866	1.14484	38	0	0.0000
gene_MP021703	0.68324	1.23194	65	1	1.5385
gene_MP021737	0.37213	0.99839	190	0	0.0000
gene_MP022500	0.40144	0.97359	263	0	0.0000
gene_MP022737	0.44459	0.66065	44	0	0.0000
gene_MP022738	0.44588	0.65627	30	0	0.0000
gene_MP023000	0.50598	0.71374	34	0	0.0000
gene_MP023248	0.34714	1.08805	748	0	0.0000
gene_MP023265	0.37679	1.20620	303	0	0.0000
gene_MP023269	0.43654	1.08410	76	0	0.0000
gene_MP023292	0.35028	0.81649	151	0	0.0000
gene_MP023296	0.34701	1.01943	67	0	0.0000
gene_MP023516	0.34193	0.78402	64	0	0.0000
gene_MP023776	0.35939	0.92952	559	1	0.1789
gene_MP023801	0.36224	0.82500	454	0	0.0000
gene_MP024088	0.41922	0.81783	41	0	0.0000
gene_MP024179	0.46083	0.89842	26	0	0.0000
gene_MP024181	0.46112	0.91285	27	0	0.0000
gene_MP024208	0.42710	0.96890	55	0	0.0000
gene_MP024218	0.36981	0.96569	36	0	0.0000
gene_MP024221	0.36802	1.13578	240	0	0.0000
gene_MP024227	0.35150	0.98860	780	0	0.0000
gene_MP024232	0.36645	0.59305	140	11	7.8571
gene_MP024233	0.37106	0.77454	61	0	0.0000
gene_MP024240	0.37127	0.86504	28	0	0.0000
gene_MP024306	0.53188	0.78444	107	0	0.0000
gene_MP024354	0.64489	0.96774	58	0	0.0000
gene_MP024390	0.36802	1.13578	211	0	0.0000
gene_MP024395	0.39978	0.97141	98	0	0.0000
gene_MP024400	0.37613	1.14729	96	0	0.0000
gene_MP024420	0.42634	0.94521	498	2	0.4016
gene_MP024424	0.37905	0.96817	528	3	0.5682
gene_MP024487	0.37808	0.91223	34	0	0.0000
gene_MP024513	0.39175	0.90993	369	0	0.0000
gene_MP024519	0.36132	1.01960	417	0	0.0000
gene_MP024534	0.40741	0.86283	61	0	0.0000
gene_MP024543	0.40342	0.72627	72	0	0.0000
gene_MP024688	0.36018	0.96059	555	0	0.0000
gene_MP024761	0.44330	1.09077	30	0	0.0000
gene_MP024765	0.57879	0.76004	21	0	0.0000
gene_MP000020	0.37477	0.85683	110	0	0.0000
gene_MP000082	0.37937	0.93106	78	0	0.0000
gene_MP000102	0.35771	0.96150	31	0	0.0000
gene_MP000122	0.38149	1.07582	265	0	0.0000
gene_MP000133	0.36063	0.96159	62	4	6.4516
gene_MP000244	0.36637	1.08354	45	0	0.0000
gene_MP000273	0.37401	0.74706	96	4	4.1667
gene_MP000282	0.35778	1.10453	227	0	0.0000
gene_MP000286	0.34737	0.62399	72	5	6.9444
gene_MP000304	0.36106	1.00867	297	5	1.6835
gene_MP000321	0.35833	0.43152	38	13	34.2105
gene_MP000415	0.38534	0.98212	149	4	2.6846
gene_MP000516	0.39367	1.22968	1653	1	0.0605
gene_MP000567	0.34016	1.03984	1163	0	0.0000
gene_MP000639	0.38860	1.15580	282	0	0.0000
gene_MP000645	0.34579	1.07338	116	0	0.0000
gene_MP000646	0.43936	0.75646	38	9	23.6842
gene_MP000674	0.33983	0.97905	299	0	0.0000
gene_MP000709	0.35778	1.10453	82	0	0.0000
gene_MP000753	0.40522	1.12151	37	0	0.0000
gene_MP000827	0.38922	0.97283	760	6	0.7895
gene_MP000926	0.38852	1.17487	661	0	0.0000
gene_MP000934	0.38952	1.08369	556	8	1.4388
gene_MP000937	0.36168	1.11770	573	0	0.0000
gene_MP001201	0.38216	1.14571	1405	0	0.0000
gene_MP001203	0.35965	0.95006	1991	0	0.0000
gene_MP001286	0.33364	0.83333	61	0	0.0000
gene_MP001293	0.38077	1.05933	344	0	0.0000
gene_MP001496	0.37435	0.97075	154	0	0.0000
gene_MP001499	0.35028	1.06463	133	0	0.0000
gene_MP001545	0.40738	0.89138	1334	0	0.0000
gene_MP001569	0.36180	0.99891	237	0	0.0000
gene_MP001600	0.35955	0.95998	543	0	0.0000
gene_MP001621	0.38797	0.99006	192	0	0.0000
gene_MP001738	0.35647	0.49993	27	10	37.0370
gene_MP001774	0.35894	1.00777	2199	0	0.0000
gene_MP001785	0.35429	1.06159	219	0	0.0000
gene_MP001813	0.41956	0.59736	25	3	12.0000
gene_MP001814	0.38749	0.93935	244	0	0.0000
gene_MP001826	0.37445	1.16174	1016	0	0.0000
gene_MP001869	0.40631	1.05205	476	11	2.3109
gene_MP001889	0.39518	0.98334	69	5	7.2464
gene_MP001890	0.37564	0.87890	48	0	0.0000
gene_MP001891	0.35097	0.70708	90	8	8.8889
gene_MP001923	0.38256	1.04444	512	0	0.0000
gene_MP001968	0.37760	0.84548	287	3	1.0453
gene_MP001969	0.36373	1.07944	196	3	1.5306
gene_MP001995	0.37906	1.11426	798	0	0.0000
gene_MP002040	0.38344	0.87185	243	11	4.5267
gene_MP002338	0.44120	1.11621	24	17	70.8333
gene_MP002432	0.54947	0.90127	21	0	0.0000
gene_MP002457	0.40004	1.02205	556	1	0.1799
gene_MP002459	0.36078	1.02213	360	0	0.0000
gene_MP002465	0.33621	0.90994	28	0	0.0000
gene_MP002490	0.39586	0.89107	98	27	27.5510
gene_MP002493	0.37162	0.47902	20	17	85.0000
gene_MP002498	0.43607	1.02806	107	0	0.0000
gene_MP002552	0.35331	0.96228	770	0	0.0000
gene_MP002562	0.36958	0.91662	231	0	0.0000
gene_MP002821	0.39611	0.68012	48	6	12.5000
gene_MP002834	0.40871	0.87049	65	0	0.0000
gene_MP003029	0.38775	1.23991	396	0	0.0000
gene_MP003111	0.36021	0.92793	136	0	0.0000
gene_MP003182	0.36903	0.68550	95	10	10.5263
gene_MP003298	0.69052	1.23142	190	0	0.0000
gene_MP003333	0.33460	0.59864	27	6	22.2222
gene_MP003334	0.32725	0.70013	64	5	7.8125
gene_MP003409	0.36354	1.04670	465	0	0.0000
gene_MP003492	0.35909	0.93691	334	11	3.2934
gene_MP003517	0.38939	1.08841	673	0	0.0000
gene_MP003561	0.39608	0.95004	146	2	1.3699
gene_MP003574	0.35673	1.07938	85	0	0.0000
gene_MP003577	0.36179	0.96192	37	0	0.0000
gene_MP003583	0.40662	1.05429	291	0	0.0000
gene_MP003588	0.38637	1.07659	845	0	0.0000
gene_MP003618	0.52753	1.08660	64	0	0.0000
gene_MP003674	0.37113	1.18111	405	0	0.0000
gene_MP003678	0.34284	0.36059	36	7	19.4444
gene_MP003712	0.37200	1.13396	203	0	0.0000
gene_MP003721	0.39711	1.23968	967	0	0.0000
gene_MP003743	0.38670	1.16295	274	0	0.0000
gene_MP003951	0.38836	1.05182	299	5	1.6722
gene_MP003998	0.38414	0.75975	155	2	1.2903
gene_MP004012	0.37587	1.10211	357	0	0.0000
gene_MP004079	0.35082	0.71724	111	1	0.9009
gene_MP004089	0.37092	0.87153	289	15	5.1903
gene_MP004298	0.37094	0.95406	194	0	0.0000
gene_MP004328	0.40755	0.67011	22	3	13.6364
gene_MP004405	0.35119	0.65778	23	11	47.8261
gene_MP004499	0.37825	1.06258	965	0	0.0000
gene_MP004502	0.42108	1.23728	714	0	0.0000
gene_MP004512	0.37189	0.91824	129	0	0.0000
gene_MP004809	0.36317	0.82111	64	0	0.0000
gene_MP004818	0.38364	1.01409	349	0	0.0000
gene_MP004827	0.41400	0.91997	26	0	0.0000
gene_MP004839	0.37741	1.08572	1082	3	0.2773
gene_MP005022	0.46174	1.07490	125	0	0.0000
gene_MP005045	0.42975	1.11373	603	9	1.4925
gene_MP005112	0.45425	1.10123	96	34	35.4167
gene_MP005124	0.34921	0.76036	237	6	2.5316
gene_MP005126	0.37178	0.62157	30	14	46.6667
gene_MP005136	0.34439	0.96684	239	4	1.6736
gene_MP005192	0.36519	0.97253	503	0	0.0000
gene_MP005485	0.34780	0.89298	52	0	0.0000
gene_MP005553	0.37326	1.07380	141	0	0.0000
gene_MP005581	0.40421	1.10065	236	0	0.0000
gene_MP005617	0.38168	1.16322	1044	0	0.0000
gene_MP005635	0.37811	1.14384	45	0	0.0000
gene_MP005735	0.36119	0.97809	168	0	0.0000
gene_MP005742	0.37917	1.11480	24	0	0.0000
gene_MP005796	0.37697	1.09337	252	3	1.1905
gene_MP005866	0.35254	0.73644	39	1	2.5641
gene_MP005971	0.36877	1.12831	234	0	0.0000
gene_MP006094	0.37830	1.08814	23	0	0.0000
gene_MP006209	0.35166	1.00942	1290	0	0.0000
gene_MP006225	0.38969	0.79326	160	11	6.8750
gene_MP006240	0.39186	0.92231	357	0	0.0000
gene_MP006292	0.36134	0.99887	667	0	0.0000
gene_MP006297	0.44811	1.04164	265	0	0.0000
gene_MP006306	0.38749	0.91779	149	4	2.6846
gene_MP006309	0.37151	0.82923	275	18	6.5455
gene_MP006336	0.36482	1.02254	42	0	0.0000
gene_MP006396	0.38216	0.92649	36	0	0.0000
gene_MP006503	0.40647	0.83657	52	0	0.0000
gene_MP006670	0.35056	0.95464	973	0	0.0000
gene_MP006672	0.35230	0.95354	176	0	0.0000
gene_MP006808	0.41302	1.05753	115	0	0.0000
gene_MP006839	0.35146	0.99209	462	10	2.1645
gene_MP006884	0.37047	0.70066	111	0	0.0000
gene_MP006889	0.40872	0.95320	191	0	0.0000
gene_MP006940	0.41758	1.12890	132	1	0.7576
gene_MP006958	0.37210	1.10129	563	0	0.0000
gene_MP007002	0.39748	0.89390	249	2	0.8032
gene_MP007012	0.45317	1.16827	333	3	0.9009
gene_MP007014	0.40859	0.99428	84	0	0.0000
gene_MP007021	0.36784	0.99281	52	0	0.0000
gene_MP007232	0.65497	1.00992	88	0	0.0000
gene_MP007411	0.37814	0.84691	62	0	0.0000
gene_MP007421	0.40478	1.10282	168	0	0.0000
gene_MP007430	0.35534	1.00926	544	0	0.0000
gene_MP007450	0.43177	1.23705	218	0	0.0000
gene_MP007459	0.34652	0.99332	1573	0	0.0000
gene_MP007463	0.39548	0.87668	22	0	0.0000
gene_MP007466	0.40686	1.11147	1148	20	1.7422
gene_MP007480	0.34521	0.97499	294	0	0.0000
gene_MP007489	0.32179	0.60995	23	2	8.6957
gene_MP007515	0.37721	1.07696	387	0	0.0000
gene_MP007536	0.50354	1.32788	1304	16	1.2270
gene_MP007543	0.35252	0.72628	20	0	0.0000
gene_MP007558	0.37646	1.07157	141	0	0.0000
gene_MP007563	0.44240	1.10296	583	11	1.8868
gene_MP007565	0.35508	1.02938	5338	0	0.0000
gene_MP007569	0.37234	1.10816	180	0	0.0000
gene_MP007573	0.38966	1.08921	363	0	0.0000
gene_MP007587	0.37803	1.20307	392	0	0.0000
gene_MP007598	0.37853	0.81611	116	8	6.8966
gene_MP007619	0.48499	1.16061	118	0	0.0000
gene_MP007627	0.36416	0.96528	360	1	0.2778
gene_MP007635	0.36324	1.09517	136	0	0.0000
gene_MP007642	0.37509	1.13255	131	0	0.0000
gene_MP007657	0.55085	0.89384	44	1	2.2727
gene_MP007665	0.41960	1.21655	57	0	0.0000
gene_MP007692	0.65382	1.01135	42	0	0.0000
gene_MP007694	0.65382	1.01135	200	0	0.0000
gene_MP007711	0.42334	1.26053	963	0	0.0000
gene_MP007781	0.37155	0.47232	26	6	23.0769
gene_MP007796	0.46225	1.10600	559	16	2.8623
gene_MP007829	0.43059	1.22464	88	0	0.0000
gene_MP007831	0.36128	1.09218	3809	0	0.0000
gene_MP007834	0.38492	0.99663	117	0	0.0000
gene_MP008026	0.57398	0.79196	40	0	0.0000
gene_MP008792	0.65381	1.00983	105	0	0.0000
gene_MP009051	0.51978	0.80330	239	0	0.0000
gene_MP009054	0.52069	0.80050	146	0	0.0000
gene_MP009534	0.40767	0.84592	658	0	0.0000
gene_MP009540	0.40101	1.06989	83	0	0.0000
gene_MP009546	0.37955	1.20068	601	0	0.0000
gene_MP009554	0.37646	0.81256	110	8	7.2727
gene_MP009558	0.37766	1.14281	2945	1	0.0340
gene_MP009563	0.37368	0.69971	49	4	8.1633
gene_MP009596	0.39316	0.44393	74	2	2.7027
gene_MP009652	0.40767	0.84592	97	0	0.0000
gene_MP009664	0.37634	1.10706	495	11	2.2222
gene_MP009780	0.40214	1.14286	145	2	1.3793
gene_MP009825	0.37185	0.90029	224	4	1.7857
gene_MP010047	0.37172	0.85909	173	2	1.1561
gene_MP010095	0.39292	1.01085	755	0	0.0000
gene_MP010102	0.40732	1.16627	209	2	0.9569
gene_MP010193	0.35071	0.91551	424	0	0.0000
gene_MP010198	0.38823	1.01846	431	0	0.0000
gene_MP010202	0.34857	1.04647	1086	0	0.0000
gene_MP010221	0.38396	1.10018	693	12	1.7316
gene_MP010222	0.36813	1.13039	60	0	0.0000
gene_MP010227	0.38192	0.94155	303	1	0.3300
gene_MP010288	0.38263	1.01124	165	0	0.0000
gene_MP010295	0.36479	0.97602	637	17	2.6688
gene_MP010301	0.37268	0.99864	69	0	0.0000
gene_MP010305	0.34876	1.09151	901	0	0.0000
gene_MP010437	0.38396	1.10018	505	0	0.0000
gene_MP010626	0.65451	1.02765	50	0	0.0000
gene_MP011107	0.35696	0.82458	30	0	0.0000
gene_MP011169	0.65502	1.00827	55	0	0.0000
gene_MP011832	0.38817	0.78559	132	0	0.0000
gene_MP011846	0.36122	0.89487	49	0	0.0000
gene_MP011867	0.37441	0.97979	536	0	0.0000
gene_MP011912	0.36033	0.91002	78	1	1.2821
gene_MP012013	0.36528	0.85573	167	0	0.0000
gene_MP012015	0.47703	1.23790	162	0	0.0000
gene_MP012098	0.34629	0.94340	188	0	0.0000
gene_MP012123	0.35988	0.87473	42	7	16.6667
gene_MP012130	0.37317	0.91723	26	0	0.0000
gene_MP012162	0.34293	0.97934	158	3	1.8987
gene_MP012405	0.42023	1.08765	37	0	0.0000
gene_MP012406	0.37461	1.03239	226	0	0.0000
gene_MP012407	0.35711	0.97580	3749	1	0.0267
gene_MP012439	0.34863	0.88598	236	0	0.0000
gene_MP012578	0.35240	0.99199	63	0	0.0000
gene_MP012605	0.48064	1.17671	328	0	0.0000
gene_MP012609	0.36915	0.84067	189	1	0.5291
gene_MP012886	0.37076	1.20481	187	0	0.0000
gene_MP012912	0.38568	1.06768	364	1	0.2747
gene_MP012919	0.35380	1.02133	107	0	0.0000
gene_MP012955	0.36806	0.66914	21	5	23.8095
gene_MP013019	0.38708	0.88362	139	13	9.3525
gene_MP013038	0.35464	1.06900	144	0	0.0000
gene_MP013045	0.40059	0.52977	28	8	28.5714
gene_MP013055	0.35348	0.85936	263	4	1.5209
gene_MP013057	0.36412	0.68894	192	7	3.6458
gene_MP013061	0.36530	0.69399	70	12	17.1429
gene_MP013102	0.40142	1.03068	124	0	0.0000
gene_MP013105	0.47385	0.69169	37	1	2.7027
gene_MP013379	0.33560	0.86091	41	21	51.2195
gene_MP013462	0.36655	0.74621	55	0	0.0000
gene_MP013480	0.36438	0.45138	27	5	18.5185
gene_MP013485	0.35515	0.98640	475	0	0.0000
gene_MP013488	0.38675	1.06222	175	0	0.0000
gene_MP013667	0.32872	0.62974	20	8	40.0000
gene_MP013743	0.33658	0.50747	36	9	25.0000
gene_MP013744	0.36189	1.07809	86	0	0.0000
gene_MP013759	0.40306	0.73650	28	0	0.0000
gene_MP013791	0.37042	0.69607	67	11	16.4179
gene_MP013879	0.33581	0.93654	76	0	0.0000
gene_MP013900	0.37142	0.90464	94	0	0.0000
gene_MP013912	0.35359	0.99730	258	0	0.0000
gene_MP013916	0.37984	0.74840	94	6	6.3830
gene_MP013953	0.45852	1.03955	36	0	0.0000
gene_MP014034	0.38115	0.43287	27	11	40.7407
gene_MP014234	0.40419	1.16326	407	0	0.0000
gene_MP014249	0.38139	0.52912	31	5	16.1290
gene_MP014259	0.36486	1.01911	308	9	2.9221
gene_MP014327	0.43457	1.05710	62	0	0.0000
gene_MP014405	0.43810	1.10725	292	0	0.0000
gene_MP014410	0.37128	0.93863	34	0	0.0000
gene_MP014420	0.33367	0.84495	70	4	5.7143
gene_MP014437	0.36870	1.24638	3236	1	0.0309
gene_MP014449	0.38889	0.97203	21	0	0.0000
gene_MP014509	0.35605	0.71930	76	1	1.3158
gene_MP014548	0.43617	0.89571	64	0	0.0000
gene_MP014575	0.39111	0.97955	26	0	0.0000
gene_MP014707	0.29102	1.08063	69	8	11.5942
gene_MP014724	0.38626	0.97246	53	0	0.0000
gene_MP014731	0.37725	0.80355	42	0	0.0000
gene_MP014732	0.34715	0.71750	25	4	16.0000
gene_MP014735	0.39636	0.91169	76	12	15.7895
gene_MP014771	0.39133	1.05065	132	0	0.0000
gene_MP014780	0.40024	0.96288	124	0	0.0000
gene_MP014876	0.31568	0.53992	47	17	36.1702
gene_MP015006	0.33536	0.96450	138	3	2.1739
gene_MP015060	0.40821	1.11859	105	0	0.0000
gene_MP015138	0.37290	0.98854	152	0	0.0000
gene_MP015143	0.36320	0.54453	26	2	7.6923
gene_MP015158	0.35006	0.81911	31	0	0.0000
gene_MP015192	0.42804	1.19146	223	0	0.0000
gene_MP015320	0.40622	0.84565	38	4	10.5263
gene_MP015333	0.36961	0.76912	56	11	19.6429
gene_MP015380	0.36696	0.81052	104	12	11.5385
gene_MP015383	0.57627	1.06777	21	0	0.0000
gene_MP015387	0.36419	0.71502	78	2	2.5641
gene_MP015557	0.37379	0.94104	584	0	0.0000
gene_MP015559	0.38616	1.15770	453	4	0.8830
gene_MP015560	0.35863	0.84036	55	0	0.0000
gene_MP015646	0.41767	0.62769	66	6	9.0909
gene_MP016083	0.35711	0.97580	1227	0	0.0000
gene_MP016139	0.38027	0.91843	28	0	0.0000
gene_MP016377	0.36149	1.06694	1388	0	0.0000
gene_MP016424	0.36870	1.24638	1658	0	0.0000
gene_MP016485	0.38002	0.94812	56	0	0.0000
gene_MP016621	0.37058	1.21011	59	0	0.0000
gene_MP016763	0.44135	0.94163	66	0	0.0000
gene_MP016901	0.38194	0.99663	71	0	0.0000
gene_MP016903	0.38875	0.96129	252	0	0.0000
gene_MP016939	0.36839	1.03188	147	0	0.0000
gene_MP017005	0.37998	0.61359	49	2	4.0816
gene_MP017044	0.43362	0.89822	215	0	0.0000
gene_MP017244	0.34595	1.00309	148	0	0.0000
gene_MP017304	0.65017	0.98839	48	0	0.0000
gene_MP017309	0.65239	1.00038	708	1	0.1412
gene_MP017343	0.34491	1.01918	178	0	0.0000
gene_MP017344	0.38846	0.95268	434	4	0.9217
gene_MP017360	0.40612	0.94374	64	15	23.4375
gene_MP017377	0.40867	1.02164	248	0	0.0000
gene_MP017510	0.38104	1.07614	112	0	0.0000
gene_MP017616	0.44776	1.01374	20	0	0.0000
gene_MP017628	0.35792	0.90877	48	0	0.0000
gene_MP017741	0.38507	1.03414	440	0	0.0000
gene_MP017784	0.34551	1.05968	426	0	0.0000
gene_MP017796	0.38360	1.02825	90	3	3.3333
gene_MP017831	0.34600	0.98377	37	0	0.0000
gene_MP017985	0.45825	0.94485	51	0	0.0000
gene_MP017986	0.39321	0.90459	101	0	0.0000
gene_MP017993	0.34824	1.11120	354	0	0.0000
gene_MP018043	0.36319	0.97808	40	0	0.0000
gene_MP018386	0.38360	1.02825	74	0	0.0000
gene_MP018399	0.34627	0.89086	161	0	0.0000
gene_MP018493	0.39498	1.24987	221	0	0.0000
gene_MP018496	0.42367	0.87390	34	0	0.0000
gene_MP018661	0.45507	1.04981	98	0	0.0000
gene_MP018781	0.39954	1.17418	153	0	0.0000
gene_MP019426	0.65798	0.98947	97	0	0.0000
gene_MP019431	0.65798	0.98947	55	0	0.0000
gene_MP019458	0.35889	0.97659	347	0	0.0000
gene_MP019459	0.36959	1.15570	218	0	0.0000
gene_MP019496	0.40095	0.54161	27	1	3.7037
gene_MP019523	0.37720	0.79812	35	0	0.0000
gene_MP019543	0.38773	1.12728	220	1	0.4545
gene_MP019545	0.36916	1.06110	736	0	0.0000
gene_MP019549	0.37785	0.97648	33	3	9.0909
gene_MP019600	0.65412	1.22381	149	0	0.0000
gene_MP019632	0.49634	1.18968	1304	8	0.6135
gene_MP019635	0.39216	0.93642	1086	6	0.5525
gene_MP019639	0.44111	0.78339	33	0	0.0000
gene_MP019682	0.53008	1.13050	282	16	5.6738
gene_MP019720	0.37429	1.17654	149	0	0.0000
gene_MP019728	0.40098	0.71279	47	2	4.2553
gene_MP019741	0.37127	0.62360	41	17	41.4634
gene_MP019747	0.35206	0.71469	37	21	56.7568
gene_MP019777	0.36330	0.65537	82	16	19.5122
gene_MP019900	0.66013	1.15810	96	0	0.0000
gene_MP020076	0.53358	1.61502	48	0	0.0000
gene_MP021144	0.50461	1.17377	184	0	0.0000
gene_MP021531	0.48324	0.91361	143	0	0.0000
gene_MP021655	0.49808	0.74598	72	0	0.0000
gene_MP022020	0.59140	1.27114	258	0	0.0000
gene_MP022110	0.38227	1.06115	727	0	0.0000
gene_MP022130	0.38875	0.96129	63	0	0.0000
gene_MP022133	0.40405	1.09013	119	0	0.0000
gene_MP022146	0.39511	1.04888	88	2	2.2727
gene_MP022161	0.36505	1.11438	179	0	0.0000
gene_MP022221	0.43673	0.93801	83	0	0.0000
gene_MP022339	0.65350	0.99328	289	0	0.0000
gene_MP022640	0.35700	0.78882	131	6	4.5802
gene_MP022649	0.65798	0.98947	97	0	0.0000
gene_MP022653	0.65798	0.98947	97	0	0.0000
gene_MP022665	0.39093	0.92642	99	0	0.0000
gene_MP022680	0.34491	1.01915	99	0	0.0000
gene_MP022718	0.39258	1.14028	902	0	0.0000
gene_MP022721	0.38332	0.88691	208	0	0.0000
gene_MP022725	0.37268	0.89955	191	0	0.0000
gene_MP022754	0.39647	0.86864	87	0	0.0000
gene_MP022759	0.37018	0.72660	125	0	0.0000
gene_MP022771	0.36505	1.11438	4056	0	0.0000
gene_MP022882	0.37414	0.74550	44	1	2.2727
gene_MP023008	0.39533	0.91793	38	0	0.0000
gene_MP023133	0.35409	0.65168	22	0	0.0000
gene_MP023282	0.56970	1.27612	59	0	0.0000
gene_MP023742	0.36061	0.67286	68	0	0.0000
gene_MP023917	0.50340	0.88011	88	0	0.0000
gene_MP023973	0.60518	1.09414	29	0	0.0000
gene_MP024037	0.54295	1.08925	484	0	0.0000
gene_MP024547	0.36376	0.60682	27	4	14.8148
gene_MP000004	0.36905	0.82963	42	0	0.0000
gene_MP000015	0.35672	1.08981	125	1	0.8000
gene_MP000038	0.33912	0.85154	92	2	2.1739
gene_MP000161	0.35431	0.98742	3560	4	0.1124
gene_MP000174	0.38056	0.92542	677	18	2.6588
gene_MP000186	0.38614	0.80249	294	4	1.3605
gene_MP000237	0.37410	0.89712	461	2	0.4338
gene_MP000291	0.37696	0.78419	101	3	2.9703
gene_MP000426	0.37545	1.19915	1578	13	0.8238
gene_MP000537	0.37165	1.02262	263	0	0.0000
gene_MP000540	0.37165	1.02262	205	0	0.0000
gene_MP000541	0.35777	1.09847	561	25	4.4563
gene_MP000577	0.39194	0.90233	344	0	0.0000
gene_MP000633	0.38194	0.89457	116	0	0.0000
gene_MP000718	0.40582	0.85965	96	3	3.1250
gene_MP000884	0.36298	0.90497	1541	0	0.0000
gene_MP000890	0.35811	0.80428	112	11	9.8214
gene_MP000903	0.37136	0.92881	284	0	0.0000
gene_MP000908	0.34761	0.97388	2666	1	0.0375
gene_MP001184	0.39195	0.91239	1330	4	0.3008
gene_MP001186	0.38023	1.07724	280	0	0.0000
gene_MP001188	0.39200	0.99388	478	7	1.4644
gene_MP001194	0.37034	0.86970	230	0	0.0000
gene_MP001205	0.39200	0.99388	106	0	0.0000
gene_MP001287	0.43842	0.93681	140	0	0.0000
gene_MP001625	0.42149	0.96325	543	0	0.0000
gene_MP001753	0.31438	0.59986	36	6	16.6667
gene_MP001847	0.35856	0.97114	39	0	0.0000
gene_MP001865	0.35826	1.04419	329	0	0.0000
gene_MP001881	0.36763	1.06288	1079	2	0.1854
gene_MP001966	0.37762	1.10302	456	5	1.0965
gene_MP001971	0.41027	0.89692	73	0	0.0000
gene_MP001988	0.34669	0.98536	1088	0	0.0000
gene_MP001990	0.35986	0.91236	124	0	0.0000
gene_MP001992	0.37370	0.52603	22	6	27.2727
gene_MP002016	0.37428	0.86510	132	5	3.7879
gene_MP002039	0.37782	0.99641	254	0	0.0000
gene_MP002046	0.37184	1.00704	52	1	1.9231
gene_MP002064	0.40823	0.84951	246	7	2.8455
gene_MP002070	0.36438	0.89035	230	0	0.0000
gene_MP002326	0.37577	0.94863	998	2	0.2004
gene_MP002370	0.37100	0.92786	108	0	0.0000
gene_MP002601	0.37325	0.70847	72	1	1.3889
gene_MP002640	0.38613	0.83443	61	0	0.0000
gene_MP002652	0.36635	0.97188	224	0	0.0000
gene_MP002664	0.36830	0.63061	57	4	7.0175
gene_MP002672	0.40384	1.00672	490	7	1.4286
gene_MP002734	0.39327	0.82154	283	15	5.3004
gene_MP002914	0.33362	0.36674	24	6	25.0000
gene_MP002916	0.38580	1.02204	213	1	0.4695
gene_MP002917	0.37250	1.05943	134	0	0.0000
gene_MP002932	0.40985	0.93457	145	0	0.0000
gene_MP003006	0.36031	0.89220	93	8	8.6022
gene_MP003055	0.34349	0.80013	37	0	0.0000
gene_MP003092	0.51897	0.98722	49	5	10.2041
gene_MP003180	0.34818	0.83965	24	0	0.0000
gene_MP003279	0.32864	0.55136	44	7	15.9091
gene_MP003290	0.36561	0.90167	438	0	0.0000
gene_MP003341	0.40195	1.00513	430	1	0.2326
gene_MP003351	0.37584	1.04435	130	0	0.0000
gene_MP003383	0.35842	0.97888	27	0	0.0000
gene_MP003410	0.39719	0.85443	381	4	1.0499
gene_MP003432	0.39111	0.90774	259	0	0.0000
gene_MP003514	0.41706	0.84333	40	1	2.5000
gene_MP003726	0.37812	1.00788	39	0	0.0000
gene_MP003728	0.39370	1.05463	331	1	0.3021
gene_MP003757	0.35349	0.51354	22	2	9.0909
gene_MP003768	0.39977	0.70537	28	5	17.8571
gene_MP003785	0.38608	0.75448	119	5	4.2017
gene_MP003861	0.37344	0.76523	61	6	9.8361
gene_MP003865	0.38991	0.77855	43	0	0.0000
gene_MP004009	0.38612	0.99708	724	0	0.0000
gene_MP004098	0.36471	0.96747	130	1	0.7692
gene_MP004247	0.36240	0.73970	71	7	9.8592
gene_MP004357	0.44444	0.97332	55	0	0.0000
gene_MP004359	0.35000	1.02333	114	3	2.6316
gene_MP004424	0.39610	0.78143	46	0	0.0000
gene_MP004426	0.36291	0.96697	30	0	0.0000
gene_MP004427	0.37287	0.68576	73	13	17.8082
gene_MP004524	0.35035	0.99003	1152	0	0.0000
gene_MP004561	0.38269	0.93921	340	0	0.0000
gene_MP004955	0.37080	1.09287	170	3	1.7647
gene_MP004966	0.37080	1.09287	140	0	0.0000
gene_MP004976	0.39412	0.93044	113	0	0.0000
gene_MP004994	0.37746	1.00184	799	12	1.5019
gene_MP004999	0.37278	1.10055	71	0	0.0000
gene_MP005000	0.36732	1.08032	267	0	0.0000
gene_MP005004	0.40877	1.23374	334	0	0.0000
gene_MP005117	0.37057	0.96028	327	4	1.2232
gene_MP005138	0.44788	1.09495	119	0	0.0000
gene_MP005148	0.42334	0.94965	156	0	0.0000
gene_MP005151	0.36470	1.04398	562	0	0.0000
gene_MP005157	0.40181	1.06791	22	1	4.5455
gene_MP005177	0.37157	0.97280	178	0	0.0000
gene_MP005210	0.35369	0.99853	274	0	0.0000
gene_MP005215	0.37888	1.03624	398	0	0.0000
gene_MP005221	0.36554	1.03544	160	1	0.6250
gene_MP005256	0.36993	0.90467	365	0	0.0000
gene_MP005509	0.39675	1.11309	141	0	0.0000
gene_MP005511	0.38062	1.04345	130	0	0.0000
gene_MP005758	0.37056	0.82645	45	0	0.0000
gene_MP005784	0.33641	0.95109	58	0	0.0000
gene_MP006098	0.33906	0.88960	360	0	0.0000
gene_MP006113	0.40492	0.60223	27	9	33.3333
gene_MP006130	0.36525	0.83442	54	0	0.0000
gene_MP006177	0.36272	0.88936	100	0	0.0000
gene_MP006179	0.39148	1.22977	175	0	0.0000
gene_MP006187	0.38913	0.94034	182	3	1.6484
gene_MP006215	0.40934	1.01536	63	0	0.0000
gene_MP006246	0.37074	0.97545	215	1	0.4651
gene_MP006249	0.39877	0.75779	234	27	11.5385
gene_MP006313	0.39146	1.17018	252	0	0.0000
gene_MP006318	0.34780	1.04165	537	0	0.0000
gene_MP006327	0.39004	0.99096	64	5	7.8125
gene_MP006339	0.40800	1.14700	486	1	0.2058
gene_MP006340	0.39199	1.15922	99	1	1.0101
gene_MP006347	0.35932	1.06744	759	0	0.0000
gene_MP006348	0.39325	0.97433	63	1	1.5873
gene_MP006403	0.35696	0.82458	31	0	0.0000
gene_MP006425	0.43118	0.95056	387	0	0.0000
gene_MP006438	0.36563	1.04368	946	0	0.0000
gene_MP006441	0.39204	0.98952	24	0	0.0000
gene_MP006560	0.34735	0.91639	64	0	0.0000
gene_MP006595	0.36943	0.97796	408	0	0.0000
gene_MP006599	0.38044	1.03654	118	1	0.8475
gene_MP006611	0.35638	0.98993	1605	1	0.0623
gene_MP006650	0.35714	0.74071	75	18	24.0000
gene_MP006773	0.39135	0.91144	232	1	0.4310
gene_MP006857	0.38347	0.87072	87	0	0.0000
gene_MP007018	0.44426	1.27080	423	0	0.0000
gene_MP007025	0.42001	0.71601	51	0	0.0000
gene_MP007256	0.32911	0.91858	25	0	0.0000
gene_MP007286	0.45917	1.20181	274	0	0.0000
gene_MP007296	0.39752	0.76696	21	0	0.0000
gene_MP007300	0.39170	0.92473	138	0	0.0000
gene_MP007307	0.46802	1.03260	372	6	1.6129
gene_MP007315	0.52903	1.23681	489	0	0.0000
gene_MP007317	0.34180	0.85504	284	0	0.0000
gene_MP007321	0.35261	0.97130	966	0	0.0000
gene_MP007374	0.38051	0.95947	985	2	0.2030
gene_MP007376	0.35754	1.06753	2490	1	0.0402
gene_MP007383	0.35346	1.16408	1476	0	0.0000
gene_MP007389	0.40877	1.06036	20	0	0.0000
gene_MP007395	0.35925	1.00275	350	0	0.0000
gene_MP007399	0.37366	0.59301	58	14	24.1379
gene_MP007400	0.34912	0.97022	205	3	1.4634
gene_MP007423	0.35192	0.96574	186	0	0.0000
gene_MP007436	0.37307	0.68828	96	0	0.0000
gene_MP007441	0.42319	1.14175	464	5	1.0776
gene_MP007442	0.47111	1.19269	712	0	0.0000
gene_MP007460	0.42118	0.96708	297	1	0.3367
gene_MP007647	0.36147	0.60887	34	0	0.0000
gene_MP007648	0.36348	0.62789	41	0	0.0000
gene_MP007945	0.35939	0.81683	96	0	0.0000
gene_MP009464	0.34180	0.95323	651	0	0.0000
gene_MP009465	0.35042	0.96491	787	0	0.0000
gene_MP009480	0.39309	0.93362	484	2	0.4132
gene_MP009481	0.39677	0.91994	301	3	0.9967
gene_MP009482	0.36526	0.83776	53	0	0.0000
gene_MP009483	0.36818	0.96627	207	6	2.8986
gene_MP009492	0.35346	1.16408	252	0	0.0000
gene_MP009494	0.38578	0.86127	29	0	0.0000
gene_MP009501	0.36460	0.98660	1750	1	0.0571
gene_MP009509	0.39643	1.18325	660	4	0.6061
gene_MP009566	0.39134	0.79880	164	10	6.0976
gene_MP009568	0.38413	0.85392	252	0	0.0000
gene_MP009663	0.40138	1.07425	360	4	1.1111
gene_MP009838	0.35962	1.29114	135	0	0.0000
gene_MP009843	0.36815	0.94825	275	0	0.0000
gene_MP009854	0.36457	1.20774	248	0	0.0000
gene_MP009928	0.41074	1.08527	198	0	0.0000
gene_MP009985	0.40391	0.99428	125	1	0.8000
gene_MP010016	0.38548	0.94012	102	17	16.6667
gene_MP010029	0.39258	1.06788	287	13	4.5296
gene_MP010043	0.38892	0.92526	168	0	0.0000
gene_MP010051	0.36134	0.95602	144	0	0.0000
gene_MP010066	0.37211	1.11542	238	10	4.2017
gene_MP010081	0.36068	0.99279	154	0	0.0000
gene_MP010143	0.36738	1.17999	522	0	0.0000
gene_MP010169	0.39954	0.90280	457	12	2.6258
gene_MP011597	0.35138	0.89487	261	0	0.0000
gene_MP011865	0.41192	1.07413	55	8	14.5455
gene_MP011890	0.37560	1.02408	102	6	5.8824
gene_MP012048	0.36526	0.83776	34	0	0.0000
gene_MP012112	0.39670	0.93824	472	0	0.0000
gene_MP012155	0.42616	0.93893	29	0	0.0000
gene_MP012363	0.37533	0.50821	20	9	45.0000
gene_MP012492	0.39061	0.89346	72	0	0.0000
gene_MP012514	0.36562	0.77729	157	0	0.0000
gene_MP012536	0.36880	0.87287	230	11	4.7826
gene_MP012633	0.35899	0.81647	245	8	3.2653
gene_MP012796	0.48232	1.01029	75	0	0.0000
gene_MP012836	0.49878	0.94068	24	0	0.0000
gene_MP012854	0.48139	1.10244	187	1	0.5348
gene_MP013164	0.35148	0.83934	197	15	7.6142
gene_MP013192	0.37858	0.93108	92	0	0.0000
gene_MP013226	0.36031	0.84144	58	0	0.0000
gene_MP013232	0.36883	1.14903	285	0	0.0000
gene_MP013234	0.36149	1.02514	123	0	0.0000
gene_MP013238	0.36841	0.97203	334	0	0.0000
gene_MP013242	0.37703	0.77463	167	12	7.1856
gene_MP013251	0.42630	1.27964	251	0	0.0000
gene_MP013575	0.38041	0.83972	292	13	4.4521
gene_MP013578	0.35294	1.15884	1674	0	0.0000
gene_MP013739	0.36358	0.89670	127	0	0.0000
gene_MP013740	0.40239	0.75896	58	14	24.1379
gene_MP013889	0.39632	1.12232	113	0	0.0000
gene_MP013990	0.38980	0.75322	63	10	15.8730
gene_MP014000	0.37997	1.00120	361	3	0.8310
gene_MP014183	0.36246	0.76090	42	0	0.0000
gene_MP014251	0.37745	1.03941	91	2	2.1978
gene_MP014310	0.34289	0.64607	49	14	28.5714
gene_MP014444	0.36970	0.97530	20	0	0.0000
gene_MP014456	0.34720	0.92101	121	0	0.0000
gene_MP014514	0.39939	0.86968	90	1	1.1111
gene_MP014521	0.38700	0.87955	73	0	0.0000
gene_MP014562	0.36649	0.86398	29	0	0.0000
gene_MP014681	0.33461	0.85958	124	1	0.8065
gene_MP014682	0.37153	0.99338	540	4	0.7407
gene_MP014764	0.38868	0.85799	33	0	0.0000
gene_MP014793	0.38419	0.95671	46	10	21.7391
gene_MP014841	0.36374	1.11832	785	0	0.0000
gene_MP014850	0.37492	0.89461	104	0	0.0000
gene_MP014877	0.36205	1.25257	128	0	0.0000
gene_MP014890	0.35992	1.00651	288	5	1.7361
gene_MP014919	0.44305	0.98443	103	0	0.0000
gene_MP014923	0.38003	1.04915	976	36	3.6885
gene_MP014931	0.35804	0.90207	858	0	0.0000
gene_MP015031	0.40212	0.78816	54	1	1.8519
gene_MP015257	0.33537	0.88074	46	0	0.0000
gene_MP015262	0.42424	0.72874	280	8	2.8571
gene_MP015317	0.39117	1.12216	33	0	0.0000
gene_MP015426	0.43410	1.02501	217	0	0.0000
gene_MP015434	0.35739	0.86617	97	0	0.0000
gene_MP015488	0.35863	0.80222	50	0	0.0000
gene_MP015534	0.35101	0.77544	114	10	8.7719
gene_MP015605	0.37146	0.70163	110	3	2.7273
gene_MP015657	0.44499	1.12022	135	0	0.0000
gene_MP015659	0.37448	0.95657	216	0	0.0000
gene_MP015697	0.34319	0.94370	42	0	0.0000
gene_MP015701	0.35314	0.98322	1114	0	0.0000
gene_MP016230	0.39670	0.93824	133	0	0.0000
gene_MP016234	0.40125	0.91882	57	0	0.0000
gene_MP016236	0.35553	1.15272	1354	0	0.0000
gene_MP016242	0.43398	0.90807	72	0	0.0000
gene_MP016277	0.35501	0.84682	261	2	0.7663
gene_MP016442	0.45885	0.79250	37	0	0.0000
gene_MP016443	0.36451	0.90456	760	4	0.5263
gene_MP016463	0.35153	0.94907	21	0	0.0000
gene_MP016504	0.39001	0.96611	192	0	0.0000
gene_MP016653	0.39602	0.94234	498	2	0.4016
gene_MP016654	0.38672	0.85184	215	0	0.0000
gene_MP016661	0.46781	1.19515	101	0	0.0000
gene_MP016662	0.39001	0.96611	24	0	0.0000
gene_MP016673	0.39001	0.96611	322	0	0.0000
gene_MP016808	0.40611	0.93056	192	0	0.0000
gene_MP017048	0.38250	1.23415	887	0	0.0000
gene_MP017090	0.37972	0.89286	117	0	0.0000
gene_MP017099	0.38945	1.24452	1271	0	0.0000
gene_MP017103	0.41568	1.13074	192	0	0.0000
gene_MP017265	0.35671	1.19187	71	0	0.0000
gene_MP017293	0.34103	0.79562	39	4	10.2564
gene_MP017322	0.36207	0.58317	36	4	11.1111
gene_MP017366	0.35153	0.94907	244	0	0.0000
gene_MP017433	0.37936	1.03054	117	0	0.0000
gene_MP017560	0.43955	1.02116	57	0	0.0000
gene_MP017606	0.40682	1.03916	54	0	0.0000
gene_MP017756	0.34899	0.82147	83	0	0.0000
gene_MP017774	0.38867	0.37519	22	0	0.0000
gene_MP017852	0.38525	1.11095	221	0	0.0000
gene_MP017982	0.38525	1.11095	356	0	0.0000
gene_MP018073	0.50841	1.12836	273	0	0.0000
gene_MP018178	0.48989	1.05697	166	0	0.0000
gene_MP018190	0.39365	0.93572	32	8	25.0000
gene_MP018191	0.36691	1.21348	64	0	0.0000
gene_MP018194	0.37682	1.11143	60	0	0.0000
gene_MP018208	0.38135	1.16279	176	0	0.0000
gene_MP018256	0.36962	0.97859	553	0	0.0000
gene_MP018364	0.36191	1.02396	2383	0	0.0000
gene_MP018480	0.37212	1.05326	156	0	0.0000
gene_MP018504	0.35973	0.96503	474	0	0.0000
gene_MP018544	0.41098	1.01465	1071	0	0.0000
gene_MP018595	0.33722	0.84216	85	1	1.1765
gene_MP018615	0.37283	1.06963	153	0	0.0000
gene_MP019244	0.35973	0.96503	40	0	0.0000
gene_MP019263	0.40669	1.02036	1474	0	0.0000
gene_MP019292	0.36400	1.22366	133	0	0.0000
gene_MP019343	0.61332	1.08203	27	0	0.0000
gene_MP019346	0.34264	0.89006	303	9	2.9703
gene_MP019396	0.40700	1.02419	106	0	0.0000
gene_MP019406	0.36175	0.88799	34	0	0.0000
gene_MP019407	0.34591	0.91676	41	0	0.0000
gene_MP019409	0.34867	1.02392	33	0	0.0000
gene_MP019413	0.38847	0.86455	600	0	0.0000
gene_MP019415	0.35697	1.08322	2627	0	0.0000
gene_MP019442	0.35381	0.94011	179	0	0.0000
gene_MP019446	0.36442	0.96425	55	0	0.0000
gene_MP019457	0.37587	0.72800	73	0	0.0000
gene_MP019490	0.41567	1.01688	264	1	0.3788
gene_MP019519	0.39123	1.04243	74	0	0.0000
gene_MP019535	0.42617	1.02104	291	3	1.0309
gene_MP019539	0.35224	0.50655	21	5	23.8095
gene_MP019603	0.35528	0.65117	78	0	0.0000
gene_MP019609	0.34712	0.72780	65	0	0.0000
gene_MP019613	0.40919	0.81397	28	5	17.8571
gene_MP019688	0.34154	0.91474	141	0	0.0000
gene_MP019773	0.43976	1.19447	306	0	0.0000
gene_MP019862	0.44365	0.96654	59	0	0.0000
gene_MP019947	0.52995	0.92488	52	0	0.0000
gene_MP020168	0.40734	1.04154	766	0	0.0000
gene_MP020781	0.55611	1.17146	220	0	0.0000
gene_MP020971	0.40807	0.68487	41	0	0.0000
gene_MP021047	0.49315	0.75286	30	0	0.0000
gene_MP021199	0.44842	0.54230	31	24	77.4194
gene_MP021324	0.45815	1.19816	226	0	0.0000
gene_MP021600	0.38107	1.04746	580	0	0.0000
gene_MP021991	0.36647	0.91439	690	0	0.0000
gene_MP021994	0.42780	1.05568	245	0	0.0000
gene_MP021997	0.36916	1.01544	888	0	0.0000
gene_MP022005	0.34086	0.97204	712	0	0.0000
gene_MP022067	0.36691	0.70740	27	0	0.0000
gene_MP022120	0.37124	0.89990	311	11	3.5370
gene_MP022233	0.36264	1.01216	196	0	0.0000
gene_MP022487	0.35748	0.98689	209	0	0.0000
gene_MP022502	0.46890	1.42203	49	0	0.0000
gene_MP022508	0.49968	1.16013	612	4	0.6536
gene_MP022532	0.44654	1.02343	59	0	0.0000
gene_MP022533	0.34018	0.88584	75	7	9.3333
gene_MP022544	0.43967	1.20183	104	0	0.0000
gene_MP022552	0.36854	1.12668	197	0	0.0000
gene_MP022673	0.32102	0.81790	25	0	0.0000
gene_MP022728	0.46566	0.95042	51	0	0.0000
gene_MP022785	0.35821	1.02646	47	0	0.0000
gene_MP022816	0.43775	1.19683	3396	0	0.0000
gene_MP022827	0.42063	1.04680	34	0	0.0000
gene_MP022944	0.38305	0.96988	476	0	0.0000
gene_MP022970	0.36788	0.95358	2094	0	0.0000
gene_MP023062	0.43730	0.74028	33	0	0.0000
gene_MP023495	0.52520	0.84161	27	0	0.0000
gene_MP023546	0.51345	0.89174	50	0	0.0000
gene_MP023641	0.45660	1.19537	20	0	0.0000
gene_MP024178	0.46160	0.88479	42	0	0.0000
gene_MP024483	0.55773	1.17169	56	0	0.0000
gene_MP024605	0.36978	0.68941	27	0	0.0000
gene_MP000012	0.36874	0.90567	645	17	2.6357
gene_MP000070	0.38555	1.27076	27	0	0.0000
gene_MP000083	0.37375	0.97820	814	1	0.1229
gene_MP000155	0.37158	0.96151	735	0	0.0000
gene_MP000158	0.34474	0.72085	22	10	45.4545
gene_MP000199	0.38541	1.01129	82	0	0.0000
gene_MP000360	0.35062	0.68283	60	0	0.0000
gene_MP000664	0.34636	1.01737	125	1	0.8000
gene_MP000700	0.39044	1.00387	638	17	2.6646
gene_MP000876	0.32944	0.94328	514	0	0.0000
gene_MP000911	0.38079	0.87774	111	0	0.0000
gene_MP000923	0.39525	1.08219	101	0	0.0000
gene_MP000945	0.35914	0.93375	550	0	0.0000
gene_MP000954	0.36447	1.18591	279	0	0.0000
gene_MP001190	0.34034	0.80261	214	0	0.0000
gene_MP001192	0.35625	0.98976	1357	0	0.0000
gene_MP001196	0.37327	1.13779	1549	3	0.1937
gene_MP001198	0.39161	0.94215	213	0	0.0000
gene_MP001319	0.38595	1.17980	431	2	0.4640
gene_MP001330	0.47294	1.21823	1629	15	0.9208
gene_MP001577	0.38411	0.82965	24	0	0.0000
gene_MP001580	0.36023	0.86055	148	0	0.0000
gene_MP001584	0.38800	0.77465	60	0	0.0000
gene_MP001605	0.41322	0.85220	171	0	0.0000
gene_MP001608	0.39735	0.80665	33	0	0.0000
gene_MP001757	0.39795	0.87082	165	0	0.0000
gene_MP001759	0.35041	0.87713	53	0	0.0000
gene_MP001783	0.34152	0.91730	801	0	0.0000
gene_MP001875	0.34901	0.85734	169	0	0.0000
gene_MP001936	0.36468	0.98124	56	0	0.0000
gene_MP001945	0.36149	0.92863	257	0	0.0000
gene_MP001979	0.38089	0.94995	211	6	2.8436
gene_MP001982	0.36785	0.95846	35	0	0.0000
gene_MP001984	0.39007	0.67635	53	7	13.2075
gene_MP002041	0.35442	0.95662	50	0	0.0000
gene_MP002141	0.39122	0.80352	47	0	0.0000
gene_MP002238	0.38349	1.19720	180	0	0.0000
gene_MP002268	0.35971	0.81569	143	6	4.1958
gene_MP002281	0.37035	1.18221	57	0	0.0000
gene_MP002352	0.34080	0.70146	67	5	7.4627
gene_MP002430	0.54859	0.90410	65	0	0.0000
gene_MP002520	0.35564	0.86706	606	6	0.9901
gene_MP002538	0.42099	0.94357	189	13	6.8783
gene_MP002582	0.38533	0.90410	276	4	1.4493
gene_MP002583	0.38516	0.90480	122	14	11.4754
gene_MP002586	0.38078	0.93582	524	3	0.5725
gene_MP002636	0.37190	1.04184	709	0	0.0000
gene_MP002856	0.36695	1.10219	395	0	0.0000
gene_MP002859	0.35339	0.60675	34	4	11.7647
gene_MP002876	0.34415	0.92322	41	0	0.0000
gene_MP002877	0.38816	0.92381	200	0	0.0000
gene_MP002879	0.37491	1.19789	515	0	0.0000
gene_MP002880	0.38438	1.13067	333	0	0.0000
gene_MP002882	0.34214	0.71179	23	0	0.0000
gene_MP003002	0.38282	0.76336	93	8	8.6022
gene_MP003051	0.44351	0.61105	25	7	28.0000
gene_MP003096	0.36177	0.97837	647	0	0.0000
gene_MP003103	0.36078	1.06173	86	0	0.0000
gene_MP003132	0.37772	1.01853	245	0	0.0000
gene_MP003148	0.33855	0.81614	121	4	3.3058
gene_MP003210	0.33662	0.92874	333	0	0.0000
gene_MP003231	0.39683	0.96856	250	19	7.6000
gene_MP003328	0.36446	1.05174	96	3	3.1250
gene_MP003348	0.37422	0.72379	57	0	0.0000
gene_MP003359	0.46740	1.22693	56	14	25.0000
gene_MP003391	0.34904	0.74201	33	0	0.0000
gene_MP003497	0.38418	0.86854	71	4	5.6338
gene_MP003603	0.38213	0.91899	61	15	24.5902
gene_MP003637	0.34842	0.98366	50	1	2.0000
gene_MP003645	0.33669	0.88586	42	0	0.0000
gene_MP003684	0.43148	1.08421	144	2	1.3889
gene_MP003689	0.46698	0.75707	41	0	0.0000
gene_MP003786	0.34411	0.94019	73	13	17.8082
gene_MP003867	0.40046	0.37522	26	5	19.2308
gene_MP003947	0.36845	0.78072	91	15	16.4835
gene_MP003999	0.35750	0.93251	244	15	6.1475
gene_MP004120	0.34712	0.80960	87	16	18.3908
gene_MP004141	0.38435	1.04312	30	0	0.0000
gene_MP004452	0.37732	1.14524	627	0	0.0000
gene_MP004454	0.35914	0.93154	161	0	0.0000
gene_MP004457	0.33318	0.94840	188	0	0.0000
gene_MP004527	0.35416	0.92962	532	6	1.1278
gene_MP004866	0.37647	0.98377	406	0	0.0000
gene_MP004867	0.40397	1.02840	699	13	1.8598
gene_MP004895	0.37387	1.00593	57	0	0.0000
gene_MP004912	0.35580	0.99505	176	3	1.7045
gene_MP005066	0.38971	1.01463	32	0	0.0000
gene_MP005107	0.36610	0.78448	153	0	0.0000
gene_MP005120	0.45365	1.18914	124	0	0.0000
gene_MP005172	0.40271	1.16013	31	0	0.0000
gene_MP005465	0.36562	0.84153	194	0	0.0000
gene_MP005603	0.38219	0.80001	225	9	4.0000
gene_MP005604	0.40362	1.05693	414	4	0.9662
gene_MP005610	0.36747	0.93942	224	0	0.0000
gene_MP005832	0.36798	1.12156	219	0	0.0000
gene_MP006023	0.38991	0.94005	110	0	0.0000
gene_MP006104	0.39523	0.97339	98	0	0.0000
gene_MP006196	0.35277	1.02019	591	0	0.0000
gene_MP006291	0.38680	0.79523	247	16	6.4777
gene_MP006397	0.39699	1.05727	672	0	0.0000
gene_MP006454	0.36994	1.05111	461	0	0.0000
gene_MP006547	0.37203	1.08325	20	0	0.0000
gene_MP006666	0.42155	1.02317	100	11	11.0000
gene_MP006704	0.36943	0.74661	23	0	0.0000
gene_MP006927	0.37101	0.84541	71	4	5.6338
gene_MP007009	0.35998	0.89986	376	0	0.0000
gene_MP007139	0.59099	0.94838	95	0	0.0000
gene_MP007235	0.65442	1.01436	32	0	0.0000
gene_MP007324	0.36506	1.00842	125	0	0.0000
gene_MP007344	0.36925	0.68686	1389	225	16.1987
gene_MP007379	0.38712	1.06028	84	0	0.0000
gene_MP007392	0.36385	0.96793	331	0	0.0000
gene_MP007416	0.38689	1.21595	645	0	0.0000
gene_MP007439	0.35642	0.98703	1823	0	0.0000
gene_MP007454	0.38348	1.19813	363	0	0.0000
gene_MP007456	0.35803	1.00641	440	0	0.0000
gene_MP007461	0.35619	1.03726	956	0	0.0000
gene_MP007467	0.34119	0.94915	82	0	0.0000
gene_MP007472	0.46752	1.14153	451	0	0.0000
gene_MP007492	0.50000	0.91531	126	17	13.4921
gene_MP007521	0.42265	0.92171	448	6	1.3393
gene_MP007546	0.35291	0.91150	224	0	0.0000
gene_MP007550	0.36569	0.97880	351	0	0.0000
gene_MP007769	0.39481	0.95131	283	20	7.0671
gene_MP008144	0.42680	1.15791	150	0	0.0000
gene_MP008787	0.65381	1.00996	184	0	0.0000
gene_MP009148	0.55366	1.02091	445	0	0.0000
gene_MP009508	0.38079	0.87024	222	3	1.3514
gene_MP009511	0.38079	0.87024	177	0	0.0000
gene_MP009523	0.37421	1.02782	654	0	0.0000
gene_MP009526	0.35350	0.83617	75	0	0.0000
gene_MP009531	0.38394	1.07385	520	2	0.3846
gene_MP009533	0.38405	1.06239	99	0	0.0000
gene_MP009609	0.37495	0.99267	244	0	0.0000
gene_MP009621	0.41165	0.68348	59	12	20.3390
gene_MP009638	0.37366	0.81817	232	0	0.0000
gene_MP009764	0.35311	0.91746	139	0	0.0000
gene_MP009945	0.36834	0.84079	182	0	0.0000
gene_MP009953	0.35630	0.93973	335	0	0.0000
gene_MP009978	0.38382	1.01669	311	0	0.0000
gene_MP009986	0.42254	1.04158	975	7	0.7179
gene_MP010003	0.36506	0.56240	23	0	0.0000
gene_MP010094	0.37147	0.99222	127	0	0.0000
gene_MP010136	0.36595	0.82763	131	0	0.0000
gene_MP010155	0.40695	0.88326	345	0	0.0000
gene_MP010171	0.37841	0.86785	424	0	0.0000
gene_MP010176	0.40418	1.08676	611	14	2.2913
gene_MP010304	0.56790	0.74348	92	15	16.3043
gene_MP010630	0.65386	1.03003	21	0	0.0000
gene_MP011081	0.51263	1.23485	57	0	0.0000
gene_MP011276	0.37562	1.26373	132	0	0.0000
gene_MP011499	0.59099	0.94838	500	1	0.2000
gene_MP011562	0.39506	0.87459	84	0	0.0000
gene_MP011572	0.36952	0.90691	113	0	0.0000
gene_MP011574	0.35991	0.91526	243	0	0.0000
gene_MP011745	0.34467	1.01522	179	0	0.0000
gene_MP011756	0.49663	0.93931	163	0	0.0000
gene_MP012195	0.35794	1.07451	2124	1	0.0471
gene_MP012365	0.34635	0.91129	528	0	0.0000
gene_MP012368	0.36411	0.76624	99	0	0.0000
gene_MP012453	0.38428	1.02531	450	0	0.0000
gene_MP012461	0.42001	1.24684	216	0	0.0000
gene_MP012482	0.37757	0.86501	61	0	0.0000
gene_MP012511	0.34306	1.04567	103	0	0.0000
gene_MP012575	0.40566	0.85689	33	0	0.0000
gene_MP012921	0.37077	1.01714	189	0	0.0000
gene_MP013134	0.34929	0.76555	32	0	0.0000
gene_MP013507	0.31942	0.59326	21	2	9.5238
gene_MP013521	0.36150	1.00655	1536	8	0.5208
gene_MP013522	0.39351	0.84891	44	0	0.0000
gene_MP013737	0.41518	0.64564	119	0	0.0000
gene_MP013810	0.34046	0.88460	69	5	7.2464
gene_MP013919	0.37314	0.49862	28	17	60.7143
gene_MP013992	0.34652	0.61617	54	16	29.6296
gene_MP014095	0.43371	0.62069	46	0	0.0000
gene_MP014105	0.36357	1.17106	153	0	0.0000
gene_MP014252	0.35143	0.95111	84	11	13.0952
gene_MP014323	0.36503	0.81758	245	8	3.2653
gene_MP014452	0.37683	0.55694	50	12	24.0000
gene_MP014480	0.35629	0.83715	31	6	19.3548
gene_MP014671	0.37602	0.88152	204	0	0.0000
gene_MP014816	0.39877	0.95763	42	0	0.0000
gene_MP014831	0.34259	1.06218	1101	0	0.0000
gene_MP014837	0.36364	0.97021	146	0	0.0000
gene_MP014847	0.37660	0.90548	87	0	0.0000
gene_MP014886	0.34601	0.94586	483	11	2.2774
gene_MP014940	0.36037	1.08273	744	0	0.0000
gene_MP014941	0.37459	1.05072	259	11	4.2471
gene_MP014954	0.38509	1.01430	140	0	0.0000
gene_MP014979	0.34452	1.02095	777	0	0.0000
gene_MP015190	0.38289	1.06138	27	0	0.0000
gene_MP015196	0.40799	0.64743	47	0	0.0000
gene_MP015223	0.35558	0.93950	249	0	0.0000
gene_MP015226	0.37754	1.00254	133	0	0.0000
gene_MP015250	0.38488	0.88773	113	0	0.0000
gene_MP015258	0.36820	0.91078	370	0	0.0000
gene_MP015342	0.35213	0.99234	200	8	4.0000
gene_MP015386	0.42736	1.06230	262	0	0.0000
gene_MP015445	0.39027	0.87847	27	0	0.0000
gene_MP015552	0.39354	0.70226	29	0	0.0000
gene_MP015650	0.36286	0.73557	70	13	18.5714
gene_MP015691	0.35252	1.01106	200	0	0.0000
gene_MP015695	0.36006	1.03626	40	0	0.0000
gene_MP015698	0.35168	1.00913	370	6	1.6216
gene_MP015764	0.40472	1.19534	56	0	0.0000
gene_MP015781	0.39479	0.97876	36	0	0.0000
gene_MP015792	0.36892	1.09033	557	0	0.0000
gene_MP015795	0.33561	0.92699	163	0	0.0000
gene_MP016181	0.39307	1.08518	273	0	0.0000
gene_MP016389	0.39073	0.87498	38	0	0.0000
gene_MP016421	0.37013	0.75806	53	0	0.0000
gene_MP016461	0.39452	0.95359	260	3	1.1538
gene_MP016470	0.35754	0.65784	91	11	12.0879
gene_MP016585	0.49530	0.91394	347	0	0.0000
gene_MP016651	0.41836	1.01229	280	6	2.1429
gene_MP016698	0.37320	0.95862	151	1	0.6623
gene_MP017183	0.35132	0.92368	449	0	0.0000
gene_MP017194	0.37948	1.03273	151	0	0.0000
gene_MP017303	0.58231	1.02556	175	0	0.0000
gene_MP017333	0.36244	0.80566	143	0	0.0000
gene_MP017371	0.37871	0.91890	88	0	0.0000
gene_MP017468	0.45960	0.75722	95	0	0.0000
gene_MP017605	0.34701	0.97663	673	0	0.0000
gene_MP017679	0.67785	1.00374	51	0	0.0000
gene_MP018217	0.38143	0.92298	60	0	0.0000
gene_MP018429	0.40818	0.98982	177	0	0.0000
gene_MP018444	0.36144	1.02902	288	0	0.0000
gene_MP018552	0.37198	0.77469	162	4	2.4691
gene_MP018566	0.36825	1.13842	161	0	0.0000
gene_MP018569	0.38436	1.09162	53	0	0.0000
gene_MP018653	0.35496	1.12955	1179	0	0.0000
gene_MP018654	0.44242	0.97812	40	0	0.0000
gene_MP018799	0.37306	0.98231	582	0	0.0000
gene_MP018879	0.39249	1.11481	2706	0	0.0000
gene_MP018880	0.38601	0.75294	49	0	0.0000
gene_MP018913	0.34167	0.74286	47	0	0.0000
gene_MP019012	0.39645	0.91456	214	0	0.0000
gene_MP019020	0.41668	0.86916	162	0	0.0000
gene_MP019203	0.45833	1.21733	130	0	0.0000
gene_MP019357	0.36738	1.00407	422	0	0.0000
gene_MP019374	0.36610	0.98742	364	8	2.1978
gene_MP019380	0.33367	0.89568	73	0	0.0000
gene_MP019381	0.36199	1.15129	481	0	0.0000
gene_MP019392	0.42653	1.35754	393	11	2.7990
gene_MP019397	0.37049	0.89215	46	0	0.0000
gene_MP019412	0.38718	1.02326	331	0	0.0000
gene_MP019485	0.37308	0.91522	195	3	1.5385
gene_MP019493	0.57697	1.12524	134	0	0.0000
gene_MP019494	0.36738	1.00407	168	0	0.0000
gene_MP019498	0.35781	1.05921	530	0	0.0000
gene_MP019508	0.34628	0.79683	78	2	2.5641
gene_MP019528	0.35974	1.02343	950	0	0.0000
gene_MP019564	0.36524	0.89479	440	0	0.0000
gene_MP019612	0.43964	1.18960	185	0	0.0000
gene_MP019672	0.36842	0.77246	49	0	0.0000
gene_MP019679	0.39878	0.76825	123	14	11.3821
gene_MP019706	0.46982	0.90851	38	0	0.0000
gene_MP019709	0.46982	0.88616	37	0	0.0000
gene_MP019813	0.35974	1.02343	786	0	0.0000
gene_MP019870	0.37609	0.65626	27	0	0.0000
gene_MP019875	0.36015	0.54612	29	17	58.6207
gene_MP020169	0.44454	1.23620	87	0	0.0000
gene_MP020249	0.47945	0.77419	58	0	0.0000
gene_MP021132	0.45080	0.88488	73	0	0.0000
gene_MP021452	0.65986	0.98636	31	0	0.0000
gene_MP022044	0.36170	0.74740	35	12	34.2857
gene_MP022060	0.35796	0.92365	27	0	0.0000
gene_MP022062	0.46053	1.29497	313	0	0.0000
gene_MP022080	0.35366	0.91118	360	0	0.0000
gene_MP022089	0.41026	1.17198	25	0	0.0000
gene_MP022119	0.33703	1.02202	43	0	0.0000
gene_MP022166	0.35966	1.12100	466	0	0.0000
gene_MP022197	0.33798	0.58808	31	2	6.4516
gene_MP022333	0.65432	0.99342	330	2	0.6061
gene_MP022334	0.65353	0.99280	528	1	0.1894
gene_MP022354	0.39049	1.04074	63	0	0.0000
gene_MP022362	0.35587	0.93983	116	0	0.0000
gene_MP022390	0.36729	0.97710	84	0	0.0000
gene_MP022568	0.34313	1.06957	201	0	0.0000
gene_MP022577	0.35714	1.09053	373	0	0.0000
gene_MP022592	0.37493	1.13986	639	0	0.0000
gene_MP022850	0.37568	0.89005	104	0	0.0000
gene_MP022968	0.41380	0.86690	82	0	0.0000
gene_MP022998	0.36607	1.05818	1400	0	0.0000
gene_MP023027	0.35717	0.94836	60	0	0.0000
gene_MP023033	0.41936	1.13150	264	0	0.0000
gene_MP023059	0.35272	1.00165	673	0	0.0000
gene_MP023093	0.51515	0.89938	57	0	0.0000
gene_MP024627	0.38239	0.75089	77	0	0.0000
gene_MP000097	0.37407	1.13898	65	0	0.0000
gene_MP000106	0.36586	1.16196	2854	0	0.0000
gene_MP000120	0.37799	1.13173	116	0	0.0000
gene_MP000255	0.37775	0.74477	56	3	5.3571
gene_MP000260	0.46134	0.39229	26	7	26.9231
gene_MP000287	0.37077	1.02282	158	6	3.7975
gene_MP000326	0.40148	1.13344	1263	3	0.2375
gene_MP000330	0.36526	0.87316	204	0	0.0000
gene_MP000405	0.36430	1.08039	1636	0	0.0000
gene_MP000481	0.37456	1.01094	84	0	0.0000
gene_MP000482	0.39753	1.01228	55	0	0.0000
gene_MP000483	0.38651	0.96133	23	0	0.0000
gene_MP000484	0.35332	1.04259	175	0	0.0000
gene_MP000488	0.39530	1.01499	870	0	0.0000
gene_MP000593	0.38713	0.86728	33	0	0.0000
gene_MP000759	0.39126	0.90198	61	0	0.0000
gene_MP000984	0.36066	0.96256	141	15	10.6383
gene_MP000987	0.47280	1.36180	3106	0	0.0000
gene_MP000999	0.37456	1.01094	487	0	0.0000
gene_MP001001	0.35272	1.01250	1626	0	0.0000
gene_MP001237	0.37220	1.06343	104	0	0.0000
gene_MP001239	0.36359	1.04563	237	3	1.2658
gene_MP001279	0.41726	1.07552	414	19	4.5894
gene_MP001338	0.38546	0.96673	80	13	16.2500
gene_MP001718	0.35854	0.69152	100	6	6.0000
gene_MP001748	0.37103	0.98724	76	0	0.0000
gene_MP001771	0.39474	0.87468	21	0	0.0000
gene_MP001857	0.34921	0.89157	55	0	0.0000
gene_MP002180	0.34368	1.01310	494	0	0.0000
gene_MP002188	0.36601	0.83873	149	16	10.7383
gene_MP002196	0.36510	1.09092	848	0	0.0000
gene_MP002202	0.39144	1.03803	44	0	0.0000
gene_MP002203	0.38756	0.85062	155	6	3.8710
gene_MP002204	0.36863	0.93261	166	0	0.0000
gene_MP002225	0.43466	1.12281	540	0	0.0000
gene_MP002236	0.40920	0.71626	159	18	11.3208
gene_MP002237	0.49127	1.05067	786	0	0.0000
gene_MP002256	0.36983	0.86289	123	9	7.3171
gene_MP002260	0.34466	1.00469	54	0	0.0000
gene_MP002265	0.36728	0.96534	73	0	0.0000
gene_MP002274	0.38166	0.73775	61	24	39.3443
gene_MP002280	0.37251	0.92371	200	8	4.0000
gene_MP002283	0.32851	1.03209	295	0	0.0000
gene_MP002414	0.34405	0.88514	44	0	0.0000
gene_MP002415	0.34325	0.88878	44	0	0.0000
gene_MP002529	0.39328	0.91106	219	14	6.3927
gene_MP002600	0.36249	0.99567	50	0	0.0000
gene_MP002611	0.33254	1.28195	58	0	0.0000
gene_MP002627	0.37223	0.64237	42	6	14.2857
gene_MP002641	0.37964	0.82717	38	8	21.0526
gene_MP002667	0.37053	0.81645	74	7	9.4595
gene_MP002683	0.36019	0.95994	69	0	0.0000
gene_MP002689	0.36111	1.05060	170	0	0.0000
gene_MP002888	0.40141	0.84737	76	0	0.0000
gene_MP002896	0.39092	0.75929	24	4	16.6667
gene_MP003120	0.48222	1.07545	112	7	6.2500
gene_MP003125	0.36283	0.96588	2368	0	0.0000
gene_MP003138	0.36309	1.11430	267	0	0.0000
gene_MP003158	0.33991	0.49618	36	15	41.6667
gene_MP003427	0.51074	1.09876	32	0	0.0000
gene_MP003430	0.34981	0.83776	73	10	13.6986
gene_MP003440	0.42553	0.73802	23	0	0.0000
gene_MP003444	0.34703	1.15568	191	1	0.5236
gene_MP003538	0.32927	0.72235	44	9	20.4545
gene_MP003540	0.36224	0.71205	31	8	25.8065
gene_MP003789	0.36246	1.03215	360	0	0.0000
gene_MP003848	0.37068	0.89779	51	0	0.0000
gene_MP003950	0.34300	0.76759	55	5	9.0909
gene_MP003953	0.36065	0.68018	24	6	25.0000
gene_MP003955	0.37576	1.02103	119	6	5.0420
gene_MP003959	0.34814	1.02526	1403	0	0.0000
gene_MP004008	0.48123	0.70062	54	9	16.6667
gene_MP004013	0.45556	1.07143	55	0	0.0000
gene_MP004019	0.36151	0.71273	86	15	17.4419
gene_MP004159	0.36589	0.97720	557	0	0.0000
gene_MP004225	0.42900	0.83643	38	0	0.0000
gene_MP004355	0.36113	0.92264	354	6	1.6949
gene_MP004664	0.37953	0.91821	151	0	0.0000
gene_MP004666	0.34727	0.85942	25	4	16.0000
gene_MP004667	0.37686	0.88754	31	0	0.0000
gene_MP004671	0.39992	1.12141	651	0	0.0000
gene_MP004672	0.37119	0.88235	143	0	0.0000
gene_MP004675	0.37153	1.19219	185	0	0.0000
gene_MP004682	0.37837	1.00927	1093	0	0.0000
gene_MP005236	0.38975	0.90877	236	0	0.0000
gene_MP005287	0.35344	0.90983	386	0	0.0000
gene_MP005291	0.35858	0.50056	24	7	29.1667
gene_MP005297	0.34880	0.74806	92	8	8.6957
gene_MP005303	0.35034	0.94496	109	0	0.0000
gene_MP005308	0.37808	0.97449	1015	0	0.0000
gene_MP005311	0.40315	1.23293	134	0	0.0000
gene_MP005317	0.34580	1.01616	1209	0	0.0000
gene_MP005392	0.38395	0.62891	812	125	15.3941
gene_MP005393	0.37485	1.03945	244	0	0.0000
gene_MP005399	0.37165	1.03998	588	0	0.0000
gene_MP005410	0.36679	1.00888	1115	0	0.0000
gene_MP005414	0.35289	0.87195	324	6	1.8519
gene_MP005481	0.37971	1.17284	478	0	0.0000
gene_MP005837	0.39743	0.94884	249	0	0.0000
gene_MP005861	0.38972	0.93209	121	0	0.0000
gene_MP005877	0.36599	1.07107	235	0	0.0000
gene_MP005892	0.36127	0.94811	254	0	0.0000
gene_MP005932	0.35794	1.10988	66	0	0.0000
gene_MP005968	0.33333	0.64001	26	9	34.6154
gene_MP005994	0.36330	0.99786	1210	0	0.0000
gene_MP006057	0.41346	1.06344	42	0	0.0000
gene_MP006060	0.40575	0.98867	40	0	0.0000
gene_MP006064	0.41163	1.24795	36	0	0.0000
gene_MP006092	0.37527	0.95443	88	1	1.1364
gene_MP006202	0.38509	1.04549	165	0	0.0000
gene_MP006481	0.39790	0.92243	149	16	10.7383
gene_MP006513	0.37813	0.88231	328	1	0.3049
gene_MP006517	0.36567	0.62724	25	6	24.0000
gene_MP006566	0.37652	1.15405	321	0	0.0000
gene_MP006567	0.37319	0.87554	99	0	0.0000
gene_MP006569	0.39677	0.93929	46	0	0.0000
gene_MP006578	0.37026	0.98562	223	0	0.0000
gene_MP006790	0.36691	1.06128	130	0	0.0000
gene_MP006804	0.50090	1.26280	59	0	0.0000
gene_MP006871	0.36614	1.05764	165	0	0.0000
gene_MP007076	0.35507	0.53226	28	0	0.0000
gene_MP007223	0.65525	1.01184	42	1	2.3810
gene_MP007230	0.65525	1.00913	242	1	0.4132
gene_MP007771	0.37070	0.91701	257	0	0.0000
gene_MP007773	0.45693	1.20341	197	0	0.0000
gene_MP007776	0.43767	1.06468	248	0	0.0000
gene_MP007787	0.38780	1.01991	1092	0	0.0000
gene_MP007824	0.50948	1.25046	184	0	0.0000
gene_MP007852	0.62741	1.29843	185	0	0.0000
gene_MP007853	0.38269	1.00984	369	0	0.0000
gene_MP007893	0.38139	1.13454	947	0	0.0000
gene_MP007897	0.35005	0.61256	58	8	13.7931
gene_MP007920	0.36997	0.99736	289	0	0.0000
gene_MP007937	0.38780	1.01991	578	0	0.0000
gene_MP007950	0.36782	1.09544	222	11	4.9550
gene_MP007973	0.35229	0.98150	236	0	0.0000
gene_MP007975	0.36916	0.85817	205	0	0.0000
gene_MP007992	0.36067	0.71929	139	0	0.0000
gene_MP007999	0.36997	0.99736	160	0	0.0000
gene_MP008008	0.32989	0.81555	59	16	27.1186
gene_MP008009	0.34355	0.95694	1098	0	0.0000
gene_MP008013	0.36855	1.12894	282	4	1.4184
gene_MP008019	0.35460	0.95180	193	0	0.0000
gene_MP008040	0.36132	1.09348	285	0	0.0000
gene_MP008043	0.36997	0.99736	60	0	0.0000
gene_MP008059	0.34691	1.03174	2591	0	0.0000
gene_MP008191	0.36691	1.06128	634	1	0.1577
gene_MP008204	0.35518	0.53531	27	0	0.0000
gene_MP008391	0.61243	0.95837	152	0	0.0000
gene_MP008479	0.51965	1.11974	211	0	0.0000
gene_MP008776	0.65409	1.01177	94	0	0.0000
gene_MP008779	0.65354	1.01076	32	0	0.0000
gene_MP009060	0.47731	1.05709	71	0	0.0000
gene_MP009104	0.51924	0.89733	93	0	0.0000
gene_MP009247	0.56571	0.96457	35	0	0.0000
gene_MP009278	0.56601	0.96664	361	1	0.2770
gene_MP009330	0.34834	0.97501	37	0	0.0000
gene_MP009751	0.36186	0.79408	194	19	9.7938
gene_MP009770	0.38521	1.14392	183	0	0.0000
gene_MP009782	0.33922	0.40587	37	16	43.2432
gene_MP009787	0.41126	1.21498	164	0	0.0000
gene_MP009788	0.36492	0.47254	27	11	40.7407
gene_MP009810	0.36693	1.17360	41	0	0.0000
gene_MP009816	0.36586	1.20975	211	0	0.0000
gene_MP009842	0.34512	1.00854	460	0	0.0000
gene_MP009855	0.33211	0.94333	283	0	0.0000
gene_MP009966	0.34700	0.86934	171	5	2.9240
gene_MP009969	0.36801	1.21304	73	0	0.0000
gene_MP010307	0.36559	1.01752	298	0	0.0000
gene_MP010340	0.42782	1.19223	490	0	0.0000
gene_MP010345	0.35742	0.84602	201	18	8.9552
gene_MP010348	0.42412	1.03425	206	0	0.0000
gene_MP010361	0.35810	1.01047	1576	0	0.0000
gene_MP010363	0.35860	0.98864	147	2	1.3605
gene_MP010371	0.42092	1.15727	39	0	0.0000
gene_MP010500	0.36818	0.79885	70	3	4.2857
gene_MP010520	0.35810	1.01047	77	0	0.0000
gene_MP010524	0.42597	0.96606	238	0	0.0000
gene_MP010531	0.36090	1.11902	140	0	0.0000
gene_MP010617	0.65451	1.02781	200	0	0.0000
gene_MP010618	0.65418	1.02876	95	0	0.0000
gene_MP010636	0.40882	0.99952	494	3	0.6073
gene_MP010666	0.43856	1.31003	86	0	0.0000
gene_MP010680	0.34557	1.03469	349	0	0.0000
gene_MP010716	0.36419	1.07483	180	0	0.0000
gene_MP011152	0.65557	1.01197	55	0	0.0000
gene_MP011167	0.65475	1.00918	243	1	0.4115
gene_MP011638	0.54811	0.82397	36	0	0.0000
gene_MP011787	0.33258	0.82258	97	0	0.0000
gene_MP011789	0.37286	0.82539	23	0	0.0000
gene_MP011800	0.35798	0.94191	103	0	0.0000
gene_MP011809	0.34560	0.91828	51	15	29.4118
gene_MP011833	0.39422	0.74381	25	0	0.0000
gene_MP011845	0.32686	0.76619	23	6	26.0870
gene_MP011869	0.43683	0.97074	107	0	0.0000
gene_MP011888	0.38849	0.91025	70	2	2.8571
gene_MP012042	0.42095	0.94847	201	2	0.9950
gene_MP012082	0.33672	0.89156	192	0	0.0000
gene_MP012083	0.36136	0.84976	153	0	0.0000
gene_MP012174	0.34310	0.77507	55	4	7.2727
gene_MP012657	0.37787	0.62643	20	0	0.0000
gene_MP012708	0.35834	1.00921	35	0	0.0000
gene_MP012771	0.40447	0.87048	65	0	0.0000
gene_MP012779	0.35391	0.70730	39	6	15.3846
gene_MP012793	0.36101	0.90735	264	0	0.0000
gene_MP012797	0.33443	1.02910	746	0	0.0000
gene_MP012802	0.35090	0.68073	95	0	0.0000
gene_MP012804	0.39014	1.01458	187	0	0.0000
gene_MP012816	0.36037	0.66879	24	4	16.6667
gene_MP012823	0.34852	0.96811	298	0	0.0000
gene_MP013143	0.37097	0.86640	78	0	0.0000
gene_MP013175	0.38503	1.26080	45	0	0.0000
gene_MP013190	0.39626	0.88360	174	21	12.0690
gene_MP013195	0.37127	0.77125	144	43	29.8611
gene_MP013281	0.35941	0.78701	37	15	40.5405
gene_MP013525	0.46520	0.90119	86	0	0.0000
gene_MP013527	0.35026	0.86231	45	0	0.0000
gene_MP013543	0.37538	0.86916	89	0	0.0000
gene_MP013828	0.39367	0.68696	21	10	47.6190
gene_MP013829	0.35675	0.93019	315	0	0.0000
gene_MP014056	0.40642	0.97246	147	0	0.0000
gene_MP014079	0.50000	1.11197	50	0	0.0000
gene_MP014090	0.35036	0.54019	34	9	26.4706
gene_MP014161	0.35026	1.11010	240	1	0.4167
gene_MP014173	0.39420	0.80395	42	7	16.6667
gene_MP014217	0.36197	0.76240	99	6	6.0606
gene_MP014292	0.44550	0.83950	70	0	0.0000
gene_MP014577	0.38967	0.96694	95	0	0.0000
gene_MP014584	0.37989	0.95793	21	0	0.0000
gene_MP014587	0.34958	0.55663	30	11	36.6667
gene_MP014603	0.38313	0.88294	40	0	0.0000
gene_MP014604	0.37041	1.02242	384	0	0.0000
gene_MP014676	0.34565	0.93620	535	5	0.9346
gene_MP014692	0.41883	0.91408	264	2	0.7576
gene_MP014995	0.36016	0.88029	484	0	0.0000
gene_MP015007	0.40229	1.05562	73	0	0.0000
gene_MP015017	0.38386	0.72320	51	0	0.0000
gene_MP015113	0.34386	0.98911	385	0	0.0000
gene_MP015141	0.32850	0.97528	222	0	0.0000
gene_MP015142	0.34590	0.91528	345	0	0.0000
gene_MP015159	0.35272	0.61666	77	4	5.1948
gene_MP015166	0.39192	0.99461	249	0	0.0000
gene_MP015220	0.46875	1.27265	20	0	0.0000
gene_MP015224	0.34083	1.00413	1118	0	0.0000
gene_MP015446	0.41456	0.78194	90	8	8.8889
gene_MP015467	0.35306	0.72644	30	0	0.0000
gene_MP015594	0.36835	0.99174	176	0	0.0000
gene_MP015599	0.43637	1.29696	81	0	0.0000
gene_MP015601	0.36131	0.98737	274	3	1.0949
gene_MP015902	0.43229	0.82139	29	0	0.0000
gene_MP015918	0.43099	0.74153	26	0	0.0000
gene_MP015925	0.41447	0.99620	148	0	0.0000
gene_MP015930	0.40960	0.96142	83	0	0.0000
gene_MP015937	0.41510	1.19625	170	0	0.0000
gene_MP015938	0.38927	0.91185	25	0	0.0000
gene_MP015942	0.38967	0.97924	80	0	0.0000
gene_MP015948	0.35070	0.70576	45	0	0.0000
gene_MP015952	0.39362	1.04481	278	0	0.0000
gene_MP015970	0.40808	0.86659	131	7	5.3435
gene_MP015971	0.35844	1.02734	72	0	0.0000
gene_MP015977	0.39260	1.21970	296	0	0.0000
gene_MP016530	0.50068	0.63184	29	10	34.4828
gene_MP016681	0.37296	0.70698	36	0	0.0000
gene_MP016705	0.41865	1.30503	98	0	0.0000
gene_MP016820	0.39086	1.10342	82	0	0.0000
gene_MP016852	0.51935	0.84572	56	14	25.0000
gene_MP016862	0.33134	0.73507	27	0	0.0000
gene_MP016863	0.39593	1.27789	392	0	0.0000
gene_MP016872	0.41545	0.99702	408	0	0.0000
gene_MP016990	0.42207	1.10694	138	0	0.0000
gene_MP017013	0.38601	0.86008	104	0	0.0000
gene_MP017018	0.37900	0.95166	207	0	0.0000
gene_MP017423	0.37985	0.91766	92	0	0.0000
gene_MP017463	0.34993	0.85795	59	8	13.5593
gene_MP017472	0.39274	1.12861	29	0	0.0000
gene_MP017485	0.35297	0.86663	206	0	0.0000
gene_MP017563	0.33920	0.91293	1315	0	0.0000
gene_MP017568	0.33920	0.91293	74	0	0.0000
gene_MP017572	0.38807	0.92550	33	0	0.0000
gene_MP017663	0.67785	1.00374	51	0	0.0000
gene_MP017666	0.67785	1.00374	51	0	0.0000
gene_MP017668	0.67785	1.00374	51	0	0.0000
gene_MP017724	0.36678	0.97498	304	4	1.3158
gene_MP017742	0.47460	1.09183	73	0	0.0000
gene_MP017752	0.36901	0.91633	108	4	3.7037
gene_MP017758	0.34243	0.99779	259	0	0.0000
gene_MP017782	0.33504	0.98045	852	0	0.0000
gene_MP017808	0.36420	0.71044	20	0	0.0000
gene_MP017820	0.41980	1.12092	97	0	0.0000
gene_MP017860	0.38316	1.00170	286	6	2.0979
gene_MP018300	0.44735	0.97260	63	1	1.5873
gene_MP018384	0.33681	1.00799	468	0	0.0000
gene_MP018387	0.35373	0.98271	222	0	0.0000
gene_MP018452	0.36841	0.76917	49	0	0.0000
gene_MP018461	0.38386	0.93884	94	0	0.0000
gene_MP018573	0.36415	0.94653	118	0	0.0000
gene_MP018637	0.37760	1.12167	279	0	0.0000
gene_MP018649	0.37277	0.89523	22	0	0.0000
gene_MP018656	0.35286	0.89878	136	0	0.0000
gene_MP018757	0.42166	0.66566	48	0	0.0000
gene_MP019204	0.45882	1.22484	131	0	0.0000
gene_MP019334	0.34899	0.78170	192	0	0.0000
gene_MP019364	0.42436	0.62541	43	0	0.0000
gene_MP019712	0.42876	0.83607	23	0	0.0000
gene_MP019851	0.36869	1.05230	90	0	0.0000
gene_MP019885	0.34024	0.79839	50	9	18.0000
gene_MP019951	0.39123	1.00162	66	0	0.0000
gene_MP019953	0.36056	0.87527	25	0	0.0000
gene_MP019960	0.40538	0.95145	205	0	0.0000
gene_MP019963	0.37519	1.01588	236	4	1.6949
gene_MP020009	0.40217	0.64227	74	5	6.7568
gene_MP020060	0.40632	1.07355	1672	0	0.0000
gene_MP020062	0.34623	0.97916	565	0	0.0000
gene_MP020070	0.34324	0.66716	74	6	8.1081
gene_MP020103	0.37213	0.81719	72	2	2.7778
gene_MP020110	0.36095	0.90922	571	0	0.0000
gene_MP020141	0.34993	0.91301	552	0	0.0000
gene_MP020378	0.51537	0.92951	26	0	0.0000
gene_MP020506	0.35834	1.00921	724	0	0.0000
gene_MP020535	0.35834	1.00921	24	7	29.1667
gene_MP020675	0.35834	1.00921	287	2	0.6969
gene_MP021039	0.49467	0.74846	30	0	0.0000
gene_MP021054	0.49315	0.77903	31	0	0.0000
gene_MP021461	0.65986	0.98636	31	0	0.0000
gene_MP021489	0.35353	1.12304	76	0	0.0000
gene_MP022049	0.34055	0.74686	33	0	0.0000
gene_MP022322	0.65432	0.99615	145	0	0.0000
gene_MP022325	0.65326	0.99710	140	0	0.0000
gene_MP022328	0.65350	0.99586	144	0	0.0000
gene_MP022387	0.33815	0.84691	181	0	0.0000
gene_MP022397	0.41215	0.96754	95	3	3.1579
gene_MP022398	0.42229	1.19068	426	7	1.6432
gene_MP022417	0.34811	0.63276	26	12	46.1538
gene_MP022428	0.46652	1.06871	28	0	0.0000
gene_MP022442	0.42229	1.19068	675	0	0.0000
gene_MP022457	0.52315	0.99822	59	0	0.0000
gene_MP022567	0.39684	0.91303	67	0	0.0000
gene_MP022585	0.37512	1.19567	705	1	0.1418
gene_MP022760	0.33815	0.84691	103	0	0.0000
gene_MP022795	0.35731	0.95771	395	0	0.0000
gene_MP022916	0.64770	0.98524	88	0	0.0000
gene_MP023064	0.40402	1.20598	59	0	0.0000
gene_MP023086	0.51620	0.89558	57	0	0.0000
gene_MP023105	0.54739	1.17788	331	6	1.8127
gene_MP023125	0.40621	1.03452	148	0	0.0000
gene_MP023338	0.42160	1.13990	144	0	0.0000
gene_MP023382	0.68485	1.04364	40	0	0.0000
gene_MP023473	0.33839	1.00423	171	0	0.0000
gene_MP023536	0.34209	1.02764	127	0	0.0000
gene_MP023926	0.49845	0.87632	86	0	0.0000
gene_MP024323	0.64788	1.00541	95	0	0.0000
gene_MP024333	0.64756	1.00650	35	0	0.0000
gene_MP024347	0.64725	1.00741	21	0	0.0000
gene_MP000230	0.34318	0.92420	144	0	0.0000
gene_MP000238	0.36488	0.87230	22	0	0.0000
gene_MP000361	0.36780	1.05572	311	2	0.6431
gene_MP000399	0.46928	0.86603	63	0	0.0000
gene_MP000413	0.39270	0.76957	125	11	8.8000
gene_MP000468	0.40387	1.21738	677	10	1.4771
gene_MP000565	0.36510	0.92206	576	0	0.0000
gene_MP000584	0.33268	0.95091	116	0	0.0000
gene_MP000739	0.40074	0.59790	45	0	0.0000
gene_MP000756	0.39039	1.04357	378	18	4.7619
gene_MP000757	0.34834	0.96215	4315	0	0.0000
gene_MP000962	0.46984	1.18951	688	16	2.3256
gene_MP000964	0.36764	1.07610	24	0	0.0000
gene_MP001322	0.38336	1.09773	576	3	0.5208
gene_MP001348	0.41959	0.83257	232	0	0.0000
gene_MP001365	0.39254	0.95709	209	0	0.0000
gene_MP001375	0.36694	1.01833	411	18	4.3796
gene_MP001534	0.40960	0.75783	37	0	0.0000
gene_MP001535	0.38580	0.96407	970	7	0.7216
gene_MP001590	0.37010	1.08695	179	0	0.0000
gene_MP001641	0.37242	0.78564	147	21	14.2857
gene_MP001654	0.35411	0.88441	176	0	0.0000
gene_MP001667	0.51004	0.63305	41	17	41.4634
gene_MP001768	0.39155	0.93750	52	0	0.0000
gene_MP001839	0.35692	0.93135	299	13	4.3478
gene_MP001861	0.35655	0.84557	20	0	0.0000
gene_MP001864	0.35930	0.90220	221	9	4.0724
gene_MP002077	0.38764	0.99091	249	0	0.0000
gene_MP002079	0.45213	1.14399	197	10	5.0761
gene_MP002117	0.37140	0.51116	51	25	49.0196
gene_MP002174	0.35334	1.09375	310	0	0.0000
gene_MP002183	0.41467	0.97716	52	0	0.0000
gene_MP002252	0.36126	0.99338	89	0	0.0000
gene_MP002278	0.36139	0.75163	46	1	2.1739
gene_MP002332	0.35371	0.62457	64	6	9.3750
gene_MP002336	0.45221	0.74404	31	0	0.0000
gene_MP002355	0.41516	0.94810	185	0	0.0000
gene_MP002361	0.36261	0.75354	52	7	13.4615
gene_MP002373	0.36358	0.94341	31	0	0.0000
gene_MP002376	0.40851	0.95820	266	0	0.0000
gene_MP002389	0.38358	0.44114	45	20	44.4444
gene_MP002453	0.33323	0.87302	380	0	0.0000
gene_MP002515	0.36503	0.99033	1019	0	0.0000
gene_MP002539	0.36942	0.50071	47	12	25.5319
gene_MP002551	0.37465	0.99486	326	0	0.0000
gene_MP002597	0.35386	0.54225	25	7	28.0000
gene_MP002762	0.36187	0.81688	281	0	0.0000
gene_MP002775	0.34484	0.86530	58	0	0.0000
gene_MP003135	0.37488	0.78470	89	0	0.0000
gene_MP003152	0.38498	1.00558	102	2	1.9608
gene_MP003248	0.36242	0.92670	192	0	0.0000
gene_MP003387	0.37597	0.76288	25	14	56.0000
gene_MP003389	0.39063	1.06226	106	1	0.9434
gene_MP003429	0.37906	0.84033	66	0	0.0000
gene_MP003435	0.36342	0.84893	75	2	2.6667
gene_MP003520	0.33584	0.37709	24	2	8.3333
gene_MP003522	0.43979	0.73253	27	0	0.0000
gene_MP003555	0.38867	1.01834	220	4	1.8182
gene_MP003629	0.39762	0.54618	41	12	29.2683
gene_MP003665	0.33319	0.78998	101	6	5.9406
gene_MP003747	0.37695	0.63700	93	20	21.5054
gene_MP003797	0.35479	0.62944	67	21	31.3433
gene_MP003891	0.35956	0.82015	377	7	1.8568
gene_MP003943	0.40935	0.71453	121	13	10.7438
gene_MP003946	0.36907	0.81230	62	11	17.7419
gene_MP004031	0.37978	0.95897	539	0	0.0000
gene_MP004049	0.38392	0.82900	178	6	3.3708
gene_MP004111	0.34987	0.80604	41	0	0.0000
gene_MP004115	0.37312	1.13329	1456	0	0.0000
gene_MP004166	0.40656	0.98707	36	0	0.0000
gene_MP004169	0.36432	0.87754	193	19	9.8446
gene_MP004301	0.36158	0.88761	600	0	0.0000
gene_MP004304	0.38346	0.96323	206	15	7.2816
gene_MP004307	0.35631	1.08662	1371	0	0.0000
gene_MP004338	0.46136	0.94383	183	0	0.0000
gene_MP004387	0.40262	0.80917	100	17	17.0000
gene_MP004388	0.38362	1.01860	272	0	0.0000
gene_MP004542	0.37194	0.87394	284	6	2.1127
gene_MP004608	0.37085	1.17018	220	0	0.0000
gene_MP004621	0.36105	1.05782	124	0	0.0000
gene_MP004634	0.40718	0.77762	44	0	0.0000
gene_MP004752	0.36710	0.94916	1275	0	0.0000
gene_MP004762	0.36787	0.86903	41	0	0.0000
gene_MP004767	0.39246	1.03341	2468	1	0.0405
gene_MP004776	0.34214	1.03957	410	0	0.0000
gene_MP004785	0.35473	0.88252	114	3	2.6316
gene_MP004801	0.42842	1.28741	641	5	0.7800
gene_MP005272	0.40496	1.13569	452	0	0.0000
gene_MP005295	0.37269	1.11013	790	0	0.0000
gene_MP005367	0.32924	1.00418	799	0	0.0000
gene_MP005415	0.34913	0.90765	84	0	0.0000
gene_MP005429	0.52401	1.22097	222	0	0.0000
gene_MP005461	0.40524	0.82892	256	0	0.0000
gene_MP005462	0.38207	0.91540	214	6	2.8037
gene_MP005491	0.42031	0.82441	174	0	0.0000
gene_MP005550	0.33526	0.61810	22	0	0.0000
gene_MP005789	0.43197	0.99948	252	0	0.0000
gene_MP005791	0.35584	1.01153	3372	0	0.0000
gene_MP005829	0.34847	0.83405	178	17	9.5506
gene_MP005846	0.52401	1.22097	136	0	0.0000
gene_MP005864	0.32602	0.96062	209	0	0.0000
gene_MP005876	0.34268	0.89833	628	0	0.0000
gene_MP006005	0.38371	0.85209	100	0	0.0000
gene_MP006170	0.53510	1.19916	41	0	0.0000
gene_MP006612	0.38415	0.92738	434	0	0.0000
gene_MP006698	0.38050	1.04728	248	0	0.0000
gene_MP006741	0.42237	0.90146	60	0	0.0000
gene_MP006742	0.37521	1.09354	82	0	0.0000
gene_MP006826	0.38110	1.05834	159	0	0.0000
gene_MP006828	0.39890	0.90376	282	10	3.5461
gene_MP006924	0.39379	0.81640	104	0	0.0000
gene_MP007215	0.65497	1.01277	54	0	0.0000
gene_MP007216	0.65497	1.01277	54	0	0.0000
gene_MP007217	0.65552	1.01080	95	0	0.0000
gene_MP007234	0.65497	1.01005	124	1	0.8065
gene_MP007505	0.65331	1.00654	528	3	0.5682
gene_MP007613	0.52971	1.27634	58	0	0.0000
gene_MP007616	0.36135	0.94101	25	0	0.0000
gene_MP007632	0.37511	0.87498	227	7	3.0837
gene_MP007674	0.39286	0.78011	141	0	0.0000
gene_MP007695	0.65446	1.00937	186	1	0.5376
gene_MP007708	0.36129	1.05830	2081	0	0.0000
gene_MP007714	0.37619	0.95938	485	0	0.0000
gene_MP007715	0.35355	1.07687	894	0	0.0000
gene_MP007736	0.33867	0.90046	473	0	0.0000
gene_MP007739	0.36444	1.01276	419	25	5.9666
gene_MP007740	0.34886	0.92670	279	1	0.3584
gene_MP007748	0.38696	0.94753	112	0	0.0000
gene_MP007757	0.36264	1.11626	526	0	0.0000
gene_MP007804	0.38251	0.99938	182	0	0.0000
gene_MP007805	0.43577	1.18283	534	0	0.0000
gene_MP007819	0.54106	1.29561	306	0	0.0000
gene_MP007840	0.36617	0.96662	133	0	0.0000
gene_MP007856	0.39889	0.88781	206	0	0.0000
gene_MP007870	0.45975	1.21371	1082	0	0.0000
gene_MP007880	0.35976	1.14470	2072	0	0.0000
gene_MP007881	0.38942	0.77968	69	1	1.4493
gene_MP007882	0.34409	0.85322	44	0	0.0000
gene_MP007898	0.43225	1.01659	22	0	0.0000
gene_MP007924	0.36131	1.06385	253	0	0.0000
gene_MP007963	0.42251	1.21221	475	0	0.0000
gene_MP008063	0.44503	1.22935	3546	0	0.0000
gene_MP008088	0.46708	1.20712	36	0	0.0000
gene_MP008104	0.40073	1.14157	109	16	14.6789
gene_MP008392	0.54926	1.04302	302	0	0.0000
gene_MP008789	0.65346	0.99809	21	0	0.0000
gene_MP009459	0.59058	1.02424	50	0	0.0000
gene_MP009689	0.38458	0.91789	331	0	0.0000
gene_MP009698	0.37521	1.09354	129	0	0.0000
gene_MP009702	0.36599	0.79489	306	9	2.9412
gene_MP009706	0.46235	1.13434	387	0	0.0000
gene_MP009715	0.38118	0.92447	599	0	0.0000
gene_MP009719	0.36194	0.90946	228	11	4.8246
gene_MP009744	0.38946	0.61356	125	1	0.8000
gene_MP009748	0.36442	1.19927	1773	0	0.0000
gene_MP009830	0.38458	0.91789	458	0	0.0000
gene_MP009866	0.40205	0.88472	1514	12	0.7926
gene_MP009988	0.40813	1.41622	957	1	0.1045
gene_MP010203	0.35325	0.93449	156	0	0.0000
gene_MP010250	0.34493	0.71330	100	3	3.0000
gene_MP010408	0.39794	0.98994	39	1	2.5641
gene_MP010420	0.34440	0.97454	2597	0	0.0000
gene_MP010442	0.37564	0.98846	166	0	0.0000
gene_MP010477	0.52401	1.22097	53	0	0.0000
gene_MP010499	0.40143	0.99325	814	0	0.0000
gene_MP010502	0.36257	0.85134	95	0	0.0000
gene_MP010516	0.39887	0.86869	274	0	0.0000
gene_MP010598	0.36410	1.10051	282	0	0.0000
gene_MP010604	0.36640	1.08533	61	0	0.0000
gene_MP010612	0.65451	1.03103	42	1	2.3810
gene_MP010613	0.65451	1.03103	132	0	0.0000
gene_MP010641	0.39728	0.76369	101	10	9.9010
gene_MP011157	0.65530	1.01018	57	0	0.0000
gene_MP011162	0.65530	1.00993	57	0	0.0000
gene_MP011592	0.32941	0.95250	353	0	0.0000
gene_MP011679	0.36502	1.14604	112	0	0.0000
gene_MP011767	0.35445	1.00492	686	5	0.7289
gene_MP011810	0.55477	1.16368	76	0	0.0000
gene_MP011811	0.35390	1.04156	461	0	0.0000
gene_MP011822	0.39798	0.80482	167	17	10.1796
gene_MP011940	0.57421	1.18523	39	0	0.0000
gene_MP011979	0.34313	0.78829	28	0	0.0000
gene_MP011986	0.39583	0.86621	26	0	0.0000
gene_MP011994	0.34789	0.48249	21	5	23.8095
gene_MP012028	0.42714	0.86491	59	0	0.0000
gene_MP012176	0.35018	0.92048	104	0	0.0000
gene_MP012182	0.35565	0.96696	634	1	0.1577
gene_MP012210	0.46898	1.05300	70	0	0.0000
gene_MP012313	0.37407	0.75380	171	15	8.7719
gene_MP012366	0.34372	0.89457	75	13	17.3333
gene_MP012376	0.36115	0.88448	126	0	0.0000
gene_MP012380	0.34159	1.00051	409	0	0.0000
gene_MP012545	0.37757	0.84421	305	2	0.6557
gene_MP012564	0.35912	0.82636	78	0	0.0000
gene_MP012594	0.46124	0.76123	31	0	0.0000
gene_MP012621	0.36938	1.08895	242	0	0.0000
gene_MP012694	0.34707	0.95843	373	0	0.0000
gene_MP012696	0.41766	1.02870	261	0	0.0000
gene_MP012705	0.52350	1.31816	73	0	0.0000
gene_MP012721	0.45309	0.93807	20	1	5.0000
gene_MP012743	0.35622	1.00062	39	0	0.0000
gene_MP012929	0.42103	1.35040	90	0	0.0000
gene_MP012934	0.34923	1.06346	623	0	0.0000
gene_MP012960	0.37940	0.78933	123	1	0.8130
gene_MP012963	0.39001	0.82172	46	0	0.0000
gene_MP012965	0.34872	0.93706	112	11	9.8214
gene_MP012968	0.34347	1.01192	354	0	0.0000
gene_MP013014	0.37626	0.50193	52	8	15.3846
gene_MP013021	0.33954	1.09538	99	0	0.0000
gene_MP013029	0.35605	0.83207	119	0	0.0000
gene_MP013098	0.39343	1.15757	537	0	0.0000
gene_MP013122	0.35497	0.87916	241	8	3.3195
gene_MP013199	0.40818	1.15746	631	0	0.0000
gene_MP013376	0.45959	0.93954	159	0	0.0000
gene_MP013386	0.43518	0.84966	40	0	0.0000
gene_MP013387	0.40512	0.79951	160	21	13.1250
gene_MP013394	0.38485	0.98797	146	2	1.3699
gene_MP013403	0.37988	0.90086	466	1	0.2146
gene_MP013492	0.35127	0.83858	137	25	18.2482
gene_MP013632	0.38670	0.79954	154	13	8.4416
gene_MP013712	0.37179	1.05051	627	0	0.0000
gene_MP013719	0.39174	0.83364	54	0	0.0000
gene_MP013723	0.37621	0.95239	26	0	0.0000
gene_MP013834	0.37531	1.21230	275	0	0.0000
gene_MP013843	0.36204	0.81811	90	5	5.5556
gene_MP013881	0.37586	0.75573	70	13	18.5714
gene_MP013929	0.48026	0.85896	30	0	0.0000
gene_MP014026	0.38496	0.66651	22	5	22.7273
gene_MP014109	0.37080	1.04329	28	0	0.0000
gene_MP014114	0.34914	0.86496	20	0	0.0000
gene_MP014126	0.39921	0.65111	70	0	0.0000
gene_MP014132	0.50323	1.13720	119	0	0.0000
gene_MP014304	0.40011	1.14743	127	7	5.5118
gene_MP014319	0.36534	0.97260	347	0	0.0000
gene_MP014355	0.36339	1.00546	288	0	0.0000
gene_MP014376	0.37704	0.85766	104	0	0.0000
gene_MP014381	0.33260	0.83655	180	0	0.0000
gene_MP014501	0.37172	0.78579	84	3	3.5714
gene_MP014533	0.37071	0.66865	82	5	6.0976
gene_MP014666	0.37538	0.77423	114	18	15.7895
gene_MP014699	0.36158	0.77892	78	17	21.7949
gene_MP014708	0.38074	1.09936	314	0	0.0000
gene_MP014805	0.36996	0.66350	41	9	21.9512
gene_MP014808	0.34210	0.78747	76	0	0.0000
gene_MP014904	0.37032	0.89441	164	1	0.6098
gene_MP014996	0.34250	0.51698	27	6	22.2222
gene_MP015071	0.32442	0.66794	30	6	20.0000
gene_MP015073	0.35247	0.95114	114	0	0.0000
gene_MP015140	0.36628	0.90843	425	0	0.0000
gene_MP015230	0.35627	0.82259	232	0	0.0000
gene_MP015248	0.41746	0.95790	102	0	0.0000
gene_MP015310	0.36907	1.24176	1479	1	0.0676
gene_MP015413	0.41512	1.11475	266	0	0.0000
gene_MP015528	0.32759	1.08808	140	0	0.0000
gene_MP015547	0.41601	1.00868	82	0	0.0000
gene_MP015558	0.34369	0.99347	64	0	0.0000
gene_MP015628	0.33069	0.68127	61	3	4.9180
gene_MP015705	0.35832	1.03970	56	0	0.0000
gene_MP015797	0.37228	0.58570	27	1	3.7037
gene_MP015841	0.35443	0.97647	92	0	0.0000
gene_MP015864	0.39402	1.04335	527	0	0.0000
gene_MP015887	0.41932	1.12498	145	0	0.0000
gene_MP016062	0.35900	1.02950	150	0	0.0000
gene_MP016089	0.35900	1.02950	20	0	0.0000
gene_MP016094	0.35729	0.79948	99	0	0.0000
gene_MP016516	0.50585	0.66312	29	0	0.0000
gene_MP016529	0.50068	0.63184	29	0	0.0000
gene_MP016534	0.42616	0.93306	21	0	0.0000
gene_MP016635	0.36077	0.90697	230	5	2.1739
gene_MP016683	0.35401	1.05852	269	0	0.0000
gene_MP016692	0.39530	0.98747	117	0	0.0000
gene_MP016769	0.39572	1.10002	37	0	0.0000
gene_MP016774	0.34153	0.95297	1017	0	0.0000
gene_MP016803	0.39087	0.93628	318	0	0.0000
gene_MP016830	0.37053	0.63391	31	10	32.2581
gene_MP016967	0.40000	0.64570	39	4	10.2564
gene_MP016984	0.38293	0.93744	406	0	0.0000
gene_MP017112	0.37063	0.99100	540	0	0.0000
gene_MP017156	0.36627	1.11937	448	0	0.0000
gene_MP017523	0.38531	0.80779	109	12	11.0092
gene_MP017604	0.35256	1.00609	162	0	0.0000
gene_MP017653	0.39227	1.07267	691	0	0.0000
gene_MP017819	0.41980	1.12092	97	0	0.0000
gene_MP017891	0.38112	0.79453	64	11	17.1875
gene_MP017901	0.37260	1.03939	148	1	0.6757
gene_MP017905	0.34658	0.83085	85	0	0.0000
gene_MP017914	0.38739	0.95578	51	0	0.0000
gene_MP018053	0.36452	1.09208	1062	25	2.3540
gene_MP018281	0.48353	0.99154	20	0	0.0000
gene_MP018439	0.38665	0.86845	107	0	0.0000
gene_MP018442	0.34232	0.98496	213	0	0.0000
gene_MP018588	0.43460	1.03094	103	0	0.0000
gene_MP018730	0.36750	1.03914	126	0	0.0000
gene_MP018966	0.38603	0.50993	33	0	0.0000
gene_MP019659	0.49178	0.84232	68	0	0.0000
gene_MP019753	0.40952	0.63714	23	0	0.0000
gene_MP019755	0.50101	0.91060	113	0	0.0000
gene_MP019758	0.42226	1.05148	541	0	0.0000
gene_MP019765	0.43124	1.09982	27	0	0.0000
gene_MP019766	0.38564	0.85294	94	0	0.0000
gene_MP019791	0.41132	1.06132	242	15	6.1983
gene_MP019822	0.37665	0.83901	49	3	6.1224
gene_MP019842	0.43904	1.11745	30	0	0.0000
gene_MP019874	0.36465	0.98562	215	1	0.4651
gene_MP019878	0.36056	1.10747	1584	0	0.0000
gene_MP019882	0.40420	0.84719	130	0	0.0000
gene_MP019884	0.35801	1.14077	32	0	0.0000
gene_MP019954	0.35884	0.87045	119	0	0.0000
gene_MP019959	0.38396	0.36809	23	3	13.0435
gene_MP019965	0.33842	0.45891	32	2	6.2500
gene_MP019969	0.35124	1.07329	41	0	0.0000
gene_MP019990	0.38394	0.94232	83	0	0.0000
gene_MP019997	0.42943	1.12669	1273	0	0.0000
gene_MP020007	0.43904	1.11745	127	0	0.0000
gene_MP020013	0.37699	1.10036	28	0	0.0000
gene_MP020053	0.35411	0.95815	133	0	0.0000
gene_MP020056	0.40199	1.02111	579	0	0.0000
gene_MP020063	0.36387	0.88939	120	0	0.0000
gene_MP020082	0.42321	1.06592	286	9	3.1469
gene_MP020167	0.35344	1.08816	48	0	0.0000
gene_MP020499	0.36308	0.88657	83	0	0.0000
gene_MP021094	0.42043	1.04686	75	0	0.0000
gene_MP022248	0.37336	0.57142	64	0	0.0000
gene_MP022277	0.35937	1.03799	2124	0	0.0000
gene_MP022302	0.37015	1.03232	49	0	0.0000
gene_MP022303	0.40121	1.06214	162	0	0.0000
gene_MP022308	0.44790	0.82032	229	9	3.9301
gene_MP022335	0.65350	0.99328	329	1	0.3040
gene_MP022342	0.57143	1.03508	117	0	0.0000
gene_MP022343	0.65350	0.99586	199	0	0.0000
gene_MP022347	0.65323	0.99404	143	0	0.0000
gene_MP022348	0.47824	1.12939	146	6	4.1096
gene_MP022358	0.37058	1.13372	223	0	0.0000
gene_MP022372	0.34065	1.05230	435	0	0.0000
gene_MP022462	0.52546	1.00635	60	0	0.0000
gene_MP022631	0.43124	1.09982	158	0	0.0000
gene_MP022648	0.65689	0.99237	97	0	0.0000
gene_MP022675	0.33056	1.03264	242	0	0.0000
gene_MP022686	0.34070	1.05695	535	0	0.0000
gene_MP022715	0.40738	0.94976	494	23	4.6559
gene_MP022906	0.64814	0.98798	56	0	0.0000
gene_MP022915	0.64683	0.98819	35	0	0.0000
gene_MP022961	0.42049	0.97425	28	0	0.0000
gene_MP022986	0.40885	0.64572	33	0	0.0000
gene_MP023038	0.36678	0.78032	47	0	0.0000
gene_MP023136	0.37352	0.97312	362	0	0.0000
gene_MP023142	0.41340	0.94687	288	2	0.6944
gene_MP023179	0.42418	0.88276	117	0	0.0000
gene_MP023226	0.36744	1.04623	66	0	0.0000
gene_MP023242	0.34987	0.82573	22	4	18.1818
gene_MP023287	0.56872	1.26881	306	0	0.0000
gene_MP023330	0.39326	0.73540	57	11	19.2982
gene_MP023557	0.51345	0.89118	50	0	0.0000
gene_MP023924	0.50031	0.93941	93	0	0.0000
gene_MP023925	0.50031	0.93941	50	0	0.0000
gene_MP024321	0.64756	1.00973	295	0	0.0000
gene_MP024322	0.64756	1.00973	240	0	0.0000
gene_MP024332	0.64820	1.00739	33	0	0.0000
gene_MP000069	0.55587	0.99000	211	8	3.7915
gene_MP000281	0.35861	0.83231	262	0	0.0000
gene_MP000284	0.39034	1.17027	132	0	0.0000
gene_MP000320	0.39018	0.86778	241	24	9.9585
gene_MP000357	0.36120	0.51487	52	6	11.5385
gene_MP000515	0.38049	1.15322	576	1	0.1736
gene_MP000518	0.40083	1.17114	25	0	0.0000
gene_MP000680	0.38746	0.92047	629	0	0.0000
gene_MP000798	0.42518	1.03407	451	0	0.0000
gene_MP000859	0.40945	1.14855	587	5	0.8518
gene_MP000873	0.38094	1.06216	58	0	0.0000
gene_MP000914	0.35303	0.94535	1591	0	0.0000
gene_MP001174	0.36293	1.00470	413	0	0.0000
gene_MP001288	0.35952	0.99417	516	0	0.0000
gene_MP001518	0.35875	1.00861	122	0	0.0000
gene_MP001732	0.39534	1.05553	487	0	0.0000
gene_MP001781	0.35306	1.22845	314	0	0.0000
gene_MP001790	0.38873	0.81816	43	0	0.0000
gene_MP001796	0.35587	1.00971	833	0	0.0000
gene_MP001801	0.35801	0.91172	151	0	0.0000
gene_MP001843	0.37317	0.99742	405	0	0.0000
gene_MP001872	0.33287	0.90604	2511	0	0.0000
gene_MP002042	0.34403	0.74553	297	0	0.0000
gene_MP002049	0.54930	0.89977	43	0	0.0000
gene_MP002067	0.39725	1.11402	155	0	0.0000
gene_MP002147	0.39552	0.95082	38	0	0.0000
gene_MP002178	0.43902	0.84421	35	0	0.0000
gene_MP002181	0.37963	0.99916	415	0	0.0000
gene_MP002323	0.37611	1.19820	1877	0	0.0000
gene_MP002479	0.34372	0.65441	98	3	3.0612
gene_MP002501	0.37747	1.04454	492	0	0.0000
gene_MP002504	0.36108	0.84979	196	6	3.0612
gene_MP002505	0.35798	0.88966	95	2	2.1053
gene_MP002509	0.35376	0.61867	22	5	22.7273
gene_MP002535	0.36368	1.00095	105	0	0.0000
gene_MP002650	0.37092	0.71087	89	5	5.6180
gene_MP002832	0.35499	0.88588	41	0	0.0000
gene_MP003036	0.38193	1.13927	29	0	0.0000
gene_MP003037	0.34934	1.13824	124	0	0.0000
gene_MP003060	0.35638	1.00770	178	0	0.0000
gene_MP003099	0.35234	0.94213	162	0	0.0000
gene_MP003217	0.36253	0.96833	197	0	0.0000
gene_MP003243	0.49262	1.12927	153	7	4.5752
gene_MP003319	0.39789	0.88038	74	6	8.1081
gene_MP003418	0.52816	1.30873	164	0	0.0000
gene_MP003424	0.41779	0.80721	211	15	7.1090
gene_MP003509	0.38883	0.92891	128	0	0.0000
gene_MP003592	0.38949	0.95599	40	0	0.0000
gene_MP003640	0.36048	0.71868	35	0	0.0000
gene_MP003695	0.36842	0.84111	21	1	4.7619
gene_MP003776	0.44672	0.99237	217	10	4.6083
gene_MP003871	0.36954	0.78558	87	0	0.0000
gene_MP003957	0.40736	0.61094	22	3	13.6364
gene_MP004018	0.35776	1.03076	393	0	0.0000
gene_MP004100	0.44413	0.50140	26	6	23.0769
gene_MP004182	0.34055	0.63687	26	5	19.2308
gene_MP004408	0.39618	0.63106	53	0	0.0000
gene_MP004533	0.34757	0.96105	175	0	0.0000
gene_MP004547	0.31279	0.71519	22	6	27.2727
gene_MP004601	0.46105	1.17983	96	0	0.0000
gene_MP004612	0.35744	0.86148	177	0	0.0000
gene_MP004829	0.40022	1.31836	141	0	0.0000
gene_MP004835	0.34575	1.01088	573	0	0.0000
gene_MP004843	0.36473	0.93523	78	0	0.0000
gene_MP004844	0.34538	0.59182	62	6	9.6774
gene_MP004873	0.38151	1.06328	65	0	0.0000
gene_MP005113	0.36979	0.89789	133	0	0.0000
gene_MP005427	0.34889	1.16019	28	0	0.0000
gene_MP005811	0.37990	0.91849	39	0	0.0000
gene_MP006015	0.43094	1.04833	467	15	3.2120
gene_MP006056	0.39624	0.92145	192	0	0.0000
gene_MP006093	0.34431	0.71236	91	12	13.1868
gene_MP006107	0.38786	0.97005	181	0	0.0000
gene_MP006243	0.37482	0.94840	596	3	0.5034
gene_MP006432	0.42591	0.74185	377	0	0.0000
gene_MP006563	0.37251	1.01555	702	0	0.0000
gene_MP006585	0.36142	0.99753	759	6	0.7905
gene_MP006674	0.34496	1.11360	27	0	0.0000
gene_MP006675	0.41287	0.86949	99	9	9.0909
gene_MP006896	0.40515	1.10302	283	1	0.3534
gene_MP006963	0.37196	1.02659	47	0	0.0000
gene_MP007150	0.34058	0.98337	272	0	0.0000
gene_MP007177	0.37297	0.66131	81	0	0.0000
gene_MP007189	0.36330	0.92850	107	0	0.0000
gene_MP007206	0.31040	0.81890	26	0	0.0000
gene_MP007209	0.33644	0.62911	31	0	0.0000
gene_MP007238	0.33628	0.56882	49	7	14.2857
gene_MP007250	0.33961	0.56300	41	1	2.4390
gene_MP007258	0.49022	1.23888	620	0	0.0000
gene_MP007267	0.34261	0.65945	112	4	3.5714
gene_MP007287	0.36462	0.96357	58	0	0.0000
gene_MP007291	0.36664	0.87841	282	15	5.3191
gene_MP007299	0.36172	1.02992	445	0	0.0000
gene_MP007313	0.36506	0.82571	23	0	0.0000
gene_MP007325	0.43521	0.94737	160	0	0.0000
gene_MP007447	0.37174	0.95115	354	0	0.0000
gene_MP007470	0.36555	1.07553	41	0	0.0000
gene_MP008264	0.46911	0.91510	456	0	0.0000
gene_MP008497	0.37524	0.86293	77	0	0.0000
gene_MP009086	0.48476	0.86730	570	1	0.1754
gene_MP009348	0.49141	1.10831	331	0	0.0000
gene_MP009403	0.35744	0.86148	224	0	0.0000
gene_MP009410	0.40568	1.11341	796	0	0.0000
gene_MP009421	0.35770	1.05708	609	3	0.4926
gene_MP009422	0.32130	0.79536	58	7	12.0690
gene_MP009426	0.39526	0.94142	1052	6	0.5703
gene_MP009435	0.35498	0.89192	655	0	0.0000
gene_MP009436	0.34981	0.91173	490	0	0.0000
gene_MP009437	0.39850	0.82491	61	0	0.0000
gene_MP009438	0.35770	1.05708	1462	0	0.0000
gene_MP009471	0.36402	0.81175	176	0	0.0000
gene_MP009486	0.40210	0.97219	1147	15	1.3078
gene_MP009489	0.53321	1.38342	843	0	0.0000
gene_MP009500	0.43659	1.00727	989	0	0.0000
gene_MP009598	0.38674	1.05596	570	0	0.0000
gene_MP009688	0.34526	0.98079	5757	15	0.2606
gene_MP009709	0.37513	0.58907	39	7	17.9487
gene_MP009720	0.38226	1.13854	327	11	3.3639
gene_MP009726	0.36010	1.05876	85	1	1.1765
gene_MP009750	0.41898	1.14875	49	1	2.0408
gene_MP009757	0.37510	1.19529	1807	2	0.1107
gene_MP009798	0.47423	1.01333	122	0	0.0000
gene_MP009904	0.37388	1.10099	746	23	3.0831
gene_MP009911	0.37450	0.87794	71	0	0.0000
gene_MP009964	0.41898	1.14875	56	7	12.5000
gene_MP010001	0.36834	0.98981	611	0	0.0000
gene_MP010032	0.36555	1.07553	477	0	0.0000
gene_MP010037	0.41898	1.14875	832	6	0.7212
gene_MP010055	0.36421	1.15743	664	0	0.0000
gene_MP010731	0.32982	0.28788	22	0	0.0000
gene_MP011491	0.56954	1.25929	78	0	0.0000
gene_MP011776	0.42972	0.91995	21	4	19.0476
gene_MP011847	0.39833	0.81381	387	0	0.0000
gene_MP011943	0.46942	1.12675	147	0	0.0000
gene_MP011987	0.39596	1.13686	44	0	0.0000
gene_MP012079	0.36213	1.11231	257	9	3.5019
gene_MP012088	0.36246	1.19660	550	0	0.0000
gene_MP012094	0.39300	0.70898	51	2	3.9216
gene_MP012140	0.34757	0.93084	37	0	0.0000
gene_MP012374	0.40238	0.74208	73	0	0.0000
gene_MP012396	0.40435	0.93102	48	0	0.0000
gene_MP012489	0.37145	0.87441	280	6	2.1429
gene_MP012507	0.36620	0.97224	359	0	0.0000
gene_MP012537	0.43393	1.03243	84	0	0.0000
gene_MP012602	0.36597	0.58595	42	8	19.0476
gene_MP012604	0.36204	0.89979	77	0	0.0000
gene_MP012669	0.51546	1.31072	611	9	1.4730
gene_MP012674	0.37321	0.79692	63	0	0.0000
gene_MP012691	0.39547	0.83063	94	20	21.2766
gene_MP012749	0.36887	0.90394	1175	0	0.0000
gene_MP012788	0.35741	0.89979	292	0	0.0000
gene_MP012821	0.35977	1.06078	789	0	0.0000
gene_MP012925	0.37103	0.82079	138	0	0.0000
gene_MP012958	0.37529	0.91114	515	0	0.0000
gene_MP012991	0.35499	0.77753	127	0	0.0000
gene_MP013075	0.36084	0.78487	133	0	0.0000
gene_MP013091	0.40314	0.95838	285	8	2.8070
gene_MP013111	0.50652	1.12938	255	8	3.1373
gene_MP013120	0.40866	0.82345	22	0	0.0000
gene_MP013417	0.36561	0.63396	64	3	4.6875
gene_MP013468	0.40416	1.04192	301	0	0.0000
gene_MP013491	0.35880	0.83707	111	12	10.8108
gene_MP013670	0.39122	0.90961	75	0	0.0000
gene_MP013671	0.35786	0.78416	52	0	0.0000
gene_MP013847	0.39312	0.85587	183	0	0.0000
gene_MP013882	0.43691	0.96604	136	0	0.0000
gene_MP013885	0.42341	0.92762	50	0	0.0000
gene_MP013963	0.36334	0.74989	87	0	0.0000
gene_MP014001	0.39719	0.95827	202	0	0.0000
gene_MP014011	0.32897	0.74614	37	0	0.0000
gene_MP014048	0.35519	1.05261	104	0	0.0000
gene_MP014059	0.37935	0.87767	115	3	2.6087
gene_MP014100	0.32653	0.97623	412	0	0.0000
gene_MP014271	0.33151	1.01057	109	0	0.0000
gene_MP014493	0.41972	1.04387	157	0	0.0000
gene_MP014573	0.49623	0.95091	635	3	0.4724
gene_MP014616	0.42163	0.78361	45	0	0.0000
gene_MP014770	0.39234	0.39488	21	1	4.7619
gene_MP014796	0.38599	0.70065	54	10	18.5185
gene_MP014864	0.36822	0.85845	98	0	0.0000
gene_MP014892	0.39246	1.10008	64	0	0.0000
gene_MP014982	0.37695	1.06092	184	17	9.2391
gene_MP015165	0.36827	0.87693	95	0	0.0000
gene_MP015197	0.36250	0.90493	183	0	0.0000
gene_MP015213	0.35867	0.92591	68	0	0.0000
gene_MP015301	0.36933	0.97039	86	34	39.5349
gene_MP015303	0.32425	0.91379	113	0	0.0000
gene_MP015325	0.36525	0.87376	97	10	10.3093
gene_MP015395	0.35044	0.63887	60	1	1.6667
gene_MP015404	0.34739	0.79664	144	6	4.1667
gene_MP015536	0.37932	0.76916	42	1	2.3810
gene_MP015566	0.36066	1.02857	205	5	2.4390
gene_MP015782	0.39588	1.02782	60	0	0.0000
gene_MP015791	0.40687	0.99701	116	0	0.0000
gene_MP015907	0.42969	0.77301	27	0	0.0000
gene_MP016148	0.41011	0.81074	66	0	0.0000
gene_MP016167	0.35474	0.83281	59	7	11.8644
gene_MP016172	0.39233	0.97723	128	0	0.0000
gene_MP016173	0.40618	1.12251	43	0	0.0000
gene_MP016437	0.36473	0.98928	57	0	0.0000
gene_MP016440	0.36105	0.86486	195	0	0.0000
gene_MP016441	0.36661	0.89624	380	0	0.0000
gene_MP016549	0.38513	0.96429	299	4	1.3378
gene_MP016624	0.38778	0.71955	104	0	0.0000
gene_MP016664	0.40090	0.68832	152	0	0.0000
gene_MP016807	0.46191	1.08025	383	0	0.0000
gene_MP016936	0.35756	1.03080	56	0	0.0000
gene_MP017157	0.35530	1.01565	1211	0	0.0000
gene_MP017435	0.36712	0.92579	175	1	0.5714
gene_MP017473	0.36180	0.99925	58	0	0.0000
gene_MP017632	0.35376	1.12237	394	0	0.0000
gene_MP017681	0.67785	1.00374	51	0	0.0000
gene_MP017723	0.34122	0.92561	228	2	0.8772
gene_MP017952	0.39621	0.99018	57	0	0.0000
gene_MP017998	0.35455	1.08990	842	0	0.0000
gene_MP018113	0.36678	1.00756	194	14	7.2165
gene_MP018214	0.35452	0.98287	48	0	0.0000
gene_MP018254	0.35253	1.05754	750	0	0.0000
gene_MP018269	0.38084	0.81991	20	0	0.0000
gene_MP018299	0.39001	0.86227	80	0	0.0000
gene_MP018303	0.39660	0.80208	234	14	5.9829
gene_MP018391	0.39812	0.77821	96	0	0.0000
gene_MP018487	0.34175	0.91735	519	0	0.0000
gene_MP018533	0.34652	0.90544	70	0	0.0000
gene_MP018612	0.37987	0.93685	116	15	12.9310
gene_MP018642	0.38704	0.81621	33	0	0.0000
gene_MP018703	0.36541	0.86556	84	0	0.0000
gene_MP018775	0.51275	0.88233	58	0	0.0000
gene_MP018784	0.39534	0.91439	29	2	6.8966
gene_MP018785	0.36677	1.04167	313	0	0.0000
gene_MP018981	0.45862	0.80713	123	10	8.1301
gene_MP018986	0.42650	1.13099	92	0	0.0000
gene_MP018997	0.41168	1.20644	4641	0	0.0000
gene_MP019000	0.39819	1.16945	568	6	1.0563
gene_MP019023	0.36247	1.01764	355	0	0.0000
gene_MP019082	0.36968	1.03479	135	0	0.0000
gene_MP019088	0.37892	0.89949	217	15	6.9124
gene_MP019150	0.52336	1.00598	22	0	0.0000
gene_MP019175	0.42140	1.09374	44	0	0.0000
gene_MP019178	0.35214	1.00110	1741	0	0.0000
gene_MP019205	0.38609	0.79277	69	1	1.4493
gene_MP019237	0.77519	1.27297	252	0	0.0000
gene_MP019239	0.36369	0.87200	40	0	0.0000
gene_MP019255	0.35217	0.80935	492	0	0.0000
gene_MP019258	0.39332	0.95567	234	0	0.0000
gene_MP019260	0.42140	1.09374	668	0	0.0000
gene_MP019267	0.36635	0.75669	174	0	0.0000
gene_MP019277	0.37382	0.94663	365	0	0.0000
gene_MP019291	0.41553	1.06447	79	0	0.0000
gene_MP019312	0.42645	0.83954	50	0	0.0000
gene_MP019318	0.41760	1.01031	164	0	0.0000
gene_MP019337	0.37560	1.07771	95	0	0.0000
gene_MP019355	0.36715	1.04238	613	0	0.0000
gene_MP019524	0.38892	0.93826	402	0	0.0000
gene_MP019531	0.38070	0.82355	487	0	0.0000
gene_MP020349	0.39580	1.21067	50	0	0.0000
gene_MP020652	0.37086	1.11248	34	0	0.0000
gene_MP021084	0.58427	0.84815	303	0	0.0000
gene_MP021390	0.65798	0.98947	97	0	0.0000
gene_MP021441	0.38452	0.40772	25	12	48.0000
gene_MP021516	0.62690	0.98551	528	1	0.1894
gene_MP021628	0.42078	1.20948	52	0	0.0000
gene_MP021651	0.49680	0.75012	72	0	0.0000
gene_MP021901	0.35706	1.03553	2952	0	0.0000
gene_MP021911	0.39207	0.97227	279	0	0.0000
gene_MP021913	0.36899	1.01074	184	0	0.0000
gene_MP021917	0.43191	0.76485	40	0	0.0000
gene_MP021923	0.38429	0.58861	52	2	3.8462
gene_MP021924	0.47279	0.85457	159	0	0.0000
gene_MP021941	0.34269	0.99503	468	0	0.0000
gene_MP021942	0.39455	0.84161	165	0	0.0000
gene_MP021996	0.37635	0.96502	69	0	0.0000
gene_MP022047	0.37742	0.99860	449	0	0.0000
gene_MP022112	0.57658	1.17460	32	0	0.0000
gene_MP022126	0.35728	1.04175	216	0	0.0000
gene_MP022134	0.39380	0.95492	266	0	0.0000
gene_MP022150	0.34708	0.97592	1591	0	0.0000
gene_MP022265	0.34827	0.99149	3413	2	0.0586
gene_MP022275	0.39433	0.86081	49	0	0.0000
gene_MP022286	0.39156	0.86930	176	0	0.0000
gene_MP022299	0.45524	1.12923	826	0	0.0000
gene_MP022307	0.36047	0.63842	31	15	48.3871
gene_MP022316	0.36916	0.99144	227	8	3.5242
gene_MP022321	0.65405	0.99691	388	2	0.5155
gene_MP022355	0.49832	0.59671	22	0	0.0000
gene_MP022368	0.35780	0.94998	280	0	0.0000
gene_MP022375	0.38820	0.87459	59	3	5.0847
gene_MP022436	0.36265	1.12412	190	0	0.0000
gene_MP022506	0.45196	1.02611	260	0	0.0000
gene_MP022516	0.36897	1.05417	461	0	0.0000
gene_MP022534	0.35028	1.00040	203	0	0.0000
gene_MP022547	0.34142	0.55112	33	10	30.3030
gene_MP022563	0.39746	1.12259	446	1	0.2242
gene_MP022570	0.35002	1.10790	369	0	0.0000
gene_MP022581	0.35791	1.05239	1207	0	0.0000
gene_MP022590	0.40230	1.00677	37	0	0.0000
gene_MP022595	0.38045	1.04730	510	0	0.0000
gene_MP022601	0.36897	1.05417	41	0	0.0000
gene_MP022609	0.41168	1.20644	1025	0	0.0000
gene_MP022615	0.36961	0.71354	83	0	0.0000
gene_MP022633	0.35613	0.90310	91	0	0.0000
gene_MP022663	0.35947	0.81396	48	0	0.0000
gene_MP022695	0.36897	1.05417	190	0	0.0000
gene_MP022743	0.44848	0.64175	42	0	0.0000
gene_MP023095	0.51411	0.90320	57	0	0.0000
gene_MP023180	0.42621	0.88243	118	0	0.0000
gene_MP023251	0.36970	1.10875	750	0	0.0000
gene_MP023281	0.56840	1.26191	234	0	0.0000
gene_MP024084	0.41790	1.16287	903	0	0.0000
gene_MP024302	0.62218	0.97572	272	0	0.0000
gene_MP024356	0.64154	0.94529	58	0	0.0000
gene_MP000022	0.49055	0.90441	54	0	0.0000
gene_MP000028	0.37604	0.93689	302	25	8.2781
gene_MP000043	0.36544	0.83807	30	0	0.0000
gene_MP000140	0.59934	0.94851	103	0	0.0000
gene_MP000141	0.59934	0.98362	107	0	0.0000
gene_MP000160	0.41101	1.08895	288	0	0.0000
gene_MP000177	0.39194	0.38460	26	4	15.3846
gene_MP000195	0.34051	0.86103	22	0	0.0000
gene_MP000264	0.34390	0.89108	475	4	0.8421
gene_MP000265	0.37999	0.83805	324	0	0.0000
gene_MP000271	0.35376	1.00678	840	0	0.0000
gene_MP000293	0.39560	0.94652	162	4	2.4691
gene_MP000296	0.37850	0.85904	399	0	0.0000
gene_MP000302	0.36787	1.01171	51	0	0.0000
gene_MP000306	0.44018	0.80092	43	1	2.3256
gene_MP000314	0.50645	1.24983	55	4	7.2727
gene_MP000355	0.41901	0.72733	23	2	8.6957
gene_MP000436	0.35639	0.45422	37	9	24.3243
gene_MP000467	0.36831	0.98197	822	1	0.1217
gene_MP000471	0.40954	0.88004	109	0	0.0000
gene_MP000535	0.40547	1.03221	45	1	2.2222
gene_MP000648	0.36893	0.80750	99	2	2.0202
gene_MP001015	0.34557	0.96118	803	0	0.0000
gene_MP001302	0.38537	1.02581	909	1	0.1100
gene_MP001318	0.38563	0.81751	89	6	6.7416
gene_MP001410	0.38345	0.95635	150	7	4.6667
gene_MP001427	0.37527	0.93081	818	0	0.0000
gene_MP001435	0.37259	1.05274	46	13	28.2609
gene_MP001437	0.38345	0.95635	362	0	0.0000
gene_MP001502	0.54874	1.20366	60	0	0.0000
gene_MP001557	0.37285	0.78093	136	16	11.7647
gene_MP001568	0.35299	0.86007	497	0	0.0000
gene_MP001653	0.35729	0.68595	76	15	19.7368
gene_MP001663	0.34076	0.74648	53	4	7.5472
gene_MP001726	0.36765	0.68587	24	0	0.0000
gene_MP001745	0.36820	0.72114	78	0	0.0000
gene_MP001749	0.37759	0.73415	56	0	0.0000
gene_MP001777	0.36528	0.88627	363	0	0.0000
gene_MP001786	0.38389	0.82662	292	20	6.8493
gene_MP001900	0.37176	0.90185	79	11	13.9241
gene_MP001904	0.35670	0.49939	24	8	33.3333
gene_MP001910	0.38393	1.09639	126	0	0.0000
gene_MP001933	0.37867	0.96410	229	5	2.1834
gene_MP001941	0.37203	1.14497	90	0	0.0000
gene_MP002076	0.38466	1.00200	914	1	0.1094
gene_MP002094	0.37070	0.99920	720	0	0.0000
gene_MP002096	0.37343	1.00510	67	5	7.4627
gene_MP002168	0.32426	0.62163	43	4	9.3023
gene_MP002173	0.39244	0.78738	92	0	0.0000
gene_MP002542	0.37470	1.02604	228	0	0.0000
gene_MP002614	0.38249	0.87092	242	6	2.4793
gene_MP002622	0.36755	0.58856	55	2	3.6364
gene_MP002630	0.38616	0.85959	364	15	4.1209
gene_MP002638	0.34268	1.01346	57	3	5.2632
gene_MP002685	0.37246	0.36425	21	2	9.5238
gene_MP002686	0.39478	0.80234	203	12	5.9113
gene_MP002784	0.37138	0.66712	27	10	37.0370
gene_MP002943	0.37585	0.35382	22	4	18.1818
gene_MP003047	0.39540	0.41311	28	10	35.7143
gene_MP003100	0.46243	0.73179	37	0	0.0000
gene_MP003130	0.38776	0.72246	34	4	11.7647
gene_MP003161	0.37925	0.77844	38	0	0.0000
gene_MP003260	0.37754	0.47678	32	2	6.2500
gene_MP003312	0.35883	0.96274	199	0	0.0000
gene_MP003395	0.35281	1.06729	673	0	0.0000
gene_MP003443	0.40954	0.70167	86	5	5.8140
gene_MP003459	0.38805	0.85142	147	0	0.0000
gene_MP003594	0.49027	0.70341	34	6	17.6471
gene_MP003608	0.34764	1.12455	839	1	0.1192
gene_MP003788	0.36192	0.73090	79	11	13.9241
gene_MP003885	0.46934	1.05217	358	2	0.5587
gene_MP003914	0.43742	1.08558	263	0	0.0000
gene_MP004084	0.38352	0.88792	135	8	5.9259
gene_MP004138	0.36157	0.70230	35	2	5.7143
gene_MP004158	0.39353	0.90757	93	0	0.0000
gene_MP004192	0.43772	0.93906	146	0	0.0000
gene_MP004224	0.34374	1.02511	719	0	0.0000
gene_MP004226	0.34183	0.55482	31	3	9.6774
gene_MP004263	0.47129	1.00028	28	0	0.0000
gene_MP004288	0.37614	0.92943	310	19	6.1290
gene_MP004290	0.36094	1.09545	1101	0	0.0000
gene_MP004325	0.38933	0.89375	258	7	2.7132
gene_MP004333	0.41393	0.84614	36	0	0.0000
gene_MP004428	0.36508	0.85091	28	3	10.7143
gene_MP004559	0.33900	0.98333	157	0	0.0000
gene_MP004570	0.37941	1.01115	374	2	0.5348
gene_MP004581	0.41615	1.00446	650	2	0.3077
gene_MP004630	0.38339	1.00521	343	0	0.0000
gene_MP004642	0.37105	0.93072	117	5	4.2735
gene_MP004662	0.37057	0.94065	28	0	0.0000
gene_MP004970	0.36588	1.08234	395	0	0.0000
gene_MP004973	0.38140	0.85850	267	3	1.1236
gene_MP004979	0.36706	0.83930	311	3	0.9646
gene_MP004992	0.41640	1.07849	160	0	0.0000
gene_MP005018	0.37809	0.98200	74	0	0.0000
gene_MP005025	0.39221	1.15224	455	0	0.0000
gene_MP005233	0.37771	1.10321	1312	0	0.0000
gene_MP005242	0.44802	1.16825	484	2	0.4132
gene_MP005270	0.42512	1.04054	57	0	0.0000
gene_MP005345	0.37108	0.97455	36	0	0.0000
gene_MP005386	0.37891	0.65571	37	0	0.0000
gene_MP005522	0.40134	1.11969	220	0	0.0000
gene_MP005653	0.38649	0.91922	98	0	0.0000
gene_MP005668	0.36249	1.08229	303	7	2.3102
gene_MP005883	0.36380	0.93387	676	0	0.0000
gene_MP005922	0.34406	1.01117	209	0	0.0000
gene_MP006062	0.34092	0.99593	142	0	0.0000
gene_MP006120	0.47789	0.88112	616	6	0.9740
gene_MP006143	0.36399	0.94811	803	2	0.2491
gene_MP006147	0.36376	1.05959	79	0	0.0000
gene_MP006156	0.37529	1.06073	379	0	0.0000
gene_MP006350	0.39628	0.79261	67	0	0.0000
gene_MP006352	0.61359	0.99403	580	1	0.1724
gene_MP006363	0.39644	0.95627	441	0	0.0000
gene_MP006535	0.39345	0.97134	1122	10	0.8913
gene_MP006536	0.44802	1.16825	508	0	0.0000
gene_MP006637	0.33326	0.86555	20	0	0.0000
gene_MP006720	0.44802	1.16825	726	0	0.0000
gene_MP006726	0.34823	0.95460	1910	0	0.0000
gene_MP006776	0.35178	0.97192	2528	0	0.0000
gene_MP006862	0.39243	0.97574	88	0	0.0000
gene_MP006967	0.38077	1.15736	664	0	0.0000
gene_MP006970	0.39740	0.92652	203	0	0.0000
gene_MP007026	0.37283	0.66835	121	4	3.3058
gene_MP007212	0.65470	1.01097	199	0	0.0000
gene_MP007213	0.65470	1.01097	390	1	0.2564
gene_MP007221	0.65497	1.01005	35	0	0.0000
gene_MP007690	0.65414	1.01042	51	0	0.0000
gene_MP008125	0.38316	1.04685	380	9	2.3684
gene_MP008132	0.35315	1.07063	3122	0	0.0000
gene_MP008161	0.40119	0.89686	187	1	0.5348
gene_MP008163	0.35299	0.99322	257	0	0.0000
gene_MP008168	0.36148	0.96080	115	0	0.0000
gene_MP008183	0.42216	1.02824	25	0	0.0000
gene_MP008200	0.45299	1.11353	40	0	0.0000
gene_MP008245	0.52229	1.11725	116	0	0.0000
gene_MP008275	0.39703	1.01279	488	0	0.0000
gene_MP008277	0.37693	0.90244	48	0	0.0000
gene_MP008287	0.39853	0.85689	117	0	0.0000
gene_MP008298	0.37811	1.10205	612	0	0.0000
gene_MP008311	0.35282	1.07804	321	0	0.0000
gene_MP008322	0.38842	1.10047	1693	0	0.0000
gene_MP008324	0.40219	1.07748	255	0	0.0000
gene_MP008335	0.35421	0.96956	2185	0	0.0000
gene_MP008344	0.38104	1.00876	1106	13	1.1754
gene_MP008345	0.40177	0.76717	47	0	0.0000
gene_MP008355	0.35199	1.08837	718	0	0.0000
gene_MP008367	0.36467	1.08396	312	0	0.0000
gene_MP008387	0.39747	0.90356	1670	2	0.1198
gene_MP008396	0.63859	1.00391	146	0	0.0000
gene_MP008406	0.36853	0.89353	74	0	0.0000
gene_MP008480	0.52581	1.03280	64	0	0.0000
gene_MP008526	0.37765	1.12780	338	0	0.0000
gene_MP008778	0.65381	1.00996	94	0	0.0000
gene_MP008785	0.65409	1.01177	93	0	0.0000
gene_MP009053	0.51910	0.80554	239	0	0.0000
gene_MP010076	0.49806	1.01930	1691	25	1.4784
gene_MP010082	0.37328	0.86917	106	4	3.7736
gene_MP010089	0.35592	1.07782	47	0	0.0000
gene_MP010091	0.35958	0.99605	600	0	0.0000
gene_MP010127	0.44372	1.09790	59	19	32.2034
gene_MP010157	0.47986	1.27002	38	15	39.4737
gene_MP010177	0.36376	1.05959	185	0	0.0000
gene_MP010255	0.48110	0.95562	65	4	6.1538
gene_MP010292	0.39807	1.01183	693	2	0.2886
gene_MP010311	0.36168	0.56345	20	7	35.0000
gene_MP010435	0.37251	0.98704	445	0	0.0000
gene_MP010454	0.37923	0.96740	220	0	0.0000
gene_MP010473	0.37543	0.89292	198	15	7.5758
gene_MP010611	0.65438	1.01051	62	0	0.0000
gene_MP010719	0.43154	0.93722	155	3	1.9355
gene_MP010723	0.37278	0.70747	21	10	47.6190
gene_MP010765	0.36424	1.12408	365	4	1.0959
gene_MP010960	0.40879	1.00709	299	0	0.0000
gene_MP011147	0.65502	1.01110	176	0	0.0000
gene_MP011544	0.48090	0.96093	44	0	0.0000
gene_MP011629	0.37956	0.77475	42	16	38.0952
gene_MP011646	0.33722	0.66909	117	14	11.9658
gene_MP011861	0.31403	0.48477	20	2	10.0000
gene_MP011961	0.36944	0.85346	254	1	0.3937
gene_MP012035	0.34760	0.95323	368	0	0.0000
gene_MP012158	0.37924	1.03964	430	15	3.4884
gene_MP012312	0.47168	1.24875	1094	7	0.6399
gene_MP012348	0.35096	0.91491	66	0	0.0000
gene_MP012367	0.36195	1.10897	78	0	0.0000
gene_MP012415	0.36338	0.63010	25	3	12.0000
gene_MP012427	0.35458	0.90610	329	0	0.0000
gene_MP012432	0.41890	0.83246	28	0	0.0000
gene_MP012436	0.37094	0.73821	30	3	10.0000
gene_MP012617	0.42697	0.89817	221	2	0.9050
gene_MP012622	0.34823	0.97002	71	0	0.0000
gene_MP012644	0.35044	1.07561	123	0	0.0000
gene_MP012646	0.37705	0.92312	40	0	0.0000
gene_MP012675	0.36077	0.83711	123	16	13.0081
gene_MP012684	0.38050	1.00847	79	0	0.0000
gene_MP012703	0.38595	0.81605	99	0	0.0000
gene_MP012709	0.42643	1.09846	239	4	1.6736
gene_MP012769	0.38363	0.99095	403	0	0.0000
gene_MP012981	0.35781	0.98731	814	2	0.2457
gene_MP013048	0.34303	0.91469	90	0	0.0000
gene_MP013109	0.33605	1.09636	36	0	0.0000
gene_MP013237	0.40151	1.18925	51	0	0.0000
gene_MP013266	0.41009	0.86413	176	0	0.0000
gene_MP013273	0.38555	0.95563	405	0	0.0000
gene_MP013277	0.39951	1.12655	34	0	0.0000
gene_MP013353	0.35623	0.90028	259	0	0.0000
gene_MP013364	0.35477	0.92007	46	2	4.3478
gene_MP013576	0.38210	0.75046	50	12	24.0000
gene_MP013582	0.32593	0.97139	34	0	0.0000
gene_MP013590	0.36913	1.08046	44	0	0.0000
gene_MP013593	0.34971	0.93380	159	0	0.0000
gene_MP013598	0.36424	1.04957	80	3	3.7500
gene_MP013599	0.36658	1.17708	112	0	0.0000
gene_MP013694	0.37532	0.96190	172	0	0.0000
gene_MP013748	0.36755	1.09360	282	0	0.0000
gene_MP013772	0.36518	0.94777	289	0	0.0000
gene_MP013809	0.36418	0.94427	112	0	0.0000
gene_MP013960	0.37613	0.78884	44	12	27.2727
gene_MP013980	0.36231	0.95588	59	0	0.0000
gene_MP014005	0.31523	0.54131	24	3	12.5000
gene_MP014146	0.40124	1.07892	53	0	0.0000
gene_MP014157	0.40761	0.78552	30	10	33.3333
gene_MP014260	0.31908	0.48146	22	1	4.5455
gene_MP014326	0.32971	0.69247	52	2	3.8462
gene_MP014414	0.37927	0.96676	269	0	0.0000
gene_MP014428	0.34107	0.95044	407	0	0.0000
gene_MP014466	0.40006	0.75854	107	0	0.0000
gene_MP014565	0.38770	0.98569	331	0	0.0000
gene_MP014566	0.37178	0.35371	25	9	36.0000
gene_MP014594	0.37500	0.80090	20	0	0.0000
gene_MP014627	0.36544	0.76821	175	10	5.7143
gene_MP014644	0.33695	0.42455	30	15	50.0000
gene_MP014702	0.39191	0.66125	20	0	0.0000
gene_MP014741	0.35735	0.97506	233	0	0.0000
gene_MP014745	0.38059	0.89505	171	5	2.9240
gene_MP014914	0.36069	1.05898	327	2	0.6116
gene_MP015053	0.38695	1.13581	531	0	0.0000
gene_MP015063	0.55829	1.14809	54	0	0.0000
gene_MP015075	0.37524	1.27526	142	4	2.8169
gene_MP015084	0.37127	0.57245	23	8	34.7826
gene_MP015086	0.47230	0.81183	31	0	0.0000
gene_MP015099	0.34958	0.83115	29	6	20.6897
gene_MP015345	0.37734	0.53661	22	2	9.0909
gene_MP015378	0.47846	1.07878	108	0	0.0000
gene_MP015432	0.37310	0.97613	129	0	0.0000
gene_MP015589	0.37355	1.08855	62	0	0.0000
gene_MP015806	0.38311	1.10780	230	0	0.0000
gene_MP015819	0.37164	1.16634	67	0	0.0000
gene_MP015832	0.43243	0.53139	33	3	9.0909
gene_MP015838	0.53211	1.33532	61	0	0.0000
gene_MP015845	0.35222	0.97866	239	0	0.0000
gene_MP015853	0.38945	0.75214	41	0	0.0000
gene_MP015857	0.38354	0.70763	24	2	8.3333
gene_MP015870	0.42450	0.99918	599	0	0.0000
gene_MP015872	0.34658	1.00674	891	0	0.0000
gene_MP015877	0.39679	0.92422	20	0	0.0000
gene_MP015880	0.35833	0.94128	165	0	0.0000
gene_MP015883	0.38808	1.16413	282	0	0.0000
gene_MP016310	0.39345	1.08433	623	0	0.0000
gene_MP016315	0.34736	1.06019	1054	0	0.0000
gene_MP016316	0.45686	1.20074	130	0	0.0000
gene_MP016320	0.34759	1.05300	311	0	0.0000
gene_MP016548	0.37853	0.91500	72	10	13.8889
gene_MP016567	0.37291	0.92167	404	10	2.4752
gene_MP016570	0.35543	0.87238	156	0	0.0000
gene_MP016576	0.42833	0.95874	154	0	0.0000
gene_MP016578	0.41793	1.02081	85	0	0.0000
gene_MP016784	0.35824	0.98301	778	0	0.0000
gene_MP016818	0.39086	1.10342	82	0	0.0000
gene_MP016859	0.37299	0.89301	106	0	0.0000
gene_MP016884	0.33973	0.75155	67	9	13.4328
gene_MP016899	0.38057	0.96159	644	0	0.0000
gene_MP017093	0.36528	0.85237	151	0	0.0000
gene_MP017120	0.36682	0.85141	384	19	4.9479
gene_MP017121	0.38404	0.81812	37	0	0.0000
gene_MP017129	0.64706	0.94835	30	0	0.0000
gene_MP017132	0.64706	0.94835	30	0	0.0000
gene_MP017172	0.38691	0.91234	196	0	0.0000
gene_MP017272	0.43577	1.16337	184	0	0.0000
gene_MP017410	0.35442	0.78070	20	0	0.0000
gene_MP017428	0.36060	0.95646	388	0	0.0000
gene_MP017454	0.38178	1.11721	1200	0	0.0000
gene_MP017460	0.40646	0.85884	478	3	0.6276
gene_MP017493	0.37941	0.95982	35	0	0.0000
gene_MP017934	0.35552	0.85586	117	0	0.0000
gene_MP017936	0.35330	0.79706	328	20	6.0976
gene_MP017969	0.39871	0.91765	152	1	0.6579
gene_MP017995	0.35115	0.89676	100	0	0.0000
gene_MP018110	0.40114	0.94982	141	5	3.5461
gene_MP018197	0.34759	1.05300	201	0	0.0000
gene_MP018250	0.38620	0.86857	231	5	2.1645
gene_MP018260	0.37158	0.74229	466	0	0.0000
gene_MP018349	0.42944	0.94788	27	0	0.0000
gene_MP018362	0.41352	0.72607	26	0	0.0000
gene_MP018369	0.35768	0.95490	375	0	0.0000
gene_MP018472	0.36763	1.11478	231	0	0.0000
gene_MP018478	0.36541	0.91566	44	0	0.0000
gene_MP018528	0.34234	1.00161	74	0	0.0000
gene_MP018540	0.35034	0.97578	529	0	0.0000
gene_MP018580	0.38189	0.99442	1292	0	0.0000
gene_MP018594	0.36524	1.10803	230	0	0.0000
gene_MP018599	0.43249	0.91103	34	0	0.0000
gene_MP019146	0.52336	1.00785	22	0	0.0000
gene_MP019419	0.65689	0.98299	96	0	0.0000
gene_MP019435	0.65798	0.98947	97	0	0.0000
gene_MP019658	0.49253	0.85199	69	0	0.0000
gene_MP019899	0.66275	1.16090	97	0	0.0000
gene_MP020172	0.50565	0.87585	59	0	0.0000
gene_MP020288	0.38528	0.95564	205	9	4.3902
gene_MP020302	0.36769	1.14777	1877	0	0.0000
gene_MP020309	0.38347	0.99475	70	0	0.0000
gene_MP020326	0.40051	0.98192	703	14	1.9915
gene_MP020330	0.37141	0.99178	83	0	0.0000
gene_MP020331	0.35558	1.04039	113	0	0.0000
gene_MP020334	0.40809	0.96765	174	0	0.0000
gene_MP020340	0.34493	0.96917	1732	0	0.0000
gene_MP020401	0.34894	1.01557	25	0	0.0000
gene_MP020406	0.39002	0.93734	537	13	2.4209
gene_MP020412	0.42797	1.06880	632	0	0.0000
gene_MP020413	0.49881	1.09624	459	0	0.0000
gene_MP020434	0.44561	1.07240	1164	8	0.6873
gene_MP020450	0.35285	0.96797	33	0	0.0000
gene_MP020469	0.40853	0.82146	202	0	0.0000
gene_MP020524	0.36202	1.08166	66	0	0.0000
gene_MP020529	0.40288	0.92016	703	9	1.2802
gene_MP020532	0.39841	1.06143	1888	0	0.0000
gene_MP020557	0.43909	1.07098	97	0	0.0000
gene_MP020559	0.35351	1.00189	436	0	0.0000
gene_MP020566	0.38009	0.58320	46	0	0.0000
gene_MP020608	0.35497	0.99456	29	0	0.0000
gene_MP020716	0.37992	1.07965	1269	0	0.0000
gene_MP020745	0.37235	1.06545	364	0	0.0000
gene_MP021277	0.45608	1.08581	44	0	0.0000
gene_MP021327	0.46178	1.00213	50	0	0.0000
gene_MP021382	0.65689	0.98299	96	0	0.0000
gene_MP021401	0.65907	0.98658	97	0	0.0000
gene_MP021418	0.67034	1.26576	116	0	0.0000
gene_MP021501	0.37166	0.90060	341	14	4.1056
gene_MP021509	0.40590	0.97701	90	0	0.0000
gene_MP021643	0.37166	0.90060	41	12	29.2683
gene_MP022236	0.46038	0.62338	24	0	0.0000
gene_MP022346	0.65377	0.99510	78	0	0.0000
gene_MP022661	0.65798	0.98947	65	0	0.0000
gene_MP022804	0.39557	1.13425	27	0	0.0000
gene_MP022826	0.58308	1.20387	198	0	0.0000
gene_MP022834	0.37098	0.91458	131	0	0.0000
gene_MP022865	0.36152	0.86032	79	0	0.0000
gene_MP022932	0.64726	0.98671	35	0	0.0000
gene_MP023019	0.41120	1.16842	21	0	0.0000
gene_MP023063	0.35894	0.83555	78	0	0.0000
gene_MP023084	0.51515	0.89908	57	0	0.0000
gene_MP023268	0.45377	1.28253	238	0	0.0000
gene_MP023608	0.37981	1.01951	996	3	0.3012
gene_MP023652	0.36907	1.07258	91	0	0.0000
gene_MP023691	0.35932	0.55600	40	4	10.0000
gene_MP023819	0.40512	0.95273	38	0	0.0000
gene_MP023826	0.41810	1.19856	52	0	0.0000
gene_MP023847	0.36117	1.05846	230	0	0.0000
gene_MP023914	0.47927	0.95090	74	0	0.0000
gene_MP023918	0.50155	0.87570	87	0	0.0000
gene_MP023996	0.41140	0.96568	287	0	0.0000
gene_MP024036	0.36835	0.88428	131	2	1.5267
gene_MP024065	0.36055	1.02562	862	0	0.0000
gene_MP024078	0.37235	1.06545	436	0	0.0000
gene_MP024149	0.38904	0.98678	153	15	9.8039
gene_MP024330	0.64756	1.00650	234	0	0.0000
gene_MP024348	0.64756	1.00650	34	0	0.0000
gene_MP024349	0.64756	1.00650	34	0	0.0000
gene_MP024350	0.64788	1.00864	295	0	0.0000
gene_MP024412	0.37803	0.92518	323	0	0.0000
gene_MP024446	0.45632	1.24132	52	0	0.0000
gene_MP000001	0.44214	1.19261	666	11	1.6517
gene_MP000108	0.39217	1.14656	149	0	0.0000
gene_MP000163	0.37769	0.86448	237	0	0.0000
gene_MP000175	0.35341	0.69057	87	12	13.7931
gene_MP000232	0.35159	1.05114	278	0	0.0000
gene_MP000245	0.39418	0.58777	83	7	8.4337
gene_MP000311	0.35315	0.67572	32	1	3.1250
gene_MP000322	0.38376	0.53483	30	3	10.0000
gene_MP000374	0.35102	0.99654	52	0	0.0000
gene_MP000448	0.37745	0.42557	22	4	18.1818
gene_MP000538	0.38944	0.92682	136	0	0.0000
gene_MP000544	0.37250	1.04815	332	9	2.7108
gene_MP000687	0.44389	0.72873	27	0	0.0000
gene_MP000704	0.39139	0.97060	169	0	0.0000
gene_MP000720	0.37766	1.19166	1433	1	0.0698
gene_MP000722	0.38132	1.04939	311	0	0.0000
gene_MP001448	0.33291	0.72870	57	2	3.5088
gene_MP001619	0.43699	1.05518	124	2	1.6129
gene_MP001644	0.35891	0.67675	69	3	4.3478
gene_MP001721	0.39123	1.17634	106	0	0.0000
gene_MP001816	0.39343	0.57738	53	0	0.0000
gene_MP001892	0.34765	1.03923	88	0	0.0000
gene_MP001925	0.35472	0.93440	229	16	6.9869
gene_MP002074	0.37135	0.68746	61	1	1.6393
gene_MP002080	0.35116	0.48344	27	11	40.7407
gene_MP002167	0.49177	1.15599	320	0	0.0000
gene_MP002497	0.37550	0.88672	109	11	10.0917
gene_MP002517	0.36733	0.99286	1012	8	0.7905
gene_MP002523	0.36919	0.73186	51	6	11.7647
gene_MP002660	0.36110	0.57528	22	7	31.8182
gene_MP002665	0.40542	0.66131	24	0	0.0000
gene_MP002702	0.35185	0.90523	25	0	0.0000
gene_MP002709	0.36044	1.09123	131	0	0.0000
gene_MP002768	0.37080	1.13174	161	0	0.0000
gene_MP002773	0.36130	1.02889	265	0	0.0000
gene_MP002845	0.34481	0.66173	45	13	28.8889
gene_MP002950	0.35944	0.85416	47	0	0.0000
gene_MP002998	0.37122	0.65389	32	2	6.2500
gene_MP003013	0.36650	0.81964	354	9	2.5424
gene_MP003028	0.35718	0.94243	309	0	0.0000
gene_MP003077	0.38238	0.50574	43	14	32.5581
gene_MP003131	0.35744	0.93900	436	0	0.0000
gene_MP003269	0.39103	0.79183	132	22	16.6667
gene_MP003403	0.36933	1.03539	216	8	3.7037
gene_MP003406	0.40154	0.95433	35	0	0.0000
gene_MP003438	0.34765	0.86716	29	0	0.0000
gene_MP003442	0.38480	1.01988	718	0	0.0000
gene_MP003512	0.37589	0.98623	190	1	0.5263
gene_MP003515	0.37850	0.77563	267	5	1.8727
gene_MP003896	0.39667	0.81917	151	0	0.0000
gene_MP003962	0.41391	0.78276	91	0	0.0000
gene_MP003964	0.39000	0.92625	97	0	0.0000
gene_MP004022	0.34058	0.88695	131	10	7.6336
gene_MP004105	0.37004	0.65466	98	10	10.2041
gene_MP004114	0.33894	0.49940	28	1	3.5714
gene_MP004139	0.39445	0.84264	163	15	9.2025
gene_MP004147	0.36571	0.81509	244	10	4.0984
gene_MP004187	0.39395	0.71950	130	20	15.3846
gene_MP004217	0.35752	0.48773	44	12	27.2727
gene_MP004230	0.37929	0.47179	50	11	22.0000
gene_MP004296	0.35946	1.12096	22	0	0.0000
gene_MP004409	0.67012	1.22325	159	0	0.0000
gene_MP004429	0.36999	1.15671	2270	5	0.2203
gene_MP004538	0.39046	0.90864	942	4	0.4246
gene_MP004636	0.37448	0.91589	278	10	3.5971
gene_MP004836	0.34076	0.96794	1126	0	0.0000
gene_MP004982	0.39168	1.14300	600	0	0.0000
gene_MP004988	0.36093	0.91420	96	0	0.0000
gene_MP005029	0.34463	1.05183	112	0	0.0000
gene_MP005033	0.33609	0.91821	186	0	0.0000
gene_MP005349	0.39371	0.78677	47	0	0.0000
gene_MP005524	0.37730	1.01321	809	0	0.0000
gene_MP005724	0.35434	0.99027	408	0	0.0000
gene_MP005754	0.36899	0.80453	177	1	0.5650
gene_MP005937	0.41432	1.05546	676	14	2.0710
gene_MP006070	0.34897	1.08209	431	0	0.0000
gene_MP006105	0.49055	1.07507	636	4	0.6289
gene_MP006127	0.42784	1.20464	617	0	0.0000
gene_MP006149	0.51232	1.17873	56	0	0.0000
gene_MP006203	0.36271	1.12218	318	0	0.0000
gene_MP006268	0.43082	0.92415	51	9	17.6471
gene_MP006354	0.51756	0.89794	286	0	0.0000
gene_MP006460	0.36442	1.03966	431	0	0.0000
gene_MP006516	0.36987	0.97711	329	0	0.0000
gene_MP006656	0.35632	1.14889	35	0	0.0000
gene_MP006853	0.41706	1.05233	90	0	0.0000
gene_MP006893	0.36578	1.02625	807	1	0.1239
gene_MP006905	0.41479	0.92687	408	0	0.0000
gene_MP006961	0.37144	1.16645	503	0	0.0000
gene_MP006975	0.37774	1.01155	30	0	0.0000
gene_MP007180	0.46487	1.10807	549	0	0.0000
gene_MP007233	0.65442	1.01176	54	1	1.8519
gene_MP007624	0.48209	0.86041	129	0	0.0000
gene_MP007860	0.64171	0.99878	48	0	0.0000
gene_MP008393	0.53982	1.05576	35	0	0.0000
gene_MP008634	0.35594	0.97841	509	8	1.5717
gene_MP008652	0.37152	1.02209	38	0	0.0000
gene_MP008671	0.36802	0.89332	292	0	0.0000
gene_MP008688	0.36531	0.93395	28	0	0.0000
gene_MP008703	0.34045	0.97912	204	0	0.0000
gene_MP008745	0.37383	0.87213	273	14	5.1282
gene_MP008747	0.35678	1.10375	2347	3	0.1278
gene_MP008775	0.65381	1.00996	21	0	0.0000
gene_MP008788	0.65381	1.00996	32	0	0.0000
gene_MP008802	0.48135	1.13499	277	0	0.0000
gene_MP008820	0.38225	1.09817	2629	1	0.0380
gene_MP008825	0.36189	1.13399	314	0	0.0000
gene_MP008866	0.35474	1.14884	310	0	0.0000
gene_MP008871	0.34474	0.93672	522	0	0.0000
gene_MP008901	0.39522	0.81258	23	5	21.7391
gene_MP008932	0.43884	0.83587	294	0	0.0000
gene_MP008948	0.37313	1.00995	1775	0	0.0000
gene_MP009006	0.38148	0.97730	85	0	0.0000
gene_MP010563	0.36344	0.96932	401	0	0.0000
gene_MP010580	0.35397	0.94544	250	0	0.0000
gene_MP010591	0.47959	1.35140	212	0	0.0000
gene_MP010619	0.65451	1.02781	59	1	1.6949
gene_MP010621	0.65386	1.02696	188	0	0.0000
gene_MP010624	0.65451	1.02781	127	0	0.0000
gene_MP010628	0.65386	1.02987	315	1	0.3175
gene_MP010660	0.38225	1.09817	773	0	0.0000
gene_MP010778	0.37730	1.01485	270	0	0.0000
gene_MP010844	0.37623	0.98210	267	0	0.0000
gene_MP010898	0.36154	0.88685	66	0	0.0000
gene_MP010937	0.49248	1.16067	359	2	0.5571
gene_MP010947	0.37313	1.00995	771	0	0.0000
gene_MP010955	0.38225	1.09817	364	0	0.0000
gene_MP011153	0.65530	1.01018	51	0	0.0000
gene_MP011163	0.65502	1.00839	57	0	0.0000
gene_MP011166	0.65447	1.00764	55	0	0.0000
gene_MP011188	0.36611	1.09493	977	0	0.0000
gene_MP011234	0.45354	1.03989	173	0	0.0000
gene_MP011341	0.46527	1.10681	71	0	0.0000
gene_MP011342	0.41413	0.87594	63	4	6.3492
gene_MP011358	0.37152	0.99502	129	7	5.4264
gene_MP011750	0.41249	1.15087	25	0	0.0000
gene_MP011852	0.37053	0.60539	37	14	37.8378
gene_MP011863	0.45914	0.72033	29	6	20.6897
gene_MP011942	0.39321	0.85759	81	0	0.0000
gene_MP012171	0.40784	0.78942	28	1	3.5714
gene_MP012586	0.39894	0.86384	43	0	0.0000
gene_MP012656	0.42101	1.20388	646	12	1.8576
gene_MP012722	0.38817	0.87938	253	8	3.1621
gene_MP012746	0.42338	0.81195	23	0	0.0000
gene_MP012782	0.44350	1.19013	772	0	0.0000
gene_MP012822	0.36172	0.80938	58	3	5.1724
gene_MP012978	0.38545	0.99546	65	0	0.0000
gene_MP013070	0.35026	0.99159	164	9	5.4878
gene_MP013090	0.37518	1.02054	122	3	2.4590
gene_MP013097	0.47212	1.06892	466	0	0.0000
gene_MP013171	0.38107	1.03459	74	0	0.0000
gene_MP013240	0.38721	0.68300	72	0	0.0000
gene_MP013289	0.36958	1.12589	114	0	0.0000
gene_MP013291	0.42992	0.83058	24	0	0.0000
gene_MP013292	0.35137	0.89218	440	0	0.0000
gene_MP013390	0.35452	0.78782	145	13	8.9655
gene_MP013428	0.53704	0.60779	26	0	0.0000
gene_MP013495	0.37438	0.75975	157	0	0.0000
gene_MP013496	0.43063	0.95089	632	30	4.7468
gene_MP013503	0.34596	0.56447	37	9	24.3243
gene_MP013586	0.36423	1.03808	44	0	0.0000
gene_MP013589	0.34036	1.09505	879	0	0.0000
gene_MP013592	0.37198	1.05682	140	0	0.0000
gene_MP013604	0.37136	0.82504	100	4	4.0000
gene_MP013611	0.38831	1.02348	362	0	0.0000
gene_MP013616	0.37808	1.36927	28	0	0.0000
gene_MP013617	0.40012	1.08507	29	0	0.0000
gene_MP013714	0.32437	1.17604	93	0	0.0000
gene_MP013716	0.36649	1.21291	753	0	0.0000
gene_MP013717	0.37583	0.72915	53	0	0.0000
gene_MP013897	0.35502	1.01307	669	0	0.0000
gene_MP013899	0.39428	0.71785	74	0	0.0000
gene_MP013937	0.38430	0.70657	48	2	4.1667
gene_MP013950	0.33701	0.90973	38	0	0.0000
gene_MP013965	0.39353	0.61907	43	21	48.8372
gene_MP014057	0.37590	0.75839	56	27	48.2143
gene_MP014182	0.36252	1.01541	1525	0	0.0000
gene_MP014227	0.41605	1.18942	270	0	0.0000
gene_MP014313	0.49259	1.22804	120	0	0.0000
gene_MP014364	0.33863	0.81972	255	0	0.0000
gene_MP014582	0.36414	0.70779	21	2	9.5238
gene_MP014586	0.33263	1.04262	465	0	0.0000
gene_MP014654	0.38115	0.88764	29	0	0.0000
gene_MP014663	0.46307	1.15796	144	0	0.0000
gene_MP014817	0.38776	1.06383	217	5	2.3041
gene_MP014929	0.34789	0.84958	49	0	0.0000
gene_MP014933	0.34382	0.98496	134	0	0.0000
gene_MP014974	0.33311	0.98384	202	0	0.0000
gene_MP014976	0.32379	0.68675	22	0	0.0000
gene_MP014993	0.33747	0.83674	23	5	21.7391
gene_MP015068	0.35215	0.52086	24	3	12.5000
gene_MP015072	0.33664	0.92099	110	0	0.0000
gene_MP015081	0.40660	1.05750	482	0	0.0000
gene_MP015337	0.36766	0.90890	138	0	0.0000
gene_MP015351	0.35935	0.84716	37	10	27.0270
gene_MP015358	0.36177	0.88975	48	26	54.1667
gene_MP015442	0.43929	1.33880	96	0	0.0000
gene_MP015461	0.36791	0.96027	22	0	0.0000
gene_MP015779	0.40940	1.05894	180	0	0.0000
gene_MP015879	0.37551	0.84302	162	2	1.2346
gene_MP015919	0.39661	1.17478	494	0	0.0000
gene_MP016174	0.34768	0.94716	1550	8	0.5161
gene_MP016269	0.35597	0.93231	153	0	0.0000
gene_MP016298	0.36384	0.87974	225	3	1.3333
gene_MP016302	0.37074	1.20586	358	0	0.0000
gene_MP016318	0.36409	0.90386	31	0	0.0000
gene_MP016327	0.41646	0.98840	180	0	0.0000
gene_MP016527	0.39871	1.06753	56	0	0.0000
gene_MP016536	0.43803	0.89915	469	19	4.0512
gene_MP016546	0.36857	0.73495	61	0	0.0000
gene_MP016665	0.33333	0.66504	38	1	2.6316
gene_MP016671	0.41061	0.99413	206	0	0.0000
gene_MP016948	0.34031	0.95840	1246	0	0.0000
gene_MP017061	0.36138	1.05224	1141	0	0.0000
gene_MP017096	0.35139	1.02807	675	6	0.8889
gene_MP017126	0.64706	0.94835	30	0	0.0000
gene_MP017159	0.41732	0.95034	63	0	0.0000
gene_MP017229	0.34031	0.95840	99	0	0.0000
gene_MP017275	0.34871	1.04221	1772	10	0.5643
gene_MP017279	0.37781	0.56193	398	233	58.5427
gene_MP017311	0.63120	0.99588	26	0	0.0000
gene_MP017314	0.62944	0.99994	43	0	0.0000
gene_MP017769	0.35435	0.95287	2260	0	0.0000
gene_MP017816	0.41980	1.12092	97	0	0.0000
gene_MP017817	0.41980	1.12092	97	0	0.0000
gene_MP017818	0.41980	1.12092	97	0	0.0000
gene_MP017854	0.39603	1.01215	738	0	0.0000
gene_MP017858	0.33605	1.12515	791	0	0.0000
gene_MP017937	0.32942	1.04929	60	0	0.0000
gene_MP018105	0.41820	1.10863	26	0	0.0000
gene_MP018115	0.36679	0.87783	179	0	0.0000
gene_MP018118	0.32760	0.98413	82	0	0.0000
gene_MP018212	0.37898	0.97065	21	0	0.0000
gene_MP018241	0.38063	0.99594	299	0	0.0000
gene_MP018251	0.37733	1.11280	535	0	0.0000
gene_MP018288	0.38846	1.06305	299	0	0.0000
gene_MP018309	0.37031	0.89592	185	0	0.0000
gene_MP018310	0.38468	0.83235	178	0	0.0000
gene_MP018371	0.55760	1.19536	36	0	0.0000
gene_MP018408	0.40868	0.77251	436	0	0.0000
gene_MP018634	0.38229	0.94233	29	0	0.0000
gene_MP018733	0.34537	0.64091	40	0	0.0000
gene_MP018844	0.38540	0.96994	71	0	0.0000
gene_MP018848	0.36832	0.96980	101	0	0.0000
gene_MP019427	0.65798	0.98947	97	2	2.0619
gene_MP019428	0.65798	0.98947	97	0	0.0000
gene_MP019586	0.67778	1.03489	54	0	0.0000
gene_MP020747	0.49036	1.09615	2166	3	0.1385
gene_MP020798	0.35516	1.04164	1603	0	0.0000
gene_MP020799	0.35874	1.06264	210	0	0.0000
gene_MP020885	0.35913	1.11832	562	0	0.0000
gene_MP020913	0.54074	1.38648	712	14	1.9663
gene_MP020979	0.35015	0.92184	107	0	0.0000
gene_MP021046	0.49315	0.72824	29	0	0.0000
gene_MP021080	0.54095	1.27128	467	7	1.4989
gene_MP021098	0.35972	0.95521	185	0	0.0000
gene_MP021123	0.39610	0.71340	145	0	0.0000
gene_MP021172	0.38528	0.87771	141	13	9.2199
gene_MP021215	0.35106	1.13582	273	0	0.0000
gene_MP021357	0.34602	1.01227	592	0	0.0000
gene_MP021381	0.65907	0.98573	97	0	0.0000
gene_MP021482	0.39875	0.93178	39	0	0.0000
gene_MP021499	0.63058	0.96929	166	0	0.0000
gene_MP021659	0.46455	1.10961	2228	18	0.8079
gene_MP022319	0.65350	0.99328	239	0	0.0000
gene_MP022338	0.65350	0.99328	143	0	0.0000
gene_MP022911	0.64639	0.98941	35	0	0.0000
gene_MP022928	0.64639	0.98544	56	0	0.0000
gene_MP022937	0.44779	0.88269	22	0	0.0000
gene_MP023094	0.51620	0.89558	57	0	0.0000
gene_MP023311	0.37427	0.87464	20	0	0.0000
gene_MP023321	0.43182	1.03523	913	3	0.3286
gene_MP023333	0.34971	0.82749	140	0	0.0000
gene_MP023360	0.39611	1.17727	63	0	0.0000
gene_MP023365	0.68485	1.04364	37	0	0.0000
gene_MP023371	0.68788	1.03351	37	0	0.0000
gene_MP023383	0.68788	1.03351	22	0	0.0000
gene_MP023397	0.36282	0.79427	33	6	18.1818
gene_MP023399	0.39611	1.17727	1179	0	0.0000
gene_MP023485	0.39771	0.99368	244	0	0.0000
gene_MP023520	0.34622	0.76474	40	0	0.0000
gene_MP023542	0.40727	1.07887	205	11	5.3659
gene_MP023670	0.43818	1.12368	72	0	0.0000
gene_MP023722	0.41075	0.86848	21	2	9.5238
gene_MP023775	0.40280	0.89313	35	0	0.0000
gene_MP023829	0.41093	1.11516	54	0	0.0000
gene_MP023909	0.34755	0.82891	61	0	0.0000
gene_MP024264	0.37747	0.99862	347	6	1.7291
gene_MP024277	0.38667	0.89881	46	0	0.0000
gene_MP024280	0.42026	1.16160	402	0	0.0000
gene_MP024339	0.64756	1.00650	56	0	0.0000
gene_MP024340	0.64693	1.00560	126	0	0.0000
gene_MP024341	0.64693	1.00849	21	0	0.0000
gene_MP024342	0.64725	1.00758	39	0	0.0000
gene_MP024473	0.38581	0.95074	95	0	0.0000
gene_MP024492	0.65584	1.32433	219	1	0.4566
gene_MP024570	0.41874	0.93461	30	0	0.0000
gene_MP024584	0.37650	1.06144	74	0	0.0000
gene_MP024613	0.49537	0.98804	52	0	0.0000
gene_MP000006	0.35213	0.93161	178	4	2.2472
gene_MP000007	0.38034	0.87191	62	0	0.0000
gene_MP000021	0.55838	1.27459	1495	0	0.0000
gene_MP000029	0.35479	0.92905	127	0	0.0000
gene_MP000055	0.37043	1.26355	179	0	0.0000
gene_MP000251	0.38781	1.23077	465	0	0.0000
gene_MP000261	0.41193	1.18078	142	0	0.0000
gene_MP000289	0.37032	0.96307	141	8	5.6738
gene_MP000363	0.42952	0.68052	36	11	30.5556
gene_MP000365	0.37543	1.11259	434	16	3.6866
gene_MP000532	0.36660	0.93645	892	0	0.0000
gene_MP000543	0.35220	0.94509	928	0	0.0000
gene_MP000602	0.38384	0.89972	173	8	4.6243
gene_MP000717	0.37450	1.04954	587	7	1.1925
gene_MP000920	0.37232	1.03770	276	2	0.7246
gene_MP000938	0.38804	1.06288	4503	0	0.0000
gene_MP000976	0.40386	0.97015	77	0	0.0000
gene_MP001209	0.35220	0.94509	256	0	0.0000
gene_MP001217	0.34636	0.84023	325	7	2.1538
gene_MP001272	0.37993	1.06120	937	0	0.0000
gene_MP001299	0.37084	1.12722	162	3	1.8519
gene_MP001310	0.48620	1.21113	128	8	6.2500
gene_MP001316	0.35786	0.60681	44	20	45.4545
gene_MP001329	0.37145	1.14562	410	0	0.0000
gene_MP001340	0.37229	1.12960	793	0	0.0000
gene_MP001572	0.61728	1.27419	77	0	0.0000
gene_MP001666	0.38439	0.97523	227	2	0.8811
gene_MP001695	0.54023	0.65654	54	4	7.4074
gene_MP001734	0.42661	0.69660	32	4	12.5000
gene_MP001760	0.36469	0.74734	124	11	8.8710
gene_MP001792	0.35576	0.86376	307	0	0.0000
gene_MP001825	0.40156	0.55288	68	29	42.6471
gene_MP001830	0.41511	0.91036	84	0	0.0000
gene_MP001989	0.37829	0.72546	65	0	0.0000
gene_MP001994	0.34901	0.92494	165	5	3.0303
gene_MP002009	0.36480	0.99502	258	0	0.0000
gene_MP002012	0.40254	0.90585	45	2	4.4444
gene_MP002037	0.43533	0.89962	58	5	8.6207
gene_MP002150	0.41373	0.48465	21	5	23.8095
gene_MP002230	0.43849	0.90619	140	0	0.0000
gene_MP002233	0.69794	1.29220	578	0	0.0000
gene_MP002259	0.38415	1.02579	725	0	0.0000
gene_MP002368	0.37494	1.01805	963	0	0.0000
gene_MP002440	0.57143	0.83157	27	0	0.0000
gene_MP002561	0.35178	0.97206	144	0	0.0000
gene_MP002564	0.32888	0.54106	22	1	4.5455
gene_MP002570	0.33628	1.11461	587	0	0.0000
gene_MP002574	0.43103	1.20692	342	14	4.0936
gene_MP002595	0.37064	0.83331	27	5	18.5185
gene_MP002677	0.40652	0.97042	201	8	3.9801
gene_MP002716	0.36262	0.50438	40	6	15.0000
gene_MP002783	0.47015	0.97912	30	0	0.0000
gene_MP002893	0.39505	0.88242	68	0	0.0000
gene_MP002895	0.36277	0.87563	44	0	0.0000
gene_MP002899	0.35709	0.84996	162	20	12.3457
gene_MP002901	0.36575	0.84292	364	4	1.0989
gene_MP002957	0.35614	0.90232	340	9	2.6471
gene_MP002958	0.38791	1.21888	607	0	0.0000
gene_MP003004	0.33217	0.50606	30	0	0.0000
gene_MP003017	0.34696	1.11950	242	0	0.0000
gene_MP003070	0.36670	0.90762	107	0	0.0000
gene_MP003169	0.38472	1.05901	370	0	0.0000
gene_MP003353	0.38317	0.85550	49	1	2.0408
gene_MP003385	0.35659	1.00459	435	0	0.0000
gene_MP003562	0.36117	1.05123	44	0	0.0000
gene_MP003676	0.35256	1.02452	531	9	1.6949
gene_MP003707	0.34725	0.92024	67	0	0.0000
gene_MP003711	0.38613	0.97250	194	21	10.8247
gene_MP003784	0.43447	0.52771	21	0	0.0000
gene_MP003813	0.47492	0.91936	31	0	0.0000
gene_MP003817	0.39176	1.18255	857	0	0.0000
gene_MP003818	0.37702	0.86560	237	14	5.9072
gene_MP003916	0.39751	0.69135	80	11	13.7500
gene_MP004108	0.38944	0.70628	108	4	3.7037
gene_MP004157	0.38612	1.19320	102	0	0.0000
gene_MP004160	0.39011	0.94175	221	13	5.8824
gene_MP004181	0.37634	1.05273	355	0	0.0000
gene_MP004185	0.35091	0.89588	101	0	0.0000
gene_MP004232	0.43914	0.53083	21	21	100.0000
gene_MP004303	0.36986	0.31569	24	3	12.5000
gene_MP004346	0.38433	0.74698	113	17	15.0442
gene_MP004347	0.38720	0.89295	237	0	0.0000
gene_MP004377	0.33733	0.71766	34	7	20.5882
gene_MP004468	0.36110	1.05239	2291	0	0.0000
gene_MP004908	0.40592	1.06638	111	0	0.0000
gene_MP004914	0.38177	0.83957	47	0	0.0000
gene_MP004926	0.43626	0.99920	203	16	7.8818
gene_MP004934	0.35074	0.44161	39	10	25.6410
gene_MP004935	0.35994	1.08933	438	0	0.0000
gene_MP004939	0.39474	0.90825	295	12	4.0678
gene_MP005002	0.33143	0.38694	39	8	20.5128
gene_MP005003	0.38215	0.95189	113	0	0.0000
gene_MP005007	0.36607	0.78849	70	2	2.8571
gene_MP005051	0.36919	0.91508	739	7	0.9472
gene_MP005445	0.55696	1.21903	192	0	0.0000
gene_MP005479	0.36370	0.72412	21	7	33.3333
gene_MP005490	0.43626	0.99920	355	0	0.0000
gene_MP005492	0.36750	1.07672	23	0	0.0000
gene_MP005589	0.36642	1.07917	360	0	0.0000
gene_MP005599	0.39277	1.02222	92	0	0.0000
gene_MP005624	0.37925	0.81621	95	10	10.5263
gene_MP005628	0.42719	1.07168	71	5	7.0423
gene_MP005629	0.36642	1.07917	425	0	0.0000
gene_MP005666	0.36145	0.97920	1359	0	0.0000
gene_MP005687	0.34831	1.00554	571	0	0.0000
gene_MP005711	0.42897	1.18946	473	0	0.0000
gene_MP006048	0.34930	0.97470	3690	8	0.2168
gene_MP006050	0.39469	1.05950	397	0	0.0000
gene_MP006084	0.34872	0.56867	22	0	0.0000
gene_MP006155	0.36642	1.07917	1477	0	0.0000
gene_MP006163	0.36454	0.95115	107	0	0.0000
gene_MP006167	0.39281	0.93012	307	8	2.6059
gene_MP006274	0.39962	1.08132	439	3	0.6834
gene_MP006311	0.37122	0.67685	39	0	0.0000
gene_MP006314	0.38249	0.90898	52	2	3.8462
gene_MP006321	0.37353	0.82364	82	0	0.0000
gene_MP006373	0.34405	0.84519	198	0	0.0000
gene_MP006421	0.41004	1.02645	108	0	0.0000
gene_MP006604	0.35204	0.92187	190	1	0.5263
gene_MP006624	0.35147	1.00344	196	0	0.0000
gene_MP006931	0.33543	0.78343	119	0	0.0000
gene_MP006935	0.34987	0.89711	234	0	0.0000
gene_MP006937	0.36774	0.98949	113	0	0.0000
gene_MP007214	0.65525	1.00926	29	0	0.0000
gene_MP007500	0.65349	1.03660	30	0	0.0000
gene_MP007523	0.38156	1.03813	322	0	0.0000
gene_MP007570	0.36761	0.90644	125	1	0.8000
gene_MP007583	0.40877	0.96865	926	16	1.7279
gene_MP007594	0.42167	1.18478	391	0	0.0000
gene_MP007631	0.38315	0.94914	398	2	0.5025
gene_MP007634	0.37361	0.99211	22	10	45.4545
gene_MP007636	0.38059	1.19117	42	0	0.0000
gene_MP007664	0.38304	1.13170	700	0	0.0000
gene_MP007666	0.35722	0.95635	395	0	0.0000
gene_MP007667	0.38531	1.13714	141	0	0.0000
gene_MP007700	0.37572	0.76064	143	1	0.6993
gene_MP007746	0.42200	0.92821	158	0	0.0000
gene_MP007752	0.38340	0.92674	209	7	3.3493
gene_MP007785	0.36821	0.75200	86	7	8.1395
gene_MP007841	0.45535	1.11287	711	0	0.0000
gene_MP007929	0.37179	0.90208	156	4	2.5641
gene_MP007946	0.42390	0.87052	74	0	0.0000
gene_MP008777	0.65409	1.00916	21	0	0.0000
gene_MP009032	0.36306	0.92562	368	0	0.0000
gene_MP009599	0.39025	0.95514	163	0	0.0000
gene_MP009604	0.37347	1.12254	325	1	0.3077
gene_MP009617	0.37726	1.06430	133	0	0.0000
gene_MP009624	0.38506	1.11370	1424	0	0.0000
gene_MP009644	0.39904	1.14451	541	0	0.0000
gene_MP009658	0.37555	0.99480	998	1	0.1002
gene_MP009670	0.35250	0.95997	1307	0	0.0000
gene_MP009677	0.37555	0.99480	91	6	6.5934
gene_MP010128	0.34562	0.97012	103	0	0.0000
gene_MP010149	0.38141	0.98641	151	0	0.0000
gene_MP010264	0.40344	1.26369	761	2	0.2628
gene_MP010358	0.48031	1.28187	163	0	0.0000
gene_MP010449	0.36263	0.66351	63	8	12.6984
gene_MP010456	0.47519	1.28850	576	0	0.0000
gene_MP010457	0.36359	0.95266	1128	1	0.0887
gene_MP010943	0.33974	1.10765	91	0	0.0000
gene_MP011036	0.48389	0.95316	114	0	0.0000
gene_MP011159	0.65530	1.00760	151	0	0.0000
gene_MP011647	0.42838	0.92787	55	0	0.0000
gene_MP011823	0.35662	0.89380	130	0	0.0000
gene_MP011827	0.39364	0.99330	2325	0	0.0000
gene_MP011896	0.35084	1.02364	303	0	0.0000
gene_MP011929	0.38424	0.63663	24	13	54.1667
gene_MP012077	0.35679	0.87701	71	7	9.8592
gene_MP012096	0.37357	0.58651	25	4	16.0000
gene_MP012114	0.42605	0.97958	58	0	0.0000
gene_MP012135	0.36821	1.01091	169	0	0.0000
gene_MP012193	0.34698	1.06843	120	0	0.0000
gene_MP012224	0.64516	1.05983	28	0	0.0000
gene_MP012255	0.38197	1.17460	158	0	0.0000
gene_MP012258	0.55801	1.01812	42	0	0.0000
gene_MP012260	0.63922	1.07282	26	0	0.0000
gene_MP012262	0.64732	0.98291	69	0	0.0000
gene_MP012338	0.38468	1.11929	32	0	0.0000
gene_MP012717	0.40624	1.08544	507	0	0.0000
gene_MP012753	0.36673	1.03333	803	0	0.0000
gene_MP012830	0.75654	1.39277	34	0	0.0000
gene_MP013124	0.37465	1.08248	366	0	0.0000
gene_MP013151	0.47040	0.90377	21	0	0.0000
gene_MP013160	0.38716	1.05461	24	0	0.0000
gene_MP013165	0.37259	1.05301	522	23	4.4061
gene_MP013168	0.42203	1.15174	1295	10	0.7722
gene_MP013169	0.65467	1.37688	335	0	0.0000
gene_MP013170	0.36731	1.02408	80	0	0.0000
gene_MP013178	0.41171	1.10451	30	0	0.0000
gene_MP013179	0.36346	0.82557	53	0	0.0000
gene_MP013183	0.38962	0.98796	118	0	0.0000
gene_MP013207	0.39785	1.07337	183	19	10.3825
gene_MP013216	0.38912	1.06014	362	18	4.9724
gene_MP013264	0.32392	0.95304	320	0	0.0000
gene_MP013274	0.33582	0.98363	32	0	0.0000
gene_MP013275	0.35703	0.26294	22	3	13.6364
gene_MP013276	0.47771	1.26661	467	4	0.8565
gene_MP013307	0.32705	0.92262	153	0	0.0000
gene_MP013318	0.39776	0.81545	49	0	0.0000
gene_MP013322	0.36532	0.89726	128	0	0.0000
gene_MP013407	0.32228	0.95059	138	0	0.0000
gene_MP013517	0.39794	0.87155	56	0	0.0000
gene_MP013545	0.39814	0.72598	53	11	20.7547
gene_MP013546	0.39367	0.71812	124	0	0.0000
gene_MP013548	0.37694	1.02353	590	0	0.0000
gene_MP013602	0.38843	0.97215	80	0	0.0000
gene_MP013618	0.37399	0.99141	30	0	0.0000
gene_MP013685	0.39530	0.83162	65	0	0.0000
gene_MP013686	0.39653	0.42346	32	1	3.1250
gene_MP013796	0.35458	0.90337	252	0	0.0000
gene_MP013813	0.42865	0.87424	41	3	7.3171
gene_MP013816	0.36817	1.09648	656	0	0.0000
gene_MP013870	0.35539	0.83077	113	10	8.8496
gene_MP013986	0.65432	1.24542	118	0	0.0000
gene_MP014128	0.69406	0.94946	48	0	0.0000
gene_MP014137	0.66013	0.83758	42	0	0.0000
gene_MP014148	0.63768	0.88772	64	0	0.0000
gene_MP014158	0.35386	0.94843	40	0	0.0000
gene_MP014200	0.33988	0.75614	22	1	4.5455
gene_MP014208	0.42829	0.95787	204	0	0.0000
gene_MP014254	0.34165	0.74404	51	24	47.0588
gene_MP014286	0.34391	0.94179	94	0	0.0000
gene_MP014685	0.45584	1.02169	194	0	0.0000
gene_MP014874	0.37466	0.58262	52	10	19.2308
gene_MP014895	0.39677	0.63650	46	1	2.1739
gene_MP014981	0.35430	0.74548	46	16	34.7826
gene_MP015089	0.37760	0.63528	150	13	8.6667
gene_MP015219	0.37764	0.80452	101	0	0.0000
gene_MP015221	0.39873	0.93223	29	5	17.2414
gene_MP015275	0.35679	1.08610	981	0	0.0000
gene_MP015279	0.33864	0.67697	45	9	20.0000
gene_MP015282	0.38256	0.84061	111	12	10.8108
gene_MP015370	0.39259	1.07962	148	0	0.0000
gene_MP015376	0.39080	0.97617	47	0	0.0000
gene_MP015459	0.35735	0.97180	259	0	0.0000
gene_MP015491	0.41492	0.82133	33	0	0.0000
gene_MP015588	0.37004	1.01088	468	5	1.0684
gene_MP015590	0.41265	0.80292	99	0	0.0000
gene_MP015651	0.36227	0.57484	21	0	0.0000
gene_MP015652	0.40580	0.97870	432	8	1.8519
gene_MP015665	0.37022	0.98732	54	0	0.0000
gene_MP015706	0.42725	0.68279	119	4	3.3613
gene_MP016192	0.42346	0.87213	29	0	0.0000
gene_MP016208	0.34427	1.01138	80	0	0.0000
gene_MP016215	0.36944	1.14510	169	0	0.0000
gene_MP016221	0.31742	0.68669	40	9	22.5000
gene_MP016227	0.40234	1.07442	67	0	0.0000
gene_MP016249	0.37776	1.06310	78	0	0.0000
gene_MP016251	0.60459	1.27880	177	0	0.0000
gene_MP016285	0.33862	0.96690	50	0	0.0000
gene_MP016348	0.35531	0.94633	158	0	0.0000
gene_MP016350	0.40534	1.25745	956	5	0.5230
gene_MP016353	0.39581	0.95194	165	2	1.2121
gene_MP016851	0.43285	1.37275	158	0	0.0000
gene_MP016988	0.41515	1.19513	613	0	0.0000
gene_MP016998	0.37127	1.04238	426	0	0.0000
gene_MP017054	0.61204	1.20759	277	0	0.0000
gene_MP017173	0.35601	0.99887	2159	0	0.0000
gene_MP017290	0.34786	0.97555	133	0	0.0000
gene_MP017329	0.34786	0.97555	478	0	0.0000
gene_MP017347	0.36316	0.96766	251	14	5.5777
gene_MP017348	0.36196	0.97756	83	0	0.0000
gene_MP017471	0.36431	1.02481	4705	1	0.0213
gene_MP017608	0.38621	0.90789	585	0	0.0000
gene_MP017864	0.39208	0.94727	107	0	0.0000
gene_MP017882	0.38182	0.98545	386	0	0.0000
gene_MP017922	0.36741	1.12819	888	0	0.0000
gene_MP017950	0.43369	0.79142	103	0	0.0000
gene_MP018028	0.35328	0.77278	29	0	0.0000
gene_MP018059	0.38039	1.06239	60	0	0.0000
gene_MP018117	0.46745	0.99124	185	0	0.0000
gene_MP018321	0.43309	0.82964	33	0	0.0000
gene_MP018428	0.34361	1.05329	76	0	0.0000
gene_MP018445	0.41260	1.10289	188	0	0.0000
gene_MP018520	0.34666	0.36913	25	5	20.0000
gene_MP018680	0.35557	0.89669	255	0	0.0000
gene_MP018750	0.37679	0.74489	53	3	5.6604
gene_MP018908	0.36911	0.97182	607	27	4.4481
gene_MP019168	0.52648	1.04015	23	0	0.0000
gene_MP019513	0.50262	0.89354	86	0	0.0000
gene_MP019618	0.36833	0.97056	31	5	16.1290
gene_MP019723	0.37683	1.00148	68	0	0.0000
gene_MP019726	0.38088	1.09775	172	0	0.0000
gene_MP019775	0.37386	0.71546	130	3	2.3077
gene_MP019783	0.38340	1.00423	78	0	0.0000
gene_MP019820	0.34165	1.01261	1123	0	0.0000
gene_MP019827	0.34879	0.49755	23	7	30.4348
gene_MP019834	0.37313	0.68796	359	2	0.5571
gene_MP019835	0.37295	1.07603	251	0	0.0000
gene_MP019849	0.46531	0.97306	78	0	0.0000
gene_MP019891	0.37993	0.89158	242	0	0.0000
gene_MP020345	0.39635	1.22247	86	0	0.0000
gene_MP021397	0.65798	0.98947	97	0	0.0000
gene_MP021631	0.39422	0.98289	37	0	0.0000
gene_MP022163	0.41197	0.98750	36	0	0.0000
gene_MP022177	0.40606	1.03969	395	0	0.0000
gene_MP022196	0.37921	0.54859	35	3	8.5714
gene_MP022201	0.35081	0.99426	2899	3	0.1035
gene_MP022211	0.38781	0.99334	309	0	0.0000
gene_MP022222	0.38133	0.89943	100	0	0.0000
gene_MP022288	0.37269	0.87794	165	0	0.0000
gene_MP022608	0.43612	0.87136	90	0	0.0000
gene_MP022742	0.44783	0.62852	24	0	0.0000
gene_MP022960	0.35881	1.42065	68	0	0.0000
gene_MP023196	0.43067	0.98680	283	11	3.8869
gene_MP023227	0.34653	1.02121	453	0	0.0000
gene_MP024176	0.46266	0.79094	23	0	0.0000
gene_MP024338	0.64756	1.00650	35	0	0.0000
gene_MP024602	0.36978	0.73411	29	0	0.0000
gene_MP024636	0.44070	1.18867	305	7	2.2951
gene_MP024774	0.46622	1.33760	32	0	0.0000
gene_MP024775	0.55556	1.59059	26	0	0.0000
gene_MP000002	0.34399	0.89975	572	1	0.1748
gene_MP000025	0.33045	0.82246	494	0	0.0000
gene_MP000171	0.41320	0.97848	85	0	0.0000
gene_MP000218	0.37920	1.05998	386	0	0.0000
gene_MP000220	0.37158	1.12397	65	0	0.0000
gene_MP000222	0.36167	1.09712	52	3	5.7692
gene_MP000328	0.35128	0.75500	223	19	8.5202
gene_MP000329	0.43199	0.93028	313	0	0.0000
gene_MP000347	0.33962	0.82232	60	7	11.6667
gene_MP000382	0.38030	1.16901	521	0	0.0000
gene_MP000384	0.36389	0.91504	709	0	0.0000
gene_MP000685	0.38539	0.93216	200	1	0.5000
gene_MP000745	0.37545	0.83519	31	0	0.0000
gene_MP001027	0.36646	0.92835	757	0	0.0000
gene_MP001080	0.37981	1.17184	113	0	0.0000
gene_MP001320	0.36167	1.09712	55	0	0.0000
gene_MP001357	0.37734	1.12026	528	0	0.0000
gene_MP001397	0.44680	1.07494	393	15	3.8168
gene_MP001400	0.36771	1.01821	1240	2	0.1613
gene_MP001420	0.40178	0.87074	109	0	0.0000
gene_MP001423	0.39786	1.09832	195	1	0.5128
gene_MP001442	0.38030	1.16901	274	0	0.0000
gene_MP001497	0.44810	0.94141	42	3	7.1429
gene_MP001576	0.36798	0.98583	204	0	0.0000
gene_MP001683	0.34104	0.59710	57	12	21.0526
gene_MP001707	0.35244	1.07617	663	0	0.0000
gene_MP001761	0.36159	0.91280	156	0	0.0000
gene_MP002135	0.47186	1.01762	321	2	0.6231
gene_MP002231	0.33295	0.79080	62	0	0.0000
gene_MP002234	0.38600	1.09315	170	0	0.0000
gene_MP002243	0.36848	1.09228	194	0	0.0000
gene_MP002253	0.36962	0.84411	127	9	7.0866
gene_MP002257	0.36118	0.85616	203	0	0.0000
gene_MP002263	0.37135	0.82539	165	0	0.0000
gene_MP002637	0.37864	1.11818	69	0	0.0000
gene_MP002653	0.46778	1.14166	447	0	0.0000
gene_MP002671	0.34739	0.81452	102	2	1.9608
gene_MP002684	0.35339	1.05831	221	0	0.0000
gene_MP002690	0.38190	0.78779	141	13	9.2199
gene_MP002695	0.40314	0.98647	107	0	0.0000
gene_MP002719	0.36283	1.02022	1854	0	0.0000
gene_MP002903	0.40603	0.76468	27	0	0.0000
gene_MP002904	0.36642	0.92224	86	2	2.3256
gene_MP002908	0.38042	0.67282	53	0	0.0000
gene_MP002910	0.36073	0.89429	191	7	3.6649
gene_MP002992	0.36659	1.18916	162	0	0.0000
gene_MP003089	0.35213	0.57569	74	39	52.7027
gene_MP003235	0.36425	0.77904	61	0	0.0000
gene_MP003241	0.36802	0.87720	225	0	0.0000
gene_MP003376	0.49522	0.99481	114	0	0.0000
gene_MP003397	0.39514	0.98155	46	0	0.0000
gene_MP003398	0.37027	0.92408	244	0	0.0000
gene_MP003460	0.37093	0.48582	31	23	74.1935
gene_MP003465	0.33643	0.94537	144	0	0.0000
gene_MP003467	0.36582	0.94078	163	0	0.0000
gene_MP003482	0.36430	0.84038	89	0	0.0000
gene_MP003567	0.38368	1.04557	48	0	0.0000
gene_MP003659	0.41406	0.82093	81	0	0.0000
gene_MP003687	0.34187	0.79312	80	0	0.0000
gene_MP003810	0.38535	0.43356	26	5	19.2308
gene_MP003826	0.41239	0.81712	186	0	0.0000
gene_MP003833	0.37709	1.04469	368	34	9.2391
gene_MP003854	0.43097	0.56534	23	4	17.3913
gene_MP003862	0.35681	0.95873	2730	0	0.0000
gene_MP003965	0.33803	1.30123	25	0	0.0000
gene_MP003969	0.36920	0.62290	95	12	12.6316
gene_MP003980	0.41036	0.96531	157	8	5.0955
gene_MP004036	0.36750	0.91315	162	1	0.6173
gene_MP004241	0.43081	0.42806	23	5	21.7391
gene_MP004252	0.37378	1.17959	116	0	0.0000
gene_MP004257	0.38072	1.10075	477	0	0.0000
gene_MP004341	0.40087	0.84173	112	12	10.7143
gene_MP004360	0.37390	1.09082	40	0	0.0000
gene_MP004365	0.36447	1.05036	41	0	0.0000
gene_MP004576	0.35750	0.79913	333	0	0.0000
gene_MP004577	0.36589	0.71477	30	0	0.0000
gene_MP004679	0.35460	0.87926	129	1	0.7752
gene_MP004680	0.39997	0.97001	188	3	1.5957
gene_MP004681	0.39421	1.09722	741	11	1.4845
gene_MP004693	0.38365	0.90687	209	0	0.0000
gene_MP004710	0.36718	0.96538	854	0	0.0000
gene_MP004716	0.40333	0.72590	56	5	8.9286
gene_MP005226	0.34639	0.94439	243	0	0.0000
gene_MP005324	0.38778	1.06582	1423	0	0.0000
gene_MP005331	0.33971	0.90513	44	1	2.2727
gene_MP005433	0.33367	1.00423	1107	0	0.0000
gene_MP005501	0.36272	1.16709	2016	0	0.0000
gene_MP005598	0.63051	1.19386	90	0	0.0000
gene_MP005849	0.38217	0.90612	105	0	0.0000
gene_MP005901	0.37332	1.09788	759	0	0.0000
gene_MP005935	0.34691	0.89933	116	0	0.0000
gene_MP005942	0.36200	1.06946	995	0	0.0000
gene_MP005944	0.35605	0.77535	243	8	3.2922
gene_MP005949	0.51529	1.17727	257	0	0.0000
gene_MP006076	0.38525	0.98946	320	28	8.7500
gene_MP006238	0.39245	0.81683	153	9	5.8824
gene_MP006356	0.55683	0.95789	1175	1	0.0851
gene_MP006436	0.43294	0.77207	91	0	0.0000
gene_MP006485	0.36038	0.87788	842	0	0.0000
gene_MP007381	0.44551	1.18236	230	0	0.0000
gene_MP008202	0.44505	0.92377	101	0	0.0000
gene_MP008211	0.44271	1.20973	727	10	1.3755
gene_MP008214	0.34294	0.72178	22	0	0.0000
gene_MP008219	0.37157	0.71002	43	9	20.9302
gene_MP008227	0.35576	0.82065	53	0	0.0000
gene_MP008231	0.38041	0.92170	145	0	0.0000
gene_MP008240	0.38111	0.84817	211	3	1.4218
gene_MP008251	0.34210	1.01260	529	0	0.0000
gene_MP008253	0.39007	0.94711	162	0	0.0000
gene_MP008276	0.35223	0.92625	407	0	0.0000
gene_MP008281	0.34445	0.90442	238	0	0.0000
gene_MP008286	0.41879	0.83409	152	5	3.2895
gene_MP008313	0.41018	0.73526	108	0	0.0000
gene_MP008334	0.34647	0.77691	194	0	0.0000
gene_MP008343	0.37835	0.98702	360	0	0.0000
gene_MP008347	0.42302	0.75622	25	0	0.0000
gene_MP008352	0.39190	0.99479	146	0	0.0000
gene_MP008357	0.35985	0.74882	89	0	0.0000
gene_MP008372	0.35155	1.01700	568	0	0.0000
gene_MP008379	0.38119	0.92454	513	0	0.0000
gene_MP008436	0.44790	1.12019	270	4	1.4815
gene_MP008443	0.35678	0.96894	2974	0	0.0000
gene_MP008460	0.34678	0.57522	42	1	2.3810
gene_MP008461	0.40439	0.88459	593	7	1.1804
gene_MP008462	0.35678	0.96894	646	0	0.0000
gene_MP008469	0.37803	0.71221	51	3	5.8824
gene_MP008473	0.39110	0.96834	777	5	0.6435
gene_MP008498	0.37524	0.87776	105	0	0.0000
gene_MP008535	0.35955	1.03449	454	0	0.0000
gene_MP008645	0.34304	0.83666	186	0	0.0000
gene_MP009098	0.51574	0.86442	24	0	0.0000
gene_MP009456	0.56516	0.97298	62	0	0.0000
gene_MP010229	0.36769	1.06491	895	0	0.0000
gene_MP010242	0.37309	0.91270	59	0	0.0000
gene_MP010405	0.37214	1.03174	1794	3	0.1672
gene_MP010507	0.35631	0.95565	2950	0	0.0000
gene_MP010782	0.38049	0.84040	196	0	0.0000
gene_MP010818	0.35913	1.04277	1714	0	0.0000
gene_MP010823	0.36716	1.05162	863	0	0.0000
gene_MP010836	0.36192	1.02185	467	0	0.0000
gene_MP010954	0.37611	1.04099	645	1	0.1550
gene_MP010984	0.39368	0.85090	73	0	0.0000
gene_MP011056	0.36769	1.06491	442	0	0.0000
gene_MP011116	0.35802	0.82691	238	7	2.9412
gene_MP011137	0.34294	0.85921	23	0	0.0000
gene_MP011681	0.38595	0.93958	61	0	0.0000
gene_MP011824	0.39592	0.99744	48	14	29.1667
gene_MP011889	0.35018	0.83391	122	0	0.0000
gene_MP011914	0.36839	0.71680	36	4	11.1111
gene_MP012086	0.35425	1.00868	498	0	0.0000
gene_MP012106	0.37631	0.82849	87	4	4.5977
gene_MP012143	0.34487	0.76101	70	0	0.0000
gene_MP012308	0.41497	0.83795	269	0	0.0000
gene_MP012391	0.35719	1.01342	482	0	0.0000
gene_MP012649	0.44144	0.62602	44	9	20.4545
gene_MP012798	0.41455	0.79236	87	0	0.0000
gene_MP012806	0.41746	0.96311	73	0	0.0000
gene_MP012824	0.34392	0.77609	70	0	0.0000
gene_MP012831	0.41052	0.70913	72	0	0.0000
gene_MP012832	0.38190	0.94600	80	0	0.0000
gene_MP012835	0.38389	0.81494	116	5	4.3103
gene_MP012842	0.37910	0.76511	30	0	0.0000
gene_MP012848	0.35746	0.86452	25	1	4.0000
gene_MP012881	0.39028	0.68512	39	0	0.0000
gene_MP012891	0.38243	0.89411	102	0	0.0000
gene_MP012894	0.36511	1.17626	471	0	0.0000
gene_MP012902	0.33318	0.90427	54	0	0.0000
gene_MP012994	0.44023	1.10205	301	14	4.6512
gene_MP013103	0.34368	0.91651	318	0	0.0000
gene_MP013112	0.45085	1.12776	310	0	0.0000
gene_MP013200	0.53280	0.89682	680	0	0.0000
gene_MP013228	0.39780	0.92089	26	0	0.0000
gene_MP013230	0.39582	1.01275	32	0	0.0000
gene_MP013231	0.38649	1.12362	494	0	0.0000
gene_MP013235	0.37346	1.03888	164	0	0.0000
gene_MP013249	0.40641	0.88867	359	0	0.0000
gene_MP013283	0.67972	1.31326	418	0	0.0000
gene_MP013320	0.39158	1.06598	606	0	0.0000
gene_MP013551	0.41941	0.92395	70	0	0.0000
gene_MP013570	0.36555	1.16554	235	0	0.0000
gene_MP013709	0.40685	0.97424	157	18	11.4650
gene_MP013734	0.37380	0.60909	33	19	57.5758
gene_MP013769	0.38303	0.83273	25	0	0.0000
gene_MP013835	0.42577	1.15627	177	1	0.5650
gene_MP013838	0.47333	0.57682	29	11	37.9310
gene_MP013845	0.39525	0.91523	165	0	0.0000
gene_MP013987	0.42606	1.16271	243	1	0.4115
gene_MP014125	0.71916	0.93457	46	0	0.0000
gene_MP014503	0.35089	0.88125	35	0	0.0000
gene_MP014599	0.40549	0.91448	82	0	0.0000
gene_MP014622	0.38047	0.84394	73	0	0.0000
gene_MP014706	0.37850	0.88608	95	0	0.0000
gene_MP014714	0.47532	0.81945	76	0	0.0000
gene_MP014718	0.40699	1.01743	93	0	0.0000
gene_MP015030	0.44463	0.92665	55	0	0.0000
gene_MP015037	0.33919	0.99036	492	0	0.0000
gene_MP015160	0.42071	0.70543	33	0	0.0000
gene_MP015163	0.36374	1.05596	344	0	0.0000
gene_MP015167	0.48497	1.27859	57	0	0.0000
gene_MP015168	0.33796	1.03979	1935	6	0.3101
gene_MP015243	0.38681	1.08872	173	0	0.0000
gene_MP015470	0.43276	1.06377	110	0	0.0000
gene_MP015783	0.40279	1.21111	95	0	0.0000
gene_MP015812	0.55369	0.86209	59	0	0.0000
gene_MP015973	0.41514	1.01393	397	2	0.5038
gene_MP015978	0.33511	1.03640	191	0	0.0000
gene_MP015988	0.40724	1.01211	38	0	0.0000
gene_MP015998	0.64376	1.22535	231	0	0.0000
gene_MP016007	0.66667	1.16323	93	0	0.0000
gene_MP016008	0.40868	0.85810	76	0	0.0000
gene_MP016520	0.53632	1.64368	61	0	0.0000
gene_MP016709	0.37407	0.80283	144	0	0.0000
gene_MP016710	0.35830	0.97186	85	0	0.0000
gene_MP016731	0.35082	1.03835	666	0	0.0000
gene_MP016878	0.33505	0.88055	180	16	8.8889
gene_MP016946	0.38947	0.81816	33	0	0.0000
gene_MP017023	0.37248	1.06424	21	0	0.0000
gene_MP017042	0.37668	0.91140	89	0	0.0000
gene_MP017047	0.37550	0.91812	226	0	0.0000
gene_MP017419	0.39951	1.26431	27	0	0.0000
gene_MP017442	0.36357	0.89985	32	0	0.0000
gene_MP017495	0.38705	0.67213	93	0	0.0000
gene_MP017525	0.38258	0.95578	230	0	0.0000
gene_MP017558	0.37221	0.90069	103	0	0.0000
gene_MP017580	0.35781	1.01006	50	0	0.0000
gene_MP017593	0.32604	0.95795	49	0	0.0000
gene_MP017761	0.37556	0.88470	25	0	0.0000
gene_MP017765	0.34169	0.81393	230	5	2.1739
gene_MP017832	0.41342	0.70804	29	0	0.0000
gene_MP018246	0.38824	0.67535	74	0	0.0000
gene_MP018670	0.36416	1.00152	87	0	0.0000
gene_MP018752	0.37561	0.81293	68	0	0.0000
gene_MP019430	0.65798	0.98947	66	1	1.5152
gene_MP019436	0.65689	0.98214	96	0	0.0000
gene_MP019705	0.46667	0.72193	30	0	0.0000
gene_MP019710	0.46667	0.69751	29	0	0.0000
gene_MP020072	0.53483	1.62548	93	0	0.0000
gene_MP020077	0.53607	1.60000	92	0	0.0000
gene_MP020175	0.50942	0.87747	60	0	0.0000
gene_MP020392	0.37041	0.61783	131	5	3.8168
gene_MP020397	0.62101	1.28723	342	0	0.0000
gene_MP020403	0.36840	0.70130	67	0	0.0000
gene_MP020411	0.40612	1.09663	37	0	0.0000
gene_MP020421	0.34356	1.03961	520	0	0.0000
gene_MP020451	0.36534	0.96890	60	0	0.0000
gene_MP020463	0.38009	0.99407	289	0	0.0000
gene_MP020467	0.54173	0.71313	52	0	0.0000
gene_MP020511	0.35664	0.96233	782	0	0.0000
gene_MP020526	0.33932	0.76389	20	7	35.0000
gene_MP020549	0.35076	0.65793	82	0	0.0000
gene_MP020590	0.50610	1.27507	356	0	0.0000
gene_MP020631	0.36755	0.90093	78	0	0.0000
gene_MP020635	0.40057	0.89450	114	0	0.0000
gene_MP020669	0.35958	0.72968	96	10	10.4167
gene_MP020764	0.36329	0.95866	324	1	0.3086
gene_MP020779	0.72979	1.26810	79	0	0.0000
gene_MP020786	0.32984	0.31837	41	3	7.3171
gene_MP021328	0.46178	1.00140	50	0	0.0000
gene_MP021425	0.50063	0.89409	87	0	0.0000
gene_MP021637	0.39319	0.98812	37	0	0.0000
gene_MP022272	0.41939	0.90880	29	0	0.0000
gene_MP022896	0.51297	1.22907	264	11	4.1667
gene_MP022976	0.33557	0.97092	124	0	0.0000
gene_MP023023	0.41811	0.76740	125	0	0.0000
gene_MP023177	0.62908	1.17430	255	0	0.0000
gene_MP023316	0.37884	1.10171	268	0	0.0000
gene_MP023327	0.42495	1.09654	286	0	0.0000
gene_MP023355	0.37301	0.79151	50	0	0.0000
gene_MP023449	0.50245	0.77818	20	0	0.0000
gene_MP023450	0.50000	0.78704	20	0	0.0000
gene_MP023665	0.34420	1.03620	63	25	39.6825
gene_MP023678	0.38919	0.94871	527	4	0.7590
gene_MP023703	0.36074	1.02034	1027	0	0.0000
gene_MP023714	0.41211	0.97115	263	0	0.0000
gene_MP023715	0.35632	0.87531	213	0	0.0000
gene_MP023748	0.37573	0.88311	26	0	0.0000
gene_MP023780	0.34000	0.89562	138	0	0.0000
gene_MP023786	0.40804	1.09761	77	0	0.0000
gene_MP023858	0.40837	1.06082	48	0	0.0000
gene_MP024151	0.39556	0.84112	97	0	0.0000
gene_MP024224	0.65644	1.28231	67	0	0.0000
gene_MP024259	0.34732	0.79612	147	0	0.0000
gene_MP024307	0.52981	0.75365	46	0	0.0000
gene_MP024355	0.64489	0.95130	59	0	0.0000
gene_MP024764	0.57625	0.63584	34	0	0.0000
gene_MP024793	0.40738	0.90240	161	0	0.0000
gene_MP000036	0.47629	0.66589	35	0	0.0000
gene_MP000185	0.41960	1.04176	415	2	0.4819
gene_MP000187	0.35098	0.77924	57	2	3.5088
gene_MP000221	0.39825	0.99739	163	1	0.6135
gene_MP000334	0.41213	1.01698	100	0	0.0000
gene_MP000349	0.37792	0.99480	407	0	0.0000
gene_MP000400	0.50784	1.20168	139	0	0.0000
gene_MP000985	0.38289	1.06271	1373	5	0.3642
gene_MP001366	0.38946	1.01485	1177	0	0.0000
gene_MP001507	0.37551	0.84320	105	0	0.0000
gene_MP001926	0.34309	0.85801	248	0	0.0000
gene_MP001932	0.41021	0.68052	45	15	33.3333
gene_MP001934	0.36856	1.08535	739	0	0.0000
gene_MP001950	0.36828	1.00563	1076	0	0.0000
gene_MP002130	0.37570	1.21577	924	0	0.0000
gene_MP002134	0.54843	0.92241	55	0	0.0000
gene_MP002219	0.35560	0.82497	83	8	9.6386
gene_MP002377	0.35935	0.92618	313	12	3.8339
gene_MP002412	0.34384	0.88567	44	0	0.0000
gene_MP002413	0.34384	0.88567	44	0	0.0000
gene_MP002436	0.56868	0.85252	64	0	0.0000
gene_MP002499	0.36606	0.85932	211	10	4.7393
gene_MP002511	0.49559	1.28891	323	3	0.9288
gene_MP002776	0.38874	0.92575	90	2	2.2222
gene_MP003272	0.33780	0.97552	1200	0	0.0000
gene_MP003292	0.36869	0.86074	300	0	0.0000
gene_MP003311	0.46862	1.42171	248	0	0.0000
gene_MP003321	0.39417	1.13159	185	0	0.0000
gene_MP003325	0.39598	0.78796	73	0	0.0000
gene_MP003354	0.36695	0.94860	328	11	3.3537
gene_MP003360	0.37946	1.02676	800	0	0.0000
gene_MP003591	0.35215	0.80265	142	0	0.0000
gene_MP003595	0.31851	0.61791	43	11	25.5814
gene_MP003650	0.35850	0.82318	390	0	0.0000
gene_MP003673	0.37878	0.95919	92	0	0.0000
gene_MP003752	0.35756	0.90962	194	2	1.0309
gene_MP003985	0.36521	0.84493	187	38	20.3209
gene_MP004014	0.36251	0.89633	34	0	0.0000
gene_MP004109	0.36553	0.97731	226	1	0.4425
gene_MP004208	0.45197	0.99891	176	3	1.7045
gene_MP004312	0.36962	0.89279	159	5	3.1447
gene_MP004645	0.37828	0.81307	118	0	0.0000
gene_MP004661	0.38682	0.97642	908	9	0.9912
gene_MP004886	0.35481	0.99530	61	0	0.0000
gene_MP004969	0.36491	1.04591	1157	1	0.0864
gene_MP005032	0.36229	0.94244	518	0	0.0000
gene_MP005058	0.54566	1.13388	148	9	6.0811
gene_MP005110	0.34784	0.97792	177	0	0.0000
gene_MP005176	0.40587	0.79856	20	0	0.0000
gene_MP005206	0.39953	0.89275	137	0	0.0000
gene_MP005208	0.38555	1.03673	782	7	0.8951
gene_MP005211	0.49374	1.06028	164	0	0.0000
gene_MP005292	0.36918	1.06956	254	0	0.0000
gene_MP005515	0.36694	0.91742	64	0	0.0000
gene_MP005588	0.37924	1.00522	579	0	0.0000
gene_MP005648	0.34496	0.74548	31	16	51.6129
gene_MP005693	0.39164	1.43652	108	0	0.0000
gene_MP005819	0.36737	0.98807	162	12	7.4074
gene_MP006169	0.34282	0.93904	105	0	0.0000
gene_MP006219	0.37766	0.98785	290	2	0.6897
gene_MP006399	0.40974	1.04752	243	7	2.8807
gene_MP006400	0.35696	0.82458	31	0	0.0000
gene_MP006760	0.35390	0.95160	47	0	0.0000
gene_MP006771	0.34900	1.02824	316	0	0.0000
gene_MP006858	0.36416	0.97184	100	0	0.0000
gene_MP006960	0.37226	0.95030	32	0	0.0000
gene_MP007045	0.37273	0.92222	269	0	0.0000
gene_MP007797	0.43808	0.86242	61	0	0.0000
gene_MP007798	0.43808	0.86242	56	0	0.0000
gene_MP007802	0.43808	0.86242	84	0	0.0000
gene_MP007813	0.39122	0.99037	148	0	0.0000
gene_MP007821	0.37952	0.95299	2548	7	0.2747
gene_MP007833	0.41719	1.13312	486	0	0.0000
gene_MP007863	0.38090	1.20481	545	0	0.0000
gene_MP007868	0.38117	0.86367	969	0	0.0000
gene_MP007871	0.34373	0.91914	47	2	4.2553
gene_MP007873	0.34704	1.00510	407	0	0.0000
gene_MP007888	0.35908	1.03708	547	1	0.1828
gene_MP007895	0.35040	1.05232	1065	0	0.0000
gene_MP007940	0.37402	0.93849	66	0	0.0000
gene_MP007941	0.41327	1.11413	123	0	0.0000
gene_MP007956	0.44599	1.33763	1192	2	0.1678
gene_MP007984	0.40627	0.98989	434	0	0.0000
gene_MP007989	0.37402	0.93849	488	0	0.0000
gene_MP007995	0.37779	1.19993	794	0	0.0000
gene_MP008012	0.45340	1.18922	29	5	17.2414
gene_MP008022	0.71229	1.38217	603	2	0.3317
gene_MP008058	0.39031	0.91373	350	10	2.8571
gene_MP008062	0.36530	0.97893	1131	0	0.0000
gene_MP008072	0.38190	0.88850	412	3	0.7282
gene_MP008084	0.40312	1.03100	434	6	1.3825
gene_MP008249	0.57421	1.20175	391	9	2.3018
gene_MP008267	0.55124	0.85462	35	0	0.0000
gene_MP009393	0.47271	1.00493	190	0	0.0000
gene_MP009828	0.39107	0.91483	43	0	0.0000
gene_MP009831	0.41322	1.09316	1348	2	0.1484
gene_MP009848	0.34204	0.96894	576	0	0.0000
gene_MP009862	0.40098	0.99581	1848	3	0.1623
gene_MP009864	0.37594	1.02088	1364	7	0.5132
gene_MP009867	0.42317	1.00071	280	0	0.0000
gene_MP009883	0.39744	0.93001	686	0	0.0000
gene_MP009891	0.39621	0.94024	78	0	0.0000
gene_MP009914	0.40110	0.99548	429	0	0.0000
gene_MP009917	0.44347	0.88293	79	0	0.0000
gene_MP010020	0.37799	1.00757	699	11	1.5737
gene_MP010041	0.35117	0.96434	1150	0	0.0000
gene_MP010044	0.35929	0.81741	47	0	0.0000
gene_MP010053	0.36825	0.93925	780	0	0.0000
gene_MP010057	0.34983	1.09282	1095	0	0.0000
gene_MP010434	0.37284	1.10136	508	0	0.0000
gene_MP010448	0.37396	0.95502	492	7	1.4228
gene_MP010462	0.37543	1.05369	743	1	0.1346
gene_MP010464	0.39120	0.80044	162	5	3.0864
gene_MP010468	0.36465	0.91727	135	0	0.0000
gene_MP010592	0.35987	0.93748	31	0	0.0000
gene_MP010804	0.37284	1.10136	263	0	0.0000
gene_MP011030	0.48292	0.94813	27	0	0.0000
gene_MP011386	0.49897	1.17943	165	0	0.0000
gene_MP011825	0.41507	0.78144	40	17	42.5000
gene_MP012030	0.37233	0.84442	110	5	4.5455
gene_MP012403	0.39888	0.59369	25	0	0.0000
gene_MP012446	0.34612	0.95882	710	0	0.0000
gene_MP012462	0.41770	0.79005	40	0	0.0000
gene_MP012473	0.38561	0.80813	192	0	0.0000
gene_MP012503	0.36982	0.54801	105	13	12.3810
gene_MP012588	0.42107	1.06047	335	4	1.1940
gene_MP012700	0.41782	0.89029	290	4	1.3793
gene_MP012728	0.57007	0.96127	48	0	0.0000
gene_MP012752	0.42584	0.66605	20	3	15.0000
gene_MP012756	0.35791	0.97721	124	7	5.6452
gene_MP012767	0.36998	1.00329	118	0	0.0000
gene_MP012843	0.34867	0.40476	35	5	14.2857
gene_MP012852	0.35126	0.60784	23	5	21.7391
gene_MP012941	0.37325	0.91462	144	0	0.0000
gene_MP013003	0.39849	0.71784	64	0	0.0000
gene_MP013068	0.37474	1.12541	1226	19	1.5498
gene_MP013086	0.38518	0.80167	71	0	0.0000
gene_MP013270	0.51172	0.80200	99	5	5.0505
gene_MP013426	0.40940	0.55285	31	7	22.5806
gene_MP013787	0.32038	0.96097	112	15	13.3929
gene_MP013945	0.35904	0.70959	57	0	0.0000
gene_MP013946	0.34995	1.00468	868	0	0.0000
gene_MP014071	0.52018	0.82451	62	10	16.1290
gene_MP014107	0.34871	0.97890	1205	0	0.0000
gene_MP014203	0.38809	0.97063	163	0	0.0000
gene_MP014204	0.44200	0.91066	70	6	8.5714
gene_MP014247	0.35733	0.99250	374	17	4.5455
gene_MP014372	0.37069	0.93233	613	31	5.0571
gene_MP014401	0.36579	0.90372	132	0	0.0000
gene_MP014451	0.28644	1.01630	40	11	27.5000
gene_MP014477	0.36122	0.94466	904	0	0.0000
gene_MP014490	0.37151	1.05753	218	7	3.2110
gene_MP014614	0.49921	0.98515	54	4	7.4074
gene_MP014633	0.36329	0.72739	44	0	0.0000
gene_MP014642	0.34731	0.80572	59	0	0.0000
gene_MP014690	0.41171	0.81618	67	0	0.0000
gene_MP014733	0.40074	0.87910	332	4	1.2048
gene_MP014806	0.40049	0.77040	63	8	12.6984
gene_MP014813	0.39146	1.05049	357	0	0.0000
gene_MP014821	0.35441	0.92984	355	0	0.0000
gene_MP014960	0.34807	0.93173	127	0	0.0000
gene_MP015117	0.37780	1.21840	123	2	1.6260
gene_MP015154	0.36879	0.96695	285	0	0.0000
gene_MP015210	0.39204	1.02409	104	0	0.0000
gene_MP015421	0.45279	0.96302	36	0	0.0000
gene_MP015677	0.44030	1.17110	152	0	0.0000
gene_MP015680	0.44681	1.04646	353	3	0.8499
gene_MP015681	0.40617	0.90409	243	0	0.0000
gene_MP015682	0.47146	0.94292	118	0	0.0000
gene_MP015777	0.34366	0.88594	41	5	12.1951
gene_MP015895	0.40390	1.02405	302	13	4.3046
gene_MP015922	0.35007	0.94223	972	0	0.0000
gene_MP015975	0.41804	0.77687	68	0	0.0000
gene_MP016278	0.38079	0.94336	619	0	0.0000
gene_MP016284	0.35364	0.86949	27	0	0.0000
gene_MP016347	0.41158	0.72140	48	0	0.0000
gene_MP016412	0.40383	0.96820	63	0	0.0000
gene_MP016417	0.33677	0.97737	137	0	0.0000
gene_MP016450	0.42458	0.94420	70	0	0.0000
gene_MP016669	0.36924	0.61048	79	0	0.0000
gene_MP016679	0.38024	0.88645	84	0	0.0000
gene_MP016816	0.39086	1.10342	82	0	0.0000
gene_MP017224	0.39016	0.81126	78	0	0.0000
gene_MP017368	0.34818	0.94894	1021	0	0.0000
gene_MP017382	0.37390	0.98428	1233	0	0.0000
gene_MP017497	0.37709	0.92406	50	0	0.0000
gene_MP017685	0.67785	1.00374	51	0	0.0000
gene_MP017930	0.35070	0.98653	1272	17	1.3365
gene_MP018022	0.39978	0.92051	29	0	0.0000
gene_MP018074	0.39978	0.92051	121	0	0.0000
gene_MP018103	0.35651	0.96293	442	8	1.8100
gene_MP018134	0.37970	1.02997	64	0	0.0000
gene_MP018202	0.39088	0.99016	225	5	2.2222
gene_MP018511	0.42107	1.06047	50	0	0.0000
gene_MP018632	0.42107	1.06047	340	0	0.0000
gene_MP018646	0.38148	0.81471	32	0	0.0000
gene_MP019367	0.42244	0.61629	42	0	0.0000
gene_MP019451	0.35714	0.89547	25	0	0.0000
gene_MP019517	0.50328	0.88081	85	0	0.0000
gene_MP019521	0.35320	0.97124	35	0	0.0000
gene_MP019696	0.43007	0.83034	29	0	0.0000
gene_MP019732	0.35278	0.94176	45	0	0.0000
gene_MP019836	0.36956	0.97503	124	0	0.0000
gene_MP020001	0.38484	0.75535	286	0	0.0000
gene_MP020008	0.35862	0.82813	119	8	6.7227
gene_MP020101	0.35735	1.04153	429	0	0.0000
gene_MP020105	0.41558	1.02513	739	0	0.0000
gene_MP020210	0.41495	0.75457	65	0	0.0000
gene_MP020216	0.36964	1.17140	21	0	0.0000
gene_MP020235	0.39200	0.70280	20	0	0.0000
gene_MP020271	0.37270	0.87223	212	0	0.0000
gene_MP020275	0.46519	0.66688	493	11	2.2312
gene_MP020586	0.45399	1.03198	26	0	0.0000
gene_MP020646	0.49206	0.88730	101	1	0.9901
gene_MP020915	0.34059	0.92833	63	0	0.0000
gene_MP021233	0.36956	0.97503	21	0	0.0000
gene_MP022013	0.59269	1.26048	111	0	0.0000
gene_MP022468	0.48175	1.22196	164	5	3.0488
gene_MP022482	0.37194	1.00178	304	0	0.0000
gene_MP022496	0.37414	0.94847	134	0	0.0000
gene_MP022542	0.35817	1.01022	2329	0	0.0000
gene_MP022558	0.41436	0.78543	51	0	0.0000
gene_MP022634	0.36875	0.77021	78	0	0.0000
gene_MP022671	0.35740	0.92818	57	0	0.0000
gene_MP022710	0.34191	0.78395	65	0	0.0000
gene_MP022867	0.35736	0.79623	100	9	9.0000
gene_MP022946	0.37883	0.97636	683	0	0.0000
gene_MP022951	0.46184	1.26195	715	0	0.0000
gene_MP023034	0.41667	1.12365	214	0	0.0000
gene_MP023041	0.41094	0.72409	24	0	0.0000
gene_MP023042	0.34137	0.88996	461	0	0.0000
gene_MP023157	0.38806	0.37502	33	12	36.3636
gene_MP023194	0.38290	1.05548	183	1	0.5464
gene_MP023197	0.41540	1.11288	618	3	0.4854
gene_MP023233	0.39920	0.76693	24	0	0.0000
gene_MP023237	0.37209	0.83309	58	0	0.0000
gene_MP023430	0.36624	0.68601	64	1	1.5625
gene_MP023461	0.37270	0.87223	99	0	0.0000
gene_MP023604	0.37775	0.91204	335	0	0.0000
gene_MP023610	0.34341	0.89817	115	1	0.8696
gene_MP023721	0.36341	0.91176	111	13	11.7117
gene_MP023908	0.39163	0.76672	59	0	0.0000
gene_MP024168	0.40383	0.97337	51	0	0.0000
gene_MP024782	0.42088	0.87923	60	0	0.0000
gene_MP000063	0.38275	0.98010	242	0	0.0000
gene_MP000071	0.38465	0.94826	385	2	0.5195
gene_MP000076	0.40258	1.20474	501	0	0.0000
gene_MP000239	0.39022	0.75748	21	15	71.4286
gene_MP000248	0.34989	1.08062	246	0	0.0000
gene_MP000303	0.40324	0.98406	455	4	0.8791
gene_MP000308	0.50634	0.99398	215	0	0.0000
gene_MP000359	0.44542	0.98895	166	8	4.8193
gene_MP000362	0.36220	0.48836	61	6	9.8361
gene_MP000440	0.39284	0.95021	142	4	2.8169
gene_MP000442	0.37286	1.20296	1633	0	0.0000
gene_MP000583	0.44903	1.26640	1084	2	0.1845
gene_MP000663	0.34877	0.93088	406	7	1.7241
gene_MP000746	0.37722	0.97152	508	0	0.0000
gene_MP000813	0.35216	0.92599	317	0	0.0000
gene_MP001054	0.39185	0.94274	133	1	0.7519
gene_MP001068	0.39185	0.94274	553	4	0.7233
gene_MP001101	0.43825	0.92349	143	0	0.0000
gene_MP001109	0.36986	0.60999	41	1	2.4390
gene_MP001391	0.35444	1.01698	613	8	1.3051
gene_MP001447	0.35447	0.85638	262	4	1.5267
gene_MP001642	0.38790	0.47763	53	19	35.8491
gene_MP001652	0.40465	0.85175	48	6	12.5000
gene_MP001681	0.38004	0.87568	143	0	0.0000
gene_MP001766	0.35222	0.91237	25	0	0.0000
gene_MP001776	0.34475	0.99351	787	0	0.0000
gene_MP001784	0.40470	1.27397	796	9	1.1307
gene_MP001854	0.40053	0.77759	67	0	0.0000
gene_MP002058	0.36867	0.90973	448	5	1.1161
gene_MP002179	0.46043	1.29347	286	0	0.0000
gene_MP002317	0.39273	0.82187	227	8	3.5242
gene_MP002353	0.38049	0.89737	216	24	11.1111
gene_MP002359	0.38612	0.92589	328	0	0.0000
gene_MP002366	0.38509	0.85845	150	0	0.0000
gene_MP002369	0.38487	0.60179	48	0	0.0000
gene_MP002390	0.41840	0.45935	23	5	21.7391
gene_MP002395	0.37678	0.94961	73	0	0.0000
gene_MP002411	0.34384	0.88567	32	0	0.0000
gene_MP002464	0.38259	0.96715	27	0	0.0000
gene_MP002477	0.41735	1.00882	311	0	0.0000
gene_MP002777	0.38867	0.64938	30	2	6.6667
gene_MP002780	0.36734	0.68652	110	16	14.5455
gene_MP002781	0.42500	0.42556	23	10	43.4783
gene_MP002782	0.42500	0.42556	23	7	30.4348
gene_MP002788	0.40240	0.89180	124	0	0.0000
gene_MP002793	0.35191	0.39242	28	3	10.7143
gene_MP002804	0.37700	0.84687	122	2	1.6393
gene_MP002971	0.37911	0.81578	68	1	1.4706
gene_MP003027	0.34629	0.92864	202	2	0.9901
gene_MP003079	0.34348	0.80085	215	10	4.6512
gene_MP003179	0.36901	0.89572	22	0	0.0000
gene_MP003184	0.36453	0.99918	2198	0	0.0000
gene_MP003199	0.35848	1.08698	1892	1	0.0529
gene_MP003223	0.38723	0.98586	88	0	0.0000
gene_MP003295	0.39576	0.79736	78	10	12.8205
gene_MP003536	0.37766	1.20531	151	5	3.3113
gene_MP003569	0.37175	0.85470	110	0	0.0000
gene_MP003578	0.36219	1.02619	373	0	0.0000
gene_MP003635	0.40796	1.31245	795	0	0.0000
gene_MP003858	0.39152	0.72915	45	0	0.0000
gene_MP003884	0.36434	0.93217	36	0	0.0000
gene_MP003954	0.44602	1.02494	28	0	0.0000
gene_MP003956	0.41249	0.89500	457	11	2.4070
gene_MP004064	0.38370	0.91805	52	5	9.6154
gene_MP004219	0.35002	0.84418	257	0	0.0000
gene_MP004520	0.35582	0.98430	830	0	0.0000
gene_MP004532	0.40075	0.93229	44	0	0.0000
gene_MP004769	0.36076	0.99897	113	0	0.0000
gene_MP004778	0.40461	0.84737	115	0	0.0000
gene_MP004782	0.36285	1.11960	837	0	0.0000
gene_MP004783	0.39051	1.11758	314	13	4.1401
gene_MP004793	0.34690	1.03042	1302	1	0.0768
gene_MP005213	0.36841	1.07183	198	0	0.0000
gene_MP005218	0.40713	0.76397	55	0	0.0000
gene_MP005321	0.35830	0.77066	139	0	0.0000
gene_MP005371	0.37990	1.09964	381	0	0.0000
gene_MP005380	0.36596	1.04277	88	0	0.0000
gene_MP005395	0.36511	1.04197	595	0	0.0000
gene_MP005473	0.38895	0.80584	80	2	2.5000
gene_MP005476	0.36277	1.03902	957	0	0.0000
gene_MP005556	0.37247	0.98895	70	0	0.0000
gene_MP005579	0.37644	0.97220	592	0	0.0000
gene_MP005583	0.36277	1.03902	120	7	5.8333
gene_MP005764	0.40815	0.88696	293	8	2.7304
gene_MP005773	0.35539	1.00816	509	0	0.0000
gene_MP005778	0.40793	0.39597	21	4	19.0476
gene_MP005793	0.34884	0.98550	603	0	0.0000
gene_MP005797	0.39291	1.08978	361	0	0.0000
gene_MP005804	0.40872	0.95158	112	0	0.0000
gene_MP005898	0.36322	0.77606	22	4	18.1818
gene_MP005923	0.35881	1.06271	339	0	0.0000
gene_MP005929	0.36302	0.90886	92	0	0.0000
gene_MP005940	0.33824	0.98635	147	3	2.0408
gene_MP005962	0.37828	0.60425	1485	287	19.3266
gene_MP005964	0.37746	1.21124	764	1	0.1309
gene_MP005990	0.40433	1.02679	294	2	0.6803
gene_MP006035	0.37266	0.91595	196	0	0.0000
gene_MP006180	0.39008	1.02189	169	0	0.0000
gene_MP006186	0.39913	1.12946	197	0	0.0000
gene_MP006561	0.37821	1.18549	408	0	0.0000
gene_MP006652	0.40918	0.89351	113	4	3.5398
gene_MP006660	0.36953	0.90017	667	0	0.0000
gene_MP006694	0.37694	1.19387	23	0	0.0000
gene_MP006936	0.36984	0.95821	61	0	0.0000
gene_MP007620	0.48476	0.85866	99	0	0.0000
gene_MP007842	0.54819	1.22806	35	0	0.0000
gene_MP008489	0.65730	1.14572	255	0	0.0000
gene_MP008495	0.35199	0.95034	217	0	0.0000
gene_MP008510	0.40290	1.07964	272	8	2.9412
gene_MP008543	0.52290	1.22528	455	0	0.0000
gene_MP008555	0.39949	0.84946	151	9	5.9603
gene_MP008602	0.34491	0.89601	407	4	0.9828
gene_MP008618	0.36137	1.17899	741	0	0.0000
gene_MP008631	0.42814	0.88917	107	0	0.0000
gene_MP008632	0.37631	0.97847	329	0	0.0000
gene_MP008635	0.39182	1.13162	520	8	1.5385
gene_MP008660	0.37875	1.05461	426	6	1.4085
gene_MP008673	0.67303	1.15879	137	0	0.0000
gene_MP008681	0.34772	1.00647	1696	0	0.0000
gene_MP008742	0.43530	1.09410	1015	0	0.0000
gene_MP008913	0.36288	1.09136	392	5	1.2755
gene_MP009395	0.47474	1.00227	105	0	0.0000
gene_MP010396	0.41238	1.05550	313	0	0.0000
gene_MP010657	0.36777	0.97990	246	0	0.0000
gene_MP010990	0.35711	1.00244	523	0	0.0000
gene_MP011014	0.36134	0.91498	263	0	0.0000
gene_MP011034	0.48533	0.94765	114	0	0.0000
gene_MP011140	0.37531	0.93710	560	7	1.2500
gene_MP011223	0.38240	1.04719	742	0	0.0000
gene_MP011248	0.40330	0.94971	328	0	0.0000
gene_MP011265	0.36588	0.87875	2753	0	0.0000
gene_MP011297	0.40665	0.97196	69	0	0.0000
gene_MP011555	0.37146	0.98966	254	0	0.0000
gene_MP011560	0.40009	0.74989	66	0	0.0000
gene_MP011633	0.38037	0.87559	26	0	0.0000
gene_MP011648	0.37797	0.72177	25	12	48.0000
gene_MP011842	0.37932	1.00534	243	0	0.0000
gene_MP011849	0.45806	0.83436	40	9	22.5000
gene_MP012014	0.36003	1.08362	70	0	0.0000
gene_MP012131	0.35556	0.95371	2246	3	0.1336
gene_MP012211	0.38922	1.15193	90	0	0.0000
gene_MP012562	0.42520	0.78497	26	0	0.0000
gene_MP012567	0.37595	0.91261	570	0	0.0000
gene_MP012585	0.43580	1.04392	330	5	1.5152
gene_MP012601	0.36331	1.02144	163	0	0.0000
gene_MP012627	0.38489	0.74452	50	3	6.0000
gene_MP012666	0.36343	0.77129	37	0	0.0000
gene_MP012754	0.41049	1.00137	94	0	0.0000
gene_MP012776	0.34793	0.90319	445	0	0.0000
gene_MP012931	0.39381	0.87091	78	0	0.0000
gene_MP012959	0.33960	0.85012	127	0	0.0000
gene_MP012971	0.35090	1.11486	514	0	0.0000
gene_MP012974	0.40632	0.31315	29	2	6.8966
gene_MP012979	0.36808	0.34807	25	7	28.0000
gene_MP012980	0.37279	0.89066	259	0	0.0000
gene_MP012982	0.54831	1.09275	20	0	0.0000
gene_MP012988	0.42440	0.97310	51	0	0.0000
gene_MP013027	0.37415	0.89800	326	0	0.0000
gene_MP013036	0.34705	0.84917	84	0	0.0000
gene_MP013052	0.34071	1.12906	256	0	0.0000
gene_MP013059	0.44217	0.88335	160	0	0.0000
gene_MP013133	0.36896	0.62698	61	30	49.1803
gene_MP013400	0.38662	0.83921	125	0	0.0000
gene_MP013412	0.35036	0.92832	154	20	12.9870
gene_MP013424	0.39239	0.54505	27	8	29.6296
gene_MP013429	0.38747	0.65628	120	13	10.8333
gene_MP013436	0.36218	1.00190	112	0	0.0000
gene_MP013438	0.38867	0.76631	122	24	19.6721
gene_MP013489	0.35003	0.87585	515	0	0.0000
gene_MP013645	0.36967	0.80096	113	10	8.8496
gene_MP013793	0.39568	0.80405	24	8	33.3333
gene_MP013805	0.36301	0.89258	284	0	0.0000
gene_MP013818	0.43473	0.96881	23	0	0.0000
gene_MP013821	0.39246	0.91109	57	4	7.0175
gene_MP013864	0.36176	0.94263	52	0	0.0000
gene_MP013909	0.36764	0.84985	38	0	0.0000
gene_MP013943	0.33565	1.04764	191	0	0.0000
gene_MP013984	0.35818	0.63881	61	6	9.8361
gene_MP013985	0.38293	0.75587	100	0	0.0000
gene_MP014104	0.37929	0.76212	44	4	9.0909
gene_MP014174	0.68473	1.25960	86	0	0.0000
gene_MP014175	0.67572	1.26030	89	0	0.0000
gene_MP014516	0.38994	0.80909	66	15	22.7273
gene_MP014563	0.38154	0.64850	23	4	17.3913
gene_MP014716	0.37873	0.86408	266	0	0.0000
gene_MP014815	0.37259	0.92131	99	1	1.0101
gene_MP014927	0.42490	0.88868	106	0	0.0000
gene_MP014962	0.39261	0.68220	26	8	30.7692
gene_MP014991	0.38684	0.73706	120	2	1.6667
gene_MP015085	0.36559	1.14935	1510	0	0.0000
gene_MP015090	0.38383	0.78571	44	12	27.2727
gene_MP015150	0.45659	0.87983	42	0	0.0000
gene_MP015261	0.34982	0.94500	578	0	0.0000
gene_MP015287	0.36559	0.55263	24	9	37.5000
gene_MP015319	0.37463	0.81055	59	0	0.0000
gene_MP015331	0.36589	0.87650	45	0	0.0000
gene_MP015537	0.37834	0.84941	302	10	3.3113
gene_MP015539	0.33900	0.89352	345	0	0.0000
gene_MP015635	0.35310	0.56024	57	20	35.0877
gene_MP015636	0.33510	0.66165	43	0	0.0000
gene_MP015786	0.36417	0.93780	142	4	2.8169
gene_MP015796	0.34726	0.82516	97	0	0.0000
gene_MP015901	0.43099	0.79733	28	0	0.0000
gene_MP016087	0.33959	0.90674	696	0	0.0000
gene_MP016095	0.37701	0.84824	69	0	0.0000
gene_MP016120	0.40508	1.10795	124	0	0.0000
gene_MP016132	0.35300	1.18455	1554	0	0.0000
gene_MP016496	0.34458	0.79692	71	0	0.0000
gene_MP016537	0.34065	0.85863	29	0	0.0000
gene_MP016824	0.35726	0.95478	151	0	0.0000
gene_MP016837	0.42198	0.87711	383	10	2.6110
gene_MP016840	0.35057	0.99893	2278	0	0.0000
gene_MP017016	0.37226	1.10294	434	0	0.0000
gene_MP017415	0.36093	0.84917	238	0	0.0000
gene_MP017429	0.44469	1.27554	1555	0	0.0000
gene_MP017445	0.39137	0.79930	33	0	0.0000
gene_MP017641	0.37006	1.01706	840	13	1.5476
gene_MP017771	0.34690	0.94164	30	0	0.0000
gene_MP017778	0.39264	0.82641	33	5	15.1515
gene_MP017912	0.39641	1.07205	258	0	0.0000
gene_MP017924	0.39119	0.95495	276	1	0.3623
gene_MP018243	0.40782	0.90877	171	24	14.0351
gene_MP018277	0.32447	0.77242	45	0	0.0000
gene_MP018314	0.35481	1.05045	1224	4	0.3268
gene_MP018454	0.49950	0.94119	59	0	0.0000
gene_MP018505	0.37427	0.77624	177	0	0.0000
gene_MP018515	0.35561	0.76973	52	0	0.0000
gene_MP018516	0.34899	0.85948	348	0	0.0000
gene_MP018619	0.43651	0.66844	22	0	0.0000
gene_MP018633	0.34501	0.75394	94	0	0.0000
gene_MP018726	0.36225	0.97762	63	0	0.0000
gene_MP019928	0.47500	0.67660	32	0	0.0000
gene_MP020341	0.39890	1.23898	148	0	0.0000
gene_MP020633	0.36036	0.95537	461	0	0.0000
gene_MP020637	0.38872	1.04879	238	0	0.0000
gene_MP020649	0.36062	1.10377	1124	0	0.0000
gene_MP020657	0.35038	0.73147	67	0	0.0000
gene_MP020690	0.40000	0.95836	32	0	0.0000
gene_MP020724	0.37881	1.02282	476	0	0.0000
gene_MP020730	0.40140	0.92598	143	0	0.0000
gene_MP020789	0.34894	0.99088	393	0	0.0000
gene_MP020894	0.43234	1.10623	310	8	2.5806
gene_MP020954	0.42478	1.04537	26	10	38.4615
gene_MP020964	0.38670	0.98802	458	9	1.9651
gene_MP020969	0.34495	0.95473	723	0	0.0000
gene_MP021064	0.49163	0.75779	30	0	0.0000
gene_MP021151	0.35754	0.92185	498	0	0.0000
gene_MP021295	0.38521	0.94709	54	0	0.0000
gene_MP021975	0.34005	0.58941	32	11	34.3750
gene_MP022291	0.43011	0.90732	36	0	0.0000
gene_MP023144	0.43193	1.05781	739	12	1.6238
gene_MP023152	0.36492	0.90714	38	0	0.0000
gene_MP023208	0.37359	0.91462	187	12	6.4171
gene_MP023217	0.33694	0.82817	20	0	0.0000
gene_MP023240	0.36887	0.60242	48	16	33.3333
gene_MP023426	0.37495	0.98563	32	0	0.0000
gene_MP023478	0.35745	1.11268	372	0	0.0000
gene_MP023490	0.37191	0.99216	48	0	0.0000
gene_MP023561	0.51345	0.89174	50	0	0.0000
gene_MP023680	0.44136	1.13802	68	0	0.0000
gene_MP023972	0.60518	1.09414	29	0	0.0000
gene_MP024085	0.35343	0.99854	1453	1	0.0688
gene_MP024100	0.36700	1.00754	77	2	2.5974
gene_MP024113	0.38106	1.04184	1226	0	0.0000
gene_MP024120	0.46630	0.96600	44	0	0.0000
gene_MP024147	0.38267	1.05381	487	0	0.0000
gene_MP024158	0.51216	1.26951	71	0	0.0000
gene_MP024287	0.36330	0.92913	52	0	0.0000
gene_MP024442	0.38002	0.92949	278	11	3.9568
gene_MP024471	0.50947	1.26405	152	0	0.0000
gene_MP024510	0.37126	0.71229	25	6	24.0000
gene_MP024610	0.49074	0.98836	51	0	0.0000
gene_MP000129	0.36432	1.13954	274	1	0.3650
gene_MP000131	0.37914	0.80666	316	29	9.1772
gene_MP000134	0.37684	0.93400	310	6	1.9355
gene_MP000162	0.34621	1.05008	338	0	0.0000
gene_MP000170	0.43653	1.09597	27	0	0.0000
gene_MP000206	0.37558	0.95998	113	0	0.0000
gene_MP000252	0.35699	0.92018	493	0	0.0000
gene_MP000299	0.38973	0.57738	20	19	95.0000
gene_MP000307	0.36856	1.06663	5615	5	0.0890
gene_MP000342	0.64787	1.14651	166	0	0.0000
gene_MP000367	0.43648	1.06868	238	0	0.0000
gene_MP000370	0.38571	0.81718	46	0	0.0000
gene_MP000379	0.41141	1.04812	263	0	0.0000
gene_MP000391	0.38172	0.87283	37	0	0.0000
gene_MP000423	0.39677	1.15677	86	2	2.3256
gene_MP000454	0.35765	1.09016	372	0	0.0000
gene_MP000465	0.40656	0.92148	58	0	0.0000
gene_MP000564	0.35868	0.98945	433	4	0.9238
gene_MP000638	0.45353	1.10919	209	0	0.0000
gene_MP000653	0.38645	0.98076	58	0	0.0000
gene_MP000654	0.39436	1.13382	89	0	0.0000
gene_MP000672	0.38645	0.98076	1002	0	0.0000
gene_MP000826	0.36976	0.98064	304	0	0.0000
gene_MP001038	0.41158	0.84218	63	0	0.0000
gene_MP001060	0.37446	0.52793	52	12	23.0769
gene_MP001061	0.47062	1.11596	135	11	8.1481
gene_MP001093	0.35634	0.94358	86	0	0.0000
gene_MP001122	0.36169	0.98855	61	0	0.0000
gene_MP001487	0.44266	0.91228	628	3	0.4777
gene_MP001524	0.44368	1.26869	231	0	0.0000
gene_MP001604	0.37268	0.88854	391	0	0.0000
gene_MP001646	0.36329	1.33791	31	1	3.2258
gene_MP001672	0.39568	0.74064	110	0	0.0000
gene_MP001705	0.33679	0.86464	123	0	0.0000
gene_MP001791	0.35522	0.74286	36	0	0.0000
gene_MP001850	0.40541	0.90682	62	0	0.0000
gene_MP001880	0.39432	0.93262	312	0	0.0000
gene_MP001976	0.34604	0.96043	150	0	0.0000
gene_MP001983	0.39473	0.75178	27	0	0.0000
gene_MP002002	0.39011	0.87840	72	9	12.5000
gene_MP002025	0.35500	0.80684	37	4	10.8108
gene_MP002028	0.36838	0.91808	510	7	1.3725
gene_MP002097	0.36669	0.97980	54	8	14.8148
gene_MP002215	0.39471	1.04474	380	4	1.0526
gene_MP002247	0.42069	0.58071	56	11	19.6429
gene_MP002350	0.35641	0.75423	77	5	6.4935
gene_MP002397	0.41172	0.85569	265	0	0.0000
gene_MP002487	0.36277	0.96634	413	0	0.0000
gene_MP002519	0.43679	0.67302	33	0	0.0000
gene_MP002567	0.35131	1.09132	51	0	0.0000
gene_MP002581	0.37636	0.99306	219	1	0.4566
gene_MP002584	0.38329	0.97057	246	9	3.6585
gene_MP002612	0.38266	0.67256	30	8	26.6667
gene_MP002615	0.35656	0.66815	31	8	25.8065
gene_MP002616	0.35830	0.99326	895	3	0.3352
gene_MP002701	0.37112	0.64773	45	2	4.4444
gene_MP002705	0.39009	1.16186	264	0	0.0000
gene_MP002905	0.37625	1.14800	430	0	0.0000
gene_MP002906	0.58737	0.95606	21	0	0.0000
gene_MP002911	0.33893	0.89900	37	0	0.0000
gene_MP002912	0.37091	0.63731	60	23	38.3333
gene_MP002913	0.42301	1.06868	501	4	0.7984
gene_MP003049	0.36288	0.94391	164	0	0.0000
gene_MP003074	0.36247	0.84831	148	0	0.0000
gene_MP003192	0.38860	0.66494	54	19	35.1852
gene_MP003327	0.51309	0.75393	24	0	0.0000
gene_MP003381	0.37209	0.93651	196	8	4.0816
gene_MP003411	0.36016	1.02960	484	0	0.0000
gene_MP003526	0.51385	1.08666	145	0	0.0000
gene_MP003710	0.38157	0.99008	1075	12	1.1163
gene_MP003722	0.37022	0.91557	60	19	31.6667
gene_MP003734	0.44014	1.19407	604	0	0.0000
gene_MP003746	0.34836	0.82683	124	0	0.0000
gene_MP003801	0.40683	0.85620	156	0	0.0000
gene_MP003838	0.38506	0.78733	101	0	0.0000
gene_MP003878	0.38070	1.21708	451	0	0.0000
gene_MP003930	0.35194	1.03206	86	0	0.0000
gene_MP004023	0.35187	0.92873	178	5	2.8090
gene_MP004028	0.41255	1.02583	175	2	1.1429
gene_MP004030	0.40780	0.90816	42	0	0.0000
gene_MP004093	0.37590	0.55372	41	12	29.2683
gene_MP004172	0.36759	1.15897	191	0	0.0000
gene_MP004174	0.44593	1.08574	273	0	0.0000
gene_MP004195	0.35424	1.07466	670	0	0.0000
gene_MP004243	0.39797	1.08474	166	0	0.0000
gene_MP004249	0.40198	0.83219	102	0	0.0000
gene_MP004250	0.35363	0.91361	22	2	9.0909
gene_MP004422	0.39409	0.92215	338	12	3.5503
gene_MP004441	0.38841	0.91084	1504	0	0.0000
gene_MP004450	0.41428	0.96987	104	0	0.0000
gene_MP004473	0.32981	0.53546	29	3	10.3448
gene_MP004605	0.42036	1.02763	218	0	0.0000
gene_MP004921	0.35888	0.96752	76	0	0.0000
gene_MP004925	0.36808	1.07781	2027	0	0.0000
gene_MP004938	0.35972	0.97635	94	0	0.0000
gene_MP004940	0.37563	1.13960	80	0	0.0000
gene_MP004943	0.41551	0.95445	291	0	0.0000
gene_MP004948	0.35625	0.99613	213	0	0.0000
gene_MP005169	0.34442	0.79584	95	0	0.0000
gene_MP005267	0.35377	0.95554	29	0	0.0000
gene_MP005673	0.41784	0.97795	90	0	0.0000
gene_MP005677	0.36940	0.81814	204	8	3.9216
gene_MP005750	0.35789	1.07953	135	0	0.0000
gene_MP005779	0.34247	0.91479	3093	0	0.0000
gene_MP005802	0.38925	1.16482	598	0	0.0000
gene_MP005874	0.37403	1.09564	94	0	0.0000
gene_MP005943	0.36706	0.95764	337	0	0.0000
gene_MP005972	0.38639	1.04156	184	3	1.6304
gene_MP006124	0.36929	0.91959	469	0	0.0000
gene_MP006316	0.36702	0.79332	108	0	0.0000
gene_MP006319	0.39980	0.58529	20	2	10.0000
gene_MP006498	0.43613	1.05109	203	0	0.0000
gene_MP006500	0.36071	0.94120	102	0	0.0000
gene_MP006531	0.35957	0.97232	309	0	0.0000
gene_MP006614	0.36224	0.89708	116	11	9.4828
gene_MP006702	0.34632	0.90502	34	0	0.0000
gene_MP006715	0.38294	1.12787	1062	0	0.0000
gene_MP006736	0.36929	1.09867	1540	0	0.0000
gene_MP006745	0.37476	0.93551	143	0	0.0000
gene_MP007362	0.45384	1.20614	41	0	0.0000
gene_MP007623	0.48183	0.86226	130	2	1.5385
gene_MP007800	0.42158	0.89054	131	0	0.0000
gene_MP008358	0.37408	0.82258	133	4	3.0075
gene_MP008490	0.37408	0.82258	199	0	0.0000
gene_MP008505	0.41986	1.05872	850	16	1.8824
gene_MP008518	0.65281	1.06789	155	0	0.0000
gene_MP008572	0.35789	1.01317	37	0	0.0000
gene_MP008596	0.36170	1.02003	44	0	0.0000
gene_MP008646	0.35577	1.07086	1018	1	0.0982
gene_MP008674	0.43587	1.29395	173	0	0.0000
gene_MP008704	0.38632	1.00672	66	4	6.0606
gene_MP008705	0.40394	1.04351	301	0	0.0000
gene_MP008708	0.37793	1.03875	546	7	1.2821
gene_MP008718	0.44355	1.06255	455	0	0.0000
gene_MP008757	0.35967	1.01611	524	0	0.0000
gene_MP008827	0.37631	1.14866	855	0	0.0000
gene_MP008829	0.36922	0.85565	196	6	3.0612
gene_MP008881	0.36532	1.09127	377	0	0.0000
gene_MP008909	0.35503	1.00649	769	0	0.0000
gene_MP008914	0.38282	0.90542	101	0	0.0000
gene_MP008950	0.36081	0.93455	27	0	0.0000
gene_MP008981	0.35309	0.86004	376	0	0.0000
gene_MP009016	0.41641	1.22866	52	1	1.9231
gene_MP009027	0.36509	0.83945	175	9	5.1429
gene_MP009031	0.35282	1.01823	1262	0	0.0000
gene_MP009108	0.35957	1.10776	48	0	0.0000
gene_MP009120	0.36103	0.97623	22	0	0.0000
gene_MP009123	0.39499	1.08010	75	7	9.3333
gene_MP009213	0.36373	1.04345	1539	0	0.0000
gene_MP009317	0.40645	1.01788	462	6	1.2987
gene_MP010480	0.41428	0.96987	30	0	0.0000
gene_MP010661	0.41428	0.96987	101	7	6.9307
gene_MP010675	0.36135	1.00370	1996	0	0.0000
gene_MP010690	0.41601	0.81333	229	0	0.0000
gene_MP010696	0.39232	0.75674	180	1	0.5556
gene_MP010747	0.35731	0.97881	674	0	0.0000
gene_MP010879	0.48239	1.16071	296	0	0.0000
gene_MP010904	0.36579	1.01976	1830	1	0.0546
gene_MP010911	0.36617	0.87350	259	0	0.0000
gene_MP010993	0.43531	0.69416	43	7	16.2791
gene_MP010997	0.36488	0.82009	78	0	0.0000
gene_MP011084	0.38628	1.03122	325	0	0.0000
gene_MP011122	0.35724	0.93056	853	0	0.0000
gene_MP011139	0.36211	0.68737	86	0	0.0000
gene_MP011141	0.37538	0.70411	75	0	0.0000
gene_MP011194	0.41499	0.97020	102	0	0.0000
gene_MP011253	0.36008	1.12197	441	0	0.0000
gene_MP011281	0.38090	1.21296	248	0	0.0000
gene_MP011288	0.36879	0.93570	69	0	0.0000
gene_MP011293	0.36355	0.98139	225	0	0.0000
gene_MP011308	0.36103	0.96273	428	0	0.0000
gene_MP011314	0.46228	0.96642	221	0	0.0000
gene_MP011532	0.36026	1.11413	100	0	0.0000
gene_MP011654	0.48678	1.38808	161	0	0.0000
gene_MP011807	0.37628	0.64714	20	7	35.0000
gene_MP011840	0.47035	1.25232	64	1	1.5625
gene_MP011913	0.42486	1.00357	33	6	18.1818
gene_MP012113	0.35732	1.02277	959	0	0.0000
gene_MP012148	0.58281	1.12077	45	0	0.0000
gene_MP012178	0.60667	1.05234	57	0	0.0000
gene_MP012322	0.50980	1.21341	64	0	0.0000
gene_MP012390	0.36407	0.86560	72	27	37.5000
gene_MP012526	0.38761	0.89430	192	3	1.5625
gene_MP012530	0.37834	0.89797	155	0	0.0000
gene_MP012553	0.43269	0.61905	27	0	0.0000
gene_MP012817	0.38862	0.99103	221	0	0.0000
gene_MP012864	0.38764	0.76682	49	1	2.0408
gene_MP013115	0.56538	0.92347	40	0	0.0000
gene_MP013138	0.35342	0.97453	352	0	0.0000
gene_MP013142	0.35734	0.91418	97	0	0.0000
gene_MP013184	0.38462	0.97098	73	0	0.0000
gene_MP013198	0.44275	0.83144	32	0	0.0000
gene_MP013209	0.42394	0.95800	187	0	0.0000
gene_MP013285	0.34002	0.99690	30	0	0.0000
gene_MP013473	0.36701	1.02689	269	0	0.0000
gene_MP013536	0.35772	0.92169	259	0	0.0000
gene_MP013550	0.39717	1.08323	172	0	0.0000
gene_MP013556	0.37899	0.87285	117	1	0.8547
gene_MP013688	0.37180	0.98390	76	0	0.0000
gene_MP013689	0.35658	0.97355	83	0	0.0000
gene_MP013727	0.37113	0.82046	62	11	17.7419
gene_MP013729	0.36498	0.47614	30	17	56.6667
gene_MP013786	0.40173	0.35689	20	8	40.0000
gene_MP013933	0.38749	1.01131	26	0	0.0000
gene_MP013935	0.39797	0.70603	63	0	0.0000
gene_MP014044	0.40469	0.68059	63	9	14.2857
gene_MP014088	0.41926	1.23445	303	0	0.0000
gene_MP014243	0.57522	0.83281	46	0	0.0000
gene_MP014362	0.41804	0.73448	91	0	0.0000
gene_MP014363	0.40245	0.73791	87	0	0.0000
gene_MP014468	0.37941	0.97040	119	0	0.0000
gene_MP014494	0.41352	0.89160	106	0	0.0000
gene_MP014524	0.39879	1.03237	377	0	0.0000
gene_MP014531	0.35260	0.83518	327	1	0.3058
gene_MP014538	0.37949	0.96266	126	0	0.0000
gene_MP014540	0.39774	0.79548	66	0	0.0000
gene_MP014669	0.37792	0.81067	224	13	5.8036
gene_MP014700	0.37223	0.89632	304	0	0.0000
gene_MP014839	0.37664	0.89509	72	0	0.0000
gene_MP014844	0.34957	1.02766	337	0	0.0000
gene_MP014925	0.51253	1.14500	81	0	0.0000
gene_MP014972	0.37032	0.58192	32	0	0.0000
gene_MP015012	0.37902	1.18992	800	0	0.0000
gene_MP015286	0.36414	0.77999	59	0	0.0000
gene_MP015390	0.52669	1.13336	78	0	0.0000
gene_MP015393	0.34091	1.04603	359	0	0.0000
gene_MP015412	0.38755	0.66699	97	18	18.5567
gene_MP015593	0.38528	0.89258	188	0	0.0000
gene_MP015595	0.35885	1.02206	579	0	0.0000
gene_MP015653	0.43554	0.58234	42	7	16.6667
gene_MP015654	0.35628	1.07564	439	0	0.0000
gene_MP015727	0.37586	0.79023	39	0	0.0000
gene_MP015737	0.34363	1.14533	34	0	0.0000
gene_MP015842	0.40004	1.02280	592	18	3.0405
gene_MP015899	0.42969	0.80164	28	0	0.0000
gene_MP016220	0.39401	1.13297	362	0	0.0000
gene_MP016238	0.38285	0.78700	205	0	0.0000
gene_MP016239	0.35989	0.83058	124	0	0.0000
gene_MP016264	0.36288	1.02409	1726	0	0.0000
gene_MP016471	0.39501	1.01047	373	0	0.0000
gene_MP016620	0.42427	1.00890	172	0	0.0000
gene_MP016729	0.38485	0.90485	56	0	0.0000
gene_MP016746	0.38316	0.84041	31	3	9.6774
gene_MP016999	0.35628	1.07564	260	0	0.0000
gene_MP017004	0.42840	1.00721	20	0	0.0000
gene_MP017040	0.39415	0.96013	77	0	0.0000
gene_MP017215	0.37943	0.88205	48	0	0.0000
gene_MP017242	0.37253	0.82116	43	0	0.0000
gene_MP017273	0.35194	1.11886	270	0	0.0000
gene_MP017294	0.37916	1.07447	176	0	0.0000
gene_MP017387	0.35892	0.89323	24	19	79.1667
gene_MP017392	0.38531	1.16820	863	4	0.4635
gene_MP017448	0.39489	0.84655	99	0	0.0000
gene_MP017484	0.45362	0.66003	27	0	0.0000
gene_MP018072	0.35279	0.91389	115	9	7.8261
gene_MP018081	0.33987	0.90432	35	0	0.0000
gene_MP018231	0.35281	0.87590	54	0	0.0000
gene_MP018257	0.35424	0.86791	237	3	1.2658
gene_MP018266	0.40324	0.91514	239	0	0.0000
gene_MP018279	0.40193	0.99534	78	0	0.0000
gene_MP018345	0.45543	1.18902	433	0	0.0000
gene_MP018404	0.36630	1.02964	6795	0	0.0000
gene_MP018689	0.39215	0.58903	42	10	23.8095
gene_MP019170	0.52336	0.96410	21	0	0.0000
gene_MP019698	0.42876	0.86751	23	0	0.0000
gene_MP020018	0.46350	1.11265	30	0	0.0000
gene_MP020478	0.43799	1.31208	311	0	0.0000
gene_MP020493	0.37496	1.00900	79	7	8.8608
gene_MP020593	0.37524	0.75098	24	0	0.0000
gene_MP020655	0.39050	0.95919	170	0	0.0000
gene_MP020673	0.36541	0.93989	760	0	0.0000
gene_MP020700	0.35977	0.93548	96	3	3.1250
gene_MP020785	0.34860	0.99185	180	0	0.0000
gene_MP020822	0.35504	0.97498	938	0	0.0000
gene_MP020911	0.38466	1.17216	2168	0	0.0000
gene_MP021074	0.35608	1.07906	686	0	0.0000
gene_MP021111	0.34813	0.98782	1887	0	0.0000
gene_MP021148	0.38902	1.16369	373	0	0.0000
gene_MP021217	0.35426	1.07764	355	0	0.0000
gene_MP021319	0.36265	0.95935	57	0	0.0000
gene_MP021414	0.34010	1.03625	36	0	0.0000
gene_MP021427	0.49742	0.88766	84	0	0.0000
gene_MP021563	0.34957	1.03513	27	0	0.0000
gene_MP021660	0.43368	1.04086	38	0	0.0000
gene_MP021665	0.41003	0.86795	54	0	0.0000
gene_MP021718	0.46879	1.16211	433	0	0.0000
gene_MP021768	0.37118	1.11788	1618	0	0.0000
gene_MP023172	0.43359	1.15481	55	0	0.0000
gene_MP023238	0.59391	1.31043	384	0	0.0000
gene_MP023340	0.33579	1.12263	90	0	0.0000
gene_MP023456	0.42090	0.97627	728	9	1.2363
gene_MP023463	0.39349	0.94186	235	0	0.0000
gene_MP023609	0.40438	1.01109	27	0	0.0000
gene_MP023614	0.52764	0.67747	28	0	0.0000
gene_MP023767	0.40351	0.84982	153	6	3.9216
gene_MP023769	0.35426	1.07764	109	0	0.0000
gene_MP023800	0.41843	1.05507	54	0	0.0000
gene_MP023945	0.34527	0.78061	69	0	0.0000
gene_MP023981	0.37460	1.01207	256	0	0.0000
gene_MP023994	0.35361	1.07292	928	0	0.0000
gene_MP024101	0.35932	1.03251	1273	0	0.0000
gene_MP024103	0.38774	0.96044	229	0	0.0000
gene_MP024360	0.32442	0.81317	24	0	0.0000
gene_MP024440	0.40568	0.86831	35	0	0.0000
gene_MP024522	0.38423	0.87198	34	0	0.0000
gene_MP024535	0.37458	1.04681	636	0	0.0000
gene_MP024562	0.35943	1.18146	84	0	0.0000
gene_MP024612	0.49421	0.99310	52	0	0.0000
gene_MP024633	0.38406	0.99191	82	0	0.0000
gene_MP024705	0.43314	1.03380	207	0	0.0000
gene_MP024723	0.35032	1.01154	114	0	0.0000
gene_MP024736	0.35452	0.84451	264	0	0.0000
gene_MP024753	0.35986	0.88287	120	0	0.0000
gene_MP000026	0.45915	1.22979	1118	0	0.0000
gene_MP000049	0.36617	1.00262	161	0	0.0000
gene_MP000142	0.56834	0.73431	70	0	0.0000
gene_MP000189	0.34601	0.44019	38	3	7.8947
gene_MP000219	0.40338	0.93080	842	13	1.5439
gene_MP000345	0.38979	1.00545	103	1	0.9709
gene_MP000443	0.37808	0.95821	264	5	1.8939
gene_MP000462	0.39247	0.96262	403	0	0.0000
gene_MP000554	0.36957	0.93738	76	0	0.0000
gene_MP000559	0.39885	0.84928	293	10	3.4130
gene_MP000569	0.40045	1.00281	68	20	29.4118
gene_MP000575	0.42364	0.96236	81	0	0.0000
gene_MP000587	0.41823	1.04759	30	2	6.6667
gene_MP000627	0.38374	0.95962	716	4	0.5587
gene_MP000637	0.33859	0.66194	21	0	0.0000
gene_MP000661	0.37333	0.93070	42	0	0.0000
gene_MP000726	0.37420	0.94908	327	0	0.0000
gene_MP000773	0.37521	0.95421	1169	7	0.5988
gene_MP000797	0.37267	0.95986	86	0	0.0000
gene_MP001123	0.42242	1.08078	292	2	0.6849
gene_MP001125	0.37504	1.06338	169	0	0.0000
gene_MP001141	0.37606	0.72501	103	8	7.7670
gene_MP001395	0.42351	1.07866	380	0	0.0000
gene_MP001462	0.37865	0.89303	508	5	0.9843
gene_MP001476	0.36997	1.01448	667	0	0.0000
gene_MP001486	0.39105	0.98416	449	0	0.0000
gene_MP001588	0.38949	0.86590	208	19	9.1346
gene_MP001599	0.43269	0.87788	67	0	0.0000
gene_MP001895	0.35568	1.01335	339	2	0.5900
gene_MP001909	0.36610	0.83769	91	11	12.0879
gene_MP001916	0.43248	1.05464	29	0	0.0000
gene_MP001928	0.37093	0.87616	132	8	6.0606
gene_MP001931	0.39079	0.90304	120	1	0.8333
gene_MP001957	0.37651	0.97142	308	0	0.0000
gene_MP001960	0.38607	0.92561	464	7	1.5086
gene_MP001975	0.37716	0.82705	119	3	2.5210
gene_MP001986	0.35601	0.85364	1034	1	0.0967
gene_MP002004	0.39507	1.13405	465	2	0.4301
gene_MP002006	0.38130	0.99156	526	7	1.3308
gene_MP002008	0.40658	0.99987	337	0	0.0000
gene_MP002010	0.35872	0.94168	28	0	0.0000
gene_MP002035	0.40503	1.10615	84	0	0.0000
gene_MP002065	0.44463	0.77795	70	11	15.7143
gene_MP002069	0.43065	0.71620	213	3	1.4085
gene_MP002085	0.41992	0.86951	106	0	0.0000
gene_MP002101	0.39453	0.95215	211	0	0.0000
gene_MP002170	0.37044	0.90670	446	6	1.3453
gene_MP002360	0.41399	1.00016	122	19	15.5738
gene_MP002363	0.35909	0.93134	481	12	2.4948
gene_MP002382	0.34992	1.00355	2118	0	0.0000
gene_MP002400	0.46122	0.59073	36	4	11.1111
gene_MP002404	0.37418	0.96902	256	0	0.0000
gene_MP002408	0.38685	1.08951	131	0	0.0000
gene_MP002469	0.40997	0.80556	190	0	0.0000
gene_MP002473	0.37472	1.09277	442	0	0.0000
gene_MP002545	0.40964	0.68642	46	6	13.0435
gene_MP002703	0.35378	0.88003	158	8	5.0633
gene_MP003066	0.40772	0.66818	48	12	25.0000
gene_MP003287	0.35842	0.75805	57	0	0.0000
gene_MP003301	0.37917	1.07427	1236	26	2.1036
gene_MP003302	0.38341	0.81178	114	6	5.2632
gene_MP003339	0.34865	0.65969	42	13	30.9524
gene_MP003365	0.36043	0.95530	49	2	4.0816
gene_MP003371	0.38440	0.87755	47	1	2.1277
gene_MP003392	0.39076	0.61384	24	2	8.3333
gene_MP003419	0.38071	1.06722	24	0	0.0000
gene_MP003501	0.36596	1.01348	119	0	0.0000
gene_MP003525	0.39648	0.80804	136	5	3.6765
gene_MP003534	0.37597	1.02434	550	12	2.1818
gene_MP003552	0.43321	0.62177	24	5	20.8333
gene_MP003558	0.34826	0.95206	102	0	0.0000
gene_MP003576	0.37257	0.95214	197	4	2.0305
gene_MP003600	0.38601	1.02822	23	0	0.0000
gene_MP003671	0.38017	1.06010	412	0	0.0000
gene_MP003681	0.40904	1.06343	220	0	0.0000
gene_MP003716	0.39091	0.93266	202	14	6.9307
gene_MP003723	0.34718	0.80198	25	0	0.0000
gene_MP003751	0.35501	0.91213	87	8	9.1954
gene_MP003775	0.35209	0.87806	98	23	23.4694
gene_MP003807	0.37673	1.08203	427	0	0.0000
gene_MP003812	0.40601	0.58904	21	4	19.0476
gene_MP003894	0.37686	1.17998	46	0	0.0000
gene_MP004127	0.47507	0.55748	22	0	0.0000
gene_MP004149	0.37858	0.93058	84	0	0.0000
gene_MP004233	0.34888	0.82300	46	0	0.0000
gene_MP004322	0.38729	0.90663	280	15	5.3571
gene_MP004478	0.41434	0.92094	125	0	0.0000
gene_MP004484	0.40025	1.13403	827	14	1.6929
gene_MP004485	0.38916	0.83906	89	0	0.0000
gene_MP004491	0.36141	0.86994	119	0	0.0000
gene_MP004493	0.41860	0.99167	180	0	0.0000
gene_MP004513	0.38760	0.98489	47	4	8.5106
gene_MP004525	0.38909	0.89230	193	0	0.0000
gene_MP004544	0.35483	1.10215	1061	0	0.0000
gene_MP004566	0.38982	0.88493	566	6	1.0601
gene_MP004572	0.40973	1.04110	1392	2	0.1437
gene_MP004584	0.37163	0.96894	312	0	0.0000
gene_MP004586	0.39724	0.95498	107	0	0.0000
gene_MP004985	0.39213	0.94595	274	0	0.0000
gene_MP005099	0.38720	0.94436	123	2	1.6260
gene_MP005123	0.43696	0.82710	304	1	0.3289
gene_MP005132	0.36869	0.61458	108	19	17.5926
gene_MP005173	0.34691	0.97427	2109	0	0.0000
gene_MP005175	0.40113	0.94315	288	0	0.0000
gene_MP005189	0.38889	0.89027	87	0	0.0000
gene_MP005257	0.37259	1.20139	1223	0	0.0000
gene_MP005288	0.36885	1.09333	566	0	0.0000
gene_MP005310	0.37391	0.75419	60	6	10.0000
gene_MP005333	0.40953	0.86037	398	0	0.0000
gene_MP005619	0.37637	1.09760	1830	0	0.0000
gene_MP005620	0.36433	1.05801	1373	0	0.0000
gene_MP005621	0.36949	1.06878	1835	1	0.0545
gene_MP005714	0.43958	1.05870	721	0	0.0000
gene_MP005775	0.38286	0.90311	88	0	0.0000
gene_MP005777	0.38664	0.97055	222	0	0.0000
gene_MP005780	0.37434	0.97633	264	0	0.0000
gene_MP005781	0.43722	0.98878	753	6	0.7968
gene_MP005783	0.37218	0.96910	395	0	0.0000
gene_MP005803	0.37584	0.97937	160	0	0.0000
gene_MP005850	0.38761	1.26280	169	0	0.0000
gene_MP005857	0.38718	0.30214	26	5	19.2308
gene_MP005888	0.36098	0.94396	272	11	4.0441
gene_MP005913	0.38531	0.96151	46	0	0.0000
gene_MP006235	0.39558	1.04486	215	0	0.0000
gene_MP006305	0.40879	0.83760	150	0	0.0000
gene_MP006426	0.33208	0.78032	23	0	0.0000
gene_MP006456	0.35455	0.95519	2792	0	0.0000
gene_MP006491	0.35813	0.93784	505	0	0.0000
gene_MP006621	0.39558	1.21952	921	0	0.0000
gene_MP006729	0.39537	0.90517	134	16	11.9403
gene_MP006744	0.38271	0.85754	441	8	1.8141
gene_MP008114	0.46499	1.20843	137	0	0.0000
gene_MP008838	0.37723	0.90084	233	20	8.5837
gene_MP008846	0.34656	0.93519	2711	0	0.0000
gene_MP008849	0.38778	0.99337	215	0	0.0000
gene_MP008868	0.37300	1.07704	122	0	0.0000
gene_MP008878	0.41955	0.97594	114	0	0.0000
gene_MP008902	0.35999	1.05539	90	0	0.0000
gene_MP008904	0.38205	0.96427	429	0	0.0000
gene_MP008943	0.36438	0.94946	428	9	2.1028
gene_MP008955	0.36823	0.76703	56	0	0.0000
gene_MP008977	0.37553	1.00425	945	0	0.0000
gene_MP008983	0.45418	1.09905	203	11	5.4187
gene_MP009028	0.39591	0.89981	144	0	0.0000
gene_MP009037	0.34122	0.88167	21	0	0.0000
gene_MP009040	0.38879	0.95739	623	2	0.3210
gene_MP009055	0.44866	1.01825	450	0	0.0000
gene_MP009077	0.35942	1.08203	332	0	0.0000
gene_MP009155	0.39597	0.86613	488	23	4.7131
gene_MP009227	0.40965	0.88466	228	0	0.0000
gene_MP009237	0.36384	0.67971	26	0	0.0000
gene_MP010008	0.55556	0.97300	104	0	0.0000
gene_MP010189	0.49113	0.95125	179	0	0.0000
gene_MP010713	0.37187	0.89566	575	0	0.0000
gene_MP010722	0.36441	1.02369	1000	0	0.0000
gene_MP010735	0.48416	1.22537	360	8	2.2222
gene_MP010752	0.36316	0.97318	140	0	0.0000
gene_MP010762	0.44379	0.99898	64	0	0.0000
gene_MP010786	0.41635	1.02865	1632	14	0.8578
gene_MP010795	0.37974	0.84254	31	0	0.0000
gene_MP010805	0.37585	0.97950	435	0	0.0000
gene_MP010811	0.33982	0.73980	35	0	0.0000
gene_MP010822	0.38036	0.77905	56	0	0.0000
gene_MP010833	0.44052	1.09014	1463	8	0.5468
gene_MP010838	0.46714	0.75230	729	4	0.5487
gene_MP011094	0.35383	0.64270	69	7	10.1449
gene_MP011259	0.57589	0.96766	767	1	0.1304
gene_MP011263	0.35957	0.83879	112	2	1.7857
gene_MP011283	0.37297	1.00781	1078	3	0.2783
gene_MP011291	0.42734	0.96134	498	0	0.0000
gene_MP011356	0.49041	1.09752	1071	0	0.0000
gene_MP011359	0.43631	1.03015	1764	5	0.2834
gene_MP011363	0.40965	0.88466	421	0	0.0000
gene_MP011370	0.42847	0.84191	178	0	0.0000
gene_MP011415	0.35038	0.94267	119	0	0.0000
gene_MP011468	0.35969	0.72951	94	0	0.0000
gene_MP011482	0.42974	1.15406	99	0	0.0000
gene_MP011559	0.41503	0.81588	98	0	0.0000
gene_MP011765	0.34639	1.07260	208	4	1.9231
gene_MP011901	0.37368	0.67567	69	9	13.0435
gene_MP011909	0.39193	1.13633	94	0	0.0000
gene_MP011970	0.41110	1.02267	102	0	0.0000
gene_MP012058	0.34631	1.03479	1037	0	0.0000
gene_MP012139	0.64653	1.24169	174	0	0.0000
gene_MP012410	0.36867	0.98384	175	0	0.0000
gene_MP012420	0.38349	0.91706	74	0	0.0000
gene_MP012504	0.41242	0.82547	219	14	6.3927
gene_MP012508	0.40302	1.00626	318	0	0.0000
gene_MP012554	0.33273	0.93208	138	0	0.0000
gene_MP012607	0.43012	0.91017	21	11	52.3810
gene_MP012634	0.36509	0.79293	78	11	14.1026
gene_MP012638	0.37088	0.87424	167	10	5.9880
gene_MP012671	0.41470	0.77909	118	0	0.0000
gene_MP012747	0.37691	0.91934	230	2	0.8696
gene_MP012773	0.39672	0.89887	69	0	0.0000
gene_MP012815	0.35275	0.99482	53	0	0.0000
gene_MP012829	0.36887	0.95684	282	21	7.4468
gene_MP012833	0.40321	0.94244	51	0	0.0000
gene_MP012914	0.40546	1.00292	93	0	0.0000
gene_MP012973	0.38107	0.62792	38	11	28.9474
gene_MP013335	0.38639	0.94835	234	0	0.0000
gene_MP013444	0.41768	0.72252	41	6	14.6341
gene_MP013745	0.34595	0.86112	183	0	0.0000
gene_MP013802	0.36743	1.10681	199	0	0.0000
gene_MP013820	0.33022	0.84073	99	28	28.2828
gene_MP013940	0.34564	1.05275	1056	0	0.0000
gene_MP013998	0.37607	0.67794	57	7	12.2807
gene_MP014066	0.38747	0.80736	29	0	0.0000
gene_MP014288	0.42339	0.97690	114	0	0.0000
gene_MP014295	0.39655	0.62670	70	5	7.1429
gene_MP014379	0.37313	1.18538	2074	0	0.0000
gene_MP014395	0.38445	0.95744	40	0	0.0000
gene_MP014413	0.34988	1.06106	416	0	0.0000
gene_MP014458	0.39058	0.97498	104	0	0.0000
gene_MP014481	0.34904	0.75405	124	6	4.8387
gene_MP014496	0.39102	1.05577	106	0	0.0000
gene_MP014507	0.37572	0.95579	53	0	0.0000
gene_MP014530	0.37776	0.54644	29	9	31.0345
gene_MP014546	0.38860	0.83692	31	3	9.6774
gene_MP014559	0.41303	0.97040	99	0	0.0000
gene_MP014560	0.40766	0.96517	27	0	0.0000
gene_MP014590	0.36071	0.97164	1223	17	1.3900
gene_MP014660	0.36502	0.94445	809	0	0.0000
gene_MP014730	0.37049	0.91786	38	0	0.0000
gene_MP014893	0.42667	0.73052	67	0	0.0000
gene_MP015069	0.37254	0.95442	261	10	3.8314
gene_MP015077	0.37126	0.79190	154	6	3.8961
gene_MP015359	0.40546	0.49339	20	7	35.0000
gene_MP015492	0.41667	1.03085	189	9	4.7619
gene_MP015584	0.48421	0.94278	47	0	0.0000
gene_MP015713	0.35947	0.88282	93	0	0.0000
gene_MP015740	0.36440	0.77490	221	21	9.5023
gene_MP015769	0.38907	0.74449	128	17	13.2812
gene_MP015785	0.37016	0.95571	496	8	1.6129
gene_MP015794	0.42014	0.95002	47	0	0.0000
gene_MP015813	0.49152	0.53237	64	10	15.6250
gene_MP015885	0.37860	1.08125	1057	0	0.0000
gene_MP015906	0.43099	0.79733	28	0	0.0000
gene_MP016398	0.36478	0.90576	559	6	1.0733
gene_MP016490	0.38408	0.81860	43	0	0.0000
gene_MP016491	0.37723	0.85432	26	0	0.0000
gene_MP016525	0.36887	0.95684	81	0	0.0000
gene_MP016631	0.40587	1.04891	1273	9	0.7070
gene_MP016757	0.36009	0.97720	1284	0	0.0000
gene_MP017218	0.32006	0.56809	29	5	17.2414
gene_MP017357	0.34547	0.94536	177	0	0.0000
gene_MP017396	0.35282	0.99616	1735	0	0.0000
gene_MP017416	0.37007	0.45758	52	5	9.6154
gene_MP017458	0.38438	1.11328	345	0	0.0000
gene_MP017549	0.35432	0.93162	143	0	0.0000
gene_MP017824	0.41980	1.12092	97	0	0.0000
gene_MP017976	0.34485	0.44865	22	6	27.2727
gene_MP018101	0.41061	0.89621	131	0	0.0000
gene_MP018232	0.39511	1.11591	21	0	0.0000
gene_MP018237	0.42892	1.01998	126	0	0.0000
gene_MP018593	0.37901	0.96424	130	0	0.0000
gene_MP018622	0.37295	1.02068	145	0	0.0000
gene_MP018900	0.35579	0.91222	167	0	0.0000
gene_MP019656	0.49327	0.83699	68	0	0.0000
gene_MP020071	0.53483	1.60699	44	0	0.0000
gene_MP021077	0.50157	0.91711	1580	5	0.3165
gene_MP021082	0.36246	1.17939	1433	0	0.0000
gene_MP021112	0.40044	0.98247	41	0	0.0000
gene_MP021120	0.36419	1.05094	703	0	0.0000
gene_MP021121	0.35023	0.92041	264	0	0.0000
gene_MP021143	0.50626	1.17708	203	0	0.0000
gene_MP021168	0.36419	1.05094	471	0	0.0000
gene_MP021198	0.44757	0.56239	32	0	0.0000
gene_MP021253	0.37156	1.11247	571	1	0.1751
gene_MP021265	0.40800	0.80985	331	21	6.3444
gene_MP021302	0.37106	0.61430	57	0	0.0000
gene_MP021345	0.43319	1.24297	226	9	3.9823
gene_MP021406	0.36843	0.77175	128	0	0.0000
gene_MP021584	0.37705	1.04857	177	0	0.0000
gene_MP021680	0.40247	0.76771	156	0	0.0000
gene_MP021714	0.38968	0.70905	100	21	21.0000
gene_MP022107	0.51716	1.03262	27	0	0.0000
gene_MP023451	0.50245	0.77892	20	0	0.0000
gene_MP023621	0.39465	1.11252	133	0	0.0000
gene_MP023699	0.42032	0.67003	41	0	0.0000
gene_MP023708	0.37774	0.87006	48	3	6.2500
gene_MP023718	0.36675	0.96577	210	0	0.0000
gene_MP024031	0.40492	0.86865	36	0	0.0000
gene_MP024203	0.37830	0.76045	68	0	0.0000
gene_MP024217	0.36346	1.06301	126	0	0.0000
gene_MP024489	0.37676	0.97486	137	5	3.6496
gene_MP024532	0.46478	0.71268	81	0	0.0000
gene_MP024545	0.35265	0.93474	171	0	0.0000
gene_MP024666	0.39501	0.93619	229	0	0.0000
gene_MP024681	0.48241	1.03662	60	0	0.0000
gene_MP024686	0.40583	0.89517	143	0	0.0000
gene_MP024695	0.40718	0.83861	132	0	0.0000
gene_MP024697	0.39803	1.11849	3774	0	0.0000
gene_MP024702	0.40128	1.02370	219	0	0.0000
gene_MP024703	0.36289	0.89783	24	0	0.0000
gene_MP000031	0.39956	0.92541	138	0	0.0000
gene_MP000054	0.36233	0.85232	272	7	2.5735
gene_MP000202	0.38628	1.01897	36	0	0.0000
gene_MP000208	0.38216	1.05842	475	1	0.2105
gene_MP000216	0.38517	0.84784	39	0	0.0000
gene_MP000433	0.40297	1.03923	307	0	0.0000
gene_MP000451	0.39967	0.64269	40	21	52.5000
gene_MP000469	0.37315	0.99486	191	0	0.0000
gene_MP000595	0.35374	1.03548	1435	1	0.0697
gene_MP000682	0.36604	1.15546	251	4	1.5936
gene_MP001034	0.39695	0.91455	242	10	4.1322
gene_MP001526	0.60064	1.01028	57	0	0.0000
gene_MP001547	0.35894	0.87811	148	2	1.3514
gene_MP001558	0.40976	1.03861	170	6	3.5294
gene_MP001655	0.39900	0.84273	132	0	0.0000
gene_MP001682	0.35155	0.96805	41	0	0.0000
gene_MP001742	0.39972	1.09140	105	0	0.0000
gene_MP001775	0.43764	0.35193	23	7	30.4348
gene_MP001820	0.37278	0.99575	706	0	0.0000
gene_MP001867	0.35847	1.08016	1272	0	0.0000
gene_MP001921	0.36224	0.78181	31	10	32.2581
gene_MP001935	0.37347	0.93456	109	0	0.0000
gene_MP001996	0.37609	0.90123	82	7	8.5366
gene_MP002017	0.37304	0.92678	151	1	0.6623
gene_MP002114	0.35494	0.75165	59	2	3.3898
gene_MP002120	0.60667	1.21410	96	0	0.0000
gene_MP002165	0.39699	0.81775	86	0	0.0000
gene_MP002218	0.34733	0.85250	202	12	5.9406
gene_MP002301	0.34345	1.08570	960	0	0.0000
gene_MP002467	0.42667	0.46253	25	7	28.0000
gene_MP002576	0.40401	1.10329	206	0	0.0000
gene_MP002577	0.37241	0.61796	83	5	6.0241
gene_MP002712	0.46587	1.17113	327	0	0.0000
gene_MP002731	0.33943	0.68525	121	2	1.6529
gene_MP002959	0.38613	0.65823	156	16	10.2564
gene_MP002970	0.36857	0.86874	107	5	4.6729
gene_MP002972	0.37878	0.93664	34	0	0.0000
gene_MP002976	0.35553	0.85772	142	5	3.5211
gene_MP002978	0.38466	1.11371	131	17	12.9771
gene_MP002980	0.36821	0.91035	495	12	2.4242
gene_MP003021	0.40278	0.88231	118	0	0.0000
gene_MP003104	0.34884	1.05381	41	0	0.0000
gene_MP003114	0.36181	0.98350	406	0	0.0000
gene_MP003226	0.41093	0.80780	101	6	5.9406
gene_MP003232	0.42922	1.09381	70	0	0.0000
gene_MP003247	0.41344	0.85113	31	0	0.0000
gene_MP003254	0.41148	0.66981	35	4	11.4286
gene_MP003306	0.49911	1.05418	34	0	0.0000
gene_MP003316	0.37203	0.92809	154	0	0.0000
gene_MP003386	0.40929	0.92220	285	0	0.0000
gene_MP003477	0.35621	0.99311	792	2	0.2525
gene_MP003481	0.39565	0.92976	319	3	0.9404
gene_MP003545	0.44098	1.07965	95	0	0.0000
gene_MP003553	0.35543	0.98531	387	0	0.0000
gene_MP003559	0.36683	0.94047	180	6	3.3333
gene_MP003565	0.34848	0.95626	1172	0	0.0000
gene_MP003655	0.41686	1.11857	109	6	5.5046
gene_MP003819	0.35830	1.09625	95	0	0.0000
gene_MP003827	0.39396	0.84162	97	0	0.0000
gene_MP003892	0.41387	0.77754	61	17	27.8689
gene_MP003936	0.35936	0.96919	356	4	1.1236
gene_MP003939	0.35736	0.76968	70	2	2.8571
gene_MP004040	0.38244	0.42070	31	18	58.0645
gene_MP004131	0.37489	0.79142	32	0	0.0000
gene_MP004133	0.41408	0.84344	151	6	3.9735
gene_MP004137	0.36192	0.80260	187	8	4.2781
gene_MP004150	0.41521	1.15580	263	5	1.9011
gene_MP004184	0.37792	0.84269	84	6	7.1429
gene_MP004191	0.35055	1.01988	394	0	0.0000
gene_MP004255	0.37834	1.17286	1517	5	0.3296
gene_MP004274	0.45238	0.80859	32	6	18.7500
gene_MP004279	0.37737	0.99262	177	0	0.0000
gene_MP004389	0.34623	0.73742	89	0	0.0000
gene_MP004433	0.40909	0.94768	122	4	3.2787
gene_MP004463	0.38312	0.93153	214	0	0.0000
gene_MP004617	0.41596	0.76316	112	0	0.0000
gene_MP004635	0.36829	0.93091	111	0	0.0000
gene_MP004663	0.41638	0.99019	530	1	0.1887
gene_MP004799	0.38295	0.92396	40	0	0.0000
gene_MP004832	0.38019	0.86155	398	1	0.2513
gene_MP004894	0.44612	1.04360	290	1	0.3448
gene_MP004937	0.41202	1.09927	859	2	0.2328
gene_MP005028	0.35196	0.80013	130	10	7.6923
gene_MP005031	0.39428	1.08532	36	0	0.0000
gene_MP005035	0.40101	0.98724	284	2	0.7042
gene_MP005036	0.35379	0.99469	1092	0	0.0000
gene_MP005037	0.36370	0.97143	135	0	0.0000
gene_MP005043	0.34218	0.88351	1342	0	0.0000
gene_MP005090	0.35379	0.99469	573	0	0.0000
gene_MP005096	0.36401	1.08869	543	0	0.0000
gene_MP005370	0.34509	1.00475	573	0	0.0000
gene_MP005376	0.35218	0.94391	222	15	6.7568
gene_MP005409	0.36729	1.04942	658	0	0.0000
gene_MP005567	0.34360	1.04022	123	0	0.0000
gene_MP005703	0.39965	1.00386	184	0	0.0000
gene_MP005704	0.34320	1.02984	24	0	0.0000
gene_MP005747	0.38063	1.01346	251	0	0.0000
gene_MP005863	0.35886	0.99954	1766	9	0.5096
gene_MP006184	0.35889	0.92851	87	5	5.7471
gene_MP006269	0.39004	0.95471	708	0	0.0000
gene_MP006300	0.37794	0.86502	178	2	1.1236
gene_MP006304	0.34765	0.97406	369	0	0.0000
gene_MP006366	0.35680	0.49332	54	20	37.0370
gene_MP006495	0.58776	0.91379	38	0	0.0000
gene_MP006700	0.35069	1.07986	360	0	0.0000
gene_MP006822	0.40345	0.86737	96	0	0.0000
gene_MP006891	0.36842	0.99876	346	0	0.0000
gene_MP006994	0.35882	0.98571	168	0	0.0000
gene_MP007003	0.35673	0.98438	412	0	0.0000
gene_MP007037	0.35871	0.52696	34	4	11.7647
gene_MP007039	0.35673	0.98438	121	0	0.0000
gene_MP007046	0.35673	0.98438	221	0	0.0000
gene_MP007226	0.65470	1.01097	185	1	0.5405
gene_MP008115	0.54800	0.90882	63	0	0.0000
gene_MP008209	0.47323	0.76805	39	0	0.0000
gene_MP008285	0.35414	0.89623	37	0	0.0000
gene_MP008291	0.36045	1.04697	3815	0	0.0000
gene_MP008296	0.42849	1.06337	601	0	0.0000
gene_MP008302	0.35387	1.06450	144	0	0.0000
gene_MP008306	0.35591	0.87432	570	0	0.0000
gene_MP008318	0.63861	1.29597	67	0	0.0000
gene_MP008332	0.36842	0.99876	953	0	0.0000
gene_MP008337	0.63861	1.29597	415	0	0.0000
gene_MP008338	0.37685	0.88258	144	5	3.4722
gene_MP008342	0.46229	1.14871	35	0	0.0000
gene_MP008349	0.42213	1.09872	280	0	0.0000
gene_MP008400	0.43721	0.87418	318	12	3.7736
gene_MP008408	0.37617	0.97365	93	0	0.0000
gene_MP008428	0.36716	1.09691	849	0	0.0000
gene_MP008432	0.36716	1.09691	39	0	0.0000
gene_MP008439	0.49483	1.25879	93	0	0.0000
gene_MP008446	0.38512	0.96564	1618	0	0.0000
gene_MP008452	0.38372	0.91148	162	0	0.0000
gene_MP008466	0.35074	0.93650	289	0	0.0000
gene_MP008470	0.35007	0.96559	289	0	0.0000
gene_MP008474	0.46229	1.14871	342	8	2.3392
gene_MP008477	0.37858	1.17101	374	0	0.0000
gene_MP008491	0.36266	0.98373	636	12	1.8868
gene_MP008531	0.40979	0.94368	67	0	0.0000
gene_MP008551	0.37938	0.81909	92	0	0.0000
gene_MP008606	0.37864	0.98259	169	9	5.3254
gene_MP008680	0.41024	1.05507	722	1	0.1385
gene_MP008691	0.35673	0.98438	1690	1	0.0592
gene_MP008693	0.39325	1.00682	1330	6	0.4511
gene_MP008714	0.38968	1.00311	554	0	0.0000
gene_MP008740	0.40706	0.86746	138	0	0.0000
gene_MP008781	0.65354	1.01088	29	0	0.0000
gene_MP009071	0.42245	0.87298	140	0	0.0000
gene_MP009179	0.54474	0.98797	297	1	0.3367
gene_MP009345	0.50459	1.07469	298	0	0.0000
gene_MP010204	0.34458	1.01223	540	0	0.0000
gene_MP010220	0.36536	1.12356	388	12	3.0928
gene_MP010233	0.35512	0.81449	74	0	0.0000
gene_MP010239	0.34458	1.01223	1182	0	0.0000
gene_MP010245	0.35127	0.84711	1077	0	0.0000
gene_MP010257	0.35883	0.55417	28	0	0.0000
gene_MP010275	0.39589	1.04432	1028	0	0.0000
gene_MP010300	0.37538	0.95618	140	0	0.0000
gene_MP010302	0.40595	1.02366	1094	0	0.0000
gene_MP010303	0.37951	1.04267	262	18	6.8702
gene_MP010309	0.43514	1.03529	128	2	1.5625
gene_MP010455	0.37991	1.23724	107	0	0.0000
gene_MP010463	0.39794	0.93515	158	2	1.2658
gene_MP010496	0.37814	1.04485	41	2	4.8780
gene_MP010552	0.35547	0.37362	28	0	0.0000
gene_MP010616	0.65418	1.02892	152	0	0.0000
gene_MP010665	0.43837	1.28733	52	0	0.0000
gene_MP010847	0.35191	1.03829	800	0	0.0000
gene_MP010861	0.41860	1.02544	1052	10	0.9506
gene_MP010874	0.39794	0.93515	89	4	4.4944
gene_MP010895	0.39938	0.92605	68	0	0.0000
gene_MP010995	0.34424	1.01838	72	0	0.0000
gene_MP011009	0.49504	1.16515	336	6	1.7857
gene_MP011093	0.34959	0.73103	32	7	21.8750
gene_MP011099	0.41199	1.08152	1196	16	1.3378
gene_MP011130	0.36519	0.92401	406	0	0.0000
gene_MP011221	0.59417	1.14798	156	0	0.0000
gene_MP011619	0.33953	0.69347	24	6	25.0000
gene_MP011757	0.37992	1.06258	191	0	0.0000
gene_MP011782	0.37296	0.77791	49	0	0.0000
gene_MP011785	0.40073	0.99418	44	0	0.0000
gene_MP011786	0.38372	1.07412	448	10	2.2321
gene_MP011797	0.39029	0.77881	34	0	0.0000
gene_MP011830	0.35682	0.95017	488	0	0.0000
gene_MP011930	0.62066	1.31461	156	0	0.0000
gene_MP011953	0.40721	0.88463	243	4	1.6461
gene_MP011973	0.35774	0.44576	34	10	29.4118
gene_MP012007	0.43590	1.04927	42	0	0.0000
gene_MP012012	0.35411	1.00222	25	0	0.0000
gene_MP012038	0.35181	0.68809	63	6	9.5238
gene_MP012246	0.48684	0.57495	26	0	0.0000
gene_MP012252	0.39229	0.83565	63	0	0.0000
gene_MP012253	0.34915	0.87510	407	1	0.2457
gene_MP012284	0.40556	0.60089	27	0	0.0000
gene_MP012285	0.38198	1.04912	221	2	0.9050
gene_MP012435	0.38672	0.97110	111	9	8.1081
gene_MP012441	0.36744	0.97575	1515	0	0.0000
gene_MP012454	0.41416	0.60638	24	0	0.0000
gene_MP012457	0.36031	0.86338	68	26	38.2353
gene_MP012481	0.39098	0.76911	74	0	0.0000
gene_MP012519	0.36443	1.11034	342	5	1.4620
gene_MP012542	0.42768	0.81222	41	7	17.0732
gene_MP012573	0.44324	1.01602	61	0	0.0000
gene_MP012642	0.41521	0.93499	26	0	0.0000
gene_MP012714	0.54608	1.19578	137	13	9.4891
gene_MP012725	0.44416	0.91933	227	10	4.4053
gene_MP012735	0.34029	0.77531	80	3	3.7500
gene_MP012818	0.38202	0.85309	27	0	0.0000
gene_MP013043	0.38488	0.76440	98	0	0.0000
gene_MP013126	0.37770	0.57002	35	9	25.7143
gene_MP013319	0.46301	0.70372	47	9	19.1489
gene_MP013324	0.36924	1.11521	125	0	0.0000
gene_MP013377	0.38322	1.06138	103	3	2.9126
gene_MP013382	0.42966	1.05204	59	0	0.0000
gene_MP013435	0.36778	0.54083	58	10	17.2414
gene_MP013654	0.38325	0.92270	86	7	8.1395
gene_MP013703	0.36538	0.92924	199	0	0.0000
gene_MP013783	0.45942	1.01606	21	0	0.0000
gene_MP013917	0.37964	0.92629	88	0	0.0000
gene_MP013996	0.37876	1.02644	1004	0	0.0000
gene_MP014031	0.38945	0.83998	188	9	4.7872
gene_MP014035	0.35910	0.77457	21	6	28.5714
gene_MP014154	0.38976	0.98047	1016	2	0.1969
gene_MP014177	0.35851	0.62243	23	10	43.4783
gene_MP014198	0.38032	0.98922	109	0	0.0000
gene_MP014212	0.35512	0.81449	33	17	51.5152
gene_MP014274	0.36241	1.03873	42	0	0.0000
gene_MP014297	0.44172	0.75694	86	10	11.6279
gene_MP014309	0.37110	0.68775	47	0	0.0000
gene_MP014322	0.36229	0.94900	267	0	0.0000
gene_MP014421	0.38217	0.98764	114	0	0.0000
gene_MP014425	0.40785	0.80236	29	0	0.0000
gene_MP014439	0.37761	0.93793	174	0	0.0000
gene_MP014462	0.51168	1.06618	82	3	3.6585
gene_MP014597	0.49026	1.01396	380	1	0.2632
gene_MP014641	0.40987	0.60330	57	0	0.0000
gene_MP014779	0.43497	0.89446	67	0	0.0000
gene_MP014787	0.37008	0.80779	117	0	0.0000
gene_MP014819	0.43443	1.01971	48	1	2.0833
gene_MP014834	0.40235	0.92440	114	0	0.0000
gene_MP014903	0.37941	1.02165	195	0	0.0000
gene_MP015014	0.34853	1.06937	513	0	0.0000
gene_MP015022	0.39172	0.78443	60	20	33.3333
gene_MP015104	0.45531	1.47788	280	0	0.0000
gene_MP015127	0.35648	0.79816	74	13	17.5676
gene_MP015398	0.33332	0.96806	734	0	0.0000
gene_MP015402	0.41791	1.14125	30	0	0.0000
gene_MP015403	0.59501	1.06990	88	0	0.0000
gene_MP015474	0.33300	0.76507	105	0	0.0000
gene_MP015481	0.38030	1.00181	68	0	0.0000
gene_MP015576	0.50282	1.01541	34	0	0.0000
gene_MP015578	0.39076	1.11650	527	8	1.5180
gene_MP015704	0.37339	0.75841	194	5	2.5773
gene_MP015712	0.41453	1.02984	200	0	0.0000
gene_MP015822	0.35997	0.87467	126	0	0.0000
gene_MP015826	0.33885	0.87188	142	0	0.0000
gene_MP016128	0.37160	1.03145	363	0	0.0000
gene_MP016156	0.45396	1.03826	919	7	0.7617
gene_MP016177	0.35328	1.04016	40	0	0.0000
gene_MP016182	0.42853	0.93180	463	14	3.0238
gene_MP016351	0.38040	0.64438	84	4	4.7619
gene_MP016364	0.38901	1.09050	272	0	0.0000
gene_MP016366	0.36025	0.98288	706	0	0.0000
gene_MP016418	0.34064	0.71798	34	0	0.0000
gene_MP016680	0.39783	0.86810	206	0	0.0000
gene_MP016738	0.69679	1.11250	67	0	0.0000
gene_MP016868	0.34612	0.72695	109	13	11.9266
gene_MP016885	0.36571	1.16675	897	0	0.0000
gene_MP016895	0.35938	0.72375	329	10	3.0395
gene_MP017062	0.48178	0.71421	49	7	14.2857
gene_MP017085	0.39861	1.00809	49	0	0.0000
gene_MP017095	0.38108	0.97819	125	17	13.6000
gene_MP017116	0.38538	0.91245	416	0	0.0000
gene_MP017169	0.40951	1.00926	593	4	0.6745
gene_MP017201	0.38836	0.96376	81	0	0.0000
gene_MP017208	0.41147	1.21388	112	0	0.0000
gene_MP017211	0.36066	1.01227	28	0	0.0000
gene_MP017213	0.39832	0.76459	48	0	0.0000
gene_MP017288	0.37093	1.04718	64	0	0.0000
gene_MP017345	0.44410	1.07054	96	0	0.0000
gene_MP017346	0.43218	0.95771	86	0	0.0000
gene_MP017354	0.38392	1.02412	112	0	0.0000
gene_MP017400	0.41854	0.82925	229	0	0.0000
gene_MP017535	0.37326	0.83392	71	1	1.4085
gene_MP017619	0.39981	1.05573	939	0	0.0000
gene_MP017794	0.39376	1.31609	819	0	0.0000
gene_MP017833	0.33787	0.93038	33	0	0.0000
gene_MP017843	0.43792	0.77243	66	0	0.0000
gene_MP017863	0.36571	1.16675	146	0	0.0000
gene_MP017895	0.41141	1.07032	30	0	0.0000
gene_MP017900	0.37401	0.95243	35	0	0.0000
gene_MP017920	0.37403	1.02113	67	0	0.0000
gene_MP017933	0.36396	0.98484	29	0	0.0000
gene_MP017965	0.38509	0.98820	58	0	0.0000
gene_MP018009	0.35321	1.04105	335	0	0.0000
gene_MP018034	0.36571	1.16675	970	0	0.0000
gene_MP018147	0.37589	0.92893	107	0	0.0000
gene_MP018229	0.35148	0.83272	65	0	0.0000
gene_MP018323	0.37397	0.90443	47	0	0.0000
gene_MP018421	0.41983	0.90069	68	0	0.0000
gene_MP018486	0.39074	0.86842	49	5	10.2041
gene_MP018509	0.39148	0.84945	72	0	0.0000
gene_MP018542	0.37692	1.04057	2108	0	0.0000
gene_MP018543	0.37767	1.01728	509	0	0.0000
gene_MP018684	0.38254	0.97543	34	0	0.0000
gene_MP018871	0.42566	0.92933	126	0	0.0000
gene_MP019061	0.58333	1.29796	53	0	0.0000
gene_MP019592	0.67556	1.02277	53	0	0.0000
gene_MP019660	0.49477	0.84439	69	0	0.0000
gene_MP019665	0.49776	0.87077	72	0	0.0000
gene_MP019944	0.52643	0.90648	89	0	0.0000
gene_MP020446	0.40740	0.80935	78	0	0.0000
gene_MP020491	0.36237	0.92332	223	0	0.0000
gene_MP020494	0.37848	1.14959	153	0	0.0000
gene_MP020503	0.45503	1.08722	332	15	4.5181
gene_MP020504	0.36069	0.95901	911	0	0.0000
gene_MP020509	0.47315	1.06629	127	0	0.0000
gene_MP020514	0.38271	0.86590	272	3	1.1029
gene_MP020530	0.40418	0.77656	268	8	2.9851
gene_MP020539	0.41152	0.92671	261	0	0.0000
gene_MP020542	0.36414	0.81214	68	0	0.0000
gene_MP020550	0.36569	0.91164	357	0	0.0000
gene_MP020569	0.40422	0.69754	24	0	0.0000
gene_MP020576	0.35885	1.06369	147	0	0.0000
gene_MP020610	0.45200	0.59061	116	0	0.0000
gene_MP020630	0.47769	1.15457	212	13	6.1321
gene_MP020666	0.37773	0.84291	34	0	0.0000
gene_MP020686	0.36462	0.94512	506	0	0.0000
gene_MP020717	0.39971	1.06743	135	0	0.0000
gene_MP020880	0.37682	1.22415	146	0	0.0000
gene_MP020984	0.45348	0.88717	116	0	0.0000
gene_MP021114	0.46697	0.80314	29	0	0.0000
gene_MP021465	0.65646	0.99541	31	0	0.0000
gene_MP021484	0.38593	1.08155	55	0	0.0000
gene_MP021486	0.38061	1.00802	428	0	0.0000
gene_MP021500	0.64561	0.98013	175	0	0.0000
gene_MP021760	0.41396	0.94169	21	0	0.0000
gene_MP021767	0.46026	0.74999	85	0	0.0000
gene_MP021904	0.42166	0.88929	86	0	0.0000
gene_MP022642	0.65798	0.98947	90	0	0.0000
gene_MP022910	0.64683	0.98819	35	0	0.0000
gene_MP022989	0.39331	0.79660	417	0	0.0000
gene_MP023005	0.39080	0.87067	203	2	0.9852
gene_MP023088	0.51620	0.89558	57	0	0.0000
gene_MP023259	0.36476	0.80247	171	26	15.2047
gene_MP023263	0.37013	0.90807	170	0	0.0000
gene_MP023406	0.42001	1.29651	397	20	5.0378
gene_MP023410	0.37307	0.96098	2047	0	0.0000
gene_MP023486	0.41406	0.97797	94	0	0.0000
gene_MP023529	0.37213	0.77227	94	0	0.0000
gene_MP023812	0.37800	1.04005	1564	0	0.0000
gene_MP023827	0.37887	0.94129	71	0	0.0000
gene_MP024051	0.40593	1.02344	25	0	0.0000
gene_MP024104	0.36278	0.68562	24	0	0.0000
gene_MP024131	0.36021	0.97420	111	0	0.0000
gene_MP024337	0.64725	1.00758	24	0	0.0000
gene_MP024428	0.35866	0.89207	23	0	0.0000
gene_MP024745	0.35326	0.89162	68	2	2.9412
gene_MP024759	0.43062	1.20736	35	0	0.0000
gene_MP024769	0.63277	1.01340	50	0	0.0000
gene_MP024770	0.69593	1.03226	73	0	0.0000
gene_MP000008	0.35730	0.85126	714	0	0.0000
gene_MP000042	0.39605	0.81065	65	0	0.0000
gene_MP000212	0.34870	0.91900	71	4	5.6338
gene_MP000214	0.38129	0.28327	23	0	0.0000
gene_MP000228	0.34182	0.95308	21	0	0.0000
gene_MP000236	0.40054	0.84691	185	0	0.0000
gene_MP000272	0.38072	0.92948	51	0	0.0000
gene_MP000353	0.41601	0.72320	61	3	4.9180
gene_MP000411	0.40715	0.95113	557	24	4.3088
gene_MP000424	0.35186	0.72659	109	15	13.7615
gene_MP000435	0.41639	0.85373	97	0	0.0000
gene_MP000581	0.34592	0.99319	456	0	0.0000
gene_MP000688	0.37231	0.98704	445	2	0.4494
gene_MP000694	0.37748	1.01371	744	0	0.0000
gene_MP001010	0.37305	1.09697	701	11	1.5692
gene_MP001020	0.38033	0.93568	609	0	0.0000
gene_MP001032	0.38997	1.04375	356	0	0.0000
gene_MP001049	0.35968	0.99935	264	8	3.0303
gene_MP001289	0.42885	1.15423	209	0	0.0000
gene_MP001418	0.39158	1.04912	294	0	0.0000
gene_MP001424	0.35532	0.92928	1774	0	0.0000
gene_MP001550	0.44970	1.08403	90	0	0.0000
gene_MP001601	0.37235	0.93732	216	0	0.0000
gene_MP001624	0.36531	0.87359	54	0	0.0000
gene_MP001668	0.36701	0.84168	162	6	3.7037
gene_MP001709	0.39132	0.86319	32	0	0.0000
gene_MP001714	0.40763	0.48964	22	6	27.2727
gene_MP001715	0.35787	1.00947	1098	8	0.7286
gene_MP001747	0.39889	1.04227	237	0	0.0000
gene_MP001750	0.35610	0.91902	99	0	0.0000
gene_MP001940	0.36301	0.99335	544	4	0.7353
gene_MP001956	0.37301	0.76830	200	3	1.5000
gene_MP001974	0.35295	1.00886	238	0	0.0000
gene_MP002151	0.36385	0.91779	208	0	0.0000
gene_MP002261	0.42881	0.95166	399	0	0.0000
gene_MP002277	0.34270	0.56324	26	4	15.3846
gene_MP002286	0.46223	0.99178	47	8	17.0213
gene_MP002302	0.38023	0.80696	292	0	0.0000
gene_MP002308	0.33401	0.80336	22	4	18.1818
gene_MP002311	0.35642	0.98459	529	2	0.3781
gene_MP002334	0.38481	0.70428	91	4	4.3956
gene_MP002365	0.36563	0.95699	521	0	0.0000
gene_MP002372	0.34197	1.13793	172	11	6.3953
gene_MP002378	0.36627	0.63258	68	15	22.0588
gene_MP002550	0.42097	1.07281	230	0	0.0000
gene_MP002556	0.34953	1.06943	122	0	0.0000
gene_MP002613	0.37651	0.75347	36	0	0.0000
gene_MP002700	0.37346	0.90765	242	17	7.0248
gene_MP002704	0.36088	1.05687	128	0	0.0000
gene_MP002726	0.40441	1.05408	88	8	9.0909
gene_MP002735	0.36681	0.67358	43	8	18.6047
gene_MP002758	0.34880	0.89921	132	11	8.3333
gene_MP002818	0.36429	0.85322	85	0	0.0000
gene_MP002947	0.40490	0.92969	49	0	0.0000
gene_MP003034	0.37072	0.77319	30	8	26.6667
gene_MP003081	0.39253	0.85986	126	0	0.0000
gene_MP003087	0.36763	0.96183	247	12	4.8583
gene_MP003119	0.36515	0.66877	63	26	41.2698
gene_MP003156	0.40522	0.76055	129	19	14.7287
gene_MP003215	0.34768	0.75632	38	2	5.2632
gene_MP003234	0.41818	0.85163	55	0	0.0000
gene_MP003237	0.37810	0.94033	95	0	0.0000
gene_MP003238	0.34261	0.61382	52	14	26.9231
gene_MP003401	0.39921	0.93345	103	4	3.8835
gene_MP003433	0.38047	0.92700	179	12	6.7039
gene_MP003484	0.37747	0.91366	380	13	3.4211
gene_MP003598	0.35556	0.86544	26	1	3.8462
gene_MP003616	0.44698	1.05437	434	6	1.3825
gene_MP003643	0.37301	0.78065	146	0	0.0000
gene_MP003724	0.36247	0.99745	133	0	0.0000
gene_MP003870	0.43773	0.90577	195	0	0.0000
gene_MP003907	0.36510	0.95905	135	7	5.1852
gene_MP003918	0.38448	0.92384	859	1	0.1164
gene_MP003922	0.38003	0.95968	491	0	0.0000
gene_MP003993	0.42627	0.93326	153	0	0.0000
gene_MP003994	0.45960	1.04434	104	0	0.0000
gene_MP003997	0.38549	0.81919	104	0	0.0000
gene_MP004017	0.42420	1.10456	540	10	1.8519
gene_MP004082	0.33163	0.90331	101	33	32.6733
gene_MP004289	0.37988	0.92802	189	10	5.2910
gene_MP004720	0.38863	1.13138	198	0	0.0000
gene_MP004725	0.38357	0.85037	34	0	0.0000
gene_MP004726	0.40743	1.03954	58	0	0.0000
gene_MP004730	0.35671	1.04948	230	0	0.0000
gene_MP004734	0.39295	1.12583	542	4	0.7380
gene_MP004748	0.38777	0.89330	133	0	0.0000
gene_MP004758	0.42691	0.73802	43	0	0.0000
gene_MP005046	0.37851	1.11919	144	0	0.0000
gene_MP005057	0.37292	0.77370	101	11	10.8911
gene_MP005087	0.42929	1.09098	1921	0	0.0000
gene_MP005091	0.35789	0.91930	466	0	0.0000
gene_MP005336	0.36695	0.80696	329	8	2.4316
gene_MP005347	0.33656	0.97737	338	0	0.0000
gene_MP005350	0.42022	0.99630	97	0	0.0000
gene_MP005435	0.37628	0.81620	155	0	0.0000
gene_MP005451	0.38080	0.90049	43	0	0.0000
gene_MP005547	0.35805	0.96991	700	0	0.0000
gene_MP005695	0.36814	1.29335	327	0	0.0000
gene_MP005843	0.39965	0.98189	239	0	0.0000
gene_MP005893	0.36233	0.90391	829	8	0.9650
gene_MP005998	0.39127	0.98587	1043	0	0.0000
gene_MP006116	0.35605	0.99823	540	4	0.7407
gene_MP006141	0.37791	0.83502	33	7	21.2121
gene_MP006273	0.46455	0.81486	126	0	0.0000
gene_MP006388	0.40346	0.92107	369	0	0.0000
gene_MP006593	0.36949	0.92748	581	6	1.0327
gene_MP006829	0.37694	1.02143	142	0	0.0000
gene_MP006907	0.36857	1.07553	642	2	0.3115
gene_MP006910	0.42059	0.97130	130	0	0.0000
gene_MP008018	0.40820	0.93505	1264	2	0.1582
gene_MP008050	0.41738	0.88890	28	0	0.0000
gene_MP008052	0.37908	0.82778	314	9	2.8662
gene_MP008069	0.40193	1.00847	279	1	0.3584
gene_MP008074	0.36552	0.98639	672	5	0.7440
gene_MP008106	0.35923	1.01693	823	3	0.3645
gene_MP008146	0.36422	1.11544	31	0	0.0000
gene_MP008155	0.38738	0.85838	445	0	0.0000
gene_MP008162	0.60465	1.18473	181	0	0.0000
gene_MP008164	0.43071	0.91711	44	1	2.2727
gene_MP008181	0.44673	0.90341	184	14	7.6087
gene_MP008195	0.42514	1.11912	351	9	2.5641
gene_MP008197	0.37654	1.00684	128	0	0.0000
gene_MP008232	0.36071	1.02905	2542	20	0.7868
gene_MP008248	0.36108	1.09582	234	0	0.0000
gene_MP008266	0.55202	0.85741	168	0	0.0000
gene_MP008274	0.41684	0.93320	350	0	0.0000
gene_MP008288	0.38208	0.84719	681	0	0.0000
gene_MP008295	0.40049	1.22698	104	0	0.0000
gene_MP008305	0.51607	1.27981	392	17	4.3367
gene_MP008314	0.37558	0.77764	123	2	1.6260
gene_MP010010	0.44664	0.91006	62	0	0.0000
gene_MP010024	0.35398	0.97527	1749	0	0.0000
gene_MP010030	0.35897	0.55227	20	3	15.0000
gene_MP010038	0.36678	0.94095	1029	0	0.0000
gene_MP010048	0.44963	1.10975	1030	2	0.1942
gene_MP010058	0.38815	1.09542	874	17	1.9451
gene_MP010061	0.38776	1.05004	177	0	0.0000
gene_MP010064	0.39205	0.89053	221	8	3.6199
gene_MP010071	0.35398	0.97527	1032	0	0.0000
gene_MP010073	0.39575	1.01635	1536	1	0.0651
gene_MP010118	0.38721	0.83870	38	14	36.8421
gene_MP010182	0.39687	0.98893	808	1	0.1238
gene_MP010183	0.35398	0.97527	463	0	0.0000
gene_MP010640	0.44406	1.09671	182	39	21.4286
gene_MP010650	0.36816	1.16949	1209	0	0.0000
gene_MP010651	0.38858	0.82043	99	0	0.0000
gene_MP010682	0.35920	1.07032	1099	0	0.0000
gene_MP010697	0.35618	0.96276	1604	0	0.0000
gene_MP010788	0.40647	0.65474	53	0	0.0000
gene_MP010800	0.34359	1.08396	41	0	0.0000
gene_MP010899	0.37964	0.87317	1321	2	0.1514
gene_MP010901	0.39894	1.02963	945	12	1.2698
gene_MP010939	0.41497	0.97976	74	0	0.0000
gene_MP011274	0.35853	1.08221	84	0	0.0000
gene_MP011784	0.36280	0.89398	262	0	0.0000
gene_MP011820	0.35306	1.00333	91	0	0.0000
gene_MP011873	0.35334	0.81339	51	16	31.3725
gene_MP011923	0.39829	0.69897	81	0	0.0000
gene_MP012011	0.38716	1.08930	118	0	0.0000
gene_MP012091	0.37601	0.87303	133	27	20.3008
gene_MP012105	0.41679	0.98944	154	0	0.0000
gene_MP012316	0.46836	0.95125	81	0	0.0000
gene_MP012333	0.34851	0.91860	133	0	0.0000
gene_MP012450	0.41115	0.91228	227	0	0.0000
gene_MP012468	0.37543	0.89179	65	13	20.0000
gene_MP012471	0.39509	0.89170	310	7	2.2581
gene_MP012570	0.36182	1.00499	241	0	0.0000
gene_MP012785	0.43561	1.09842	478	0	0.0000
gene_MP012839	0.35467	0.71982	47	0	0.0000
gene_MP012862	0.39866	1.37660	48	2	4.1667
gene_MP012870	0.41015	1.00360	636	13	2.0440
gene_MP012885	0.39531	0.73110	33	0	0.0000
gene_MP012887	0.40444	1.09479	450	1	0.2222
gene_MP012896	0.38335	1.00314	183	0	0.0000
gene_MP012899	0.37602	0.69651	48	13	27.0833
gene_MP012916	0.38674	0.92091	113	9	7.9646
gene_MP012918	0.38214	0.77886	84	14	16.6667
gene_MP012984	0.38695	0.92266	75	0	0.0000
gene_MP013094	0.38811	0.80054	86	5	5.8140
gene_MP013141	0.37796	1.03913	58	0	0.0000
gene_MP013303	0.51462	1.20260	40	0	0.0000
gene_MP013313	0.36570	0.96236	68	0	0.0000
gene_MP013334	0.40198	0.92103	277	18	6.4982
gene_MP013339	0.35589	0.88676	445	0	0.0000
gene_MP013375	0.34949	0.84008	395	0	0.0000
gene_MP013389	0.36175	0.95792	769	0	0.0000
gene_MP013401	0.37229	0.61364	34	1	2.9412
gene_MP013499	0.43726	1.30182	459	0	0.0000
gene_MP013596	0.35769	0.95729	506	0	0.0000
gene_MP013601	0.42751	0.91761	252	0	0.0000
gene_MP013603	0.38327	0.91169	44	10	22.7273
gene_MP013608	0.35021	0.76668	22	0	0.0000
gene_MP013758	0.37938	0.80494	24	4	16.6667
gene_MP013776	0.38714	0.59662	36	6	16.6667
gene_MP013866	0.37199	1.00476	779	10	1.2837
gene_MP014236	0.45649	0.72903	28	0	0.0000
gene_MP014390	0.45372	0.73700	24	0	0.0000
gene_MP014447	0.35315	0.47170	29	0	0.0000
gene_MP014484	0.37484	0.96279	405	0	0.0000
gene_MP014550	0.34106	0.89858	166	0	0.0000
gene_MP014636	0.38446	0.82583	357	0	0.0000
gene_MP014638	0.36135	0.85132	474	4	0.8439
gene_MP014662	0.39179	0.68146	29	1	3.4483
gene_MP014664	0.44033	0.95060	29	0	0.0000
gene_MP014667	0.47082	1.10097	89	0	0.0000
gene_MP014679	0.36685	0.96187	773	1	0.1294
gene_MP014760	0.41392	0.84640	127	6	4.7244
gene_MP014765	0.40152	0.80842	55	0	0.0000
gene_MP014843	0.35866	0.85182	1053	0	0.0000
gene_MP015027	0.34972	0.81346	257	0	0.0000
gene_MP015029	0.35895	1.13419	279	0	0.0000
gene_MP015091	0.36475	0.86278	154	0	0.0000
gene_MP015105	0.43751	0.99473	174	0	0.0000
gene_MP015194	0.40960	0.48479	38	11	28.9474
gene_MP015204	0.39017	0.71193	28	0	0.0000
gene_MP015227	0.38177	0.85139	179	4	2.2346
gene_MP015285	0.35822	0.99756	47	1	2.1277
gene_MP015424	0.42005	0.76433	78	0	0.0000
gene_MP015453	0.34960	0.83618	340	0	0.0000
gene_MP015511	0.37259	0.92708	56	0	0.0000
gene_MP015575	0.40789	0.94517	46	5	10.8696
gene_MP015617	0.38101	0.81572	37	0	0.0000
gene_MP015620	0.38843	1.09026	415	0	0.0000
gene_MP015855	0.41184	1.10041	129	0	0.0000
gene_MP015905	0.42839	0.75198	26	0	0.0000
gene_MP015912	0.43229	0.79187	28	0	0.0000
gene_MP016016	0.38850	0.83843	163	0	0.0000
gene_MP016021	0.47963	1.02435	120	0	0.0000
gene_MP016025	0.38457	0.91306	155	0	0.0000
gene_MP016026	0.38570	0.87173	163	0	0.0000
gene_MP016046	0.41742	0.85421	21	0	0.0000
gene_MP016057	0.36918	1.04156	616	0	0.0000
gene_MP016058	0.44683	1.14823	357	0	0.0000
gene_MP016068	0.36001	0.84729	111	0	0.0000
gene_MP016330	0.42213	0.63191	20	0	0.0000
gene_MP016379	0.39445	0.89650	1010	0	0.0000
gene_MP016594	0.36797	0.96890	248	0	0.0000
gene_MP016623	0.36730	0.81360	185	0	0.0000
gene_MP016775	0.40662	0.91471	51	0	0.0000
gene_MP016792	0.36626	0.93258	526	0	0.0000
gene_MP016823	0.37772	1.09390	2211	0	0.0000
gene_MP016825	0.37085	0.92059	205	0	0.0000
gene_MP016832	0.38708	0.96923	43	0	0.0000
gene_MP017316	0.50414	0.99853	70	0	0.0000
gene_MP017527	0.37927	1.01267	38	8	21.0526
gene_MP017531	0.42669	0.97920	511	13	2.5440
gene_MP017570	0.40833	0.96829	236	0	0.0000
gene_MP017582	0.38706	1.00923	948	0	0.0000
gene_MP017643	0.37927	1.01267	175	0	0.0000
gene_MP017644	0.36663	0.98708	117	0	0.0000
gene_MP017810	0.40165	0.93328	151	0	0.0000
gene_MP017859	0.40111	0.91512	135	0	0.0000
gene_MP017870	0.35713	0.91581	432	0	0.0000
gene_MP017873	0.42476	1.13376	32	0	0.0000
gene_MP017892	0.39620	1.00380	112	0	0.0000
gene_MP017935	0.37682	0.86020	169	0	0.0000
gene_MP018139	0.39302	1.01938	354	0	0.0000
gene_MP018169	0.36875	0.89325	183	0	0.0000
gene_MP018327	0.42169	1.00667	191	22	11.5183
gene_MP018330	0.35288	0.96367	1496	0	0.0000
gene_MP018344	0.35612	0.67488	46	0	0.0000
gene_MP018412	0.36241	0.95151	378	0	0.0000
gene_MP018495	0.34804	1.02251	254	0	0.0000
gene_MP018697	0.36614	0.96925	60	0	0.0000
gene_MP018709	0.42354	0.88434	27	0	0.0000
gene_MP018713	0.33302	0.75871	68	0	0.0000
gene_MP018864	0.40506	0.68854	56	3	5.3571
gene_MP018969	0.38603	0.54083	35	6	17.1429
gene_MP019110	0.40568	1.04944	47	0	0.0000
gene_MP019303	0.40347	1.16193	70	0	0.0000
gene_MP019843	0.35969	0.60008	25	0	0.0000
gene_MP020201	0.38330	0.91145	634	0	0.0000
gene_MP020205	0.40205	0.76006	535	14	2.6168
gene_MP020223	0.45294	1.02374	378	0	0.0000
gene_MP020236	0.54497	1.22982	274	0	0.0000
gene_MP020242	0.45693	0.95675	314	0	0.0000
gene_MP020283	0.45520	0.97015	97	0	0.0000
gene_MP020300	0.42748	0.95944	400	0	0.0000
gene_MP020319	0.39832	0.96546	23	0	0.0000
gene_MP020327	0.39878	1.12628	571	17	2.9772
gene_MP020333	0.39458	1.07546	296	0	0.0000
gene_MP020336	0.42350	0.94226	568	23	4.0493
gene_MP020339	0.39496	1.07488	400	0	0.0000
gene_MP020352	0.40224	0.85959	273	11	4.0293
gene_MP020357	0.47890	0.89841	89	0	0.0000
gene_MP020359	0.37024	1.07982	397	6	1.5113
gene_MP020364	0.35028	0.94459	370	0	0.0000
gene_MP020365	0.39179	0.94522	272	4	1.4706
gene_MP020370	0.35203	0.95694	1436	0	0.0000
gene_MP020373	0.39702	0.84958	165	0	0.0000
gene_MP020416	0.37594	1.01664	195	0	0.0000
gene_MP020425	0.39154	0.71915	124	0	0.0000
gene_MP020435	0.70213	1.32536	69	0	0.0000
gene_MP020452	0.39726	0.71648	41	10	24.3902
gene_MP020453	0.38868	0.84605	146	3	2.0548
gene_MP020470	0.43633	0.94705	39	0	0.0000
gene_MP020521	0.37559	0.77037	136	0	0.0000
gene_MP020616	0.40464	0.93496	114	0	0.0000
gene_MP020619	0.36118	0.77990	105	0	0.0000
gene_MP020626	0.42474	1.13364	705	0	0.0000
gene_MP020648	0.35167	0.64039	58	0	0.0000
gene_MP020651	0.39098	0.78089	155	0	0.0000
gene_MP020653	0.38269	0.97672	355	0	0.0000
gene_MP021464	0.65986	0.98636	31	0	0.0000
gene_MP022246	0.37315	0.58382	64	1	1.5625
gene_MP022637	0.39163	0.92063	74	0	0.0000
gene_MP022685	0.43251	0.90435	131	0	0.0000
gene_MP022688	0.38125	0.96052	249	6	2.4096
gene_MP022690	0.38955	1.09346	128	0	0.0000
gene_MP022692	0.41802	1.00668	101	0	0.0000
gene_MP022696	0.37896	0.96410	81	0	0.0000
gene_MP022745	0.41981	0.82958	77	3	3.8961
gene_MP022749	0.36671	1.04375	105	0	0.0000
gene_MP022757	0.40201	1.02979	340	18	5.2941
gene_MP022767	0.40061	0.96216	720	0	0.0000
gene_MP022964	0.39515	0.95372	201	0	0.0000
gene_MP022979	0.38559	1.04634	55	0	0.0000
gene_MP023130	0.40131	1.03777	364	0	0.0000
gene_MP023134	0.37654	1.00684	539	4	0.7421
gene_MP023431	0.39547	0.94816	110	4	3.6364
gene_MP023439	0.44475	0.84647	118	15	12.7119
gene_MP023469	0.39135	0.86132	280	15	5.3571
gene_MP023488	0.37211	0.95628	737	14	1.8996
gene_MP023502	0.40649	0.79731	115	7	6.0870
gene_MP023541	0.35239	0.91202	2957	0	0.0000
gene_MP023746	0.36864	1.03989	1886	0	0.0000
gene_MP023777	0.43770	0.99505	144	0	0.0000
gene_MP023954	0.38181	0.97421	102	0	0.0000
gene_MP000085	0.34051	1.00618	466	0	0.0000
gene_MP000207	0.33905	0.56304	30	18	60.0000
gene_MP000309	0.35023	0.89885	890	0	0.0000
gene_MP000445	0.44209	1.15289	546	20	3.6630
gene_MP000531	0.39168	0.90752	121	5	4.1322
gene_MP000647	0.35518	0.82421	324	0	0.0000
gene_MP000657	0.39039	1.00942	941	9	0.9564
gene_MP000683	0.36202	0.87784	402	12	2.9851
gene_MP000766	0.36483	0.73195	51	12	23.5294
gene_MP000856	0.37894	1.06940	26	0	0.0000
gene_MP000875	0.36505	0.90165	292	10	3.4247
gene_MP000878	0.37894	1.06940	7444	0	0.0000
gene_MP000897	0.37894	1.06940	1504	3	0.1995
gene_MP001179	0.40895	0.91274	139	0	0.0000
gene_MP001181	0.34548	0.99748	411	0	0.0000
gene_MP001182	0.38574	0.91963	185	21	11.3514
gene_MP001246	0.36110	1.00334	139	5	3.5971
gene_MP001248	0.37203	1.06658	398	0	0.0000
gene_MP001253	0.36983	0.98182	59	6	10.1695
gene_MP001273	0.39834	0.96578	592	17	2.8716
gene_MP001274	0.37477	0.98974	578	0	0.0000
gene_MP001657	0.39403	1.04082	89	0	0.0000
gene_MP001687	0.40255	0.87439	71	0	0.0000
gene_MP001797	0.39277	0.85075	97	0	0.0000
gene_MP001876	0.37852	0.58276	20	0	0.0000
gene_MP001886	0.43193	0.68172	81	0	0.0000
gene_MP001953	0.36707	0.83374	327	22	6.7278
gene_MP001959	0.37314	1.12977	699	0	0.0000
gene_MP002003	0.34424	0.92524	235	2	0.8511
gene_MP002093	0.38955	0.96338	683	0	0.0000
gene_MP002107	0.35653	0.69766	93	1	1.0753
gene_MP002164	0.35566	0.98682	1028	0	0.0000
gene_MP002385	0.36600	0.94778	493	0	0.0000
gene_MP002475	0.36941	0.78439	177	0	0.0000
gene_MP002623	0.36384	0.66363	60	9	15.0000
gene_MP002869	0.38939	0.68947	38	8	21.0526
gene_MP002873	0.39246	0.91728	114	0	0.0000
gene_MP002874	0.41031	0.91401	100	0	0.0000
gene_MP002884	0.35592	0.89358	35	0	0.0000
gene_MP002993	0.36659	1.18916	162	0	0.0000
gene_MP003030	0.34633	0.78126	100	0	0.0000
gene_MP003091	0.38950	0.74854	33	7	21.2121
gene_MP003129	0.41633	0.57570	42	5	11.9048
gene_MP003202	0.40210	0.92407	36	0	0.0000
gene_MP003204	0.50056	0.87682	49	12	24.4898
gene_MP003244	0.42649	1.43643	196	0	0.0000
gene_MP003335	0.35920	0.92301	91	0	0.0000
gene_MP003446	0.38694	0.93572	449	3	0.6682
gene_MP003627	0.36854	0.91264	411	0	0.0000
gene_MP003631	0.37520	0.94350	169	14	8.2840
gene_MP003653	0.37883	0.84034	73	6	8.2192
gene_MP003661	0.37772	0.56787	1936	398	20.5579
gene_MP003688	0.37285	0.98758	593	0	0.0000
gene_MP003898	0.32592	0.91336	25	1	4.0000
gene_MP004053	0.43060	0.83362	114	4	3.5088
gene_MP004066	0.37405	0.63516	38	16	42.1053
gene_MP004076	0.41404	0.96730	964	24	2.4896
gene_MP004144	0.40385	1.04790	186	0	0.0000
gene_MP004167	0.37437	0.98083	32	0	0.0000
gene_MP004175	0.43891	0.68567	62	14	22.5806
gene_MP004420	0.35738	0.97099	129	0	0.0000
gene_MP004555	0.35398	0.93298	3079	0	0.0000
gene_MP004562	0.37965	0.90705	99	0	0.0000
gene_MP004580	0.34930	1.00293	337	0	0.0000
gene_MP004870	0.40365	1.09108	426	4	0.9390
gene_MP004911	0.34473	1.05691	877	0	0.0000
gene_MP004915	0.41590	0.90497	125	0	0.0000
gene_MP004931	0.37768	0.92800	425	0	0.0000
gene_MP004936	0.40680	0.96000	33	0	0.0000
gene_MP005140	0.35776	0.99262	202	0	0.0000
gene_MP005377	0.71900	1.17086	133	0	0.0000
gene_MP005464	0.35867	1.03568	1489	0	0.0000
gene_MP005615	0.36674	0.94474	110	0	0.0000
gene_MP005656	0.38543	0.93025	738	2	0.2710
gene_MP006030	0.36160	0.95900	443	0	0.0000
gene_MP006066	0.36160	0.95900	83	0	0.0000
gene_MP006112	0.36160	0.95900	72	0	0.0000
gene_MP006146	0.38160	1.04410	315	0	0.0000
gene_MP006168	0.36696	0.94209	181	0	0.0000
gene_MP006260	0.41939	0.92973	62	10	16.1290
gene_MP006266	0.37118	0.94768	303	5	1.6502
gene_MP006302	0.32874	0.94303	65	0	0.0000
gene_MP006413	0.35696	0.82458	31	0	0.0000
gene_MP006692	0.43288	0.90685	271	0	0.0000
gene_MP006920	0.34834	1.03613	153	0	0.0000
gene_MP006933	0.41618	1.02761	140	14	10.0000
gene_MP007001	0.36160	0.95900	292	0	0.0000
gene_MP007171	0.38484	0.92661	101	0	0.0000
gene_MP007204	0.40842	1.06812	36	0	0.0000
gene_MP007236	0.48484	1.04142	167	10	5.9880
gene_MP007239	0.39516	0.82895	164	0	0.0000
gene_MP007251	0.35674	0.97542	1371	10	0.7294
gene_MP007305	0.42351	1.08145	1030	0	0.0000
gene_MP007322	0.35212	0.87895	1005	0	0.0000
gene_MP007329	0.39888	0.95437	944	1	0.1059
gene_MP007331	0.40866	0.97976	49	0	0.0000
gene_MP007336	0.38470	1.03747	98	0	0.0000
gene_MP007338	0.37916	0.92596	277	0	0.0000
gene_MP007342	0.38381	0.77831	267	25	9.3633
gene_MP007347	0.34466	1.05749	1755	0	0.0000
gene_MP007355	0.38265	0.92897	459	6	1.3072
gene_MP007358	0.34952	0.87395	77	0	0.0000
gene_MP007390	0.36588	0.78939	31	7	22.5806
gene_MP007415	0.40655	0.83388	124	10	8.0645
gene_MP007437	0.35328	1.01607	127	8	6.2992
gene_MP008142	0.42714	1.14946	149	0	0.0000
gene_MP009452	0.42026	1.11726	559	0	0.0000
gene_MP009474	0.37419	0.87389	141	0	0.0000
gene_MP009477	0.40220	0.89587	174	0	0.0000
gene_MP009527	0.40133	0.97695	153	0	0.0000
gene_MP009616	0.44405	0.89762	148	0	0.0000
gene_MP009620	0.35927	1.05588	1022	0	0.0000
gene_MP009628	0.38692	0.99342	254	6	2.3622
gene_MP009634	0.36121	0.72967	43	6	13.9535
gene_MP009777	0.37771	0.83539	44	0	0.0000
gene_MP009792	0.40306	1.19295	167	0	0.0000
gene_MP009807	0.37105	0.88403	91	0	0.0000
gene_MP009815	0.34390	0.73690	78	4	5.1282
gene_MP009826	0.38463	0.83728	135	15	11.1111
gene_MP010027	0.40306	1.19295	701	11	1.5692
gene_MP010075	0.42063	0.88176	56	0	0.0000
gene_MP010130	0.35199	1.18855	127	0	0.0000
gene_MP011079	0.51136	1.22476	56	0	0.0000
gene_MP011497	0.62595	0.99193	493	1	0.2028
gene_MP011564	0.37101	0.95985	31	0	0.0000
gene_MP011569	0.37491	0.96991	95	0	0.0000
gene_MP011641	0.35278	0.65791	54	6	11.1111
gene_MP011748	0.35221	0.97279	572	0	0.0000
gene_MP011814	0.34809	1.03634	46	0	0.0000
gene_MP011874	0.34153	1.04870	114	0	0.0000
gene_MP011906	0.53217	1.01239	249	0	0.0000
gene_MP011983	0.38181	0.90726	44	0	0.0000
gene_MP012029	0.36053	0.90872	220	2	0.9091
gene_MP012043	0.64286	1.08365	45	0	0.0000
gene_MP012117	0.40361	0.87430	55	0	0.0000
gene_MP012378	0.49243	1.15122	188	0	0.0000
gene_MP012500	0.36532	1.00230	428	0	0.0000
gene_MP012637	0.37332	0.93198	50	4	8.0000
gene_MP012770	0.34522	0.97965	49	0	0.0000
gene_MP012805	0.44563	0.87479	55	0	0.0000
gene_MP012808	0.37351	0.83520	32	0	0.0000
gene_MP013106	0.41250	0.86689	62	16	25.8065
gene_MP013132	0.36931	1.00584	71	0	0.0000
gene_MP013140	0.34600	1.03792	136	0	0.0000
gene_MP013146	0.36372	1.05152	142	0	0.0000
gene_MP013149	0.34538	1.06145	43	0	0.0000
gene_MP013150	0.37560	0.68301	24	0	0.0000
gene_MP013158	0.36415	1.04804	132	0	0.0000
gene_MP013248	0.40397	0.95542	35	0	0.0000
gene_MP013328	0.45930	1.39226	25	0	0.0000
gene_MP013510	0.37082	0.48773	37	9	24.3243
gene_MP013526	0.34031	0.83428	301	3	0.9967
gene_MP013530	0.36102	0.84788	20	0	0.0000
gene_MP013534	0.41082	0.93731	210	19	9.0476
gene_MP013680	0.35352	0.54995	30	15	50.0000
gene_MP013682	0.41317	0.91467	274	0	0.0000
gene_MP013706	0.37198	0.89473	116	0	0.0000
gene_MP013760	0.45630	0.87902	256	1	0.3906
gene_MP013871	0.36482	0.82051	65	0	0.0000
gene_MP013952	0.41103	0.95122	22	4	18.1818
gene_MP014004	0.36853	0.76952	58	10	17.2414
gene_MP014085	0.37913	1.03305	624	0	0.0000
gene_MP014093	0.36941	0.69791	24	0	0.0000
gene_MP014195	0.37786	0.83597	93	0	0.0000
gene_MP014196	0.35266	0.89529	257	0	0.0000
gene_MP014233	0.37179	0.86594	174	0	0.0000
gene_MP014337	0.68937	1.13624	127	0	0.0000
gene_MP014467	0.44215	0.72489	33	0	0.0000
gene_MP014541	0.33287	0.68083	46	0	0.0000
gene_MP014858	0.36149	0.97309	42	0	0.0000
gene_MP014861	0.33801	1.05703	542	0	0.0000
gene_MP014883	0.35483	0.85593	147	0	0.0000
gene_MP014946	0.35448	0.85892	94	14	14.8936
gene_MP014963	0.36566	1.50710	147	0	0.0000
gene_MP014973	0.33693	0.92244	150	0	0.0000
gene_MP015016	0.42753	0.93112	189	12	6.3492
gene_MP015125	0.50753	1.24635	265	13	4.9057
gene_MP015199	0.37601	0.83734	62	0	0.0000
gene_MP015200	0.50252	1.16507	73	0	0.0000
gene_MP015203	0.35621	0.86311	273	18	6.5934
gene_MP015362	0.38042	0.82019	56	0	0.0000
gene_MP015369	0.56484	1.40296	292	0	0.0000
gene_MP015447	0.34169	1.01136	108	0	0.0000
gene_MP015451	0.48414	0.82386	36	0	0.0000
gene_MP015454	0.46909	0.96197	84	0	0.0000
gene_MP015555	0.35676	0.76013	128	14	10.9375
gene_MP015579	0.36597	1.18799	1051	0	0.0000
gene_MP016190	0.37360	1.14067	28	0	0.0000
gene_MP016199	0.34730	1.03799	124	0	0.0000
gene_MP016207	0.38987	0.85424	391	2	0.5115
gene_MP016225	0.36829	0.84374	165	5	3.0303
gene_MP016237	0.42964	0.85820	25	0	0.0000
gene_MP017170	0.36051	0.98731	225	1	0.4444
gene_MP017209	0.41455	1.15085	90	0	0.0000
gene_MP017230	0.38655	0.73204	94	27	28.7234
gene_MP017256	0.35982	0.90320	78	0	0.0000
gene_MP017260	0.37361	1.16516	448	3	0.6696
gene_MP017274	0.37285	1.10996	28	0	0.0000
gene_MP017492	0.35429	0.84336	329	0	0.0000
gene_MP017829	0.37740	0.94318	317	0	0.0000
gene_MP017898	0.35760	1.01740	929	0	0.0000
gene_MP018046	0.35870	0.89682	135	0	0.0000
gene_MP018049	0.37427	1.04597	228	0	0.0000
gene_MP018058	0.36070	0.96066	833	0	0.0000
gene_MP018164	0.44057	1.06695	790	14	1.7722
gene_MP018375	0.43431	0.99345	38	4	10.5263
gene_MP018438	0.44542	1.19586	90	0	0.0000
gene_MP018536	0.37132	0.86535	35	0	0.0000
gene_MP018553	0.37807	0.61024	28	7	25.0000
gene_MP018582	0.46603	1.12099	278	6	2.1583
gene_MP018641	0.38333	0.78180	31	0	0.0000
gene_MP018662	0.39404	0.85656	107	0	0.0000
gene_MP018800	0.42460	1.09016	24	0	0.0000
gene_MP018804	0.56349	0.92855	37	0	0.0000
gene_MP018884	0.39800	0.94847	52	0	0.0000
gene_MP018894	0.40272	0.95076	1803	0	0.0000
gene_MP019106	0.36641	0.96021	28	4	14.2857
gene_MP019122	0.47141	1.26656	24	0	0.0000
gene_MP019128	0.35505	0.96121	469	0	0.0000
gene_MP019136	0.41125	1.14587	165	0	0.0000
gene_MP019143	0.35467	0.62934	22	7	31.8182
gene_MP019176	0.37718	0.97606	380	1	0.2632
gene_MP019281	0.41409	0.72017	46	1	2.1739
gene_MP019293	0.36641	0.96021	237	31	13.0802
gene_MP019306	0.36740	0.97232	85	0	0.0000
gene_MP019323	0.46995	1.26882	20	0	0.0000
gene_MP019332	0.47032	1.27242	193	0	0.0000
gene_MP019333	0.34237	0.77798	54	0	0.0000
gene_MP019347	0.35099	1.07744	427	0	0.0000
gene_MP019376	0.37688	0.61457	38	13	34.2105
gene_MP019378	0.35580	0.80626	47	0	0.0000
gene_MP019386	0.36781	0.98678	982	1	0.1018
gene_MP019403	0.35411	1.01065	116	0	0.0000
gene_MP019450	0.37559	0.98985	30	0	0.0000
gene_MP019480	0.48104	1.12651	86	0	0.0000
gene_MP019489	0.36916	0.99191	1253	27	2.1548
gene_MP019701	0.43399	0.87329	31	0	0.0000
gene_MP020481	0.43066	1.28340	313	0	0.0000
gene_MP021049	0.49467	0.74801	30	0	0.0000
gene_MP021062	0.49315	0.72735	29	0	0.0000
gene_MP021937	0.45107	1.01886	136	0	0.0000
gene_MP021943	0.39318	0.82601	126	4	3.1746
gene_MP021953	0.37104	0.83256	265	23	8.6792
gene_MP021955	0.38268	0.91671	139	0	0.0000
gene_MP021958	0.35112	0.95843	153	1	0.6536
gene_MP021983	0.35099	1.00071	154	0	0.0000
gene_MP022070	0.40271	0.85677	199	0	0.0000
gene_MP022180	0.36740	0.97232	835	0	0.0000
gene_MP022409	0.38698	0.91366	253	10	3.9526
gene_MP022421	0.56664	1.23361	321	0	0.0000
gene_MP022425	0.37683	0.82548	89	0	0.0000
gene_MP022439	0.38639	0.91115	448	0	0.0000
gene_MP022465	0.34373	0.96639	912	0	0.0000
gene_MP022524	0.61303	0.91761	32	0	0.0000
gene_MP022735	0.44588	0.62068	34	0	0.0000
gene_MP022756	0.35651	0.91682	513	0	0.0000
gene_MP023222	0.36645	1.05221	90	0	0.0000
gene_MP024735	0.46002	1.27959	1006	0	0.0000
gene_MP000056	0.35605	0.79279	171	32	18.7135
gene_MP000201	0.40764	0.72184	28	11	39.2857
gene_MP000327	0.37178	1.07001	455	13	2.8571
gene_MP000377	0.41830	0.99491	33	0	0.0000
gene_MP000385	0.37574	0.85238	191	9	4.7120
gene_MP000570	0.38113	0.92846	781	0	0.0000
gene_MP000679	0.35081	0.64250	37	10	27.0270
gene_MP000800	0.41790	0.99717	697	6	0.8608
gene_MP000821	0.44358	0.75028	52	13	25.0000
gene_MP001035	0.38054	0.98312	24	0	0.0000
gene_MP001043	0.36740	0.99624	725	0	0.0000
gene_MP001046	0.39712	0.90104	28	0	0.0000
gene_MP001053	0.36604	0.99852	840	0	0.0000
gene_MP001062	0.37537	0.99641	1635	3	0.1835
gene_MP001082	0.52500	1.15844	58	0	0.0000
gene_MP001339	0.44422	0.79813	78	0	0.0000
gene_MP001417	0.43183	1.12748	342	0	0.0000
gene_MP001529	0.42825	1.26861	314	0	0.0000
gene_MP001532	0.41992	1.14935	84	0	0.0000
gene_MP001586	0.36131	1.00043	337	0	0.0000
gene_MP001706	0.40425	0.54406	38	9	23.6842
gene_MP001716	0.36472	0.91077	143	3	2.0979
gene_MP001724	0.39712	0.90104	36	0	0.0000
gene_MP001746	0.39313	1.00670	250	0	0.0000
gene_MP001772	0.35001	0.95908	926	0	0.0000
gene_MP001930	0.40578	0.89858	81	0	0.0000
gene_MP001938	0.35923	0.98885	207	7	3.3816
gene_MP001947	0.37484	0.90435	117	6	5.1282
gene_MP002092	0.39280	0.80352	41	10	24.3902
gene_MP002104	0.39029	0.51013	58	4	6.8966
gene_MP002127	0.36507	0.99322	453	8	1.7660
gene_MP002142	0.38879	0.97074	581	18	3.0981
gene_MP002143	0.36102	0.69932	179	3	1.6760
gene_MP002155	0.36949	1.13900	67	3	4.4776
gene_MP002223	0.39780	0.94878	1111	0	0.0000
gene_MP002244	0.33011	0.81554	69	0	0.0000
gene_MP002364	0.37882	0.89999	253	0	0.0000
gene_MP002452	0.48222	0.63126	25	0	0.0000
gene_MP002468	0.42869	0.82861	35	0	0.0000
gene_MP002491	0.36569	0.83577	249	1	0.4016
gene_MP002494	0.39939	0.89839	88	10	11.3636
gene_MP002566	0.41461	0.80729	100	22	22.0000
gene_MP002572	0.64875	1.26055	74	0	0.0000
gene_MP002605	0.37869	1.05317	382	11	2.8796
gene_MP002610	0.40384	0.97006	37	0	0.0000
gene_MP002795	0.38202	0.96696	52	5	9.6154
gene_MP002988	0.48958	1.04657	79	6	7.5949
gene_MP003124	0.34487	0.91814	934	0	0.0000
gene_MP003308	0.36471	0.78771	101	4	3.9604
gene_MP003318	0.39277	0.88781	223	13	5.8296
gene_MP003380	0.37915	0.95313	536	0	0.0000
gene_MP003402	0.40095	1.13231	351	0	0.0000
gene_MP003405	0.43832	1.14926	542	10	1.8450
gene_MP003458	0.37933	1.14574	259	0	0.0000
gene_MP003461	0.36243	0.96061	1536	0	0.0000
gene_MP003462	0.39608	0.96354	93	5	5.3763
gene_MP003486	0.36242	0.69198	25	7	28.0000
gene_MP003568	0.39383	0.88359	40	0	0.0000
gene_MP003614	0.38764	0.91956	668	3	0.4491
gene_MP003668	0.41092	0.86861	73	1	1.3699
gene_MP003698	0.43725	0.85950	211	0	0.0000
gene_MP003814	0.42113	0.75540	46	11	23.9130
gene_MP003873	0.37299	0.97696	21	0	0.0000
gene_MP003921	0.44311	0.89924	44	0	0.0000
gene_MP003981	0.43433	1.20339	706	4	0.5666
gene_MP003988	0.36496	0.80448	112	13	11.6071
gene_MP004106	0.36483	0.45650	44	3	6.8182
gene_MP004194	0.39384	0.73412	172	14	8.1395
gene_MP004206	0.37526	0.96973	177	0	0.0000
gene_MP004209	0.36552	0.86895	228	0	0.0000
gene_MP004261	0.61642	1.15437	130	0	0.0000
gene_MP004281	0.41362	1.03350	488	0	0.0000
gene_MP004327	0.42965	1.08451	46	0	0.0000
gene_MP004344	0.37401	1.05934	380	0	0.0000
gene_MP004531	0.39905	0.96266	227	4	1.7621
gene_MP004534	0.38063	0.80185	255	9	3.5294
gene_MP004540	0.38402	0.92992	31	0	0.0000
gene_MP004546	0.37548	0.99051	2389	0	0.0000
gene_MP004556	0.41040	0.99059	376	0	0.0000
gene_MP004573	0.35423	0.82988	175	0	0.0000
gene_MP004578	0.38397	0.88918	97	5	5.1546
gene_MP004585	0.38479	0.84476	134	0	0.0000
gene_MP004590	0.40568	0.94322	196	0	0.0000
gene_MP004980	0.54352	0.89986	103	18	17.4757
gene_MP005205	0.37436	0.99377	329	11	3.3435
gene_MP005397	0.37074	0.74894	200	0	0.0000
gene_MP005788	0.38307	0.95877	68	22	32.3529
gene_MP005812	0.36381	0.91562	1817	0	0.0000
gene_MP005841	0.38731	1.03634	873	0	0.0000
gene_MP005896	0.40642	0.94339	556	3	0.5396
gene_MP005899	0.43309	1.09257	200	0	0.0000
gene_MP005981	0.38196	0.91264	379	6	1.5831
gene_MP005983	0.38307	0.95622	562	1	0.1779
gene_MP006006	0.39537	0.90770	261	0	0.0000
gene_MP006054	0.35358	0.95922	1051	0	0.0000
gene_MP006404	0.35696	0.82458	31	0	0.0000
gene_MP006475	0.41371	0.81585	381	0	0.0000
gene_MP006549	0.46104	0.79431	20	0	0.0000
gene_MP006559	0.45120	1.17671	74	0	0.0000
gene_MP006665	0.37547	0.82078	65	0	0.0000
gene_MP006705	0.36677	0.70667	127	8	6.2992
gene_MP006706	0.37827	1.08690	236	0	0.0000
gene_MP006754	0.38480	0.78895	94	0	0.0000
gene_MP006780	0.39620	1.02478	356	0	0.0000
gene_MP006785	0.35621	1.00006	756	0	0.0000
gene_MP006812	0.37174	0.86450	341	11	3.2258
gene_MP006922	0.38069	0.74565	38	20	52.6316
gene_MP007219	0.65470	1.01356	95	0	0.0000
gene_MP008370	0.37848	1.06096	81	0	0.0000
gene_MP008378	0.38009	0.88906	265	0	0.0000
gene_MP008402	0.39540	0.88377	55	0	0.0000
gene_MP008403	0.41076	1.08400	674	0	0.0000
gene_MP008412	0.36109	0.95533	428	0	0.0000
gene_MP008429	0.40041	0.99898	102	0	0.0000
gene_MP008431	0.41019	0.94804	120	2	1.6667
gene_MP008437	0.37211	0.80776	99	4	4.0404
gene_MP008509	0.40041	0.99898	492	0	0.0000
gene_MP008522	0.38553	0.82940	172	5	2.9070
gene_MP008559	0.52046	1.21589	116	0	0.0000
gene_MP008605	0.40859	0.97474	303	0	0.0000
gene_MP008622	0.39540	0.88377	65	0	0.0000
gene_MP008625	0.39329	0.96547	158	0	0.0000
gene_MP008629	0.37639	0.94713	317	0	0.0000
gene_MP008630	0.34236	0.95595	1084	0	0.0000
gene_MP008695	0.42671	1.15007	185	0	0.0000
gene_MP008760	0.36232	0.72033	67	25	37.3134
gene_MP008791	0.65354	1.01350	24	0	0.0000
gene_MP008813	0.40859	0.97474	55	0	0.0000
gene_MP010046	0.42912	1.14854	22	0	0.0000
gene_MP010312	0.39113	1.00085	573	4	0.6981
gene_MP010325	0.33861	0.97511	223	0	0.0000
gene_MP010331	0.36117	0.97534	567	4	0.7055
gene_MP010338	0.39168	0.87400	244	15	6.1475
gene_MP010341	0.33861	0.97511	1622	0	0.0000
gene_MP010342	0.38477	0.96311	532	0	0.0000
gene_MP010351	0.35712	1.02995	2085	0	0.0000
gene_MP010376	0.35852	1.02989	423	3	0.7092
gene_MP010383	0.36246	0.98899	813	0	0.0000
gene_MP010384	0.36582	0.98437	225	6	2.6667
gene_MP010401	0.36186	0.96506	1894	0	0.0000
gene_MP010541	0.50326	1.34897	2306	0	0.0000
gene_MP010578	0.37834	1.00668	783	0	0.0000
gene_MP010614	0.65418	1.03198	29	0	0.0000
gene_MP010676	0.39126	0.95097	329	13	3.9514
gene_MP010702	0.35222	0.81522	114	1	0.8772
gene_MP010734	0.36264	0.99541	2488	0	0.0000
gene_MP010944	0.37218	0.83020	282	16	5.6738
gene_MP010981	0.35316	1.04140	314	0	0.0000
gene_MP010991	0.34700	0.92646	249	18	7.2289
gene_MP011004	0.42721	1.08729	107	0	0.0000
gene_MP011065	0.36368	0.96137	386	0	0.0000
gene_MP011076	0.38482	0.90374	289	8	2.7682
gene_MP011095	0.35203	1.05952	169	0	0.0000
gene_MP011149	0.65502	1.01368	245	1	0.4082
gene_MP011174	0.40057	0.88901	787	0	0.0000
gene_MP011183	0.35904	0.92700	157	10	6.3694
gene_MP011190	0.36368	0.96137	472	0	0.0000
gene_MP011205	0.36683	1.06621	90	0	0.0000
gene_MP011230	0.36368	0.96137	1005	0	0.0000
gene_MP011269	0.41503	0.94486	464	0	0.0000
gene_MP011894	0.40471	0.76838	66	0	0.0000
gene_MP011899	0.37539	0.67287	46	13	28.2609
gene_MP011910	0.47825	0.96672	156	11	7.0513
gene_MP011941	0.37333	0.75089	88	21	23.8636
gene_MP012116	0.33881	0.83046	283	0	0.0000
gene_MP012120	0.55159	1.09565	21	0	0.0000
gene_MP012126	0.35141	0.95811	986	0	0.0000
gene_MP012144	0.38219	0.93432	44	12	27.2727
gene_MP012444	0.33855	0.48569	23	12	52.1739
gene_MP012460	0.36851	0.70570	56	3	5.3571
gene_MP012463	0.37362	0.96699	210	4	1.9048
gene_MP012494	0.35781	0.93307	505	0	0.0000
gene_MP012701	0.38942	0.99922	469	0	0.0000
gene_MP012745	0.36593	0.89286	20	2	10.0000
gene_MP012827	0.35200	0.91643	612	33	5.3922
gene_MP013007	0.43617	0.47421	38	3	7.8947
gene_MP013123	0.44183	0.53476	21	8	38.0952
gene_MP013129	0.33215	0.96263	45	0	0.0000
gene_MP013180	0.38312	0.86248	108	2	1.8519
gene_MP013194	0.34901	0.82174	56	0	0.0000
gene_MP013243	0.41071	0.87862	218	20	9.1743
gene_MP013509	0.40774	0.88302	352	0	0.0000
gene_MP013846	0.39212	0.72207	85	6	7.0588
gene_MP013851	0.36280	1.01270	555	1	0.1802
gene_MP013934	0.37884	0.76581	109	30	27.5229
gene_MP014069	0.41103	0.64670	20	12	60.0000
gene_MP014248	0.31981	0.55062	31	7	22.5806
gene_MP014272	0.38531	0.81019	40	0	0.0000
gene_MP014383	0.39878	0.87884	82	0	0.0000
gene_MP014443	0.37829	0.92369	665	0	0.0000
gene_MP014482	0.36266	0.71345	90	0	0.0000
gene_MP014568	0.36879	0.79059	33	1	3.0303
gene_MP014605	0.39301	1.01648	286	19	6.6434
gene_MP014728	0.37957	1.02797	747	2	0.2677
gene_MP014791	0.36582	0.69851	35	11	31.4286
gene_MP014798	0.38170	0.90834	78	0	0.0000
gene_MP014920	0.41620	0.74841	77	0	0.0000
gene_MP015003	0.38589	0.81039	100	9	9.0000
gene_MP015136	0.61710	1.24189	274	0	0.0000
gene_MP015139	0.37044	0.99604	113	0	0.0000
gene_MP015356	0.38245	0.42987	20	6	30.0000
gene_MP015563	0.40544	1.13388	37	0	0.0000
gene_MP015591	0.40159	0.97604	336	7	2.0833
gene_MP015672	0.38110	0.58778	42	17	40.4762
gene_MP015771	0.43973	0.96750	438	0	0.0000
gene_MP015807	0.39601	0.80035	178	0	0.0000
gene_MP015820	0.36600	1.00695	1092	0	0.0000
gene_MP015835	0.46737	0.98415	60	0	0.0000
gene_MP015850	0.36600	1.00695	3226	15	0.4650
gene_MP015851	0.38119	0.95649	173	0	0.0000
gene_MP015893	0.38440	0.70919	38	0	0.0000
gene_MP015951	0.36403	0.96186	379	0	0.0000
gene_MP016258	0.35901	0.93030	256	0	0.0000
gene_MP016262	0.41781	0.86430	168	0	0.0000
gene_MP016301	0.39764	0.96837	157	0	0.0000
gene_MP016386	0.35532	1.08710	235	0	0.0000
gene_MP016663	0.37404	0.72377	68	0	0.0000
gene_MP016693	0.39824	0.79468	50	0	0.0000
gene_MP016994	0.41531	1.05099	36	0	0.0000
gene_MP017035	0.43881	0.76362	58	0	0.0000
gene_MP017189	0.37279	0.57316	72	34	47.2222
gene_MP017202	0.39764	0.96837	201	1	0.4975
gene_MP017496	0.37749	0.93941	51	0	0.0000
gene_MP017584	0.38292	1.03880	229	0	0.0000
gene_MP017776	0.35314	0.96048	1017	0	0.0000
gene_MP017815	0.41980	1.12092	97	0	0.0000
gene_MP017857	0.31576	0.73717	38	4	10.5263
gene_MP018068	0.38625	0.92670	843	0	0.0000
gene_MP018262	0.46546	0.84332	78	0	0.0000
gene_MP018388	0.42444	1.10098	144	0	0.0000
gene_MP018449	0.38225	1.11669	613	0	0.0000
gene_MP018561	0.38225	1.11669	63	0	0.0000
gene_MP018610	0.38475	0.86748	233	2	0.8584
gene_MP018611	0.36390	1.04359	23	0	0.0000
gene_MP018629	0.37216	0.82052	316	0	0.0000
gene_MP018679	0.38727	1.02318	664	0	0.0000
gene_MP018710	0.40198	1.04028	90	0	0.0000
gene_MP018819	0.38788	0.72909	104	7	6.7308
gene_MP018820	0.39371	0.87238	67	0	0.0000
gene_MP018949	0.36685	0.99195	23	0	0.0000
gene_MP019551	0.36933	0.97199	39	0	0.0000
gene_MP019678	0.36933	0.97199	245	0	0.0000
gene_MP020540	0.35935	0.81817	73	9	12.3288
gene_MP020543	0.39071	0.97838	518	54	10.4247
gene_MP020577	0.40941	1.00321	121	0	0.0000
gene_MP020578	0.42018	1.06782	726	0	0.0000
gene_MP020580	0.36282	0.75100	30	3	10.0000
gene_MP020604	0.38276	0.90816	342	1	0.2924
gene_MP020609	0.33116	0.68213	30	2	6.6667
gene_MP020614	0.36565	0.77289	217	0	0.0000
gene_MP020615	0.51221	1.31426	1134	11	0.9700
gene_MP020628	0.38371	0.79691	20	0	0.0000
gene_MP020634	0.42018	1.06782	1046	0	0.0000
gene_MP020663	0.39752	0.98073	30	0	0.0000
gene_MP020677	0.36409	0.97510	611	2	0.3273
gene_MP020699	0.37581	0.69206	75	0	0.0000
gene_MP020705	0.38427	0.83647	88	0	0.0000
gene_MP020710	0.36952	0.93965	322	0	0.0000
gene_MP020741	0.35385	0.81172	121	0	0.0000
gene_MP020802	0.36973	0.89367	161	0	0.0000
gene_MP020819	0.40692	0.77676	86	3	3.4884
gene_MP020835	0.43771	1.11535	275	0	0.0000
gene_MP020860	0.33815	0.70099	84	2	2.3810
gene_MP020865	0.39178	1.02358	408	0	0.0000
gene_MP020916	0.36348	1.16661	92	0	0.0000
gene_MP020942	0.36305	0.92913	115	0	0.0000
gene_MP021002	0.38058	0.94197	100	0	0.0000
gene_MP021079	0.38709	0.98899	365	0	0.0000
gene_MP021232	0.35673	0.92368	24	0	0.0000
gene_MP021590	0.39124	0.97877	790	0	0.0000
gene_MP022341	0.65377	0.99767	143	1	0.6993
gene_MP022909	0.64683	0.98819	35	0	0.0000
gene_MP023047	0.41869	0.96183	184	0	0.0000
gene_MP023055	0.40011	1.13062	1810	0	0.0000
gene_MP023106	0.38729	1.10200	178	20	11.2360
gene_MP023127	0.36767	0.88119	49	8	16.3265
gene_MP023140	0.38963	1.07918	517	0	0.0000
gene_MP023592	0.42616	0.85355	315	0	0.0000
gene_MP023617	0.39416	0.91483	79	0	0.0000
gene_MP023846	0.32489	0.94010	85	0	0.0000
gene_MP023921	0.50216	0.95066	95	0	0.0000
gene_MP023970	0.60518	1.09414	29	0	0.0000
gene_MP023986	0.41665	0.95737	303	6	1.9802
gene_MP023998	0.37559	0.78690	34	2	5.8824
gene_MP024017	0.36298	0.97948	2480	2	0.0806
gene_MP024039	0.43893	0.96563	291	0	0.0000
gene_MP024066	0.36043	0.98627	215	0	0.0000
gene_MP024097	0.44258	0.95482	91	0	0.0000
gene_MP024204	0.37247	0.91993	106	0	0.0000
gene_MP024212	0.40203	0.99928	295	5	1.6949
gene_MP024216	0.37984	0.79355	88	0	0.0000
gene_MP024220	0.61869	1.11504	35	0	0.0000
gene_MP024223	0.35259	0.95104	333	0	0.0000
gene_MP024239	0.51538	1.25933	489	0	0.0000
gene_MP024431	0.37929	0.94735	422	0	0.0000
gene_MP024452	0.35735	0.93203	5715	0	0.0000
gene_MP024472	0.37701	0.80682	290	0	0.0000
gene_MP024781	0.39445	0.89710	93	12	12.9032
gene_MP000269	0.32432	0.91562	193	6	3.1088
gene_MP000487	0.51814	1.24426	329	0	0.0000
gene_MP000622	0.35726	0.75666	67	7	10.4478
gene_MP000713	0.39702	0.66184	54	0	0.0000
gene_MP000714	0.39946	0.68592	44	0	0.0000
gene_MP000715	0.39668	0.74820	50	0	0.0000
gene_MP001155	0.38713	0.85376	151	19	12.5828
gene_MP001163	0.43893	1.24321	159	0	0.0000
gene_MP001408	0.36505	0.97195	562	5	0.8897
gene_MP001693	0.35586	0.81721	88	5	5.6818
gene_MP001723	0.36449	0.83142	207	8	3.8647
gene_MP001817	0.34395	0.91560	495	0	0.0000
gene_MP001842	0.34812	1.02411	179	6	3.3520
gene_MP001882	0.36430	0.89676	371	0	0.0000
gene_MP001907	0.38193	0.95467	710	0	0.0000
gene_MP001924	0.36862	0.96039	811	5	0.6165
gene_MP002088	0.38840	0.90314	186	9	4.8387
gene_MP002100	0.37428	0.61850	30	6	20.0000
gene_MP002140	0.41537	0.85304	28	0	0.0000
gene_MP002152	0.35879	0.68489	366	45	12.2951
gene_MP002189	0.35978	0.83022	662	0	0.0000
gene_MP002190	0.35877	0.94020	625	0	0.0000
gene_MP002191	0.40216	0.76437	88	0	0.0000
gene_MP002221	0.34462	0.69425	76	13	17.1053
gene_MP002589	0.39097	0.89448	172	8	4.6512
gene_MP002691	0.34658	1.08263	842	0	0.0000
gene_MP002694	0.37503	0.97960	438	4	0.9132
gene_MP002790	0.37026	0.98033	47	7	14.8936
gene_MP002946	0.35521	0.86608	305	0	0.0000
gene_MP002956	0.35831	0.77099	175	0	0.0000
gene_MP002960	0.56184	0.85241	57	3	5.2632
gene_MP002962	0.36718	0.95309	251	5	1.9920
gene_MP003095	0.34374	0.92073	509	0	0.0000
gene_MP003170	0.35098	0.89167	713	0	0.0000
gene_MP003173	0.43135	0.92294	679	43	6.3328
gene_MP003209	0.46548	1.06445	1209	23	1.9024
gene_MP003445	0.35187	0.99718	257	0	0.0000
gene_MP003464	0.39600	0.56755	20	5	25.0000
gene_MP003508	0.36377	0.87172	471	8	1.6985
gene_MP003792	0.35389	0.98888	1153	0	0.0000
gene_MP003829	0.35484	0.95238	484	0	0.0000
gene_MP003832	0.35341	1.11390	550	0	0.0000
gene_MP003872	0.32566	0.61419	66	7	10.6061
gene_MP004112	0.36988	0.96906	186	14	7.5269
gene_MP004113	0.34976	0.90045	204	12	5.8824
gene_MP004163	0.37307	0.90185	348	17	4.8851
gene_MP004236	0.36584	1.03683	25	0	0.0000
gene_MP004251	0.38868	0.89067	482	11	2.2822
gene_MP004379	0.41030	0.84439	326	1	0.3067
gene_MP004381	0.35455	0.85466	126	11	8.7302
gene_MP004591	0.37239	0.87443	167	0	0.0000
gene_MP004631	0.40125	1.24560	119	0	0.0000
gene_MP004650	0.34451	0.93814	69	0	0.0000
gene_MP004656	0.35023	1.00848	238	0	0.0000
gene_MP004657	0.36182	1.00834	943	6	0.6363
gene_MP004669	0.37144	0.72282	30	0	0.0000
gene_MP005017	0.34381	0.94657	618	0	0.0000
gene_MP005020	0.40142	1.10077	1218	14	1.1494
gene_MP005095	0.36919	1.00481	520	11	2.1154
gene_MP005449	0.39281	1.02325	66	0	0.0000
gene_MP005548	0.36133	0.88654	268	0	0.0000
gene_MP005669	0.36913	1.02979	448	0	0.0000
gene_MP005708	0.41434	1.15429	384	0	0.0000
gene_MP005795	0.35817	0.94130	801	6	0.7491
gene_MP005859	0.40222	0.98232	356	0	0.0000
gene_MP005906	0.43787	1.02669	168	0	0.0000
gene_MP006173	0.37431	1.04301	952	0	0.0000
gene_MP006372	0.37163	0.96174	990	8	0.8081
gene_MP006446	0.36153	0.99648	268	0	0.0000
gene_MP006551	0.37735	0.91460	95	0	0.0000
gene_MP006874	0.34599	0.97064	1378	0	0.0000
gene_MP006911	0.37355	0.91926	275	10	3.6364
gene_MP007033	0.35869	0.85046	408	0	0.0000
gene_MP008890	0.38802	0.91393	285	0	0.0000
gene_MP008906	0.39241	0.85588	204	3	1.4706
gene_MP008908	0.34644	0.90976	1457	0	0.0000
gene_MP008912	0.38483	0.77760	59	8	13.5593
gene_MP008940	0.35675	0.45456	21	6	28.5714
gene_MP008985	0.36266	0.94935	959	0	0.0000
gene_MP009004	0.37366	1.12557	324	0	0.0000
gene_MP009005	0.34033	1.16993	376	0	0.0000
gene_MP009014	0.35639	0.88516	119	6	5.0420
gene_MP009114	0.38534	0.98589	290	11	3.7931
gene_MP009125	0.34585	1.02676	441	0	0.0000
gene_MP009142	0.37815	0.87702	234	5	2.1368
gene_MP009165	0.39152	1.04057	453	4	0.8830
gene_MP009174	0.37357	0.93276	184	0	0.0000
gene_MP009188	0.39708	0.97764	693	5	0.7215
gene_MP009195	0.36465	1.06818	308	0	0.0000
gene_MP009262	0.40183	0.91943	648	11	1.6975
gene_MP009269	0.35188	0.75586	130	0	0.0000
gene_MP010554	0.35464	0.40259	30	11	36.6667
gene_MP010771	0.36457	0.94426	887	0	0.0000
gene_MP010775	0.36956	0.88033	670	37	5.5224
gene_MP010784	0.37688	0.99308	1338	0	0.0000
gene_MP010787	0.40225	0.97509	140	0	0.0000
gene_MP010791	0.36169	0.95757	31	0	0.0000
gene_MP010849	0.33564	0.76051	193	0	0.0000
gene_MP010856	0.37366	1.12557	100	0	0.0000
gene_MP010864	0.38305	0.80688	137	21	15.3285
gene_MP011295	0.44176	1.20782	24	0	0.0000
gene_MP011303	0.37160	1.01512	242	0	0.0000
gene_MP011304	0.36834	0.86092	786	1	0.1272
gene_MP011307	0.36804	0.90782	325	18	5.5385
gene_MP011309	0.34593	0.94397	806	0	0.0000
gene_MP011310	0.38516	0.97189	344	0	0.0000
gene_MP011338	0.36050	0.97335	718	7	0.9749
gene_MP011381	0.37890	0.63563	55	8	14.5455
gene_MP011453	0.34687	0.74562	27	0	0.0000
gene_MP011502	0.33902	0.73371	95	9	9.4737
gene_MP011505	0.35188	0.75586	68	0	0.0000
gene_MP011561	0.37848	0.96796	178	0	0.0000
gene_MP011615	0.35836	0.82726	55	0	0.0000
gene_MP011631	0.50044	1.11407	79	0	0.0000
gene_MP011821	0.33649	0.80334	133	0	0.0000
gene_MP012002	0.37167	0.86196	236	23	9.7458
gene_MP012004	0.41134	0.66002	31	5	16.1290
gene_MP012419	0.48439	0.94020	158	1	0.6329
gene_MP012422	0.38186	0.89622	25	0	0.0000
gene_MP012425	0.46732	0.99917	50	0	0.0000
gene_MP012431	0.35857	1.06576	221	0	0.0000
gene_MP012636	0.33976	0.84169	131	0	0.0000
gene_MP012658	0.36904	0.95051	229	0	0.0000
gene_MP012661	0.42908	0.96717	62	0	0.0000
gene_MP012663	0.34573	0.80523	333	0	0.0000
gene_MP012764	0.40585	0.87610	133	0	0.0000
gene_MP012774	0.36740	0.99909	834	17	2.0384
gene_MP012995	0.40271	0.98892	128	10	7.8125
gene_MP012999	0.36802	0.91542	458	22	4.8035
gene_MP013015	0.38164	0.91052	22	0	0.0000
gene_MP013039	0.34001	0.74231	90	0	0.0000
gene_MP013121	0.35338	0.97688	706	0	0.0000
gene_MP013284	0.38178	0.81489	125	0	0.0000
gene_MP013321	0.37665	0.83640	71	6	8.4507
gene_MP013333	0.34827	0.78759	155	21	13.5484
gene_MP013347	0.47753	0.85704	26	0	0.0000
gene_MP013418	0.36818	0.64106	32	5	15.6250
gene_MP013627	0.40472	0.90045	25	0	0.0000
gene_MP013631	0.35269	0.80358	199	2	1.0050
gene_MP013633	0.36541	0.72659	131	6	4.5802
gene_MP013699	0.34686	0.47381	21	2	9.5238
gene_MP013771	0.41383	0.98557	152	12	7.8947
gene_MP013790	0.38337	0.64278	24	7	29.1667
gene_MP014030	0.33957	0.56372	39	7	17.9487
gene_MP014096	0.51784	0.73673	51	0	0.0000
gene_MP014106	0.37472	0.94327	1126	9	0.7993
gene_MP014118	0.35379	0.90243	1380	0	0.0000
gene_MP014415	0.36017	0.79468	85	8	9.4118
gene_MP014430	0.38342	0.97266	69	0	0.0000
gene_MP014469	0.42655	0.90317	88	0	0.0000
gene_MP014551	0.34483	0.71912	61	0	0.0000
gene_MP014601	0.38103	0.80749	520	0	0.0000
gene_MP014778	0.35741	0.97727	457	8	1.7505
gene_MP014865	0.34309	0.79734	161	0	0.0000
gene_MP014968	0.37479	0.78534	38	0	0.0000
gene_MP014990	0.38793	0.91770	106	5	4.7170
gene_MP015092	0.40271	0.98892	257	0	0.0000
gene_MP015137	0.36019	0.86666	346	4	1.1561
gene_MP015360	0.39608	0.70489	44	0	0.0000
gene_MP015464	0.42304	0.88712	71	0	0.0000
gene_MP015530	0.40000	0.76226	30	3	10.0000
gene_MP015532	0.35818	0.98290	443	5	1.1287
gene_MP016290	0.37918	0.58462	22	8	36.3636
gene_MP016307	0.45256	1.15213	1947	0	0.0000
gene_MP016325	0.45236	1.16141	786	7	0.8906
gene_MP016356	0.34794	0.89603	190	0	0.0000
gene_MP016569	0.34610	0.92991	329	0	0.0000
gene_MP016656	0.35718	0.86573	47	0	0.0000
gene_MP016719	0.33639	0.76797	59	0	0.0000
gene_MP016759	0.35463	0.94250	150	0	0.0000
gene_MP016861	0.37937	1.04649	548	0	0.0000
gene_MP017292	0.42613	0.95985	132	0	0.0000
gene_MP017727	0.40633	0.80242	315	20	6.3492
gene_MP018032	0.40800	0.92219	286	0	0.0000
gene_MP018036	0.40920	1.18255	43	2	4.6512
gene_MP018109	0.41919	1.04785	589	11	1.8676
gene_MP018123	0.37667	0.84569	306	0	0.0000
gene_MP018203	0.38849	0.73278	51	0	0.0000
gene_MP018278	0.36888	1.03533	102	0	0.0000
gene_MP018287	0.41145	0.94384	148	0	0.0000
gene_MP018351	0.41311	0.98028	44	0	0.0000
gene_MP018640	0.46444	1.02941	67	0	0.0000
gene_MP018859	0.36840	0.97640	380	6	1.5789
gene_MP018909	0.37519	0.88894	44	0	0.0000
gene_MP019149	0.52336	1.00785	22	0	0.0000
gene_MP019687	0.43493	1.19678	636	0	0.0000
gene_MP019780	0.43348	1.02095	64	0	0.0000
gene_MP019950	0.37766	0.91963	239	0	0.0000
gene_MP020354	0.38408	0.90295	203	0	0.0000
gene_MP020658	0.44083	1.18635	816	0	0.0000
gene_MP021141	0.37812	0.77534	307	0	0.0000
gene_MP021161	0.37412	0.86600	636	0	0.0000
gene_MP021209	0.36993	0.76799	20	0	0.0000
gene_MP021227	0.52897	1.25722	528	0	0.0000
gene_MP021320	0.46676	1.02959	117	0	0.0000
gene_MP021321	0.35356	0.99708	67	0	0.0000
gene_MP021481	0.34416	0.80722	311	0	0.0000
gene_MP021513	0.37669	0.89425	639	0	0.0000
gene_MP021515	0.58608	0.95802	763	1	0.1311
gene_MP021550	0.45235	1.16138	566	11	1.9435
gene_MP021558	0.36921	0.85673	338	0	0.0000
gene_MP021734	0.38345	0.65434	58	0	0.0000
gene_MP021744	0.34592	0.98662	515	0	0.0000
gene_MP022175	0.38975	0.91081	49	0	0.0000
gene_MP022744	0.44524	0.65768	36	0	0.0000
gene_MP023523	0.34157	0.77338	63	0	0.0000
gene_MP023659	0.33826	0.83085	95	6	6.3158
gene_MP023682	0.44009	1.05174	471	0	0.0000
gene_MP023693	0.45515	1.20049	391	0	0.0000
gene_MP023740	0.40838	1.16037	80	0	0.0000
gene_MP023845	0.32521	0.93540	26	0	0.0000
gene_MP024073	0.42007	1.62013	84	0	0.0000
gene_MP024087	0.35536	0.72406	34	4	11.7647
gene_MP024115	0.37928	0.83639	142	1	0.7042
gene_MP024119	0.50156	1.27357	306	0	0.0000
gene_MP024249	0.41575	1.05405	82	0	0.0000
gene_MP024251	0.34602	0.91694	147	0	0.0000
gene_MP024539	0.41930	1.05232	428	0	0.0000
gene_MP024554	0.40354	0.90194	279	0	0.0000
gene_MP024558	0.33324	0.87324	30	0	0.0000
gene_MP024692	0.39647	0.85245	230	0	0.0000
gene_MP024698	0.36586	0.86084	31	0	0.0000
gene_MP024709	0.38680	1.01986	1273	0	0.0000
gene_MP000033	0.40173	0.62488	32	0	0.0000
gene_MP000143	0.59063	0.87770	30	0	0.0000
gene_MP000156	0.39254	0.78764	129	0	0.0000
gene_MP000336	0.36936	0.87374	33	0	0.0000
gene_MP000707	0.37237	0.85019	216	0	0.0000
gene_MP001548	0.38705	0.68603	39	0	0.0000
gene_MP001679	0.37574	0.70887	55	12	21.8182
gene_MP001811	0.38559	0.78990	178	0	0.0000
gene_MP001828	0.37281	0.72514	134	0	0.0000
gene_MP001858	0.35190	0.81490	120	0	0.0000
gene_MP001998	0.48303	1.17106	821	4	0.4872
gene_MP002309	0.36956	0.97531	443	0	0.0000
gene_MP002388	0.35272	1.18750	40	0	0.0000
gene_MP002654	0.36894	1.00462	27	0	0.0000
gene_MP002764	0.37411	0.64213	30	3	10.0000
gene_MP002778	0.38981	0.77322	82	1	1.2195
gene_MP002812	0.37876	0.97831	2110	1	0.0474
gene_MP002973	0.35754	0.51669	47	11	23.4043
gene_MP002979	0.36410	1.01805	271	0	0.0000
gene_MP003067	0.35113	0.83223	95	0	0.0000
gene_MP003098	0.37408	1.06901	122	24	19.6721
gene_MP003109	0.42233	0.94223	361	0	0.0000
gene_MP003155	0.35034	1.05664	417	0	0.0000
gene_MP003164	0.40373	0.90944	137	0	0.0000
gene_MP003178	0.34854	0.76227	149	0	0.0000
gene_MP003181	0.36712	0.54871	41	6	14.6341
gene_MP003205	0.35501	0.86136	76	0	0.0000
gene_MP003268	0.35932	0.70052	51	0	0.0000
gene_MP003317	0.36122	0.73588	81	6	7.4074
gene_MP003338	0.37093	0.99568	153	0	0.0000
gene_MP003530	0.38562	0.81595	592	8	1.3514
gene_MP003739	0.36995	0.71648	83	7	8.4337
gene_MP003926	0.41553	0.77027	58	0	0.0000
gene_MP003941	0.64599	1.16602	147	0	0.0000
gene_MP003945	0.41141	0.99335	231	14	6.0606
gene_MP004043	0.38152	0.83947	145	0	0.0000
gene_MP004140	0.42204	0.97712	37	5	13.5135
gene_MP004189	0.41805	1.09036	48	7	14.5833
gene_MP004280	0.36325	1.06221	603	12	1.9900
gene_MP004284	0.38864	0.99785	631	0	0.0000
gene_MP004316	0.37485	0.97332	183	0	0.0000
gene_MP004390	0.36107	0.98242	462	0	0.0000
gene_MP004474	0.40400	0.93481	155	25	16.1290
gene_MP005070	0.34458	0.80726	157	0	0.0000
gene_MP005098	0.39251	0.87563	78	0	0.0000
gene_MP005103	0.37296	0.90389	528	0	0.0000
gene_MP005179	0.38385	0.78112	208	0	0.0000
gene_MP005264	0.38037	0.98011	1163	0	0.0000
gene_MP005631	0.38050	0.78805	395	0	0.0000
gene_MP005654	0.34147	0.99281	1721	0	0.0000
gene_MP005706	0.41852	1.19392	792	0	0.0000
gene_MP005728	0.36785	1.01352	362	0	0.0000
gene_MP005748	0.34541	0.97710	532	0	0.0000
gene_MP005975	0.37493	0.89432	318	0	0.0000
gene_MP006058	0.37304	0.91643	409	0	0.0000
gene_MP006355	0.55993	0.93110	177	0	0.0000
gene_MP006439	0.36695	0.73470	331	0	0.0000
gene_MP006457	0.37081	0.67775	96	0	0.0000
gene_MP006618	0.37154	0.45221	33	2	6.0606
gene_MP006717	0.37868	0.93242	1986	2	0.1007
gene_MP006895	0.34927	0.95228	98	0	0.0000
gene_MP007005	0.35973	0.93758	1982	0	0.0000
gene_MP007138	0.56594	0.97381	432	0	0.0000
gene_MP007227	0.65497	1.01005	242	0	0.0000
gene_MP007675	0.61424	0.98343	1033	2	0.1936
gene_MP008016	0.65092	0.98681	393	0	0.0000
gene_MP008116	0.54585	0.91480	63	0	0.0000
gene_MP008782	0.65354	1.01088	239	0	0.0000
gene_MP008968	0.35596	0.89874	401	2	0.4988
gene_MP008989	0.36330	0.90911	634	0	0.0000
gene_MP008993	0.35764	0.95875	440	0	0.0000
gene_MP008998	0.35764	0.95875	802	0	0.0000
gene_MP009008	0.41647	0.84438	20	0	0.0000
gene_MP009009	0.41647	0.84438	31	0	0.0000
gene_MP009041	0.42489	0.86872	269	15	5.5762
gene_MP009044	0.51888	0.79946	237	0	0.0000
gene_MP009046	0.51910	0.81228	218	0	0.0000
gene_MP009047	0.51933	0.80161	208	0	0.0000
gene_MP009119	0.36507	0.98297	172	0	0.0000
gene_MP009124	0.35481	0.96634	2141	1	0.0467
gene_MP009185	0.34551	0.99494	148	0	0.0000
gene_MP009197	0.35829	1.08899	221	0	0.0000
gene_MP009242	0.76865	1.23853	62	0	0.0000
gene_MP009316	0.35254	0.96565	109	0	0.0000
gene_MP009323	0.36999	0.93627	524	0	0.0000
gene_MP009461	0.42539	0.87831	25	0	0.0000
gene_MP009462	0.42539	0.87831	38	0	0.0000
gene_MP009991	0.59369	0.99122	291	0	0.0000
gene_MP010868	0.36297	0.96684	632	0	0.0000
gene_MP010953	0.36368	0.97005	172	0	0.0000
gene_MP010956	0.36027	0.96442	812	0	0.0000
gene_MP011165	0.65475	1.00931	127	0	0.0000
gene_MP011353	0.35272	0.91448	1020	1	0.0980
gene_MP011419	0.38986	0.73295	73	0	0.0000
gene_MP011422	0.35401	0.79229	94	6	6.3830
gene_MP011428	0.38412	0.88886	145	0	0.0000
gene_MP011472	0.48892	0.85266	38	0	0.0000
gene_MP011496	0.35739	0.96040	530	1	0.1887
gene_MP011520	0.36304	0.88649	752	13	1.7287
gene_MP011524	0.41051	1.12145	303	0	0.0000
gene_MP011556	0.37256	0.98222	530	0	0.0000
gene_MP011563	0.34588	1.05133	31	0	0.0000
gene_MP011570	0.35132	0.96665	32	0	0.0000
gene_MP011880	0.33955	1.13468	233	2	0.8584
gene_MP012068	0.38351	0.86448	91	24	26.3736
gene_MP012355	0.35435	0.93506	3905	0	0.0000
gene_MP012384	0.36442	0.88416	296	27	9.1216
gene_MP012550	0.37303	0.94645	27	0	0.0000
gene_MP012759	0.59791	1.06090	70	0	0.0000
gene_MP012778	0.38352	1.08404	190	0	0.0000
gene_MP012828	0.53078	0.91962	70	1	1.4286
gene_MP012856	0.54090	0.94028	67	0	0.0000
gene_MP013349	0.35843	0.80677	81	14	17.2840
gene_MP013391	0.34489	0.71822	72	0	0.0000
gene_MP013446	0.36773	0.80558	97	0	0.0000
gene_MP013638	0.36282	0.98429	1025	0	0.0000
gene_MP013641	0.47318	0.85612	50	0	0.0000
gene_MP013644	0.36147	0.81929	108	10	9.2593
gene_MP013657	0.36156	0.95277	396	0	0.0000
gene_MP013658	0.37579	0.88363	181	0	0.0000
gene_MP013660	0.46570	1.14905	466	4	0.8584
gene_MP013728	0.36538	0.90977	29	2	6.8966
gene_MP013819	0.34950	1.00914	160	6	3.7500
gene_MP013857	0.33263	0.81848	60	0	0.0000
gene_MP014047	0.39070	0.84712	114	11	9.6491
gene_MP014103	0.39431	0.92710	72	0	0.0000
gene_MP014184	0.37765	0.58574	264	84	31.8182
gene_MP014220	0.33810	0.50060	30	8	26.6667
gene_MP014368	0.36342	0.75693	22	0	0.0000
gene_MP014491	0.36090	0.89678	1707	20	1.1716
gene_MP014537	0.44538	1.28854	858	1	0.1166
gene_MP014867	0.35630	0.97020	439	12	2.7335
gene_MP014912	0.36845	0.61717	82	0	0.0000
gene_MP014969	0.35616	0.68694	43	8	18.6047
gene_MP015024	0.33770	0.97935	93	0	0.0000
gene_MP015026	0.37195	0.99973	265	0	0.0000
gene_MP015189	0.37255	0.79668	554	0	0.0000
gene_MP015355	0.34727	0.91117	336	0	0.0000
gene_MP015489	0.36408	0.78379	205	0	0.0000
gene_MP015504	0.33940	0.98322	28	0	0.0000
gene_MP015510	0.34110	1.01998	179	0	0.0000
gene_MP015545	0.38645	0.87237	39	0	0.0000
gene_MP015546	0.46659	1.00176	67	0	0.0000
gene_MP015671	0.34282	0.99054	67	0	0.0000
gene_MP015707	0.38837	0.85119	20	0	0.0000
gene_MP016342	0.35009	0.85542	98	0	0.0000
gene_MP016357	0.35846	0.55407	25	8	32.0000
gene_MP016371	0.38109	0.86488	41	0	0.0000
gene_MP016378	0.35318	0.87401	246	0	0.0000
gene_MP016381	0.36076	0.91383	213	0	0.0000
gene_MP016391	0.38066	0.92482	255	9	3.5294
gene_MP016392	0.39663	0.72087	42	6	14.2857
gene_MP016429	0.37827	0.99359	75	0	0.0000
gene_MP016430	0.37827	0.99359	240	0	0.0000
gene_MP016467	0.35735	0.89001	39	0	0.0000
gene_MP016599	0.34784	0.91514	621	0	0.0000
gene_MP017128	0.64706	0.94835	30	0	0.0000
gene_MP017239	0.36826	0.90592	208	1	0.4808
gene_MP017349	0.34140	0.91369	747	0	0.0000
gene_MP017361	0.43628	0.95190	83	0	0.0000
gene_MP017376	0.46627	1.11322	204	0	0.0000
gene_MP017401	0.33198	0.81341	90	3	3.3333
gene_MP017520	0.37583	0.98214	282	0	0.0000
gene_MP017661	0.67785	1.00374	51	0	0.0000
gene_MP017671	0.67785	1.00374	35	0	0.0000
gene_MP017904	0.33683	0.92546	264	0	0.0000
gene_MP017929	0.37613	0.95751	570	0	0.0000
gene_MP017932	0.35785	0.90595	75	2	2.6667
gene_MP018024	0.35121	0.96176	133	0	0.0000
gene_MP018125	0.34060	0.97350	552	0	0.0000
gene_MP018141	0.39663	0.98002	372	0	0.0000
gene_MP018143	0.34048	0.97842	224	0	0.0000
gene_MP018184	0.35475	0.98683	551	0	0.0000
gene_MP018274	0.43459	0.87546	159	0	0.0000
gene_MP018563	0.42801	1.23273	694	0	0.0000
gene_MP018678	0.42194	0.79353	92	0	0.0000
gene_MP018866	0.39978	0.82264	30	8	26.6667
gene_MP018873	0.35739	0.81302	268	1	0.3731
gene_MP019153	0.52336	1.00598	22	0	0.0000
gene_MP019159	0.52025	1.01905	22	0	0.0000
gene_MP019194	0.43883	0.99467	102	0	0.0000
gene_MP019195	0.43883	0.99467	58	0	0.0000
gene_MP019361	0.42244	0.61629	42	0	0.0000
gene_MP020151	0.43984	0.83805	26	0	0.0000
gene_MP020581	0.45399	1.03198	26	0	0.0000
gene_MP021124	0.39495	0.70769	143	0	0.0000
gene_MP021306	0.37747	0.90931	351	18	5.1282
gene_MP021377	0.65798	0.98947	97	0	0.0000
gene_MP021380	0.65798	0.98947	90	0	0.0000
gene_MP021387	0.65798	0.98947	97	0	0.0000
gene_MP021392	0.65798	0.98947	97	0	0.0000
gene_MP021413	0.39262	0.98847	164	0	0.0000
gene_MP021446	0.37230	0.90039	47	0	0.0000
gene_MP021529	0.37969	0.85491	426	0	0.0000
gene_MP021545	0.41756	1.16932	1322	0	0.0000
gene_MP021645	0.37436	0.98083	1341	0	0.0000
gene_MP021723	0.36913	0.78903	34	0	0.0000
gene_MP021728	0.36768	0.89439	92	0	0.0000
gene_MP021730	0.37486	0.87031	26	0	0.0000
gene_MP021766	0.46145	0.76842	88	0	0.0000
gene_MP021783	0.37515	0.93270	79	0	0.0000
gene_MP021907	0.41399	1.06291	102	0	0.0000
gene_MP022326	0.65377	0.99510	144	0	0.0000
gene_MP022329	0.65377	0.99252	386	1	0.2591
gene_MP022330	0.65350	0.99328	53	0	0.0000
gene_MP022332	0.65405	0.99691	228	0	0.0000
gene_MP022396	0.37922	0.96495	76	0	0.0000
gene_MP022908	0.64770	0.98971	88	0	0.0000
gene_MP022922	0.64683	0.98819	35	0	0.0000
gene_MP022923	0.64683	0.98819	88	0	0.0000
gene_MP022924	0.64726	0.98671	88	0	0.0000
gene_MP022925	0.64683	0.98819	26	0	0.0000
gene_MP023805	0.44126	1.02891	587	0	0.0000
gene_MP023841	0.49062	0.91742	23	0	0.0000
gene_MP024001	0.37411	0.88528	68	6	8.8235
gene_MP024171	0.54534	1.06340	110	0	0.0000
gene_MP024174	0.46343	0.80583	48	0	0.0000
gene_MP024222	0.39834	0.83164	802	8	0.9975
gene_MP024325	0.64725	1.00758	95	0	0.0000
gene_MP024326	0.64756	1.00650	95	0	0.0000
gene_MP024327	0.64725	1.00758	95	0	0.0000
gene_MP024336	0.64725	1.00758	21	0	0.0000
gene_MP024370	0.57776	1.30783	135	0	0.0000
gene_MP024577	0.46627	1.11322	347	0	0.0000
gene_MP024581	0.34759	0.91988	934	0	0.0000
gene_MP024585	0.39048	1.10228	410	0	0.0000
gene_MP024586	0.38786	0.88138	184	0	0.0000
gene_MP024588	0.44910	1.19110	1986	0	0.0000
gene_MP024595	0.37701	1.00018	3268	0	0.0000
gene_MP024608	0.46627	1.11322	355	0	0.0000
gene_MP024616	0.37188	0.85636	64	0	0.0000
gene_MP024624	0.35944	0.92967	2126	0	0.0000
gene_MP024677	0.37188	0.85636	172	15	8.7209
gene_MP024738	0.34365	0.99361	172	0	0.0000
gene_MP024757	0.34864	0.74741	152	0	0.0000
gene_MP000040	0.45530	0.74370	130	0	0.0000
gene_MP000148	0.58350	0.88181	72	0	0.0000
gene_MP000387	0.36887	1.00335	521	2	0.3839
gene_MP000736	0.36178	0.79822	231	0	0.0000
gene_MP000749	0.36939	1.09765	69	0	0.0000
gene_MP000765	0.36695	0.97143	2239	5	0.2233
gene_MP001128	0.38486	0.89615	796	4	0.5025
gene_MP001129	0.36864	1.08978	131	0	0.0000
gene_MP001132	0.38300	0.93547	766	0	0.0000
gene_MP001136	0.38152	0.92722	95	0	0.0000
gene_MP001137	0.36563	0.88424	30	0	0.0000
gene_MP001140	0.40202	0.93764	92	0	0.0000
gene_MP001145	0.35784	1.00338	2651	0	0.0000
gene_MP001146	0.39843	1.00359	462	0	0.0000
gene_MP001156	0.36939	1.09765	141	0	0.0000
gene_MP001158	0.38316	0.98436	1258	0	0.0000
gene_MP001160	0.41301	0.94706	377	0	0.0000
gene_MP001398	0.36563	0.88424	435	0	0.0000
gene_MP001469	0.37544	0.98625	231	0	0.0000
gene_MP001470	0.43787	1.21045	122	0	0.0000
gene_MP001472	0.41500	1.10944	341	0	0.0000
gene_MP001474	0.43787	1.21045	732	0	0.0000
gene_MP001490	0.35681	1.11220	1792	0	0.0000
gene_MP001800	0.44923	0.49731	22	0	0.0000
gene_MP001853	0.37287	0.68745	28	9	32.1429
gene_MP001981	0.41955	1.06368	634	0	0.0000
gene_MP002086	0.34688	1.03815	495	0	0.0000
gene_MP002149	0.38512	1.04159	921	0	0.0000
gene_MP002537	0.45463	1.15426	399	0	0.0000
gene_MP002554	0.42085	0.78612	65	0	0.0000
gene_MP003393	0.39721	0.82175	302	0	0.0000
gene_MP003422	0.34974	0.94524	78	19	24.3590
gene_MP003431	0.39669	0.83634	166	0	0.0000
gene_MP003511	0.38743	0.87729	217	4	1.8433
gene_MP003754	0.35145	0.93587	955	0	0.0000
gene_MP003908	0.36271	0.92914	602	0	0.0000
gene_MP003911	0.36537	0.74050	78	0	0.0000
gene_MP004342	0.33422	0.63982	40	0	0.0000
gene_MP004579	0.37013	0.95726	110	0	0.0000
gene_MP004641	0.35708	0.96049	1942	0	0.0000
gene_MP005100	0.38074	0.97278	844	20	2.3697
gene_MP005104	0.35303	0.99539	44	0	0.0000
gene_MP005135	0.36133	0.96377	297	0	0.0000
gene_MP005146	0.50256	1.22059	109	0	0.0000
gene_MP005204	0.50256	1.22059	559	0	0.0000
gene_MP005207	0.50256	1.22059	116	0	0.0000
gene_MP005219	0.37677	0.95990	268	0	0.0000
gene_MP005251	0.37007	1.08599	218	0	0.0000
gene_MP005262	0.37535	0.94078	145	0	0.0000
gene_MP005265	0.37481	0.84643	119	0	0.0000
gene_MP005273	0.35303	0.99539	372	0	0.0000
gene_MP005278	0.41052	1.00823	139	0	0.0000
gene_MP005810	0.40118	0.82953	142	9	6.3380
gene_MP005838	0.40938	0.66084	149	0	0.0000
gene_MP005887	0.38836	0.80274	195	0	0.0000
gene_MP006013	0.36855	0.93507	939	0	0.0000
gene_MP006032	0.35861	0.95490	204	0	0.0000
gene_MP006241	0.39707	0.99344	1081	22	2.0352
gene_MP006433	0.39265	0.94649	421	0	0.0000
gene_MP006458	0.41637	1.08384	359	11	3.0641
gene_MP006579	0.42283	1.09626	163	0	0.0000
gene_MP006582	0.34986	0.98393	553	0	0.0000
gene_MP006592	0.34767	1.01462	84	0	0.0000
gene_MP006841	0.39133	0.80214	33	0	0.0000
gene_MP007375	0.38736	0.85714	1039	0	0.0000
gene_MP008923	0.42802	0.79337	368	0	0.0000
gene_MP008945	0.36593	0.85502	577	0	0.0000
gene_MP008949	0.37663	0.74775	128	0	0.0000
gene_MP008951	0.35699	0.94406	322	0	0.0000
gene_MP008954	0.36594	0.96608	699	0	0.0000
gene_MP008980	0.40893	1.08578	129	11	8.5271
gene_MP009013	0.38304	0.99874	34	0	0.0000
gene_MP009024	0.34360	0.84630	312	0	0.0000
gene_MP009039	0.38398	0.91953	1046	8	0.7648
gene_MP009062	0.33673	0.88288	266	0	0.0000
gene_MP009064	0.37405	0.93880	634	21	3.3123
gene_MP009107	0.46329	1.20538	375	1	0.2667
gene_MP009157	0.36741	0.95845	502	0	0.0000
gene_MP009172	0.38486	0.93279	870	0	0.0000
gene_MP009177	0.36864	1.08978	906	0	0.0000
gene_MP009194	0.36435	0.96649	1374	0	0.0000
gene_MP009198	0.33564	0.83992	244	0	0.0000
gene_MP009209	0.38466	0.99558	303	0	0.0000
gene_MP009304	0.36634	0.98565	215	0	0.0000
gene_MP009306	0.33239	1.12023	806	0	0.0000
gene_MP009309	0.36537	0.98548	35	0	0.0000
gene_MP009773	0.38590	0.86127	137	0	0.0000
gene_MP010807	0.35028	0.97200	899	4	0.4449
gene_MP010813	0.35515	0.94400	2048	0	0.0000
gene_MP010826	0.35917	0.94182	559	0	0.0000
gene_MP010835	0.37079	0.93090	819	0	0.0000
gene_MP010975	0.44665	0.89435	308	0	0.0000
gene_MP011027	0.39977	0.82804	179	0	0.0000
gene_MP011060	0.42772	0.79662	358	0	0.0000
gene_MP011200	0.34723	0.96482	166	0	0.0000
gene_MP011322	0.39542	1.07291	1068	10	0.9363
gene_MP011327	0.45107	0.93736	1031	12	1.1639
gene_MP011330	0.34984	0.82440	50	0	0.0000
gene_MP011333	0.37290	0.79110	262	0	0.0000
gene_MP011334	0.36187	0.95350	2045	0	0.0000
gene_MP011343	0.37003	0.77905	764	0	0.0000
gene_MP011350	0.35875	0.92255	49	0	0.0000
gene_MP011354	0.36308	0.92850	767	0	0.0000
gene_MP011366	0.42424	0.89300	186	0	0.0000
gene_MP011399	0.35875	0.92255	2315	0	0.0000
gene_MP011409	0.36537	0.98548	1230	0	0.0000
gene_MP011466	0.33822	0.86815	250	0	0.0000
gene_MP011467	0.36845	0.93021	826	0	0.0000
gene_MP011483	0.42424	0.89300	247	0	0.0000
gene_MP011510	0.33762	0.85233	155	0	0.0000
gene_MP011512	0.40050	0.98936	93	0	0.0000
gene_MP011517	0.42424	0.89300	1634	0	0.0000
gene_MP011665	0.60963	0.96045	50	0	0.0000
gene_MP011768	0.53333	0.80361	30	0	0.0000
gene_MP012059	0.38094	0.86135	113	0	0.0000
gene_MP012400	0.66875	1.21119	260	0	0.0000
gene_MP012485	0.40406	0.91288	152	0	0.0000
gene_MP012905	0.41133	0.98576	388	6	1.5464
gene_MP013114	0.37906	0.85947	76	0	0.0000
gene_MP013148	0.35672	1.00189	325	0	0.0000
gene_MP013404	0.67090	1.20842	257	0	0.0000
gene_MP013860	0.40549	1.01696	159	0	0.0000
gene_MP014187	0.40167	0.72147	22	0	0.0000
gene_MP014333	0.32562	1.01066	71	0	0.0000
gene_MP014385	0.34751	0.92399	202	0	0.0000
gene_MP014442	0.35240	0.94439	847	12	1.4168
gene_MP014471	0.71984	1.24749	79	0	0.0000
gene_MP014510	0.45674	0.93516	161	10	6.2112
gene_MP014625	0.41118	0.91480	47	0	0.0000
gene_MP014651	0.36728	0.78009	456	0	0.0000
gene_MP014809	0.41968	0.86887	389	0	0.0000
gene_MP014859	0.35398	1.06906	41	0	0.0000
gene_MP014911	0.35944	0.76003	124	15	12.0968
gene_MP015193	0.59180	0.88198	84	0	0.0000
gene_MP015818	0.37450	0.88123	616	0	0.0000
gene_MP015830	0.36163	0.82169	170	21	12.3529
gene_MP016397	0.39315	0.84053	436	24	5.5046
gene_MP016427	0.44651	0.56555	44	0	0.0000
gene_MP016432	0.37675	0.91524	193	0	0.0000
gene_MP016571	0.39540	0.87905	173	0	0.0000
gene_MP016586	0.35829	0.85303	126	0	0.0000
gene_MP016605	0.37030	0.84120	400	0	0.0000
gene_MP016756	0.37659	0.69535	163	0	0.0000
gene_MP016786	0.35084	0.68674	117	14	11.9658
gene_MP016797	0.35913	0.83925	458	4	0.8734
gene_MP016869	0.38535	0.90092	125	0	0.0000
gene_MP018107	0.37411	0.89809	256	1	0.3906
gene_MP019447	0.38641	0.74968	25	0	0.0000
gene_MP020342	0.39580	1.23916	87	0	0.0000
gene_MP020479	0.43934	1.30727	312	0	0.0000
gene_MP021042	0.49011	0.71104	28	0	0.0000
gene_MP021257	0.36909	0.91862	226	1	0.4425
gene_MP021271	0.38380	1.00308	2713	0	0.0000
gene_MP021315	0.41495	0.81005	117	0	0.0000
gene_MP021326	0.35705	1.04765	352	0	0.0000
gene_MP021453	0.65986	0.98636	31	0	0.0000
gene_MP021456	0.65986	0.98636	31	0	0.0000
gene_MP021559	0.35270	0.87759	55	0	0.0000
gene_MP021722	0.37013	0.84344	163	11	6.7485
gene_MP021740	0.39075	1.02830	358	0	0.0000
gene_MP021762	0.41458	0.86296	451	8	1.7738
gene_MP022191	0.35948	1.10375	3342	0	0.0000
gene_MP022461	0.52315	0.99835	59	0	0.0000
gene_MP022707	0.39362	0.79753	37	1	2.7027
gene_MP023525	0.34658	0.75115	22	0	0.0000
gene_MP023706	0.39411	0.93445	291	0	0.0000
gene_MP023850	0.38427	0.97226	598	10	1.6722
gene_MP023875	0.72222	1.17218	281	0	0.0000
gene_MP023902	0.38927	0.93932	314	22	7.0064
gene_MP023905	0.43135	0.97279	1672	5	0.2990
gene_MP023936	0.35309	0.78036	21	0	0.0000
gene_MP023955	0.43265	0.87433	71	0	0.0000
gene_MP024172	0.34409	0.95709	402	0	0.0000
gene_MP024296	0.43401	0.66922	53	0	0.0000
gene_MP024655	0.39005	0.85056	550	0	0.0000
gene_MP024667	0.36217	0.84610	144	0	0.0000
gene_MP000181	0.35066	0.97218	951	7	0.7361
gene_MP000354	0.41587	1.01205	55	0	0.0000
gene_MP000562	0.39812	0.86636	534	15	2.8090
gene_MP001099	0.34872	1.04391	2330	0	0.0000
gene_MP001126	0.38569	0.86148	506	1	0.1976
gene_MP001127	0.35845	0.99720	914	11	1.2035
gene_MP001383	0.39117	1.06477	223	0	0.0000
gene_MP001393	0.39117	1.06477	2084	1	0.0480
gene_MP001411	0.34676	0.96525	4493	0	0.0000
gene_MP001457	0.34790	1.00942	584	0	0.0000
gene_MP001477	0.34790	1.00942	459	0	0.0000
gene_MP001485	0.41680	0.98760	630	0	0.0000
gene_MP001954	0.36883	0.63419	74	10	13.5135
gene_MP001964	0.36887	0.92212	35	2	5.7143
gene_MP001967	0.35617	0.83490	152	1	0.6579
gene_MP002031	0.36597	0.93415	25	11	44.0000
gene_MP002158	0.37392	1.01595	645	0	0.0000
gene_MP002197	0.33660	0.85158	140	0	0.0000
gene_MP002258	0.32062	0.60340	21	1	4.7619
gene_MP002444	0.57143	0.83239	41	0	0.0000
gene_MP003117	0.36713	0.62574	95	0	0.0000
gene_MP003201	0.32158	0.97124	333	0	0.0000
gene_MP003214	0.35343	1.04337	56	0	0.0000
gene_MP003286	0.42834	1.15585	456	9	1.9737
gene_MP003363	0.36703	0.69850	51	8	15.6863
gene_MP003364	0.33164	0.69419	103	23	22.3301
gene_MP003490	0.37127	1.06133	612	5	0.8170
gene_MP003519	0.35577	0.90022	686	0	0.0000
gene_MP003615	0.41375	0.98807	225	0	0.0000
gene_MP003656	0.49872	0.92833	45	0	0.0000
gene_MP003701	0.32843	0.75798	132	23	17.4242
gene_MP003704	0.34898	0.98411	592	2	0.3378
gene_MP003976	0.32308	0.64217	59	11	18.6441
gene_MP004253	0.39613	0.77706	188	6	3.1915
gene_MP004435	0.37107	0.96063	330	7	2.1212
gene_MP004437	0.38654	0.87589	231	0	0.0000
gene_MP004438	0.46811	1.17313	1025	0	0.0000
gene_MP005075	0.38587	0.78336	94	0	0.0000
gene_MP005128	0.34695	1.17782	580	0	0.0000
gene_MP005150	0.37997	0.96843	185	0	0.0000
gene_MP005162	0.36002	0.95842	455	0	0.0000
gene_MP005163	0.37251	0.78540	176	0	0.0000
gene_MP005193	0.34199	0.94730	562	0	0.0000
gene_MP005194	0.33476	0.92512	718	0	0.0000
gene_MP005269	0.36896	1.02141	54	3	5.5556
gene_MP005284	0.36113	0.68698	35	14	40.0000
gene_MP005614	0.38370	1.02974	434	0	0.0000
gene_MP005749	0.34945	0.92256	383	28	7.3107
gene_MP005839	0.33980	0.85994	81	0	0.0000
gene_MP006333	0.36427	1.11733	256	0	0.0000
gene_MP006420	0.39565	1.07971	590	2	0.3390
gene_MP006479	0.37838	0.80984	67	2	2.9851
gene_MP006488	0.37286	0.98757	272	24	8.8235
gene_MP006756	0.39016	1.03041	27	0	0.0000
gene_MP006769	0.37549	1.02366	248	0	0.0000
gene_MP006845	0.38657	0.99624	147	0	0.0000
gene_MP006915	0.39311	1.09401	224	0	0.0000
gene_MP008265	0.54775	0.85612	97	1	1.0309
gene_MP008756	0.39077	1.01877	44	0	0.0000
gene_MP008870	0.37524	0.86275	168	0	0.0000
gene_MP008972	0.37470	1.00341	155	10	6.4516
gene_MP008987	0.35000	0.86415	683	0	0.0000
gene_MP008992	0.36588	0.92647	631	5	0.7924
gene_MP008994	0.34770	0.93804	194	1	0.5155
gene_MP010594	0.37334	1.04069	363	0	0.0000
gene_MP010637	0.37105	0.98621	3116	0	0.0000
gene_MP010703	0.36714	0.99410	758	0	0.0000
gene_MP010767	0.37412	0.87502	3174	0	0.0000
gene_MP010913	0.33833	0.94288	191	1	0.5236
gene_MP011214	0.34989	0.89928	725	3	0.4138
gene_MP011236	0.36870	0.88256	1041	5	0.4803
gene_MP011237	0.35330	0.93772	1588	0	0.0000
gene_MP011262	0.34756	0.83945	161	8	4.9689
gene_MP011344	0.41332	0.99938	79	0	0.0000
gene_MP011388	0.37030	0.89980	122	0	0.0000
gene_MP011433	0.37031	0.90033	1467	0	0.0000
gene_MP011971	0.35808	0.53570	24	13	54.1667
gene_MP012046	0.38109	1.09986	95	0	0.0000
gene_MP012107	0.36722	0.99235	882	0	0.0000
gene_MP012180	0.36995	0.93869	298	0	0.0000
gene_MP012298	0.34908	0.94129	506	0	0.0000
gene_MP012344	0.39457	0.84636	178	0	0.0000
gene_MP012515	0.41399	0.96344	567	38	6.7019
gene_MP012517	0.40568	0.83584	87	0	0.0000
gene_MP012518	0.37895	0.95768	382	7	1.8325
gene_MP012582	0.37351	0.67597	69	0	0.0000
gene_MP012614	0.40590	1.03009	37	0	0.0000
gene_MP012732	0.37895	0.83267	158	17	10.7595
gene_MP012760	0.36965	0.73063	47	0	0.0000
gene_MP012795	0.38650	1.01237	454	29	6.3877
gene_MP012874	0.33633	0.85712	78	3	3.8462
gene_MP013256	0.35415	0.99102	2846	0	0.0000
gene_MP014459	0.36613	0.89608	197	13	6.5990
gene_MP014475	0.35392	0.81583	202	9	4.4554
gene_MP014558	0.36387	0.85765	44	0	0.0000
gene_MP014655	0.35586	0.97438	116	0	0.0000
gene_MP014659	0.34444	0.91998	22	0	0.0000
gene_MP014872	0.37956	0.72471	201	12	5.9701
gene_MP014917	0.40992	0.53927	51	0	0.0000
gene_MP015058	0.52209	1.28022	372	10	2.6882
gene_MP015177	0.38250	0.86990	114	6	5.2632
gene_MP015415	0.46032	0.88153	42	0	0.0000
gene_MP015577	0.50471	1.00821	34	0	0.0000
gene_MP015675	0.35415	0.99102	3737	0	0.0000
gene_MP015686	0.38759	1.03027	597	14	2.3451
gene_MP015986	0.33649	0.79357	42	2	4.7619
gene_MP016367	0.37649	0.78958	130	1	0.7692
gene_MP016422	0.34585	1.09529	29	0	0.0000
gene_MP016425	0.35878	1.02291	1640	0	0.0000
gene_MP016460	0.42365	0.84732	33	0	0.0000
gene_MP017323	0.38185	0.91043	336	0	0.0000
gene_MP017359	0.39772	0.96058	205	5	2.4390
gene_MP017581	0.43943	0.83083	119	0	0.0000
gene_MP017853	0.34086	0.83884	32	0	0.0000
gene_MP018038	0.41469	0.87133	85	1	1.1765
gene_MP018055	0.37695	0.78677	349	21	6.0172
gene_MP018176	0.34724	1.02225	673	0	0.0000
gene_MP018219	0.39115	0.88190	153	0	0.0000
gene_MP018291	0.38207	0.91680	49	0	0.0000
gene_MP018410	0.41751	0.68102	141	0	0.0000
gene_MP018416	0.37288	0.91852	120	0	0.0000
gene_MP018425	0.39294	0.84022	101	7	6.9307
gene_MP018432	0.35087	0.91857	475	0	0.0000
gene_MP018521	0.35417	1.03704	28	0	0.0000
gene_MP018589	0.37368	0.88231	145	0	0.0000
gene_MP018917	0.35051	0.97946	258	0	0.0000
gene_MP020829	0.50947	1.10843	644	0	0.0000
gene_MP020897	0.34985	0.83087	86	0	0.0000
gene_MP020991	0.34498	0.55798	27	3	11.1111
gene_MP020992	0.37830	1.03749	811	0	0.0000
gene_MP021024	0.52057	1.03976	247	0	0.0000
gene_MP021025	0.51675	1.06429	244	0	0.0000
gene_MP021106	0.40651	1.03714	188	0	0.0000
gene_MP021113	0.46697	0.80314	29	0	0.0000
gene_MP021344	0.35869	0.98221	2931	0	0.0000
gene_MP021566	0.37258	0.95210	1277	0	0.0000
gene_MP021666	0.50424	1.29741	471	8	1.6985
gene_MP022023	0.40809	0.93917	214	0	0.0000
gene_MP022028	0.37220	1.00767	202	0	0.0000
gene_MP022056	0.38594	0.96393	1044	0	0.0000
gene_MP022280	0.40809	0.93917	243	0	0.0000
gene_MP022530	0.61216	0.96228	44	0	0.0000
gene_MP023484	0.37172	1.04624	243	0	0.0000
gene_MP023487	0.35447	0.95609	176	0	0.0000
gene_MP023798	0.36940	0.95269	104	0	0.0000
gene_MP023842	0.34356	0.90762	139	5	3.5971
gene_MP023854	0.35253	0.96824	705	0	0.0000
gene_MP024063	0.37337	1.00734	3810	0	0.0000
gene_MP024083	0.33574	0.66352	35	0	0.0000
gene_MP024381	0.36638	0.88344	489	1	0.2045
gene_MP024426	0.37956	1.03235	374	17	4.5455
gene_MP024506	0.49282	1.29986	207	4	1.9324
gene_MP024569	0.33744	0.73202	163	37	22.6994
gene_MP024571	0.36831	0.88064	618	0	0.0000
gene_MP024642	0.37212	0.75965	22	0	0.0000
gene_MP024689	0.36247	0.99675	2224	0	0.0000
gene_MP000039	0.36997	0.77692	153	12	7.8431
gene_MP000421	0.39779	0.95676	373	13	3.4853
gene_MP000662	0.37605	0.93756	701	0	0.0000
gene_MP000716	0.40658	0.88303	38	0	0.0000
gene_MP000795	0.40112	0.73100	441	0	0.0000
gene_MP000992	0.45568	0.97303	573	14	2.4433
gene_MP001321	0.40658	0.88303	203	0	0.0000
gene_MP001426	0.37254	0.80980	84	0	0.0000
gene_MP001520	0.33226	0.91698	36	0	0.0000
gene_MP001521	0.36216	0.90014	1172	0	0.0000
gene_MP001870	0.37643	0.95650	326	17	5.2147
gene_MP001887	0.39683	0.89426	25	0	0.0000
gene_MP002126	0.49066	0.80401	240	0	0.0000
gene_MP002131	0.44753	0.88779	695	19	2.7338
gene_MP002313	0.36261	0.94701	84	7	8.3333
gene_MP002588	0.38450	0.94326	1175	0	0.0000
gene_MP002717	0.43348	0.86541	525	0	0.0000
gene_MP002741	0.33697	0.98326	868	0	0.0000
gene_MP002744	0.36632	0.77181	182	16	8.7912
gene_MP002751	0.36307	0.83960	356	0	0.0000
gene_MP002805	0.41126	0.84528	275	19	6.9091
gene_MP002808	0.36801	1.12908	258	0	0.0000
gene_MP002969	0.39937	0.94647	162	3	1.8519
gene_MP003020	0.38548	0.88242	920	5	0.5435
gene_MP003056	0.37025	0.69234	28	6	21.4286
gene_MP003078	0.35177	1.06454	23	0	0.0000
gene_MP003080	0.48102	0.82074	40	0	0.0000
gene_MP003126	0.36700	0.83682	400	0	0.0000
gene_MP003147	0.30575	0.69304	77	19	24.6753
gene_MP003185	0.41256	0.57013	191	10	5.2356
gene_MP003277	0.38128	0.88127	410	10	2.4390
gene_MP003278	0.37020	0.95060	245	0	0.0000
gene_MP003350	0.36370	0.65276	88	15	17.0455
gene_MP003375	0.35908	1.01138	631	0	0.0000
gene_MP003416	0.35168	0.39438	26	9	34.6154
gene_MP003750	0.39370	0.92394	425	7	1.6471
gene_MP003760	0.37075	0.95371	984	0	0.0000
gene_MP003811	0.41783	0.66932	62	10	16.1290
gene_MP003816	0.34816	0.74234	58	7	12.0690
gene_MP003843	0.34212	0.85879	36	0	0.0000
gene_MP003855	0.39135	0.85654	62	0	0.0000
gene_MP003931	0.35892	0.86615	745	0	0.0000
gene_MP003942	0.40919	0.90711	112	14	12.5000
gene_MP004123	0.37877	0.73626	69	2	2.8986
gene_MP004270	0.51582	1.06849	29	0	0.0000
gene_MP004385	0.38450	0.76580	137	3	2.1898
gene_MP004386	0.41825	0.87930	219	0	0.0000
gene_MP004610	0.36386	0.98598	113	0	0.0000
gene_MP004615	0.36787	0.91949	332	0	0.0000
gene_MP004628	0.38832	1.00525	293	0	0.0000
gene_MP004652	0.36344	0.84863	244	0	0.0000
gene_MP005027	0.36545	0.92983	1628	0	0.0000
gene_MP005086	0.36261	0.92047	974	0	0.0000
gene_MP005562	0.37097	1.03649	3258	0	0.0000
gene_MP005602	0.38219	0.89315	686	10	1.4577
gene_MP005609	0.38219	0.89315	406	0	0.0000
gene_MP005721	0.40015	0.90227	358	0	0.0000
gene_MP005919	0.38834	0.90817	689	0	0.0000
gene_MP006247	0.37695	0.86933	216	3	1.3889
gene_MP006371	0.36942	0.59538	1009	226	22.3984
gene_MP006405	0.35696	0.82458	31	0	0.0000
gene_MP006409	0.35696	0.82458	31	7	22.5806
gene_MP006494	0.43146	0.93567	1039	4	0.3850
gene_MP006664	0.40577	0.85386	386	2	0.5181
gene_MP006689	0.35880	0.98528	372	0	0.0000
gene_MP006810	0.33540	0.82517	131	0	0.0000
gene_MP007043	0.36939	0.93495	501	0	0.0000
gene_MP007476	0.41811	1.02036	32	0	0.0000
gene_MP007759	0.35445	0.95052	172	0	0.0000
gene_MP007848	0.45797	1.16966	896	0	0.0000
gene_MP007896	0.42732	0.83065	57	0	0.0000
gene_MP007955	0.35844	0.93373	701	5	0.7133
gene_MP007961	0.34647	0.99136	26	0	0.0000
gene_MP007988	0.45797	1.16966	80	0	0.0000
gene_MP008000	0.37509	0.98679	247	11	4.4534
gene_MP008048	0.37747	0.88399	165	0	0.0000
gene_MP008070	0.34568	0.99831	1568	0	0.0000
gene_MP008083	0.40949	0.72347	48	0	0.0000
gene_MP008099	0.45797	1.16966	882	0	0.0000
gene_MP008110	0.39637	0.89542	568	9	1.5845
gene_MP008127	0.41363	0.62602	650	0	0.0000
gene_MP008136	0.36911	0.91581	2516	1	0.0397
gene_MP008182	0.37391	0.93572	973	13	1.3361
gene_MP008196	0.37088	0.88883	240	6	2.5000
gene_MP008223	0.42206	1.09947	2166	2	0.0923
gene_MP008246	0.38893	0.84801	247	11	4.4534
gene_MP008284	0.33896	1.05923	134	4	2.9851
gene_MP008329	0.42251	0.78258	307	38	12.3779
gene_MP008360	0.51555	1.05564	969	0	0.0000
gene_MP008377	0.37226	0.88822	250	0	0.0000
gene_MP008456	0.39644	0.94248	1618	1	0.0618
gene_MP008541	0.38462	0.83296	629	0	0.0000
gene_MP008588	0.39976	0.82324	193	0	0.0000
gene_MP009084	0.35160	0.79282	197	6	3.0457
gene_MP009239	0.35106	0.91077	66	0	0.0000
gene_MP009310	0.35106	0.91077	107	0	0.0000
gene_MP009823	0.35844	0.93373	68	0	0.0000
gene_MP009885	0.37740	0.78029	801	0	0.0000
gene_MP009915	0.36363	0.89264	27	0	0.0000
gene_MP010019	0.45655	0.71877	27	0	0.0000
gene_MP010269	0.38555	0.86730	23	0	0.0000
gene_MP010282	0.36938	0.90911	681	2	0.2937
gene_MP010357	0.35880	0.98528	411	0	0.0000
gene_MP010444	0.38111	0.86509	552	12	2.1739
gene_MP010459	0.46213	1.02055	776	5	0.6443
gene_MP010470	0.41740	0.86379	61	0	0.0000
gene_MP010483	0.38407	1.03346	581	3	0.5164
gene_MP010586	0.40416	1.06045	645	0	0.0000
gene_MP010677	0.36363	0.89264	301	0	0.0000
gene_MP010769	0.41740	0.86379	2329	4	0.1717
gene_MP010772	0.41740	0.86379	223	1	0.4484
gene_MP010880	0.35666	0.64537	123	4	3.2520
gene_MP011074	0.37068	1.00396	294	0	0.0000
gene_MP011158	0.65530	1.00748	243	0	0.0000
gene_MP011578	0.35823	0.73405	118	19	16.1017
gene_MP011583	0.39982	0.77539	103	0	0.0000
gene_MP011603	0.35666	0.64537	26	0	0.0000
gene_MP011611	0.58554	0.80320	39	0	0.0000
gene_MP011652	0.42126	0.96347	65	10	15.3846
gene_MP011690	0.35582	0.65359	23	0	0.0000
gene_MP011709	0.38156	0.88475	459	0	0.0000
gene_MP011713	0.42581	0.71847	52	0	0.0000
gene_MP011716	0.36934	0.80842	678	0	0.0000
gene_MP011732	0.36934	0.80842	60	0	0.0000
gene_MP011733	0.40403	0.82576	837	0	0.0000
gene_MP011857	0.36307	0.93530	516	3	0.5814
gene_MP012111	0.37770	1.12662	47	0	0.0000
gene_MP012189	0.37380	0.91890	20	0	0.0000
gene_MP012257	0.32736	0.93733	234	0	0.0000
gene_MP012267	0.36721	0.88598	1191	27	2.2670
gene_MP012388	0.36652	0.89695	136	0	0.0000
gene_MP012560	0.37091	0.96871	27	0	0.0000
gene_MP012927	0.39675	1.21018	85	28	32.9412
gene_MP012969	0.37499	0.83146	252	32	12.6984
gene_MP013305	0.41663	0.85964	183	23	12.5683
gene_MP013357	0.37114	0.91134	1622	7	0.4316
gene_MP013362	0.36751	0.82285	446	9	2.0179
gene_MP013397	0.36421	0.90017	595	10	1.6807
gene_MP013431	0.42051	0.67952	37	0	0.0000
gene_MP013650	0.38661	0.95600	327	9	2.7523
gene_MP013652	0.37652	0.77210	617	0	0.0000
gene_MP013665	0.41844	1.01354	55	0	0.0000
gene_MP013702	0.45240	1.12058	314	9	2.8662
gene_MP013788	0.35895	0.80065	65	19	29.2308
gene_MP013814	0.41394	0.83918	37	2	5.4054
gene_MP013873	0.37409	0.97772	569	5	0.8787
gene_MP014257	0.35383	0.89117	137	16	11.6788
gene_MP014299	0.40297	0.89445	106	0	0.0000
gene_MP014513	0.34408	0.80342	40	18	45.0000
gene_MP014545	0.36000	0.56293	53	6	11.3208
gene_MP014630	0.42180	0.90033	303	0	0.0000
gene_MP014747	0.38457	1.18329	69	27	39.1304
gene_MP014882	0.39679	1.13078	61	0	0.0000
gene_MP015116	0.38858	0.90844	37	17	45.9459
gene_MP015156	0.38723	0.44987	25	9	36.0000
gene_MP015330	0.38808	0.93204	915	2	0.2186
gene_MP015400	0.37666	0.77425	493	0	0.0000
gene_MP015472	0.47192	0.96656	135	0	0.0000
gene_MP015529	0.39225	0.90720	506	11	2.1739
gene_MP015538	0.39046	1.03255	65	24	36.9231
gene_MP015668	0.35824	0.69653	26	3	11.5385
gene_MP015669	0.43786	0.86979	137	0	0.0000
gene_MP015749	0.36715	0.97032	311	0	0.0000
gene_MP015750	0.38548	0.96780	587	0	0.0000
gene_MP016317	0.33092	0.94699	43	0	0.0000
gene_MP016323	0.42143	0.83206	235	8	3.4043
gene_MP016360	0.37233	0.97464	83	0	0.0000
gene_MP016362	0.41132	0.71862	156	0	0.0000
gene_MP016492	0.37157	0.88750	119	0	0.0000
gene_MP016638	0.35797	0.87418	108	0	0.0000
gene_MP017161	0.39774	0.77369	102	0	0.0000
gene_MP017165	0.38513	0.73647	20	0	0.0000
gene_MP017191	0.38764	0.93084	524	2	0.3817
gene_MP017352	0.37250	0.88263	224	0	0.0000
gene_MP017381	0.40730	0.99111	281	0	0.0000
gene_MP017402	0.40584	1.00487	883	0	0.0000
gene_MP017421	0.44125	0.98981	35	0	0.0000
gene_MP017425	0.39311	1.00281	183	0	0.0000
gene_MP017426	0.35997	0.71010	90	7	7.7778
gene_MP017470	0.40628	1.01860	777	0	0.0000
gene_MP017479	0.38881	0.77347	264	0	0.0000
gene_MP017519	0.36587	0.79590	66	0	0.0000
gene_MP017534	0.33655	0.90787	48	0	0.0000
gene_MP017907	0.34439	0.92243	394	25	6.3452
gene_MP018204	0.37665	0.88070	183	0	0.0000
gene_MP018298	0.33723	0.88065	247	5	2.0243
gene_MP018474	0.35149	1.05397	25	0	0.0000
gene_MP018484	0.37804	0.92191	432	0	0.0000
gene_MP018768	0.40095	1.08350	287	27	9.4077
gene_MP018856	0.39317	0.91916	33	0	0.0000
gene_MP018959	0.44998	0.90518	34	0	0.0000
gene_MP019090	0.44714	0.91131	22	0	0.0000
gene_MP019995	0.36356	0.85124	24	2	8.3333
gene_MP020016	0.39360	0.70449	107	0	0.0000
gene_MP020166	0.35667	0.92450	1077	10	0.9285
gene_MP020200	0.37929	1.03952	23	0	0.0000
gene_MP020296	0.37941	0.98979	249	0	0.0000
gene_MP020313	0.35869	0.89732	940	0	0.0000
gene_MP020385	0.35511	0.75061	89	18	20.2247
gene_MP020415	0.39235	0.86869	350	0	0.0000
gene_MP020423	0.38286	0.92973	1065	0	0.0000
gene_MP020429	0.73916	1.33769	269	0	0.0000
gene_MP020473	0.38690	0.91952	458	0	0.0000
gene_MP021375	0.40096	0.80566	20	0	0.0000
gene_MP021426	0.49483	0.88638	82	0	0.0000
gene_MP021450	0.65986	0.98636	31	0	0.0000
gene_MP022317	0.65350	0.99328	143	0	0.0000
gene_MP022377	0.43915	0.98934	75	0	0.0000
gene_MP022478	0.36133	0.88744	57	9	15.7895
gene_MP022536	0.44168	1.06242	233	0	0.0000
gene_MP022554	0.37307	1.05845	350	7	2.0000
gene_MP022587	0.38720	0.95057	357	0	0.0000
gene_MP022835	0.43440	1.03933	56	0	0.0000
gene_MP022844	0.42802	1.04147	33	0	0.0000
gene_MP022885	0.38288	0.71918	221	0	0.0000
gene_MP022933	0.64770	0.98524	88	0	0.0000
gene_MP022984	0.44030	0.90847	36	0	0.0000
gene_MP023004	0.39145	0.97332	105	0	0.0000
gene_MP023010	0.37454	0.88750	1263	11	0.8709
gene_MP023414	0.38222	0.99392	466	0	0.0000
gene_MP023467	0.36934	0.80842	24	0	0.0000
gene_MP023576	0.40858	1.02070	48	0	0.0000
gene_MP023618	0.41142	0.69779	36	0	0.0000
gene_MP024161	0.37896	0.97784	879	0	0.0000
gene_MP024219	0.37778	0.77600	167	0	0.0000
gene_MP024231	0.37454	0.88750	506	0	0.0000
gene_MP024244	0.40027	1.08114	32	0	0.0000
gene_MP024335	0.64788	1.00541	95	0	0.0000
gene_MP024482	0.44998	0.90518	28	0	0.0000
gene_MP024790	0.39848	0.82381	120	0	0.0000
gene_MP000209	0.46821	0.96111	279	20	7.1685
gene_MP000246	0.35861	1.06962	368	0	0.0000
gene_MP000517	0.40755	0.92496	1081	14	1.2951
gene_MP001459	0.37953	0.99200	300	0	0.0000
gene_MP001466	0.37953	0.99200	226	0	0.0000
gene_MP001688	0.38096	0.99013	214	0	0.0000
gene_MP002102	0.38655	0.88587	570	0	0.0000
gene_MP002402	0.39319	0.97451	376	0	0.0000
gene_MP002462	0.37243	0.94193	2694	0	0.0000
gene_MP002489	0.34813	0.96817	238	7	2.9412
gene_MP002525	0.38561	0.93349	444	0	0.0000
gene_MP002527	0.38299	0.90912	535	0	0.0000
gene_MP002563	0.37971	0.99028	265	11	4.1509
gene_MP002596	0.36930	0.83443	146	3	2.0548
gene_MP002839	0.39827	0.84844	382	0	0.0000
gene_MP002849	0.36132	0.95114	253	0	0.0000
gene_MP002851	0.39524	1.16599	366	14	3.8251
gene_MP002855	0.32809	0.89357	21	1	4.7619
gene_MP002858	0.39314	0.85669	490	10	2.0408
gene_MP002863	0.38257	0.85190	782	10	1.2788
gene_MP003136	0.40132	0.86473	190	23	12.1053
gene_MP003400	0.36127	0.85554	235	17	7.2340
gene_MP003457	0.36671	0.99032	297	0	0.0000
gene_MP003652	0.34549	1.02742	237	13	5.4852
gene_MP003657	0.35904	1.09197	1100	0	0.0000
gene_MP003662	0.37859	0.94514	1570	1	0.0637
gene_MP003744	0.36451	0.84125	844	0	0.0000
gene_MP003866	0.38369	0.96859	562	0	0.0000
gene_MP003915	0.34902	0.77738	41	1	2.4390
gene_MP003972	0.37442	0.90851	750	10	1.3333
gene_MP004026	0.37942	0.98525	781	0	0.0000
gene_MP004029	0.40685	0.89383	295	8	2.7119
gene_MP004032	0.37315	0.89122	534	4	0.7491
gene_MP004116	0.39169	0.90458	245	21	8.5714
gene_MP004196	0.40157	0.87399	481	0	0.0000
gene_MP004200	0.43461	0.98394	552	0	0.0000
gene_MP004326	0.39187	0.86502	355	0	0.0000
gene_MP004332	0.39744	0.88619	27	0	0.0000
gene_MP004335	0.38574	0.84739	140	5	3.5714
gene_MP004410	0.40949	0.69728	387	10	2.5840
gene_MP004411	0.38353	1.01939	443	0	0.0000
gene_MP004582	0.40856	0.71308	236	0	0.0000
gene_MP004587	0.42476	0.96273	189	8	4.2328
gene_MP004840	0.35534	0.97053	910	0	0.0000
gene_MP004883	0.40433	0.88284	325	19	5.8462
gene_MP004905	0.39282	0.89987	517	12	2.3211
gene_MP005268	0.56649	1.16323	277	0	0.0000
gene_MP005424	0.38314	0.89646	1212	0	0.0000
gene_MP005436	0.36592	0.87085	797	11	1.3802
gene_MP005535	0.37883	0.90780	696	1	0.1437
gene_MP005575	0.43887	0.96643	1320	0	0.0000
gene_MP005840	0.35516	0.93363	604	0	0.0000
gene_MP005904	0.38623	0.98892	264	0	0.0000
gene_MP005991	0.36280	1.04709	343	2	0.5831
gene_MP006063	0.41463	0.88031	99	4	4.0404
gene_MP006078	0.38590	0.89296	1425	0	0.0000
gene_MP006082	0.39014	0.84295	504	0	0.0000
gene_MP006100	0.36390	0.87630	38	0	0.0000
gene_MP006222	0.42442	0.58129	207	50	24.1546
gene_MP006251	0.37141	0.90913	488	23	4.7131
gene_MP006401	0.35696	0.82458	31	0	0.0000
gene_MP006417	0.37196	0.58347	24	2	8.3333
gene_MP006597	0.38338	1.16988	23	0	0.0000
gene_MP006688	0.37387	0.93872	1497	2	0.1336
gene_MP006709	0.35186	0.82865	409	0	0.0000
gene_MP006778	0.37176	1.00712	1879	0	0.0000
gene_MP006973	0.39748	0.88588	46	0	0.0000
gene_MP007626	0.62167	0.96438	158	0	0.0000
gene_MP007698	0.65446	1.00937	338	2	0.5917
gene_MP007861	0.61210	0.96147	609	1	0.1642
gene_MP008647	0.38035	0.88746	949	0	0.0000
gene_MP008668	0.38784	0.81910	190	6	3.1579
gene_MP008685	0.38431	0.81217	464	0	0.0000
gene_MP008687	0.37359	0.95921	828	27	3.2609
gene_MP008739	0.38504	1.02676	316	0	0.0000
gene_MP008761	0.37964	0.93241	2060	0	0.0000
gene_MP008762	0.39144	0.93301	230	0	0.0000
gene_MP008765	0.37964	0.93241	64	0	0.0000
gene_MP008826	0.39208	0.89872	902	12	1.3304
gene_MP008857	0.38840	0.84067	395	3	0.7595
gene_MP008875	0.38224	0.89427	640	0	0.0000
gene_MP008897	0.38621	1.01576	127	0	0.0000
gene_MP010458	0.36230	0.66804	49	0	0.0000
gene_MP010551	0.35152	0.92370	323	0	0.0000
gene_MP010663	0.37739	0.72020	261	0	0.0000
gene_MP010891	0.37438	0.97270	348	7	2.0115
gene_MP010921	0.37964	0.93241	1362	0	0.0000
gene_MP011126	0.43491	1.00747	169	0	0.0000
gene_MP011177	0.37352	1.00667	467	1	0.2141
gene_MP011182	0.39102	0.85315	235	5	2.1277
gene_MP011184	0.45931	0.98547	1423	0	0.0000
gene_MP011257	0.40184	0.80810	134	0	0.0000
gene_MP011258	0.40214	0.93280	1641	0	0.0000
gene_MP011260	0.45899	0.98525	21	0	0.0000
gene_MP011318	0.39012	0.92461	259	0	0.0000
gene_MP011558	0.39464	0.93601	136	0	0.0000
gene_MP011649	0.37603	0.70083	129	38	29.4574
gene_MP011969	0.39624	0.76022	120	0	0.0000
gene_MP012054	0.46221	0.90199	526	0	0.0000
gene_MP012074	0.39056	0.72999	99	9	9.0909
gene_MP012690	0.39163	0.93132	361	45	12.4654
gene_MP013002	0.66288	0.96533	54	0	0.0000
gene_MP013028	0.40515	0.89855	139	0	0.0000
gene_MP013113	0.37306	0.71633	107	11	10.2804
gene_MP013154	0.35660	0.85682	133	6	4.5113
gene_MP013458	0.37336	0.86004	147	21	14.2857
gene_MP013501	0.37042	0.91466	954	0	0.0000
gene_MP013502	0.43223	0.85356	90	0	0.0000
gene_MP013516	0.40093	0.73499	36	0	0.0000
gene_MP013673	0.39069	0.83833	64	3	4.6875
gene_MP013822	0.40365	1.11270	154	6	3.8961
gene_MP014039	0.38356	0.88229	261	17	6.5134
gene_MP014149	0.37842	0.85007	180	13	7.2222
gene_MP014518	0.37428	0.96593	1175	7	0.5957
gene_MP014769	0.43690	0.88964	366	0	0.0000
gene_MP014773	0.38006	0.86666	174	1	0.5747
gene_MP014810	0.34470	0.90293	159	1	0.6289
gene_MP014918	0.38659	0.92621	849	0	0.0000
gene_MP015171	0.41619	0.89571	270	16	5.9259
gene_MP015307	0.37947	0.83685	1272	0	0.0000
gene_MP015311	0.33571	1.00825	368	0	0.0000
gene_MP015344	0.43462	0.75517	41	0	0.0000
gene_MP015348	0.38235	0.77099	63	13	20.6349
gene_MP015352	0.40024	0.92969	76	6	7.8947
gene_MP015414	0.36387	0.89974	457	0	0.0000
gene_MP015674	0.37375	0.98013	555	0	0.0000
gene_MP015805	0.35084	0.49347	21	0	0.0000
gene_MP016079	0.45238	1.08998	28	0	0.0000
gene_MP016157	0.36852	0.94660	83	20	24.0964
gene_MP016802	0.38233	0.77176	343	0	0.0000
gene_MP017235	0.39899	1.02645	89	0	0.0000
gene_MP017467	0.46086	0.74516	94	0	0.0000
gene_MP017503	0.39243	0.75316	118	0	0.0000
gene_MP017689	0.38689	0.98795	91	0	0.0000
gene_MP017823	0.41980	1.12092	97	20	20.6186
gene_MP017941	0.38050	0.92975	101	0	0.0000
gene_MP018020	0.38264	0.76995	134	12	8.9552
gene_MP018382	0.47243	1.04819	39	0	0.0000
gene_MP018512	0.37714	0.97872	963	0	0.0000
gene_MP018532	0.38152	0.83449	288	21	7.2917
gene_MP018628	0.40103	0.72059	79	0	0.0000
gene_MP018783	0.40017	0.96333	53	0	0.0000
gene_MP018790	0.38790	0.98548	99	0	0.0000
gene_MP018791	0.36220	0.94213	187	0	0.0000
gene_MP018793	0.38832	0.91733	256	0	0.0000
gene_MP020783	0.40519	1.01977	1059	2	0.1889
gene_MP020784	0.41176	0.76794	154	0	0.0000
gene_MP020790	0.35577	1.01970	892	0	0.0000
gene_MP020810	0.38260	0.77318	33	0	0.0000
gene_MP020813	0.33530	0.68798	122	3	2.4590
gene_MP020857	0.36047	0.93914	446	6	1.3453
gene_MP020862	0.37567	0.90838	1325	0	0.0000
gene_MP020863	0.37639	0.66696	115	6	5.2174
gene_MP020876	0.39250	0.78725	236	0	0.0000
gene_MP020943	0.38630	0.78914	512	0	0.0000
gene_MP020944	0.40304	0.99233	121	0	0.0000
gene_MP020968	0.36725	0.89253	980	0	0.0000
gene_MP020977	0.41421	0.92084	598	0	0.0000
gene_MP020987	0.39057	0.94507	562	15	2.6690
gene_MP020998	0.35751	0.78255	158	5	3.1646
gene_MP021011	0.35664	0.71894	58	8	13.7931
gene_MP021015	0.42078	1.04270	1959	7	0.3573
gene_MP021068	0.37602	0.93176	214	0	0.0000
gene_MP021142	0.36962	0.94820	497	0	0.0000
gene_MP021164	0.38524	0.88641	332	0	0.0000
gene_MP021203	0.38429	0.77270	37	0	0.0000
gene_MP021510	0.33333	0.98433	20	0	0.0000
gene_MP021801	0.65222	0.99221	29	0	0.0000
gene_MP021936	0.30897	1.00945	101	0	0.0000
gene_MP022103	0.52451	0.96744	26	0	0.0000
gene_MP022340	0.65405	0.99418	144	0	0.0000
gene_MP022378	0.43915	1.00253	75	0	0.0000
gene_MP022907	0.64683	0.98819	35	0	0.0000
gene_MP023326	0.34975	0.88657	262	0	0.0000
gene_MP023535	0.35664	0.93727	173	0	0.0000
gene_MP023690	0.39551	0.89045	720	0	0.0000
gene_MP023865	0.39551	0.89045	1416	7	0.4944
gene_MP023898	0.34431	0.95614	1141	0	0.0000
gene_MP024254	0.39879	0.82169	66	0	0.0000
gene_MP024274	0.39813	1.10583	878	6	0.6834
gene_MP024378	0.37508	0.91506	677	0	0.0000
gene_MP024382	0.39317	0.95206	353	0	0.0000
gene_MP024398	0.39997	0.87467	1376	0	0.0000
gene_MP024574	0.37508	0.91506	322	0	0.0000
gene_MP000116	0.40223	1.04065	2748	0	0.0000
gene_MP000277	0.41336	0.88550	521	8	1.5355
gene_MP000670	0.41340	0.97308	63	0	0.0000
gene_MP001103	0.44276	0.87302	109	0	0.0000
gene_MP001110	0.41458	0.98114	1147	9	0.7847
gene_MP001117	0.44107	0.87116	2667	3	0.1125
gene_MP001119	0.37053	0.87420	318	5	1.5723
gene_MP001124	0.44493	0.90079	91	0	0.0000
gene_MP001379	0.42690	0.89441	56	0	0.0000
gene_MP001385	0.39468	0.92301	2720	1	0.0368
gene_MP001419	0.42690	0.89441	268	0	0.0000
gene_MP001429	0.41668	0.96897	916	0	0.0000
gene_MP001501	0.35848	0.84911	141	19	13.4752
gene_MP001640	0.33446	1.11189	194	5	2.5773
gene_MP001713	0.38806	1.19901	54	13	24.0741
gene_MP001851	0.37272	0.88147	755	0	0.0000
gene_MP001860	0.40802	0.79541	307	0	0.0000
gene_MP002038	0.40199	0.82117	288	7	2.4306
gene_MP002062	0.38928	0.90171	1316	7	0.5319
gene_MP002099	0.39236	0.88453	306	0	0.0000
gene_MP002110	0.44301	1.08316	164	31	18.9024
gene_MP002123	0.33889	1.09025	45	25	55.5556
gene_MP002124	0.38138	1.03802	105	5	4.7619
gene_MP002133	0.40519	0.61038	25	3	12.0000
gene_MP002157	0.40410	0.76620	79	11	13.9241
gene_MP002159	0.43156	0.88235	1446	13	0.8990
gene_MP002162	0.36285	0.99567	63	3	4.7619
gene_MP002186	0.39043	0.93815	1443	3	0.2079
gene_MP002472	0.40201	0.98564	70	0	0.0000
gene_MP002481	0.40781	0.84031	146	12	8.2192
gene_MP002540	0.38994	0.85813	1022	0	0.0000
gene_MP002547	0.39655	0.94201	160	0	0.0000
gene_MP002592	0.45155	0.81702	742	4	0.5391
gene_MP003384	0.48028	0.85291	219	6	2.7397
gene_MP003414	0.40714	0.80561	87	11	12.6437
gene_MP003473	0.38168	0.77326	249	31	12.4498
gene_MP003518	0.39329	0.87626	459	0	0.0000
gene_MP003602	0.44028	0.97644	67	34	50.7463
gene_MP003799	0.38473	0.93960	46	13	28.2609
gene_MP003841	0.37851	0.88853	369	15	4.0650
gene_MP003863	0.41526	0.94762	290	5	1.7241
gene_MP003940	0.40144	0.95652	1323	1	0.0756
gene_MP004095	0.40385	0.90842	344	7	2.0349
gene_MP004269	0.60097	1.05593	39	0	0.0000
gene_MP004308	0.40301	0.95645	162	5	3.0864
gene_MP004545	0.37684	0.91187	570	14	2.4561
gene_MP004599	0.36827	0.97477	1847	0	0.0000
gene_MP004606	0.46895	1.05121	377	5	1.3263
gene_MP005357	0.43335	0.82313	253	0	0.0000
gene_MP005358	0.40488	0.96988	2519	11	0.4367
gene_MP005457	0.38673	1.05004	2735	4	0.1463
gene_MP005766	0.48170	1.05727	171	0	0.0000
gene_MP005870	0.36858	0.82967	266	20	7.5188
gene_MP005905	0.60526	1.34118	56	5	8.9286
gene_MP006713	0.38186	0.93163	2459	14	0.5693
gene_MP007597	0.37502	0.97522	399	0	0.0000
gene_MP008696	0.41455	0.80737	166	0	0.0000
gene_MP008715	0.39007	0.89023	252	11	4.3651
gene_MP008719	0.35640	0.78509	89	1	1.1236
gene_MP008723	0.42011	0.97053	808	11	1.3614
gene_MP008759	0.38279	0.97059	515	0	0.0000
gene_MP008763	0.46844	1.02388	23	0	0.0000
gene_MP008805	0.42202	0.83954	44	0	0.0000
gene_MP008807	0.38463	1.02647	1388	26	1.8732
gene_MP008852	0.41397	0.85936	506	0	0.0000
gene_MP008856	0.40253	0.96532	231	28	12.1212
gene_MP008864	0.41120	0.93809	347	9	2.5937
gene_MP008884	0.37729	0.85165	355	0	0.0000
gene_MP008921	0.42254	0.80801	294	0	0.0000
gene_MP008984	0.40006	0.96514	1434	19	1.3250
gene_MP009001	0.42290	1.01024	444	0	0.0000
gene_MP009030	0.38286	0.94797	574	0	0.0000
gene_MP009035	0.40231	1.05939	808	0	0.0000
gene_MP009115	0.52013	1.30374	45	0	0.0000
gene_MP009150	0.40263	0.96959	193	0	0.0000
gene_MP010215	0.44131	0.79725	203	0	0.0000
gene_MP010603	0.36311	0.98775	56	0	0.0000
gene_MP010686	0.41693	0.84433	198	35	17.6768
gene_MP010687	0.42652	0.89458	287	0	0.0000
gene_MP010700	0.36623	0.79550	74	6	8.1081
gene_MP010708	0.40780	0.77679	417	1	0.2398
gene_MP010737	0.35586	0.59766	27	3	11.1111
gene_MP010743	0.37828	0.86124	253	9	3.5573
gene_MP010776	0.39568	0.96135	1027	4	0.3895
gene_MP010950	0.39514	0.87517	146	0	0.0000
gene_MP011219	0.40316	0.84648	348	22	6.3218
gene_MP011377	0.40558	0.94133	943	0	0.0000
gene_MP011378	0.34398	0.86861	80	5	6.2500
gene_MP011400	0.52216	1.30087	247	0	0.0000
gene_MP011788	0.57658	1.12610	31	0	0.0000
gene_MP011862	0.39032	0.86697	401	0	0.0000
gene_MP011931	0.41441	0.90844	288	24	8.3333
gene_MP012000	0.42506	0.96254	128	0	0.0000
gene_MP012118	0.40728	0.86530	25	0	0.0000
gene_MP012163	0.45115	0.75528	343	7	2.0408
gene_MP012565	0.36163	0.76825	134	3	2.2388
gene_MP012631	0.36209	0.78513	24	5	20.8333
gene_MP012676	0.33278	0.73653	55	5	9.0909
gene_MP012681	0.37072	0.85749	79	20	25.3165
gene_MP012726	0.41395	0.90084	151	0	0.0000
gene_MP012736	0.42230	0.70429	57	0	0.0000
gene_MP012777	0.36047	0.97794	114	17	14.9123
gene_MP012910	0.39566	0.91227	562	7	1.2456
gene_MP012939	0.37270	0.63359	37	6	16.2162
gene_MP013064	0.40833	0.97573	1356	7	0.5162
gene_MP013083	0.33858	0.92070	66	0	0.0000
gene_MP013139	0.39443	0.97778	99	0	0.0000
gene_MP013155	0.41113	0.89596	430	30	6.9767
gene_MP013176	0.36169	0.95915	62	0	0.0000
gene_MP013406	0.38836	0.93436	207	0	0.0000
gene_MP013477	0.41689	1.01430	556	31	5.5755
gene_MP013487	0.38696	0.95041	88	17	19.3182
gene_MP013646	0.42769	0.80880	24	21	87.5000
gene_MP013747	0.39670	0.84512	207	8	3.8647
gene_MP013785	0.38862	0.73867	46	23	50.0000
gene_MP013831	0.36351	0.95551	514	16	3.1128
gene_MP013875	0.40493	0.56348	27	19	70.3704
gene_MP014162	0.35821	0.81620	196	37	18.8776
gene_MP014202	0.38677	0.95886	271	0	0.0000
gene_MP014230	0.34305	0.44893	24	10	41.6667
gene_MP014290	0.35442	0.99003	185	0	0.0000
gene_MP014294	0.43416	0.98301	225	0	0.0000
gene_MP014380	0.39733	0.98286	761	24	3.1537
gene_MP014391	0.47905	0.84969	96	0	0.0000
gene_MP014483	0.39641	0.86769	553	16	2.8933
gene_MP014519	0.38693	0.61391	32	15	46.8750
gene_MP014561	0.37806	0.68462	99	19	19.1919
gene_MP014657	0.37446	0.92960	586	0	0.0000
gene_MP014755	0.35937	0.74433	44	8	18.1818
gene_MP014785	0.36858	1.02401	142	6	4.2254
gene_MP014845	0.39570	1.06522	229	9	3.9301
gene_MP014856	0.44569	0.90004	132	0	0.0000
gene_MP014875	0.37829	0.96891	51	23	45.0980
gene_MP014971	0.44322	1.05790	417	15	3.5971
gene_MP015025	0.38045	0.51924	52	21	40.3846
gene_MP015032	0.35652	0.77477	169	0	0.0000
gene_MP015047	0.35271	0.78199	77	14	18.1818
gene_MP015078	0.36574	0.88063	82	3	3.6585
gene_MP015115	0.40079	0.86888	1013	0	0.0000
gene_MP015292	0.36867	0.92041	726	0	0.0000
gene_MP015357	0.57251	0.82482	57	0	0.0000
gene_MP015377	0.39353	1.06841	101	0	0.0000
gene_MP015385	0.40726	0.82023	266	14	5.2632
gene_MP015394	0.38688	0.95324	74	0	0.0000
gene_MP015573	0.39432	1.03802	165	7	4.2424
gene_MP015761	0.38163	0.96251	94	12	12.7660
gene_MP015763	0.42561	1.26840	123	0	0.0000
gene_MP015770	0.41368	0.92269	882	0	0.0000
gene_MP015856	0.43634	1.02615	448	22	4.9107
gene_MP015859	0.38435	1.05287	476	15	3.1513
gene_MP015873	0.36371	0.86106	85	3	3.5294
gene_MP015889	0.37165	0.81706	45	22	48.8889
gene_MP015974	0.41953	0.79394	70	0	0.0000
gene_MP016507	0.39129	0.91996	84	6	7.1429
gene_MP016592	0.33306	0.58728	20	8	40.0000
gene_MP016595	0.64522	1.25303	187	0	0.0000
gene_MP016602	0.37815	0.96826	263	6	2.2814
gene_MP016607	0.35433	0.77133	91	14	15.3846
gene_MP016614	0.38144	1.15058	277	0	0.0000
gene_MP016628	0.41647	0.86527	224	0	0.0000
gene_MP016781	0.41433	0.82494	73	0	0.0000
gene_MP016986	0.39384	1.14226	454	36	7.9295
gene_MP017406	0.48320	1.06099	631	0	0.0000
gene_MP017488	0.40207	0.93898	97	0	0.0000
gene_MP017513	0.37212	0.93321	25	0	0.0000
gene_MP017517	0.38675	0.97134	216	5	2.3148
gene_MP017602	0.35585	0.98309	1706	0	0.0000
gene_MP017649	0.36824	1.00530	779	5	0.6418
gene_MP017687	0.37989	0.99456	71	6	8.4507
gene_MP018236	0.46644	0.75069	259	0	0.0000
gene_MP018446	0.42316	0.91008	331	29	8.7613
gene_MP018614	0.36955	0.99237	88	0	0.0000
gene_MP018620	0.38003	0.92754	56	0	0.0000
gene_MP018916	0.38747	0.96855	410	0	0.0000
gene_MP019668	0.49851	0.86828	72	0	0.0000
gene_MP020432	0.37500	0.59473	31	0	0.0000
gene_MP020889	0.36309	0.98289	88	0	0.0000
gene_MP020905	0.39045	0.98502	806	6	0.7444
gene_MP020909	0.39557	0.97943	839	0	0.0000
gene_MP020951	0.44030	1.17799	172	13	7.5581
gene_MP020962	0.40882	0.86046	178	0	0.0000
gene_MP020970	0.40207	0.93898	95	0	0.0000
gene_MP020981	0.54758	1.24359	380	0	0.0000
gene_MP020982	0.41310	0.65948	63	0	0.0000
gene_MP020986	0.41502	0.94307	433	0	0.0000
gene_MP020996	0.43423	0.83094	360	0	0.0000
gene_MP021006	0.37529	1.00323	270	19	7.0370
gene_MP021023	0.39164	0.88601	78	0	0.0000
gene_MP021065	0.39749	0.79233	341	19	5.5718
gene_MP021081	0.36361	0.98207	73	0	0.0000
gene_MP021118	0.35433	0.59920	30	2	6.6667
gene_MP021126	0.60210	1.21690	362	10	2.7624
gene_MP021139	0.40817	0.93452	120	0	0.0000
gene_MP021162	0.36798	0.92344	162	0	0.0000
gene_MP021170	0.37320	0.96584	317	15	4.7319
gene_MP021204	0.42177	0.83272	165	14	8.4848
gene_MP021249	0.37274	1.01832	34	0	0.0000
gene_MP021264	0.38968	1.01131	506	0	0.0000
gene_MP021278	0.40502	0.81006	500	0	0.0000
gene_MP021313	0.36196	0.95436	20	0	0.0000
gene_MP021362	0.37114	0.78838	143	6	4.1958
gene_MP021538	0.44361	0.89251	86	0	0.0000
gene_MP021555	0.41901	0.89177	777	3	0.3861
gene_MP021557	0.38839	0.85382	521	18	3.4549
gene_MP023570	0.36309	0.98289	45	0	0.0000
gene_MP023572	0.37331	1.04610	57	0	0.0000
gene_MP023574	0.41057	0.82060	137	0	0.0000
gene_MP023663	0.44057	0.85203	207	10	4.8309
gene_MP023681	0.35880	0.95299	423	0	0.0000
gene_MP023793	0.36425	0.97428	136	33	24.2647
gene_MP023828	0.36381	0.99289	357	0	0.0000
gene_MP023987	0.36610	0.86104	600	0	0.0000
gene_MP023992	0.36704	1.03391	37	0	0.0000
gene_MP024112	0.36037	0.99053	467	22	4.7109
gene_MP024368	0.38588	0.97470	614	0	0.0000
gene_MP024411	0.40053	1.03126	263	0	0.0000
gene_MP024416	0.38757	0.87288	214	16	7.4766
gene_MP024500	0.56193	1.14467	379	0	0.0000
gene_MP024508	0.37402	0.99815	2263	0	0.0000
gene_MP024691	0.39917	0.92471	167	0	0.0000
gene_MP000034	0.40327	0.85482	97	0	0.0000
gene_MP000153	0.39210	1.05234	460	0	0.0000
gene_MP000188	0.46446	0.95276	301	9	2.9900
gene_MP000325	0.38566	0.96187	277	38	13.7184
gene_MP000408	0.41275	0.91036	500	12	2.4000
gene_MP000651	0.39210	1.05234	113	0	0.0000
gene_MP000655	0.37729	0.94767	217	0	0.0000
gene_MP000665	0.37729	0.94767	457	0	0.0000
gene_MP000960	0.42748	0.88220	169	0	0.0000
gene_MP001211	0.41333	0.95254	1710	7	0.4094
gene_MP001313	0.41007	0.94242	342	2	0.5848
gene_MP001823	0.35066	0.95863	941	36	3.8257
gene_MP001911	0.36481	0.80772	151	11	7.2848
gene_MP001913	0.38586	0.88832	44	0	0.0000
gene_MP001915	0.39746	0.83506	556	0	0.0000
gene_MP001927	0.37130	0.94961	118	5	4.2373
gene_MP002090	0.39312	0.89123	654	0	0.0000
gene_MP002108	0.39935	0.76898	921	0	0.0000
gene_MP002115	0.38538	0.80707	24	4	16.6667
gene_MP002122	0.39374	0.98300	419	0	0.0000
gene_MP002139	0.39888	0.95912	374	23	6.1497
gene_MP002456	0.46083	0.98729	34	0	0.0000
gene_MP003305	0.41010	0.80738	83	0	0.0000
gene_MP003313	0.45470	0.75668	71	0	0.0000
gene_MP003314	0.43005	0.85271	175	12	6.8571
gene_MP003356	0.37944	1.25451	429	28	6.5268
gene_MP003434	0.44307	0.91468	264	0	0.0000
gene_MP003543	0.43672	0.79134	130	0	0.0000
gene_MP003563	0.35872	1.04871	41	0	0.0000
gene_MP003611	0.42063	1.16762	58	19	32.7586
gene_MP003683	0.40582	0.89998	169	17	10.0592
gene_MP003733	0.41894	0.90490	84	7	8.3333
gene_MP003934	0.42579	0.93137	662	17	2.5680
gene_MP004165	0.38511	0.89920	322	0	0.0000
gene_MP004176	0.47113	1.23305	587	0	0.0000
gene_MP004180	0.41613	0.87933	41	1	2.4390
gene_MP004658	0.38861	0.82009	226	21	9.2920
gene_MP004718	0.37152	0.95443	596	0	0.0000
gene_MP004728	0.39292	1.00638	679	1	0.1473
gene_MP004755	0.37813	0.94197	2456	0	0.0000
gene_MP004772	0.40618	0.70176	26	3	11.5385
gene_MP005468	0.41356	0.93092	642	0	0.0000
gene_MP005952	0.40125	0.88135	788	3	0.3807
gene_MP005999	0.35754	1.09835	308	0	0.0000
gene_MP006533	0.38088	0.92500	306	4	1.3072
gene_MP006576	0.36985	1.04311	412	0	0.0000
gene_MP006786	0.45193	1.06443	218	0	0.0000
gene_MP006866	0.44923	0.78020	131	0	0.0000
gene_MP007534	0.40182	0.94504	939	0	0.0000
gene_MP007544	0.41041	0.99975	509	8	1.5717
gene_MP007577	0.38132	0.98504	80	10	12.5000
gene_MP007601	0.40842	0.90457	467	0	0.0000
gene_MP007644	0.36520	0.64777	36	0	0.0000
gene_MP007649	0.37783	0.91521	63	0	0.0000
gene_MP007706	0.38421	0.88480	1182	0	0.0000
gene_MP007751	0.40309	1.03874	1819	6	0.3299
gene_MP007777	0.36895	0.95469	2123	0	0.0000
gene_MP007807	0.38192	0.95040	1386	12	0.8658
gene_MP007818	0.37458	1.09858	346	0	0.0000
gene_MP007832	0.40839	0.91819	77	0	0.0000
gene_MP007925	0.38327	0.93179	1497	0	0.0000
gene_MP009043	0.51775	0.81272	125	0	0.0000
gene_MP009375	0.42599	0.86543	81	0	0.0000
gene_MP009594	0.40149	0.86443	918	5	0.5447
gene_MP009619	0.37783	0.91521	136	0	0.0000
gene_MP009654	0.40182	0.94504	826	0	0.0000
gene_MP009745	0.37173	0.96134	1909	0	0.0000
gene_MP009856	0.38773	0.89339	338	0	0.0000
gene_MP009899	0.37780	0.91486	73	0	0.0000
gene_MP010184	0.39734	0.86062	760	0	0.0000
gene_MP010339	0.40071	0.90855	445	11	2.4719
gene_MP010398	0.36648	0.96027	333	9	2.7027
gene_MP010426	0.38192	0.95040	1068	1	0.0936
gene_MP010508	0.39916	0.95779	407	17	4.1769
gene_MP011635	0.39939	0.87405	46	13	28.2609
gene_MP012081	0.36675	0.89350	142	0	0.0000
gene_MP012421	0.40829	0.87033	497	12	2.4145
gene_MP012426	0.33177	0.93792	49	9	18.3673
gene_MP012428	0.42283	1.12902	800	1	0.1250
gene_MP012442	0.34721	1.02502	28	4	14.2857
gene_MP012443	0.40067	1.02004	65	5	7.6923
gene_MP012447	0.39557	0.75946	87	0	0.0000
gene_MP012448	0.37893	0.73263	145	15	10.3448
gene_MP012451	0.37099	0.94474	297	1	0.3367
gene_MP012467	0.35103	1.02274	521	3	0.5758
gene_MP012469	0.41770	0.99550	364	1	0.2747
gene_MP012472	0.38391	0.89415	288	7	2.4306
gene_MP012477	0.38126	0.89942	382	25	6.5445
gene_MP012516	0.40010	0.96974	209	0	0.0000
gene_MP012540	0.35535	0.88097	115	18	15.6522
gene_MP012640	0.38501	0.74661	43	9	20.9302
gene_MP012647	0.37472	0.84051	126	28	22.2222
gene_MP012653	0.38367	0.97106	958	1	0.1044
gene_MP012670	0.38312	1.02798	52	25	48.0769
gene_MP012704	0.37455	1.03803	95	0	0.0000
gene_MP012715	0.40542	0.92260	186	0	0.0000
gene_MP012781	0.42060	0.86222	134	0	0.0000
gene_MP012794	0.41099	0.84701	101	10	9.9010
gene_MP012996	0.38223	0.63840	38	13	34.2105
gene_MP013005	0.38640	0.80676	240	19	7.9167
gene_MP013011	0.38936	0.93904	38	12	31.5789
gene_MP013018	0.37402	0.88406	446	10	2.2422
gene_MP013741	0.51234	0.58778	52	0	0.0000
gene_MP013784	0.38333	0.90249	298	0	0.0000
gene_MP014050	0.39793	0.83361	124	3	2.4194
gene_MP014168	0.37015	0.86424	474	0	0.0000
gene_MP014418	0.33983	0.60000	40	5	12.5000
gene_MP014434	0.37978	0.85367	71	12	16.9014
gene_MP014436	0.38579	0.91977	240	0	0.0000
gene_MP014460	0.40283	0.95206	117	8	6.8376
gene_MP014472	0.38060	0.65560	67	22	32.8358
gene_MP014476	0.41642	0.77914	614	15	2.4430
gene_MP014532	0.40645	1.16719	118	0	0.0000
gene_MP014576	0.38589	1.06308	704	15	2.1307
gene_MP014585	0.40036	1.26585	28	2	7.1429
gene_MP014608	0.40050	0.81266	156	14	8.9744
gene_MP014610	0.36229	1.00112	104	26	25.0000
gene_MP014613	0.39046	0.91280	2817	12	0.4260
gene_MP014615	0.37530	0.76443	112	10	8.9286
gene_MP014688	0.37406	0.86073	143	19	13.2867
gene_MP014694	0.39187	0.96593	59	0	0.0000
gene_MP014698	0.37010	1.05388	343	29	8.4548
gene_MP014704	0.38877	1.09079	79	5	6.3291
gene_MP014763	0.48394	0.94783	164	5	3.0488
gene_MP014767	0.41599	1.00950	43	0	0.0000
gene_MP014792	0.38557	0.93122	38	0	0.0000
gene_MP014804	0.47025	0.97969	62	0	0.0000
gene_MP015102	0.39518	0.90987	430	35	8.1395
gene_MP015107	0.40570	0.93267	491	0	0.0000
gene_MP015114	0.40182	0.90690	533	6	1.1257
gene_MP015397	0.37176	0.68291	176	33	18.7500
gene_MP015960	0.34422	0.84632	99	0	0.0000
gene_MP015997	0.43529	0.96626	35	2	5.7143
gene_MP016036	0.36885	0.99460	110	0	0.0000
gene_MP016041	0.43451	0.92085	21	0	0.0000
gene_MP016045	0.46103	0.80360	210	4	1.9048
gene_MP016064	0.41190	1.37607	23	0	0.0000
gene_MP016082	0.36624	0.72849	93	4	4.3011
gene_MP016358	0.42635	1.16032	75	0	0.0000
gene_MP016672	0.44325	0.93124	103	0	0.0000
gene_MP016714	0.41909	0.90004	166	14	8.4337
gene_MP016728	0.38366	1.00529	452	24	5.3097
gene_MP016804	0.41931	0.85298	1629	0	0.0000
gene_MP017119	0.41327	0.93341	504	0	0.0000
gene_MP017613	0.49882	1.05888	307	0	0.0000
gene_MP017862	0.37455	0.63997	37	10	27.0270
gene_MP017878	0.37290	0.89581	177	38	21.4689
gene_MP017902	0.40105	1.07866	732	0	0.0000
gene_MP018285	0.37594	0.88148	545	0	0.0000
gene_MP018329	0.41798	0.92421	352	0	0.0000
gene_MP018332	0.40208	1.00132	396	0	0.0000
gene_MP018407	0.40120	0.84905	122	0	0.0000
gene_MP018645	0.38533	0.82604	33	0	0.0000
gene_MP018668	0.42940	0.92754	125	0	0.0000
gene_MP018673	0.40800	0.95412	446	0	0.0000
gene_MP018968	0.38488	0.52830	34	3	8.8235
gene_MP019273	0.49265	0.86987	43	0	0.0000
gene_MP019423	0.65798	0.98947	97	0	0.0000
gene_MP019643	0.45831	0.97333	449	3	0.6682
gene_MP019673	0.40616	1.03174	497	19	3.8229
gene_MP019681	0.35560	0.91164	634	0	0.0000
gene_MP019719	0.49380	1.03934	79	0	0.0000
gene_MP019742	0.38549	0.93203	20	0	0.0000
gene_MP019757	0.42620	0.88468	2272	57	2.5088
gene_MP019772	0.36822	0.95106	687	0	0.0000
gene_MP019784	0.39931	0.87453	1301	14	1.0761
gene_MP019792	0.46513	1.05449	706	1	0.1416
gene_MP019812	0.42534	0.97917	242	0	0.0000
gene_MP019825	0.43057	0.81250	1262	13	1.0301
gene_MP019830	0.40657	0.96329	230	0	0.0000
gene_MP019841	0.50184	1.04676	1154	0	0.0000
gene_MP019850	0.51186	0.82074	64	0	0.0000
gene_MP019955	0.36810	0.97460	528	0	0.0000
gene_MP019962	0.38969	0.93375	994	0	0.0000
gene_MP019966	0.47451	0.69378	59	0	0.0000
gene_MP019984	0.42726	0.87097	212	0	0.0000
gene_MP020093	0.38174	0.98277	509	9	1.7682
gene_MP020933	0.42115	0.62013	42	0	0.0000
gene_MP020974	0.40755	0.67121	42	0	0.0000
gene_MP021036	0.49315	0.75286	30	0	0.0000
gene_MP021503	0.48209	1.06872	3340	0	0.0000
gene_MP021594	0.48659	1.18681	200	0	0.0000
gene_MP022059	0.36476	0.84209	51	0	0.0000
gene_MP022226	0.52631	1.08800	30	0	0.0000
gene_MP022234	0.41165	0.85482	235	0	0.0000
gene_MP022250	0.37336	0.57729	64	3	4.6875
gene_MP022262	0.39962	1.02467	326	0	0.0000
gene_MP022357	0.42272	0.73795	23	3	13.0435
gene_MP022406	0.43451	0.92085	172	0	0.0000
gene_MP022410	0.39315	0.81745	37	12	32.4324
gene_MP022519	0.39492	0.77527	273	6	2.1978
gene_MP022846	0.38818	0.96836	625	16	2.5600
gene_MP022851	0.40187	1.05636	1083	21	1.9391
gene_MP022939	0.38582	0.90576	260	1	0.3846
gene_MP022953	0.37849	0.99097	61	19	31.1475
gene_MP023011	0.46345	0.98333	140	0	0.0000
gene_MP023015	0.42665	0.73775	262	7	2.6718
gene_MP023056	0.39310	0.70145	43	0	0.0000
gene_MP023214	0.41928	1.01841	2335	5	0.2141
gene_MP023500	0.52358	0.84342	35	0	0.0000
gene_MP023501	0.52358	0.84342	35	0	0.0000
gene_MP024298	0.51435	1.25033	40	0	0.0000
gene_MP000111	0.39159	1.14331	105	0	0.0000
gene_MP001164	0.43943	1.23362	158	0	0.0000
gene_MP001171	0.35756	0.84170	102	0	0.0000
gene_MP002437	0.56204	0.81237	33	0	0.0000
gene_MP005280	0.39733	0.92764	159	0	0.0000
gene_MP006408	0.35696	0.82458	31	0	0.0000
gene_MP006411	0.35696	0.82458	31	0	0.0000
gene_MP006435	0.43095	0.77097	90	0	0.0000
gene_MP006767	0.38157	0.83551	550	0	0.0000
gene_MP007089	0.47836	1.22114	193	0	0.0000
gene_MP007090	0.45052	1.22447	92	0	0.0000
gene_MP007224	0.65497	1.01018	102	0	0.0000
gene_MP007231	0.65497	1.01005	200	0	0.0000
gene_MP007504	0.65349	1.03660	105	0	0.0000
gene_MP007511	0.47165	1.21362	139	0	0.0000
gene_MP007591	0.44069	1.23648	20	0	0.0000
gene_MP007622	0.48018	0.86011	98	0	0.0000
gene_MP007693	0.65411	0.99857	28	0	0.0000
gene_MP007741	0.36818	0.96154	141	0	0.0000
gene_MP007782	0.33906	0.77200	71	0	0.0000
gene_MP007799	0.41924	0.88336	28	0	0.0000
gene_MP008187	0.43192	1.23915	240	0	0.0000
gene_MP008260	0.55396	0.87226	172	0	0.0000
gene_MP008262	0.55357	0.87343	172	0	0.0000
gene_MP008312	0.35089	0.62954	37	0	0.0000
gene_MP008394	0.64484	0.99474	244	0	0.0000
gene_MP008399	0.39814	0.94876	1880	0	0.0000
gene_MP008484	0.56170	1.19434	30	0	0.0000
gene_MP008590	0.44586	0.87742	121	0	0.0000
gene_MP008784	0.65381	1.01008	161	0	0.0000
gene_MP008790	0.65397	0.99909	205	0	0.0000
gene_MP009072	0.42218	0.86831	282	0	0.0000
gene_MP009073	0.35946	0.90324	655	0	0.0000
gene_MP009079	0.50442	0.94991	122	0	0.0000
gene_MP009080	0.50295	0.95537	122	0	0.0000
gene_MP009152	0.44546	1.21680	155	0	0.0000
gene_MP009153	0.45389	1.12681	135	0	0.0000
gene_MP009162	0.50844	1.02180	27	0	0.0000
gene_MP009183	0.42290	0.92566	73	0	0.0000
gene_MP009240	0.46636	1.15667	926	0	0.0000
gene_MP009290	0.57683	0.74241	49	0	0.0000
gene_MP009314	0.56454	0.86354	33	0	0.0000
gene_MP009374	0.42795	0.86608	88	0	0.0000
gene_MP009389	0.46611	1.01538	60	0	0.0000
gene_MP009458	0.64790	0.99195	21	0	0.0000
gene_MP009580	0.42360	0.90180	35	0	0.0000
gene_MP009582	0.42367	0.88181	106	0	0.0000
gene_MP009797	0.40145	0.94947	3468	0	0.0000
gene_MP010009	0.55145	0.96318	102	0	0.0000
gene_MP010077	0.41535	1.03332	1214	1	0.0824
gene_MP010142	0.49953	1.04083	30	0	0.0000
gene_MP010188	0.51479	0.98883	253	0	0.0000
gene_MP010190	0.49113	0.94702	224	0	0.0000
gene_MP010414	0.38146	0.91095	167	0	0.0000
gene_MP010415	0.38146	0.90558	104	0	0.0000
gene_MP010416	0.38152	0.95881	1771	0	0.0000
gene_MP010699	0.36840	0.82450	70	0	0.0000
gene_MP010726	0.34469	0.82112	143	0	0.0000
gene_MP010740	0.42445	1.15853	124	0	0.0000
gene_MP010821	0.40747	0.91236	283	0	0.0000
gene_MP010929	0.42881	0.87573	83	0	0.0000
gene_MP011121	0.50052	0.82727	50	0	0.0000
gene_MP011155	0.65557	1.01197	136	0	0.0000
gene_MP011156	0.65463	0.99925	86	1	1.1628
gene_MP011170	0.65502	1.00839	136	0	0.0000
gene_MP011296	0.44219	1.19987	24	0	0.0000
gene_MP011362	0.42589	1.17342	247	0	0.0000
gene_MP011486	0.57119	1.22362	302	0	0.0000
gene_MP011490	0.57119	1.25622	77	0	0.0000
gene_MP011493	0.46677	1.24578	78	1	1.2821
gene_MP012416	0.40510	1.03425	2848	0	0.0000
gene_MP013342	0.37583	0.86466	32	0	0.0000
gene_MP014748	0.56522	1.34273	59	0	0.0000
gene_MP014749	0.56522	1.36549	51	0	0.0000
gene_MP014750	0.56522	1.34179	59	0	0.0000
gene_MP015098	0.47090	1.08962	22	0	0.0000
gene_MP015581	0.48772	0.90852	46	0	0.0000
gene_MP015616	0.39109	0.89886	45	0	0.0000
gene_MP015979	0.36905	0.75152	199	0	0.0000
gene_MP015992	0.36905	0.75152	158	0	0.0000
gene_MP016077	0.45437	1.08105	22	0	0.0000
gene_MP016252	0.35940	0.70484	100	0	0.0000
gene_MP016374	0.57809	0.79130	28	0	0.0000
gene_MP016375	0.57576	0.79856	28	0	0.0000
gene_MP016390	0.36057	0.96090	24	0	0.0000
gene_MP016543	0.41886	1.07138	21	0	0.0000
gene_MP016553	0.35918	0.78462	31	0	0.0000
gene_MP016559	0.33555	0.90489	26	0	0.0000
gene_MP016707	0.44387	0.79887	60	0	0.0000
gene_MP016742	0.34850	0.90430	51	0	0.0000
gene_MP016916	0.34964	0.85150	25	0	0.0000
gene_MP017151	0.64706	0.94835	27	0	0.0000
gene_MP017305	0.64139	0.98871	262	0	0.0000
gene_MP017306	0.63574	0.99300	413	1	0.2421
gene_MP017307	0.63956	0.98288	543	0	0.0000
gene_MP017308	0.63141	0.99013	249	0	0.0000
gene_MP017667	0.67785	1.00374	51	0	0.0000
gene_MP017747	0.37389	0.90873	61	0	0.0000
gene_MP017834	0.40426	0.81681	61	0	0.0000
gene_MP018031	0.48093	0.92769	32	0	0.0000
gene_MP018644	0.38333	0.83246	33	0	0.0000
gene_MP018754	0.41924	0.64545	29	0	0.0000
gene_MP018946	0.40083	1.10910	77	0	0.0000
gene_MP019019	0.40101	0.81416	156	0	0.0000
gene_MP019036	0.41475	0.86903	39	0	0.0000
gene_MP019078	0.61386	1.22789	70	0	0.0000
gene_MP019079	0.61221	1.26874	72	0	0.0000
gene_MP019132	0.34855	0.62093	26	0	0.0000
gene_MP019221	0.39495	0.83363	61	0	0.0000
gene_MP019272	0.47429	0.86483	51	0	0.0000
gene_MP019314	0.49048	1.22067	77	0	0.0000
gene_MP019315	0.37829	0.86674	74	0	0.0000
gene_MP019368	0.42179	0.61793	39	0	0.0000
gene_MP019440	0.42027	0.85063	138	0	0.0000
gene_MP019469	0.33724	0.86752	543	0	0.0000
gene_MP019471	0.44811	0.61796	56	0	0.0000
gene_MP019483	0.43668	0.68737	45	0	0.0000
gene_MP019484	0.43450	0.70958	46	0	0.0000
gene_MP019520	0.35320	0.97124	35	0	0.0000
gene_MP019530	0.50929	1.07044	56	0	0.0000
gene_MP019552	0.49042	0.96109	23	0	0.0000
gene_MP019558	0.40793	0.87084	52	1	1.9231
gene_MP019654	0.49178	0.84209	68	0	0.0000
gene_MP019655	0.49103	0.86986	70	0	0.0000
gene_MP019675	0.40974	1.01774	63	0	0.0000
gene_MP019702	0.46797	0.88965	37	0	0.0000
gene_MP019704	0.46144	0.71344	29	0	0.0000
gene_MP019713	0.46275	0.85927	35	0	0.0000
gene_MP019746	0.42571	1.45008	20	0	0.0000
gene_MP019785	0.37118	0.88824	39	0	0.0000
gene_MP019831	0.39283	1.14722	198	0	0.0000
gene_MP019865	0.42653	0.75277	72	0	0.0000
gene_MP019930	0.47381	0.65891	31	0	0.0000
gene_MP020045	0.38028	1.03142	694	0	0.0000
gene_MP020055	0.38581	0.98278	665	0	0.0000
gene_MP020087	0.49442	0.94699	46	0	0.0000
gene_MP020139	0.39973	1.06074	25	0	0.0000
gene_MP020140	0.42525	1.02401	1671	1	0.0598
gene_MP020146	0.36364	1.18913	22	0	0.0000
gene_MP020188	0.37469	0.82121	23	0	0.0000
gene_MP020190	0.50759	1.03008	96	0	0.0000
gene_MP020191	0.55405	0.73538	87	0	0.0000
gene_MP020192	0.55727	0.75238	90	0	0.0000
gene_MP020213	0.41213	0.99082	38	0	0.0000
gene_MP020241	0.42341	1.04073	108	0	0.0000
gene_MP020270	0.46072	0.74717	37	0	0.0000
gene_MP020284	0.40725	0.99831	1562	0	0.0000
gene_MP020346	0.39690	1.23355	87	0	0.0000
gene_MP020376	0.51300	0.90261	25	0	0.0000
gene_MP020386	0.39722	0.89835	247	0	0.0000
gene_MP020483	0.42500	1.03138	63	0	0.0000
gene_MP020484	0.43974	1.30991	313	0	0.0000
gene_MP020555	0.35564	0.80070	42	0	0.0000
gene_MP020587	0.45194	1.04145	26	0	0.0000
gene_MP020641	0.38752	0.87632	20	0	0.0000
gene_MP020665	0.38421	0.94015	2406	0	0.0000
gene_MP020749	0.43497	1.14753	64	0	0.0000
gene_MP020755	0.43720	1.26555	180	0	0.0000
gene_MP020809	0.38285	1.04603	169	0	0.0000
gene_MP020816	0.49721	1.02862	34	0	0.0000
gene_MP020849	0.36890	0.83868	32	0	0.0000
gene_MP020899	0.46569	0.99457	23	0	0.0000
gene_MP020906	0.40818	0.80858	157	0	0.0000
gene_MP020908	0.40818	0.80343	156	0	0.0000
gene_MP020914	0.33548	0.84589	77	0	0.0000
gene_MP020919	0.36348	1.16678	79	0	0.0000
gene_MP020923	0.42199	0.60103	23	0	0.0000
gene_MP020949	0.35409	1.14069	31	0	0.0000
gene_MP020958	0.37984	0.85832	215	0	0.0000
gene_MP020994	0.46483	1.37949	23	0	0.0000
gene_MP021021	0.35027	0.81946	82	4	4.8780
gene_MP021030	0.60775	1.27686	76	0	0.0000
gene_MP021040	0.49467	0.74846	30	0	0.0000
gene_MP021048	0.49315	0.75335	30	0	0.0000
gene_MP021103	0.39665	1.04192	71	0	0.0000
gene_MP021115	0.46997	0.81946	30	0	0.0000
gene_MP021156	0.38865	0.89631	77	0	0.0000
gene_MP021191	0.37752	0.88927	875	0	0.0000
gene_MP021242	0.47842	0.80897	50	0	0.0000
gene_MP021260	0.41013	0.92069	153	0	0.0000
gene_MP021261	0.37575	0.81952	230	0	0.0000
gene_MP021284	0.46378	1.49306	222	0	0.0000
gene_MP021293	0.38496	0.94770	54	0	0.0000
gene_MP021294	0.38457	0.93129	53	0	0.0000
gene_MP021309	0.48553	0.88555	58	0	0.0000
gene_MP021436	0.43849	1.15871	81	0	0.0000
gene_MP021449	0.64626	0.99593	30	0	0.0000
gene_MP021463	0.65986	0.98636	31	0	0.0000
gene_MP021549	0.53136	0.92168	770	0	0.0000
gene_MP021579	0.38614	1.18092	53	0	0.0000
gene_MP021588	0.40202	0.96537	181	0	0.0000
gene_MP021629	0.39918	0.95568	37	0	0.0000
gene_MP021701	0.68324	1.24817	79	0	0.0000
gene_MP021705	0.68508	1.22598	78	0	0.0000
gene_MP021707	0.68508	1.24123	79	0	0.0000
gene_MP021717	0.48029	1.00000	32	0	0.0000
gene_MP021739	0.39973	1.06074	266	0	0.0000
gene_MP021780	0.34310	0.91369	22	0	0.0000
gene_MP021814	0.65281	0.99027	73	0	0.0000
gene_MP021908	0.41121	1.05416	100	0	0.0000
gene_MP021949	0.50562	1.17105	39	0	0.0000
gene_MP021974	0.34005	0.58756	27	0	0.0000
gene_MP022002	0.39498	0.92544	8453	1	0.0118
gene_MP022003	0.46192	0.97571	128	0	0.0000
gene_MP022170	0.41417	0.99145	2360	2	0.0847
gene_MP022289	0.43088	0.97761	66	0	0.0000
gene_MP022305	0.42487	1.03216	43	0	0.0000
gene_MP022306	0.40083	1.10910	33	0	0.0000
gene_MP022309	0.34146	0.75101	35	0	0.0000
gene_MP022314	0.40841	0.92980	2258	1	0.0443
gene_MP022323	0.65350	0.99328	153	0	0.0000
gene_MP022324	0.65377	0.99525	86	1	1.1628
gene_MP022376	0.43786	0.99500	74	0	0.0000
gene_MP022383	0.43979	0.98618	74	0	0.0000
gene_MP022449	0.39139	0.79560	29	0	0.0000
gene_MP022557	0.41435	0.97857	36	0	0.0000
gene_MP022561	0.49907	1.53545	92	0	0.0000
gene_MP022699	0.59907	1.24709	48	0	0.0000
gene_MP022702	0.58974	1.26003	47	0	0.0000
gene_MP022727	0.44848	0.83033	32	0	0.0000
gene_MP022798	0.46596	1.15217	53	0	0.0000
gene_MP022817	0.45276	0.84703	52	0	0.0000
gene_MP022818	0.45268	0.84849	98	0	0.0000
gene_MP022858	0.38750	0.75695	25	0	0.0000
gene_MP022860	0.38750	0.75695	25	0	0.0000
gene_MP022862	0.38750	0.75695	25	0	0.0000
gene_MP022917	0.64726	0.98671	183	0	0.0000
gene_MP022918	0.64726	0.98671	56	0	0.0000
gene_MP022931	0.64726	0.98697	34	0	0.0000
gene_MP023100	0.50993	0.85517	53	0	0.0000
gene_MP023123	0.40781	1.06532	710	0	0.0000
gene_MP023132	0.52842	1.30232	68	0	0.0000
gene_MP023206	0.39610	0.71819	94	0	0.0000
gene_MP023249	0.39964	1.06311	1604	0	0.0000
gene_MP023270	0.46710	1.24701	173	0	0.0000
gene_MP023271	0.57036	1.25742	178	0	0.0000
gene_MP023289	0.57059	1.26517	315	0	0.0000
gene_MP023290	0.57297	1.24955	314	0	0.0000
gene_MP023359	0.63471	0.85939	157	0	0.0000
gene_MP023380	0.68485	1.04364	40	0	0.0000
gene_MP023385	0.68182	1.05398	40	0	0.0000
gene_MP023392	0.68485	1.04364	40	0	0.0000
gene_MP023403	0.38928	0.93059	71	19	26.7606
gene_MP023453	0.53052	1.22081	32	0	0.0000
gene_MP023507	0.34586	0.76631	64	0	0.0000
gene_MP023509	0.34551	0.77991	65	0	0.0000
gene_MP023526	0.42103	0.92179	125	1	0.8000
gene_MP023527	0.37653	0.95634	28	0	0.0000
gene_MP023555	0.51042	0.89352	50	0	0.0000
gene_MP023559	0.51345	0.89174	50	0	0.0000
gene_MP023564	0.50877	0.87386	48	0	0.0000
gene_MP023629	0.40093	0.73179	50	0	0.0000
gene_MP023635	0.50951	1.05552	52	0	0.0000
gene_MP023637	0.37887	1.01893	86	0	0.0000
gene_MP023645	0.39529	0.95243	3266	0	0.0000
gene_MP023647	0.38484	0.64795	58	0	0.0000
gene_MP023648	0.38455	0.60334	54	0	0.0000
gene_MP023697	0.54967	1.09738	56	0	0.0000
gene_MP023725	0.40064	0.94832	59	0	0.0000
gene_MP023732	0.47045	1.22396	49	0	0.0000
gene_MP023733	0.44405	1.18201	709	0	0.0000
gene_MP023735	0.56340	1.21216	32	0	0.0000
gene_MP023783	0.39952	1.11187	56	0	0.0000
gene_MP023790	0.40211	0.93712	2277	1	0.0439
gene_MP023861	0.47461	1.05029	26	0	0.0000
gene_MP023867	0.44253	0.86967	37	0	0.0000
gene_MP023956	0.40621	0.92929	43	0	0.0000
gene_MP023960	0.43231	0.78439	64	0	0.0000
gene_MP023967	0.40517	0.86807	31	0	0.0000
gene_MP023977	0.60841	1.11593	30	0	0.0000
gene_MP023983	0.40502	0.85938	185	0	0.0000
gene_MP024052	0.47436	1.74953	46	0	0.0000
gene_MP024071	0.38062	0.94285	2843	0	0.0000
gene_MP024077	0.41717	1.00334	3841	0	0.0000
gene_MP024090	0.41497	0.81307	41	0	0.0000
gene_MP024091	0.41497	0.83339	42	0	0.0000
gene_MP024093	0.41582	0.78777	39	0	0.0000
gene_MP024162	0.47051	1.02475	85	0	0.0000
gene_MP024164	0.46834	1.00266	46	0	0.0000
gene_MP024165	0.51050	0.95583	86	0	0.0000
gene_MP024166	0.39741	0.94106	51	0	0.0000
gene_MP024185	0.38065	0.91214	51	0	0.0000
gene_MP024186	0.57339	1.23308	224	1	0.4464
gene_MP024199	0.45816	1.15898	233	0	0.0000
gene_MP024250	0.41191	1.12183	267	0	0.0000
gene_MP024272	0.54709	1.09897	596	0	0.0000
gene_MP024273	0.71760	1.12996	284	0	0.0000
gene_MP024282	0.45306	1.05800	63	0	0.0000
gene_MP024283	0.45306	1.04121	62	0	0.0000
gene_MP024324	0.64788	1.00864	235	0	0.0000
gene_MP024362	0.38421	0.94015	418	0	0.0000
gene_MP024371	0.40449	0.94793	31	0	0.0000
gene_MP024373	0.39825	0.97721	31	0	0.0000
gene_MP024436	0.46493	1.47262	27	0	0.0000
gene_MP024499	0.62520	1.02508	699	0	0.0000
gene_MP024515	0.40781	1.01701	5344	1	0.0187
gene_MP024560	0.40799	0.80950	46	0	0.0000
gene_MP024561	0.40799	0.80950	46	0	0.0000
gene_MP024630	0.53245	0.93808	45	0	0.0000
gene_MP024680	0.38411	0.98472	2221	0	0.0000
gene_MP024756	0.40596	0.95892	3241	0	0.0000
gene_MP024773	0.36128	0.88895	846	0	0.0000
gene_MP000057	0.36353	0.95039	963	0	0.0000
gene_MP000098	0.37505	1.13273	135	0	0.0000
gene_MP000110	0.39333	1.15699	151	0	0.0000
gene_MP000146	0.37034	1.05000	1236	0	0.0000
gene_MP000149	0.39922	0.64500	33	16	48.4848
gene_MP000227	0.39471	1.03164	273	2	0.7326
gene_MP000279	0.37917	0.90546	354	7	1.9774
gene_MP000295	0.37976	0.98024	232	21	9.0517
gene_MP000305	0.38175	0.67316	104	30	28.8462
gene_MP000401	0.38636	1.00857	538	0	0.0000
gene_MP000403	0.35688	0.92184	340	8	2.3529
gene_MP000417	0.38783	1.05438	591	0	0.0000
gene_MP000429	0.39972	1.09096	254	0	0.0000
gene_MP000456	0.37304	0.65521	75	10	13.3333
gene_MP000457	0.39953	1.04033	404	0	0.0000
gene_MP000539	0.45630	1.21084	478	11	2.3013
gene_MP000545	0.36640	1.07280	1583	18	1.1371
gene_MP000547	0.39972	1.09096	407	12	2.9484
gene_MP000552	0.39100	1.02700	979	11	1.1236
gene_MP000592	0.38162	0.97464	505	8	1.5842
gene_MP000611	0.39134	1.06301	7250	1	0.0138
gene_MP000634	0.36831	0.98578	211	0	0.0000
gene_MP000671	0.37663	0.99186	92	10	10.8696
gene_MP000681	0.37663	0.99186	238	0	0.0000
gene_MP000699	0.37803	1.11261	2199	0	0.0000
gene_MP000803	0.36833	0.96346	2188	0	0.0000
gene_MP000852	0.40939	1.12522	2934	0	0.0000
gene_MP000867	0.40939	1.12522	770	0	0.0000
gene_MP000939	0.38057	0.98644	522	0	0.0000
gene_MP000944	0.40202	0.98019	2044	0	0.0000
gene_MP001102	0.38893	0.81921	1202	0	0.0000
gene_MP001170	0.51497	0.90549	182	19	10.4396
gene_MP001219	0.35589	1.04987	2807	0	0.0000
gene_MP001255	0.40939	1.12522	1411	0	0.0000
gene_MP001268	0.38392	1.03651	1115	3	0.2691
gene_MP001277	0.40939	1.12522	1719	10	0.5817
gene_MP001358	0.37133	0.97130	2250	1	0.0444
gene_MP001441	0.35478	1.02287	215	0	0.0000
gene_MP001449	0.35478	1.02287	4348	0	0.0000
gene_MP001478	0.39881	0.41946	28	13	46.4286
gene_MP001504	0.39557	1.04627	77	0	0.0000
gene_MP001566	0.40692	1.03942	188	0	0.0000
gene_MP001567	0.39628	0.93847	997	0	0.0000
gene_MP001573	0.35787	0.91421	511	0	0.0000
gene_MP001606	0.37786	1.06890	900	0	0.0000
gene_MP001635	0.41065	0.35161	32	15	46.8750
gene_MP001712	0.37687	0.93588	329	29	8.8146
gene_MP001741	0.43425	0.95873	334	0	0.0000
gene_MP001770	0.37009	1.11335	1441	0	0.0000
gene_MP001773	0.37348	0.90898	91	0	0.0000
gene_MP001798	0.41799	1.21231	344	0	0.0000
gene_MP001821	0.37795	0.39923	44	21	47.7273
gene_MP001844	0.37851	1.03929	969	1	0.1032
gene_MP002033	0.37135	0.85507	245	30	12.2449
gene_MP002220	0.35892	0.70016	109	8	7.3394
gene_MP002330	0.37787	0.94992	127	0	0.0000
gene_MP002362	0.38794	0.86761	105	0	0.0000
gene_MP002375	0.37603	0.82791	218	22	10.0917
gene_MP002383	0.36274	0.97874	208	0	0.0000
gene_MP002407	0.36913	1.01149	359	8	2.2284
gene_MP002424	0.55762	0.97683	451	0	0.0000
gene_MP002483	0.37734	1.22821	2102	0	0.0000
gene_MP002496	0.33982	0.93236	73	0	0.0000
gene_MP002699	0.35134	0.73325	90	4	4.4444
gene_MP002710	0.36129	1.03812	2759	0	0.0000
gene_MP002715	0.38523	0.95933	292	0	0.0000
gene_MP002771	0.44850	0.90635	97	0	0.0000
gene_MP002791	0.41440	0.90653	20	0	0.0000
gene_MP002799	0.47192	0.83752	39	0	0.0000
gene_MP002803	0.38635	1.04110	440	0	0.0000
gene_MP002813	0.40620	1.03028	340	0	0.0000
gene_MP002814	0.32461	0.84657	201	13	6.4677
gene_MP002819	0.37561	1.08232	810	2	0.2469
gene_MP002940	0.43694	1.04235	201	0	0.0000
gene_MP002951	0.37125	0.97358	66	0	0.0000
gene_MP002952	0.34853	1.11911	395	0	0.0000
gene_MP002953	0.38284	0.99949	542	14	2.5830
gene_MP002954	0.37168	0.85444	481	36	7.4844
gene_MP002966	0.37108	0.97822	1263	0	0.0000
gene_MP002981	0.38338	0.95109	454	0	0.0000
gene_MP003019	0.40954	1.07739	1495	0	0.0000
gene_MP003041	0.41372	0.77721	126	14	11.1111
gene_MP003102	0.35660	0.92820	158	0	0.0000
gene_MP003110	0.35834	0.75761	162	11	6.7901
gene_MP003211	0.37218	0.68196	93	6	6.4516
gene_MP003271	0.38869	0.93181	256	1	0.3906
gene_MP003296	0.41338	1.07173	409	1	0.2445
gene_MP003505	0.36576	0.89575	49	10	20.4082
gene_MP003542	0.33333	0.86039	152	10	6.5789
gene_MP003581	0.36066	0.69834	187	5	2.6738
gene_MP003589	0.36196	1.01804	1582	0	0.0000
gene_MP003601	0.37226	0.69053	102	14	13.7255
gene_MP003670	0.38968	1.05393	150	0	0.0000
gene_MP003782	0.35774	1.12560	845	0	0.0000
gene_MP003803	0.37849	0.82087	454	11	2.4229
gene_MP003806	0.37125	0.85092	936	1	0.1068
gene_MP003836	0.35946	1.10530	2585	7	0.2708
gene_MP003900	0.45922	1.17161	1038	0	0.0000
gene_MP003906	0.37643	1.10061	99	0	0.0000
gene_MP003968	0.33211	0.54549	37	9	24.3243
gene_MP003974	0.37186	0.89090	445	0	0.0000
gene_MP004054	0.43934	0.82831	30	0	0.0000
gene_MP004067	0.35805	0.97899	196	5	2.5510
gene_MP004086	0.35759	0.91961	258	8	3.1008
gene_MP004088	0.38679	0.99121	263	0	0.0000
gene_MP004090	0.35247	0.96994	131	0	0.0000
gene_MP004117	0.35585	1.09189	2850	0	0.0000
gene_MP004130	0.37313	1.03517	1340	0	0.0000
gene_MP004135	0.44163	1.02658	61	0	0.0000
gene_MP004168	0.38168	0.92188	293	15	5.1195
gene_MP004222	0.35095	1.05100	1816	0	0.0000
gene_MP004223	0.37147	0.92071	763	0	0.0000
gene_MP004235	0.41145	0.90451	812	0	0.0000
gene_MP004240	0.34515	0.91354	360	15	4.1667
gene_MP004258	0.38702	0.95306	801	22	2.7466
gene_MP004299	0.36145	1.03555	3126	2	0.0640
gene_MP004302	0.46320	0.95193	119	0	0.0000
gene_MP004309	0.53943	1.23314	282	0	0.0000
gene_MP004315	0.38841	0.98059	1051	0	0.0000
gene_MP004376	0.39015	0.94078	400	0	0.0000
gene_MP004383	0.42098	0.64074	64	24	37.5000
gene_MP004431	0.44366	1.03422	224	0	0.0000
gene_MP004505	0.42103	1.09482	728	0	0.0000
gene_MP004519	0.38526	0.95725	461	14	3.0369
gene_MP004593	0.38225	1.00329	671	0	0.0000
gene_MP004768	0.35165	0.97346	1572	0	0.0000
gene_MP004773	0.36022	1.18184	456	0	0.0000
gene_MP004779	0.45594	1.13727	112	0	0.0000
gene_MP004784	0.38159	0.97119	631	32	5.0713
gene_MP004790	0.35669	1.02441	717	2	0.2789
gene_MP004798	0.37308	1.00904	1873	0	0.0000
gene_MP004810	0.36924	1.10550	170	0	0.0000
gene_MP004811	0.37415	1.02304	453	16	3.5320
gene_MP004885	0.35532	0.99223	61	0	0.0000
gene_MP005196	0.37834	0.81220	324	15	4.6296
gene_MP005275	0.36721	0.90776	296	0	0.0000
gene_MP005381	0.39918	1.00865	393	0	0.0000
gene_MP005382	0.36231	1.15631	1036	0	0.0000
gene_MP005385	0.39334	1.16405	543	0	0.0000
gene_MP005403	0.37101	1.03300	538	2	0.3717
gene_MP005455	0.40234	1.09436	295	0	0.0000
gene_MP005480	0.38476	1.15229	41	0	0.0000
gene_MP005482	0.40304	0.47060	30	9	30.0000
gene_MP005523	0.36202	0.83734	51	0	0.0000
gene_MP005539	0.39891	1.12544	995	0	0.0000
gene_MP005545	0.37108	0.97822	1293	0	0.0000
gene_MP005594	0.35928	1.06170	1070	0	0.0000
gene_MP005601	0.35783	1.06094	2877	7	0.2433
gene_MP005676	0.35710	0.94223	1446	0	0.0000
gene_MP005927	0.42693	1.18992	254	0	0.0000
gene_MP005930	0.37390	1.16097	1188	0	0.0000
gene_MP005979	0.36325	0.98175	928	7	0.7543
gene_MP006034	0.36447	1.15742	323	0	0.0000
gene_MP006195	0.37189	0.95868	292	0	0.0000
gene_MP006197	0.39743	0.92161	351	13	3.7037
gene_MP006206	0.37436	0.90492	349	0	0.0000
gene_MP006216	0.39688	0.83989	276	34	12.3188
gene_MP006254	0.32878	0.88541	168	3	1.7857
gene_MP006287	0.37752	0.95779	175	0	0.0000
gene_MP006368	0.37394	0.91901	1156	9	0.7785
gene_MP006375	0.36857	0.87796	76	0	0.0000
gene_MP006378	0.34364	1.16105	429	0	0.0000
gene_MP006381	0.36857	0.87796	232	21	9.0517
gene_MP006448	0.37967	0.98198	627	12	1.9139
gene_MP006471	0.40085	1.05696	1514	1	0.0661
gene_MP006546	0.37254	1.12005	538	0	0.0000
gene_MP006556	0.35136	1.12984	399	0	0.0000
gene_MP006640	0.37047	1.02986	160	0	0.0000
gene_MP006657	0.38334	0.88238	104	1	0.9615
gene_MP006687	0.52772	1.02119	96	0	0.0000
gene_MP006722	0.37566	0.91750	1419	14	0.9866
gene_MP006772	0.40568	0.95460	310	0	0.0000
gene_MP006803	0.35798	1.11378	290	0	0.0000
gene_MP006863	0.36693	0.73179	98	20	20.4082
gene_MP006877	0.40396	1.00595	207	0	0.0000
gene_MP006946	0.40679	0.90832	260	0	0.0000
gene_MP006972	0.39266	0.99400	1537	0	0.0000
gene_MP006974	0.41227	1.02253	1259	16	1.2708
gene_MP007031	0.46445	1.13773	151	0	0.0000
gene_MP007065	0.37876	0.59541	68	21	30.8824
gene_MP007073	0.36299	1.06457	1933	0	0.0000
gene_MP007077	0.35477	0.53371	28	0	0.0000
gene_MP007085	0.40106	0.95036	230	14	6.0870
gene_MP007105	0.42596	1.02493	1064	0	0.0000
gene_MP007121	0.36676	1.13915	906	0	0.0000
gene_MP007142	0.35652	1.04941	46	0	0.0000
gene_MP007205	0.36594	0.76779	141	9	6.3830
gene_MP007245	0.36338	1.01701	1491	6	0.4024
gene_MP007247	0.36875	1.16151	1297	0	0.0000
gene_MP007284	0.36586	1.08362	547	12	2.1938
gene_MP007292	0.36706	1.09467	2112	0	0.0000
gene_MP007310	0.37072	0.92588	312	8	2.5641
gene_MP007327	0.39976	1.05027	827	0	0.0000
gene_MP007367	0.36762	1.08763	1236	0	0.0000
gene_MP007370	0.38500	1.07304	2563	0	0.0000
gene_MP007398	0.52521	1.20437	1008	0	0.0000
gene_MP007413	0.38270	0.89676	1211	23	1.8993
gene_MP007417	0.40797	0.83050	91	23	25.2747
gene_MP007468	0.37413	0.89362	171	0	0.0000
gene_MP007477	0.41792	1.02136	115	0	0.0000
gene_MP007483	0.38202	0.95075	723	7	0.9682
gene_MP007488	0.37116	1.15002	1229	0	0.0000
gene_MP007541	0.37787	1.02555	822	8	0.9732
gene_MP007571	0.36097	1.05120	2436	0	0.0000
gene_MP007596	0.37525	1.02890	662	0	0.0000
gene_MP007615	0.42928	0.93775	1186	8	0.6745
gene_MP007729	0.36651	1.08350	1388	9	0.6484
gene_MP008118	0.54908	0.88986	62	0	0.0000
gene_MP008205	0.35489	0.53678	27	0	0.0000
gene_MP008361	0.36429	1.02264	978	14	1.4315
gene_MP008976	0.37713	1.09087	1817	18	0.9906
gene_MP009045	0.51820	0.80819	239	0	0.0000
gene_MP009052	0.51820	0.82886	133	0	0.0000
gene_MP009133	0.35937	0.89965	706	57	8.0737
gene_MP009141	0.36329	0.90146	921	14	1.5201
gene_MP009170	0.40582	0.95016	330	0	0.0000
gene_MP009344	0.36390	0.79565	256	11	4.2969
gene_MP009369	0.40033	1.14301	174	0	0.0000
gene_MP009381	0.35970	1.09061	293	0	0.0000
gene_MP009385	0.40033	1.14301	6026	2	0.0332
gene_MP009405	0.37728	1.01282	71	24	33.8028
gene_MP009454	0.43258	0.93642	116	0	0.0000
gene_MP009457	0.36931	1.09485	1093	0	0.0000
gene_MP009467	0.35214	0.93225	83	0	0.0000
gene_MP009487	0.36316	0.72600	172	17	9.8837
gene_MP009506	0.37250	1.12048	305	0	0.0000
gene_MP009514	0.38602	0.97059	450	16	3.5556
gene_MP009538	0.36320	1.06090	2123	0	0.0000
gene_MP009576	0.37683	1.05063	542	0	0.0000
gene_MP009607	0.40618	0.84287	108	0	0.0000
gene_MP009695	0.64474	1.12551	80	0	0.0000
gene_MP009700	0.39648	0.76095	112	11	9.8214
gene_MP009752	0.65975	1.19567	94	0	0.0000
gene_MP009754	0.39730	0.63019	125	17	13.6000
gene_MP009786	0.37086	0.45987	32	11	34.3750
gene_MP009832	0.36793	1.08743	33	0	0.0000
gene_MP010101	0.37843	0.99952	491	0	0.0000
gene_MP010133	0.36788	1.08597	22	0	0.0000
gene_MP010232	0.35856	1.02812	415	0	0.0000
gene_MP010375	0.40805	1.13287	588	0	0.0000
gene_MP010377	0.37670	0.95211	379	0	0.0000
gene_MP011523	0.35847	0.82904	288	11	3.8194
gene_MP011538	0.38942	0.98968	1414	0	0.0000
gene_MP011657	0.35329	0.86865	172	5	2.9070
gene_MP011658	0.43704	0.96386	1729	1	0.0578
gene_MP011660	0.35271	0.78790	94	13	13.8298
gene_MP011661	0.38537	1.11759	744	2	0.2688
gene_MP011663	0.37973	0.70355	484	0	0.0000
gene_MP011796	0.38885	1.04610	652	7	1.0736
gene_MP011917	0.37042	0.98043	456	7	1.5351
gene_MP011947	0.42387	0.77231	25	5	20.0000
gene_MP011954	0.34399	0.46882	36	15	41.6667
gene_MP012127	0.35406	0.98525	624	0	0.0000
gene_MP012142	0.45245	1.16796	121	0	0.0000
gene_MP012318	0.38538	0.75704	220	15	6.8182
gene_MP012331	0.37025	1.08580	664	0	0.0000
gene_MP012352	0.39802	1.17141	701	0	0.0000
gene_MP012361	0.36748	0.70167	117	14	11.9658
gene_MP012369	0.37104	0.90754	642	0	0.0000
gene_MP012377	0.37120	1.00210	350	0	0.0000
gene_MP012618	0.35101	0.79903	31	8	25.8065
gene_MP012761	0.39735	0.92027	236	0	0.0000
gene_MP012964	0.36299	0.81405	292	7	2.3973
gene_MP012967	0.35072	0.61558	66	6	9.0909
gene_MP012977	0.36153	0.95776	322	0	0.0000
gene_MP012983	0.36164	0.95157	242	0	0.0000
gene_MP012986	0.41222	1.06400	375	0	0.0000
gene_MP012993	0.35726	1.06285	1286	0	0.0000
gene_MP012998	0.36554	1.19324	1240	0	0.0000
gene_MP013000	0.41271	1.06714	43	0	0.0000
gene_MP013006	0.38142	0.73658	143	12	8.3916
gene_MP013010	0.38562	1.04751	1593	0	0.0000
gene_MP013016	0.37561	0.95594	214	0	0.0000
gene_MP013060	0.35311	0.99405	931	0	0.0000
gene_MP013293	0.40408	0.90496	114	0	0.0000
gene_MP013295	0.41857	1.05715	344	17	4.9419
gene_MP013299	0.45672	0.81560	141	0	0.0000
gene_MP013337	0.37601	1.07077	789	0	0.0000
gene_MP013341	0.37253	1.02666	754	0	0.0000
gene_MP013350	0.43730	0.89721	80	0	0.0000
gene_MP013355	0.36675	0.97415	805	0	0.0000
gene_MP013399	0.37433	0.99080	1279	0	0.0000
gene_MP013402	0.33972	0.67431	65	10	15.3846
gene_MP013420	0.37892	1.08727	896	0	0.0000
gene_MP013423	0.47947	1.14933	40	0	0.0000
gene_MP013437	0.34672	0.87867	169	7	4.1420
gene_MP013440	0.38506	0.99310	167	0	0.0000
gene_MP013448	0.39915	0.79250	37	0	0.0000
gene_MP013451	0.35330	1.06521	283	0	0.0000
gene_MP013554	0.34284	0.57349	26	8	30.7692
gene_MP013600	0.41265	0.96155	659	8	1.2140
gene_MP013610	0.34695	0.78655	33	8	24.2424
gene_MP013615	0.46667	0.90042	25	4	16.0000
gene_MP013622	0.39048	0.99772	1887	14	0.7419
gene_MP013653	0.38189	1.08072	198	0	0.0000
gene_MP013659	0.37202	1.04594	724	0	0.0000
gene_MP013696	0.41552	0.98096	72	0	0.0000
gene_MP013697	0.39894	0.90585	400	30	7.5000
gene_MP013701	0.36475	1.03434	2424	0	0.0000
gene_MP013708	0.41923	0.85955	99	13	13.1313
gene_MP013849	0.39016	1.08258	470	15	3.1915
gene_MP013891	0.40792	0.95072	1996	0	0.0000
gene_MP013898	0.41949	1.03372	525	0	0.0000
gene_MP013991	0.47035	0.87428	47	0	0.0000
gene_MP014246	0.33148	0.99839	177	0	0.0000
gene_MP014264	0.52226	1.17183	80	0	0.0000
gene_MP014330	0.40516	0.93267	280	0	0.0000
gene_MP014357	0.35518	0.96861	370	18	4.8649
gene_MP014358	0.35044	1.16284	233	0	0.0000
gene_MP014701	0.38256	1.00911	852	15	1.7606
gene_MP014737	0.37712	1.03119	573	0	0.0000
gene_MP014740	0.40203	0.98590	447	0	0.0000
gene_MP014743	0.38688	0.92150	153	0	0.0000
gene_MP014836	0.39301	0.81442	89	0	0.0000
gene_MP014840	0.36038	1.11878	358	0	0.0000
gene_MP014943	0.41840	0.63223	40	8	20.0000
gene_MP014955	0.40482	1.00719	943	0	0.0000
gene_MP014975	0.42186	0.91926	378	0	0.0000
gene_MP015002	0.43743	0.98809	79	0	0.0000
gene_MP015013	0.47957	1.18030	171	0	0.0000
gene_MP015083	0.38528	0.75517	39	0	0.0000
gene_MP015093	0.36507	1.12664	293	0	0.0000
gene_MP015111	0.38212	0.97924	253	0	0.0000
gene_MP015176	0.35178	0.64688	64	2	3.1250
gene_MP015253	0.38389	0.98755	643	26	4.0435
gene_MP015255	0.39252	1.06271	26	0	0.0000
gene_MP015271	0.41106	0.72379	20	8	40.0000
gene_MP015274	0.42978	1.06166	46	0	0.0000
gene_MP015281	0.40527	0.98365	199	0	0.0000
gene_MP015296	0.37783	0.93347	193	0	0.0000
gene_MP015299	0.40494	0.77384	158	24	15.1899
gene_MP015302	0.53877	0.69514	50	7	14.0000
gene_MP015340	0.36894	0.94414	126	0	0.0000
gene_MP015353	0.38000	0.97116	453	0	0.0000
gene_MP015388	0.54277	1.02504	25	0	0.0000
gene_MP015469	0.39289	0.71227	34	0	0.0000
gene_MP015480	0.58543	1.15587	35	0	0.0000
gene_MP015533	0.38329	0.95360	192	0	0.0000
gene_MP015543	0.35386	0.84649	92	14	15.2174
gene_MP015544	0.37937	1.05559	409	0	0.0000
gene_MP015548	0.36904	0.98757	894	8	0.8949
gene_MP015624	0.40623	0.95348	159	0	0.0000
gene_MP015625	0.41729	0.94296	186	0	0.0000
gene_MP015639	0.35518	0.96362	609	9	1.4778
gene_MP015640	0.40679	0.83674	116	0	0.0000
gene_MP015667	0.40749	0.79453	58	0	0.0000
gene_MP015757	0.38031	0.87661	132	0	0.0000
gene_MP015915	0.42839	0.71765	25	0	0.0000
gene_MP016088	0.36445	1.08343	208	0	0.0000
gene_MP016093	0.36943	1.06895	148	0	0.0000
gene_MP016105	0.51011	1.17985	132	0	0.0000
gene_MP016110	0.47666	1.19918	89	0	0.0000
gene_MP016111	0.41068	1.12862	163	0	0.0000
gene_MP016115	0.35805	0.90445	88	0	0.0000
gene_MP016122	0.36766	1.15603	542	0	0.0000
gene_MP016135	0.54252	1.41157	61	0	0.0000
gene_MP016150	0.37357	1.06026	2944	0	0.0000
gene_MP016276	0.45763	0.87844	35	0	0.0000
gene_MP016282	0.40186	0.74860	283	0	0.0000
gene_MP016287	0.66475	1.22970	69	0	0.0000
gene_MP016295	0.45289	0.84359	42	2	4.7619
gene_MP016321	0.36530	0.87922	232	0	0.0000
gene_MP016333	0.36781	1.00147	1196	3	0.2508
gene_MP016334	0.35044	1.16284	2584	0	0.0000
gene_MP016344	0.41487	1.10935	412	3	0.7282
gene_MP016399	0.38668	1.03156	195	0	0.0000
gene_MP016642	0.39447	0.93475	48	0	0.0000
gene_MP016865	0.52924	1.08945	25	0	0.0000
gene_MP016877	0.34886	0.82537	213	17	7.9812
gene_MP017045	0.39232	1.02597	362	0	0.0000
gene_MP017153	0.39066	1.18889	270	0	0.0000
gene_MP017160	0.36115	1.01088	6708	0	0.0000
gene_MP017176	0.36372	1.12568	1630	0	0.0000
gene_MP017181	0.45622	0.86637	112	0	0.0000
gene_MP017199	0.37589	0.98288	58	0	0.0000
gene_MP017282	0.35963	1.10017	65	11	16.9231
gene_MP017284	0.36450	0.95107	325	3	0.9231
gene_MP017285	0.37690	0.73466	184	18	9.7826
gene_MP017324	0.36397	1.10121	1186	0	0.0000
gene_MP017334	0.38201	0.89855	90	0	0.0000
gene_MP017529	0.38469	1.06222	720	10	1.3889
gene_MP017585	0.35110	1.08641	2363	0	0.0000
gene_MP017590	0.37238	1.17724	1148	0	0.0000
gene_MP017623	0.36255	1.02711	299	0	0.0000
gene_MP017625	0.35954	1.07690	2272	0	0.0000
gene_MP017642	0.34642	0.78709	92	13	14.1304
gene_MP017669	0.67785	1.00374	25	0	0.0000
gene_MP017722	0.38469	1.06222	200	0	0.0000
gene_MP017734	0.39025	1.02822	654	0	0.0000
gene_MP017736	0.36677	0.95992	603	5	0.8292
gene_MP017738	0.37947	1.00417	105	0	0.0000
gene_MP017740	0.39895	0.94611	271	9	3.3210
gene_MP017877	0.51247	0.99897	47	0	0.0000
gene_MP017885	0.36853	0.93985	715	0	0.0000
gene_MP017921	0.40178	0.94719	43	0	0.0000
gene_MP017939	0.38409	1.07808	297	22	7.4074
gene_MP017945	0.40306	1.01593	180	0	0.0000
gene_MP017951	0.37413	0.99810	32	0	0.0000
gene_MP017955	0.38097	1.05868	241	0	0.0000
gene_MP017960	0.45724	0.81995	528	0	0.0000
gene_MP017988	0.36780	1.12853	381	0	0.0000
gene_MP017992	0.38696	0.87268	340	22	6.4706
gene_MP018086	0.37460	1.07920	782	0	0.0000
gene_MP018119	0.41432	0.94705	177	5	2.8249
gene_MP018120	0.39281	0.92353	2732	53	1.9400
gene_MP018130	0.46034	0.90298	89	0	0.0000
gene_MP018144	0.39020	1.02524	144	0	0.0000
gene_MP018348	0.38795	1.05516	338	19	5.6213
gene_MP018355	0.53854	0.74980	55	0	0.0000
gene_MP018356	0.36195	0.93065	159	0	0.0000
gene_MP018368	0.40993	1.02111	32	0	0.0000
gene_MP018380	0.35818	0.90976	173	10	5.7803
gene_MP018385	0.45692	0.82341	201	0	0.0000
gene_MP018465	0.49785	1.08931	139	0	0.0000
gene_MP018485	0.54539	1.03534	106	0	0.0000
gene_MP018513	0.36098	1.00890	927	0	0.0000
gene_MP018530	0.38081	0.98816	630	12	1.9048
gene_MP018550	0.36661	0.95533	37	0	0.0000
gene_MP018557	0.40097	1.01467	133	0	0.0000
gene_MP018655	0.36183	0.79190	181	41	22.6519
gene_MP018659	0.37798	0.92477	47	0	0.0000
gene_MP018671	0.37801	0.95969	760	0	0.0000
gene_MP018734	0.36661	0.95533	226	9	3.9823
gene_MP018737	0.36185	1.10307	3567	0	0.0000
gene_MP018739	0.36138	0.80995	167	0	0.0000
gene_MP018741	0.38064	1.05229	2244	10	0.4456
gene_MP018746	0.38644	1.19935	327	0	0.0000
gene_MP018759	0.43577	0.96552	28	0	0.0000
gene_MP018818	0.36661	0.95533	1089	2	0.1837
gene_MP018850	0.37729	1.03469	675	0	0.0000
gene_MP018852	0.37500	0.95584	52	0	0.0000
gene_MP018907	0.44701	0.75247	39	0	0.0000
gene_MP018943	0.39182	1.02501	226	14	6.1947
gene_MP018951	0.36202	1.05980	1542	22	1.4267
gene_MP019042	0.37356	0.86256	380	9	2.3684
gene_MP019076	0.37453	0.78345	102	0	0.0000
gene_MP019133	0.37482	0.92106	349	7	2.0057
gene_MP019223	0.43989	0.96391	266	0	0.0000
gene_MP019248	0.36082	1.07238	1911	0	0.0000
gene_MP019253	0.38206	0.87473	225	17	7.5556
gene_MP019276	0.40161	1.02217	20	0	0.0000
gene_MP019385	0.37644	0.91037	882	0	0.0000
gene_MP019433	0.65798	0.98947	29	0	0.0000
gene_MP019501	0.38503	1.08606	2843	4	0.1407
gene_MP019547	0.38765	0.93300	36	0	0.0000
gene_MP019565	0.42047	1.09278	269	8	2.9740
gene_MP019610	0.36083	1.01591	3369	11	0.3265
gene_MP019623	0.37872	1.02510	55	0	0.0000
gene_MP019691	0.36228	0.91429	381	29	7.6115
gene_MP019739	0.38916	0.91113	26	0	0.0000
gene_MP019744	0.38638	0.91377	263	0	0.0000
gene_MP019748	0.38074	1.15648	271	0	0.0000
gene_MP019752	0.42802	0.96745	296	0	0.0000
gene_MP019833	0.36748	1.12659	3315	6	0.1810
gene_MP019854	0.55457	1.13443	203	0	0.0000
gene_MP019859	0.39753	1.02638	397	1	0.2519
gene_MP019880	0.36301	0.95760	419	10	2.3866
gene_MP019904	0.66013	1.15810	96	0	0.0000
gene_MP019936	0.40351	1.14843	5301	1	0.0189
gene_MP019952	0.38526	0.96420	384	19	4.9479
gene_MP019994	0.46300	0.92290	75	0	0.0000
gene_MP020029	0.55480	1.13102	115	0	0.0000
gene_MP020108	0.37413	0.99810	473	2	0.4228
gene_MP020147	0.40463	1.56801	36	0	0.0000
gene_MP020148	0.40463	1.56801	36	0	0.0000
gene_MP020347	0.39690	1.24704	88	0	0.0000
gene_MP020356	0.48762	0.90642	97	0	0.0000
gene_MP020379	0.51537	0.89490	25	0	0.0000
gene_MP020390	0.44495	1.06030	56	0	0.0000
gene_MP020477	0.42621	1.30440	158	0	0.0000
gene_MP021035	0.48902	0.71764	29	0	0.0000
gene_MP021044	0.49467	0.74801	30	0	0.0000
gene_MP021060	0.49163	0.75732	30	0	0.0000
gene_MP021276	0.45848	1.13481	139	0	0.0000
gene_MP021378	0.65798	0.98947	97	0	0.0000
gene_MP021395	0.65798	0.98947	68	0	0.0000
gene_MP021396	0.65798	0.98947	97	0	0.0000
gene_MP021398	0.65798	0.98947	90	0	0.0000
gene_MP021677	0.37900	1.07105	1134	31	2.7337
gene_MP021761	0.36895	0.95710	210	0	0.0000
gene_MP021865	0.36141	1.01291	169	0	0.0000
gene_MP021967	0.38974	0.91648	496	0	0.0000
gene_MP021970	0.40490	0.70677	35	0	0.0000
gene_MP021995	0.36141	1.01291	83	0	0.0000
gene_MP022018	0.58839	1.25939	253	0	0.0000
gene_MP022025	0.40261	0.99218	219	0	0.0000
gene_MP022048	0.39891	1.12544	724	0	0.0000
gene_MP022072	0.38658	1.14067	95	0	0.0000
gene_MP022095	0.36398	1.07597	1139	0	0.0000
gene_MP022106	0.52451	1.00073	21	0	0.0000
gene_MP022158	0.37940	1.07399	114	0	0.0000
gene_MP022186	0.34333	0.56280	21	2	9.5238
gene_MP022215	0.35135	1.15772	396	0	0.0000
gene_MP022218	0.36243	1.01867	1738	7	0.4028
gene_MP022238	0.35795	0.93029	142	0	0.0000
gene_MP022242	0.36407	1.07017	135	0	0.0000
gene_MP022243	0.38469	1.06222	1866	0	0.0000
gene_MP022249	0.37264	0.58593	64	0	0.0000
gene_MP022267	0.38300	1.05571	856	0	0.0000
gene_MP022276	0.36915	1.08272	2623	0	0.0000
gene_MP022285	0.40082	0.71830	35	0	0.0000
gene_MP022293	0.36141	1.01291	288	0	0.0000
gene_MP022300	0.37235	0.93615	842	3	0.3563
gene_MP022311	0.38743	0.93449	141	0	0.0000
gene_MP022313	0.46132	0.84601	47	0	0.0000
gene_MP022411	0.37052	0.93292	202	2	0.9901
gene_MP022564	0.41386	1.06010	1020	0	0.0000
gene_MP022578	0.36139	1.11030	163	0	0.0000
gene_MP022596	0.37508	1.01928	4148	2	0.0482
gene_MP022598	0.37506	0.96755	1777	0	0.0000
gene_MP022619	0.35108	0.44836	36	19	52.7778
gene_MP022650	0.65798	0.98947	22	0	0.0000
gene_MP022654	0.65798	0.98947	97	0	0.0000
gene_MP022655	0.65798	0.98947	97	0	0.0000
gene_MP022806	0.35182	0.93408	123	0	0.0000
gene_MP022863	0.39091	0.74387	25	0	0.0000
gene_MP022878	0.38388	1.01535	491	0	0.0000
gene_MP022899	0.43110	0.79966	46	0	0.0000
gene_MP022985	0.43170	0.93603	642	0	0.0000
gene_MP022995	0.37482	0.91562	171	0	0.0000
gene_MP023035	0.41837	1.15793	269	0	0.0000
gene_MP023099	0.50888	0.85848	53	0	0.0000
gene_MP023279	0.56872	1.26043	59	0	0.0000
gene_MP023337	0.38757	1.14364	38	0	0.0000
gene_MP023754	0.44522	1.02690	534	0	0.0000
gene_MP023788	0.36996	1.05338	1506	0	0.0000
gene_MP023990	0.44217	0.90476	201	6	2.9851
gene_MP024045	0.63889	0.81895	27	0	0.0000
gene_MP024366	0.39069	0.89807	287	23	8.0139
gene_MP024465	0.33497	0.91288	520	1	0.1923
gene_MP024672	0.44296	0.89433	174	0	0.0000
gene_MP024707	0.47978	1.07846	535	0	0.0000
gene_MP024803	0.44303	1.05317	85	0	0.0000
gene_MP024804	0.37363	0.78252	77	7	9.0909
gene_MP024805	0.38321	1.00550	218	8	3.6697
gene_MP024806	0.40467	0.45946	29	5	17.2414
