gene	gc	cpg_oe	n_cpg	n_conf	pct_conf
MOL.10	0.32393	0.87401	104	0	0.0000
MOL.1001	0.31158	1.05700	216	0	0.0000
MOL.1003	0.31849	0.57019	70	68	97.1429
MOL.1007	0.32134	1.03015	428	0	0.0000
MOL.1009	0.34212	0.84727	121	104	85.9504
MOL.1015	0.31331	0.87964	37	36	97.2973
MOL.1016	0.34015	0.73056	92	40	43.4783
MOL.102	0.32424	0.93738	36	0	0.0000
MOL.1022	0.31060	0.97582	224	0	0.0000
MOL.1023	0.30283	0.99336	369	0	0.0000
MOL.1024	0.27605	0.74965	68	0	0.0000
MOL.1029	0.29480	1.01594	273	0	0.0000
MOL.1030	0.30874	0.95538	221	0	0.0000
MOL.1037	0.29230	1.12109	64	0	0.0000
MOL.1038	0.30267	1.02030	24	0	0.0000
MOL.1042	0.34104	0.91111	75	0	0.0000
MOL.1046	0.28971	0.98104	61	0	0.0000
MOL.1047	0.29271	1.12833	29	0	0.0000
MOL.1049	0.34702	0.63865	22	12	54.5455
MOL.105	0.32510	1.02127	725	0	0.0000
MOL.1050	0.32320	0.92213	597	0	0.0000
MOL.1054	0.29202	0.94523	73	0	0.0000
MOL.1055	0.30659	0.82457	69	23	33.3333
MOL.1056	0.31841	0.98374	903	215	23.8095
MOL.1061	0.31829	0.84445	101	65	64.3564
MOL.1063	0.30922	0.92694	296	0	0.0000
MOL.1066	0.40057	0.51070	261	0	0.0000
MOL.1068	0.30930	1.04040	508	0	0.0000
MOL.1069	0.32246	0.97131	348	0	0.0000
MOL.1072	0.31073	0.98961	481	0	0.0000
MOL.1074	0.33624	0.97576	1083	0	0.0000
MOL.1075	0.32109	0.94862	158	0	0.0000
MOL.1078	0.29908	0.70518	92	83	90.2174
MOL.1079	0.31898	0.84908	132	118	89.3939
MOL.1083	0.30852	0.89124	53	51	96.2264
MOL.1088	0.34543	0.81312	81	4	4.9383
MOL.1089	0.35724	0.94882	22	0	0.0000
MOL.109	0.25841	0.60764	47	47	100.0000
MOL.1090	0.32036	0.93480	592	0	0.0000
MOL.1092	0.30852	0.72782	58	56	96.5517
MOL.1093	0.30000	0.84764	25	22	88.0000
MOL.1095	0.30679	0.92226	39	0	0.0000
MOL.1096	0.32133	1.01895	72	0	0.0000
MOL.1099	0.27314	0.60014	23	19	82.6087
MOL.11	0.29280	0.80652	161	108	67.0807
MOL.1101	0.31656	0.96453	1389	0	0.0000
MOL.1106	0.29101	0.66195	21	17	80.9524
MOL.1108	0.31500	1.00297	664	0	0.0000
MOL.1110	0.32404	1.00182	1423	0	0.0000
MOL.1114	0.32193	1.00814	594	0	0.0000
MOL.1116	0.31944	1.04063	662	0	0.0000
MOL.1117	0.31082	0.84991	104	0	0.0000
MOL.1118	0.54657	1.14079	68	0	0.0000
MOL.1129	0.29728	1.01575	603	0	0.0000
MOL.113	0.31726	0.96965	2049	0	0.0000
MOL.1132	0.30628	0.87204	772	7	0.9067
MOL.1133	0.29854	0.71742	78	74	94.8718
MOL.1135	0.33287	0.59138	38	38	100.0000
MOL.1137	0.29869	1.04691	102	16	15.6863
MOL.1138	0.31790	0.72474	65	61	93.8462
MOL.1141	0.31094	0.83784	39	38	97.4359
MOL.1142	0.29655	0.53439	77	60	77.9221
MOL.1144	0.31401	0.93362	493	0	0.0000
MOL.1149	0.32660	0.88764	275	268	97.4545
MOL.1151	0.32652	0.92018	134	0	0.0000
MOL.1152	0.30985	0.80469	99	0	0.0000
MOL.1155	0.31605	0.86775	284	134	47.1831
MOL.1159	0.31511	0.88727	339	76	22.4189
MOL.1165	0.33252	0.71072	90	90	100.0000
MOL.117	0.33004	0.97988	1729	1	0.0578
MOL.1171	0.30820	0.98787	935	45	4.8128
MOL.1174	0.32033	0.64107	209	158	75.5981
MOL.1176	0.25734	1.10784	69	69	100.0000
MOL.1177	0.36308	0.72255	62	59	95.1613
MOL.1195	0.65702	0.99557	26	0	0.0000
MOL.1198	0.32978	0.83901	122	107	87.7049
MOL.12	0.32434	0.84566	425	32	7.5294
MOL.120	0.32795	0.86582	75	72	96.0000
MOL.1200	0.30442	0.84015	104	82	78.8462
MOL.1206	0.27677	1.11368	21	19	90.4762
MOL.1207	0.29733	0.94958	766	239	31.2010
MOL.1208	0.31864	0.99120	1072	101	9.4216
MOL.121	0.31039	0.92182	39	34	87.1795
MOL.1212	0.30937	0.94035	364	0	0.0000
MOL.1215	0.34115	1.20683	62	0	0.0000
MOL.1217	0.29221	0.69683	108	95	87.9630
MOL.1218	0.33411	0.73010	52	51	98.0769
MOL.122	0.29446	0.55606	45	38	84.4444
MOL.1221	0.32352	0.96734	1177	23	1.9541
MOL.1224	0.32362	0.93926	872	235	26.9495
MOL.1227	0.31888	0.74478	32	20	62.5000
MOL.1228	0.29851	0.88106	47	36	76.5957
MOL.123	0.34585	0.77294	52	51	98.0769
MOL.1235	0.30936	0.98458	422	0	0.0000
MOL.1236	0.31578	0.84612	180	159	88.3333
MOL.1238	0.31465	0.93154	505	0	0.0000
MOL.124	0.27883	0.84646	39	36	92.3077
MOL.1243	0.30840	1.01845	3950	0	0.0000
MOL.1247	0.35382	0.62526	26	11	42.3077
MOL.1248	0.33767	1.00400	71	38	53.5211
MOL.1249	0.32758	0.83151	130	128	98.4615
MOL.1250	0.30008	0.66798	45	41	91.1111
MOL.1252	0.29858	0.81808	73	50	68.4932
MOL.1253	0.28664	0.74246	87	42	48.2759
MOL.1258	0.31777	0.73702	60	60	100.0000
MOL.1259	0.31237	0.97304	827	0	0.0000
MOL.126	0.31458	0.89289	89	83	93.2584
MOL.1262	0.32777	0.86719	92	0	0.0000
MOL.1264	0.30371	1.14663	155	0	0.0000
MOL.1266	0.31101	0.82025	129	0	0.0000
MOL.1268	0.29553	0.86067	69	0	0.0000
MOL.1271	0.31832	0.97473	490	0	0.0000
MOL.1278	0.31974	1.05613	681	64	9.3979
MOL.1279	0.30877	0.99611	2185	0	0.0000
MOL.1280	0.33093	0.73060	112	93	83.0357
MOL.1282	0.31292	0.79900	333	279	83.7838
MOL.1287	0.31356	1.03456	54	0	0.0000
MOL.1289	0.31801	0.89414	108	0	0.0000
MOL.1292	0.31593	0.99110	1384	0	0.0000
MOL.1295	0.32702	0.98880	159	0	0.0000
MOL.1296	0.31533	0.67601	71	47	66.1972
MOL.1297	0.31027	1.00054	122	0	0.0000
MOL.1298	0.32870	0.99828	332	0	0.0000
MOL.1300	0.31175	1.07104	126	0	0.0000
MOL.1301	0.29504	1.05351	61	0	0.0000
MOL.1302	0.33172	0.83822	42	0	0.0000
MOL.1304	0.29603	0.96731	69	0	0.0000
MOL.1305	0.33857	0.78675	63	0	0.0000
MOL.1308	0.31116	0.89821	118	85	72.0339
MOL.1311	0.37721	1.04983	38	33	86.8421
MOL.1313	0.33260	1.08880	35	27	77.1429
MOL.1315	0.29731	0.91072	95	86	90.5263
MOL.1317	0.32953	0.67780	92	91	98.9130
MOL.1318	0.29296	0.76899	110	101	91.8182
MOL.1319	0.35683	0.74350	32	0	0.0000
MOL.1320	0.30956	0.90717	264	0	0.0000
MOL.133	0.31007	0.99262	151	0	0.0000
MOL.1334	0.32300	0.81465	335	318	94.9254
MOL.1335	0.31320	0.98811	306	0	0.0000
MOL.1336	0.34000	0.72331	343	320	93.2945
MOL.1338	0.31871	0.79550	758	679	89.5778
MOL.1339	0.30280	0.81486	32	0	0.0000
MOL.1340	0.38173	0.89470	25	0	0.0000
MOL.1341	0.31357	0.70532	108	93	86.1111
MOL.1344	0.30945	0.69446	23	20	86.9565
MOL.1356	0.33043	0.86770	87	84	96.5517
MOL.1357	0.31664	0.79603	37	18	48.6486
MOL.1359	0.31130	0.99876	29	0	0.0000
MOL.136	0.28609	0.74882	35	33	94.2857
MOL.1363	0.31355	0.81381	515	0	0.0000
MOL.1364	0.34657	1.09517	32	23	71.8750
MOL.1366	0.29460	1.06521	128	0	0.0000
MOL.1368	0.30215	0.88625	148	0	0.0000
MOL.137	0.29497	0.86869	61	31	50.8197
MOL.1371	0.32067	0.55769	40	35	87.5000
MOL.1372	0.32002	0.99684	2033	0	0.0000
MOL.1373	0.31642	1.02878	2384	0	0.0000
MOL.1375	0.49170	0.99618	295	0	0.0000
MOL.1376	0.32329	0.82115	90	75	83.3333
MOL.138	0.33218	0.98876	1605	100	6.2305
MOL.1382	0.32553	0.71757	45	37	82.2222
MOL.1391	0.33466	0.79339	139	136	97.8417
MOL.1392	0.30722	0.67816	149	144	96.6443
MOL.1399	0.30272	0.62247	36	0	0.0000
MOL.140	0.26644	0.64335	51	47	92.1569
MOL.1407	0.28507	0.87215	47	0	0.0000
MOL.1408	0.31791	0.58759	108	100	92.5926
MOL.141	0.30658	0.64304	22	19	86.3636
MOL.1410	0.45981	1.03667	62	0	0.0000
MOL.1412	0.31920	0.83781	104	0	0.0000
MOL.1415	0.39298	1.37790	178	0	0.0000
MOL.1416	0.28965	0.70693	32	29	90.6250
MOL.1426	0.34428	0.95709	112	96	85.7143
MOL.1429	0.33699	0.74612	143	129	90.2098
MOL.1433	0.42965	0.98633	35	34	97.1429
MOL.1435	0.33787	0.66846	222	184	82.8829
MOL.1436	0.33734	0.67667	94	79	84.0426
MOL.1438	0.32308	0.84487	120	102	85.0000
MOL.1444	0.33401	0.64511	144	121	84.0278
MOL.1447	0.35110	0.75391	246	229	93.0894
MOL.1448	0.30985	1.08443	55	54	98.1818
MOL.145	0.31837	0.81898	60	36	60.0000
MOL.1452	0.34799	0.87596	410	30	7.3171
MOL.1454	0.32304	0.45435	44	44	100.0000
MOL.1457	0.34732	0.76098	121	106	87.6033
MOL.1458	0.31878	0.97509	5810	2	0.0344
MOL.1462	0.31246	0.81165	64	63	98.4375
MOL.1463	0.30896	0.69147	147	130	88.4354
MOL.149	0.30496	0.77122	142	121	85.2113
MOL.15	0.26375	0.79629	36	27	75.0000
MOL.150	0.33232	1.00747	549	0	0.0000
MOL.153	0.33056	0.99092	345	56	16.2319
MOL.161	0.29573	0.83388	177	0	0.0000
MOL.168	0.32014	1.06667	24	23	95.8333
MOL.171	0.35902	0.67648	248	206	83.0645
MOL.172	0.31469	0.91923	985	115	11.6751
MOL.176	0.31043	0.96431	397	0	0.0000
MOL.177	0.31712	0.94123	551	0	0.0000
MOL.18	0.33756	0.49427	25	17	68.0000
MOL.181	0.37588	0.77259	31	14	45.1613
MOL.182	0.35884	0.66057	96	95	98.9583
MOL.186	0.28908	1.08819	181	0	0.0000
MOL.187	0.33312	1.00523	420	0	0.0000
MOL.19	0.29196	1.28595	22	8	36.3636
MOL.196	0.33177	0.69896	58	56	96.5517
MOL.197	0.34356	0.93737	107	100	93.4579
MOL.198	0.33617	0.79977	31	17	54.8387
MOL.2	0.33890	0.87398	79	0	0.0000
MOL.20	0.34483	0.69465	50	37	74.0000
MOL.202	0.34996	0.78365	359	347	96.6574
MOL.203	0.32000	1.37437	29	29	100.0000
MOL.204	0.37687	0.81650	215	211	98.1395
MOL.205	0.31053	0.81790	67	61	91.0448
MOL.207	0.33242	0.78214	209	199	95.2153
MOL.21	0.33670	0.55991	77	51	66.2338
MOL.210	0.32745	0.72908	113	108	95.5752
MOL.212	0.31823	0.97875	765	0	0.0000
MOL.214	0.33396	0.93711	105	0	0.0000
MOL.22	0.33603	0.84414	239	205	85.7741
MOL.222	0.46264	1.07710	48	0	0.0000
MOL.224	0.31477	1.08896	2110	0	0.0000
MOL.226	0.31830	0.96139	118	0	0.0000
MOL.228	0.31988	0.99960	2531	0	0.0000
MOL.231	0.30229	0.66414	123	95	77.2358
MOL.232	0.31473	0.67788	80	57	71.2500
MOL.233	0.31005	0.76974	24	22	91.6667
MOL.234	0.32668	1.01575	936	77	8.2265
MOL.238	0.32501	0.95692	365	178	48.7671
MOL.24	0.32838	0.71471	186	150	80.6452
MOL.240	0.34725	0.82454	574	531	92.5087
MOL.241	0.31984	0.78117	264	210	79.5455
MOL.247	0.32276	0.68953	90	72	80.0000
MOL.25	0.33947	0.68076	55	53	96.3636
MOL.250	0.29980	0.57310	44	43	97.7273
MOL.251	0.34645	0.80234	72	48	66.6667
MOL.26	0.31547	0.81381	50	49	98.0000
MOL.266	0.30959	0.90755	23	20	86.9565
MOL.27	0.33640	0.91521	535	96	17.9439
MOL.275	0.31814	0.99399	832	163	19.5913
MOL.279	0.30678	1.00688	68	20	29.4118
MOL.284	0.29808	1.03156	547	0	0.0000
MOL.285	0.30621	1.02190	406	1	0.2463
MOL.286	0.32651	1.13983	243	0	0.0000
MOL.292	0.31472	0.80542	91	69	75.8242
MOL.296	0.32031	0.68584	173	152	87.8613
MOL.30	0.27788	0.88881	25	21	84.0000
MOL.300	0.28443	0.62544	23	20	86.9565
MOL.303	0.31266	0.98062	348	0	0.0000
MOL.308	0.31065	0.74381	40	19	47.5000
MOL.309	0.33012	1.18888	39	0	0.0000
MOL.31	0.31912	0.62687	169	130	76.9231
MOL.316	0.31934	0.94183	442	106	23.9819
MOL.320	0.35376	1.33019	53	0	0.0000
MOL.324	0.29711	0.98374	23	0	0.0000
MOL.325	0.34678	1.48036	128	0	0.0000
MOL.327	0.42205	1.15868	27	0	0.0000
MOL.328	0.47500	0.97345	24	0	0.0000
MOL.330	0.32391	0.61927	37	31	83.7838
MOL.333	0.30942	0.98973	1232	62	5.0325
MOL.334	0.30824	0.97350	468	0	0.0000
MOL.338	0.31296	0.95853	797	0	0.0000
MOL.34	0.32771	0.86558	456	0	0.0000
MOL.344	0.31770	1.16364	28	0	0.0000
MOL.347	0.35088	0.76296	300	267	89.0000
MOL.352	0.30997	0.97913	103	24	23.3010
MOL.353	0.31061	0.99021	803	52	6.4757
MOL.357	0.31149	0.70092	24	22	91.6667
MOL.364	0.32398	1.00100	33	0	0.0000
MOL.368	0.31518	0.80023	98	60	61.2245
MOL.369	0.33114	0.62646	76	64	84.2105
MOL.370	0.35102	0.62440	69	57	82.6087
MOL.371	0.31613	0.54719	53	44	83.0189
MOL.372	0.29716	0.75074	144	121	84.0278
MOL.373	0.28442	0.66861	22	20	90.9091
MOL.379	0.29940	0.72874	91	84	92.3077
MOL.381	0.29328	0.75896	86	66	76.7442
MOL.382	0.29553	0.98646	99	27	27.2727
MOL.388	0.34966	0.65215	100	89	89.0000
MOL.391	0.31769	0.86011	44	0	0.0000
MOL.398	0.32978	0.77733	149	129	86.5772
MOL.401	0.31135	0.95662	1818	18	0.9901
MOL.419	0.30401	1.03845	712	0	0.0000
MOL.422	0.31079	0.58478	52	20	38.4615
MOL.423	0.32146	0.96482	428	9	2.1028
MOL.425	0.30923	0.62430	151	116	76.8212
MOL.426	0.30912	1.00605	1214	1	0.0824
MOL.428	0.30349	1.05485	530	13	2.4528
MOL.43	0.34292	0.74643	54	13	24.0741
MOL.434	0.30943	0.92546	82	0	0.0000
MOL.439	0.31098	1.00112	1866	0	0.0000
MOL.44	0.31981	0.66509	68	66	97.0588
MOL.443	0.31690	0.74927	451	440	97.5610
MOL.445	0.28951	1.12105	32	0	0.0000
MOL.446	0.30219	0.95444	84	0	0.0000
MOL.448	0.31328	0.92521	49	0	0.0000
MOL.449	0.29918	0.83222	40	0	0.0000
MOL.450	0.31870	0.83167	327	295	90.2141
MOL.451	0.29444	0.48448	44	27	61.3636
MOL.452	0.31982	0.84568	54	41	75.9259
MOL.453	0.31768	0.88374	98	89	90.8163
MOL.457	0.38286	0.54821	121	105	86.7769
MOL.46	0.33584	0.68888	54	49	90.7407
MOL.460	0.32564	0.62749	258	213	82.5581
MOL.461	0.30056	0.54973	38	27	71.0526
MOL.462	0.33479	0.75786	184	170	92.3913
MOL.464	0.33695	0.86581	220	0	0.0000
MOL.466	0.34458	1.12700	60	0	0.0000
MOL.47	0.31763	0.86060	64	50	78.1250
MOL.475	0.33199	0.82916	94	90	95.7447
MOL.479	0.28389	0.60704	98	82	83.6735
MOL.48	0.53980	1.28268	101	101	100.0000
MOL.480	0.24459	0.61465	25	19	76.0000
MOL.481	0.32899	0.79348	47	24	51.0638
MOL.483	0.31897	0.61735	50	40	80.0000
MOL.486	0.31994	0.97777	22	21	95.4545
MOL.49	0.33288	0.69021	42	27	64.2857
MOL.490	0.33435	0.85993	193	166	86.0104
MOL.495	0.33018	0.80566	56	53	94.6429
MOL.50	0.33427	0.70926	180	163	90.5556
MOL.500	0.29616	0.82527	46	43	93.4783
MOL.502	0.31832	0.72465	56	49	87.5000
MOL.507	0.32932	0.82893	141	131	92.9078
MOL.51	0.35003	0.70487	172	163	94.7674
MOL.511	0.34709	0.72112	195	176	90.2564
MOL.520	0.32673	0.78386	43	37	86.0465
MOL.536	0.31733	0.69857	80	75	93.7500
MOL.551	0.30655	0.94184	388	0	0.0000
MOL.552	0.31179	0.98740	40	0	0.0000
MOL.556	0.39713	0.93338	54	49	90.7407
MOL.558	0.30225	0.96048	1493	0	0.0000
MOL.561	0.33589	0.62440	44	36	81.8182
MOL.566	0.30732	0.91963	581	0	0.0000
MOL.568	0.30575	0.72048	140	128	91.4286
MOL.57	0.35739	0.84464	95	29	30.5263
MOL.572	0.32193	1.20075	20	1	5.0000
MOL.573	0.31459	0.77312	110	82	74.5455
MOL.577	0.29557	0.85086	110	99	90.0000
MOL.581	0.31953	0.97634	609	0	0.0000
MOL.584	0.28623	0.52022	36	36	100.0000
MOL.585	0.28673	0.69045	34	33	97.0588
MOL.587	0.31699	1.03204	67	56	83.5821
MOL.590	0.31125	0.92417	246	126	51.2195
MOL.591	0.30322	0.87072	136	64	47.0588
MOL.592	0.33191	0.82290	21	19	90.4762
MOL.601	0.30734	0.97515	676	0	0.0000
MOL.603	0.33307	0.62639	43	42	97.6744
MOL.607	0.31420	0.78133	99	82	82.8283
MOL.609	0.31303	0.87660	895	0	0.0000
MOL.61	0.33044	0.93519	3512	4	0.1139
MOL.611	0.34544	0.83202	57	57	100.0000
MOL.614	0.32093	0.93772	900	40	4.4444
MOL.620	0.31938	0.78575	51	45	88.2353
MOL.621	0.32884	0.68340	32	32	100.0000
MOL.625	0.36658	0.93626	32	31	96.8750
MOL.629	0.30091	0.44686	41	37	90.2439
MOL.63	0.31452	0.96237	666	0	0.0000
MOL.631	0.32743	0.78046	25	22	88.0000
MOL.636	0.30775	0.89720	142	0	0.0000
MOL.637	0.33585	0.95299	159	0	0.0000
MOL.638	0.30368	1.01028	136	0	0.0000
MOL.640	0.28404	0.58070	131	102	77.8626
MOL.642	0.32748	0.68947	24	23	95.8333
MOL.643	0.29226	0.75491	33	31	93.9394
MOL.644	0.28376	0.90230	57	55	96.4912
MOL.646	0.29759	0.86581	217	210	96.7742
MOL.650	0.32390	0.72089	44	41	93.1818
MOL.655	0.30711	0.94555	284	141	49.6479
MOL.657	0.32231	1.05167	170	0	0.0000
MOL.658	0.34353	0.79767	20	0	0.0000
MOL.66	0.29435	0.88939	25	25	100.0000
MOL.660	0.32663	1.00051	46	0	0.0000
MOL.664	0.30679	0.98533	101	0	0.0000
MOL.667	0.31579	0.84379	200	27	13.5000
MOL.668	0.33642	1.03694	38	38	100.0000
MOL.670	0.30486	0.95336	42	41	97.6190
MOL.672	0.31657	0.61893	33	22	66.6667
MOL.677	0.28886	0.69030	212	197	92.9245
MOL.68	0.36500	0.64802	53	49	92.4528
MOL.685	0.31698	0.96280	1284	0	0.0000
MOL.686	0.30118	1.03405	36	0	0.0000
MOL.687	0.51040	1.05641	43	0	0.0000
MOL.699	0.30439	1.02002	102	0	0.0000
MOL.701	0.30729	1.04436	1119	0	0.0000
MOL.702	0.31658	0.87588	1030	266	25.8252
MOL.708	0.30398	0.80402	40	39	97.5000
MOL.710	0.30891	0.59038	130	109	83.8462
MOL.716	0.31017	1.09899	243	0	0.0000
MOL.727	0.29323	0.74328	34	32	94.1176
MOL.728	0.29398	0.64106	44	31	70.4545
MOL.733	0.31762	0.87187	48	48	100.0000
MOL.734	0.30683	0.64692	123	113	91.8699
MOL.741	0.30680	0.83118	336	185	55.0595
MOL.742	0.33136	0.98510	735	0	0.0000
MOL.749	0.29497	1.20898	155	0	0.0000
MOL.750	0.32211	0.86262	133	110	82.7068
MOL.751	0.33617	0.55118	47	42	89.3617
MOL.755	0.31718	0.98389	213	0	0.0000
MOL.758	0.31081	1.00026	206	0	0.0000
MOL.76	0.30245	1.12099	902	0	0.0000
MOL.764	0.31545	0.90204	561	38	6.7736
MOL.767	0.29615	1.02586	62	47	75.8065
MOL.769	0.31186	1.00433	160	0	0.0000
MOL.77	0.35531	1.02051	20	0	0.0000
MOL.770	0.31096	0.81985	504	81	16.0714
MOL.771	0.31303	0.90466	249	0	0.0000
MOL.774	0.30353	0.98608	972	0	0.0000
MOL.775	0.30812	0.86306	85	83	97.6471
MOL.777	0.52000	1.17735	76	0	0.0000
MOL.779	0.29854	0.84219	24	18	75.0000
MOL.783	0.30787	0.62494	76	59	77.6316
MOL.785	0.30906	0.92134	26	0	0.0000
MOL.787	0.28864	1.03897	46	0	0.0000
MOL.79	0.36546	0.84501	113	0	0.0000
MOL.791	0.31617	0.64281	114	0	0.0000
MOL.792	0.35365	0.71516	104	99	95.1923
MOL.793	0.31185	0.63529	68	56	82.3529
MOL.795	0.30519	0.62434	108	96	88.8889
MOL.796	0.34186	0.97919	109	0	0.0000
MOL.797	0.31302	1.02641	590	0	0.0000
MOL.8	0.32144	0.81778	892	0	0.0000
MOL.801	0.32837	0.99126	144	0	0.0000
MOL.802	0.31109	0.94169	114	0	0.0000
MOL.803	0.31489	0.96870	552	0	0.0000
MOL.805	0.26277	1.03286	50	0	0.0000
MOL.807	0.48805	1.15309	20	20	100.0000
MOL.809	0.32059	0.94140	70	44	62.8571
MOL.810	0.28307	0.60303	86	71	82.5581
MOL.815	0.36083	0.85995	24	0	0.0000
MOL.816	0.30351	0.85928	37	0	0.0000
MOL.821	0.31587	0.67194	418	322	77.0335
MOL.823	0.32647	0.90609	117	0	0.0000
MOL.824	0.31799	1.00685	1555	0	0.0000
MOL.829	0.30213	0.82146	196	164	83.6735
MOL.83	0.31088	0.98873	1140	0	0.0000
MOL.831	0.29767	0.70010	40	37	92.5000
MOL.833	0.30362	0.99853	51	42	82.3529
MOL.839	0.32046	0.93061	158	0	0.0000
MOL.84	0.32545	1.03541	31	0	0.0000
MOL.841	0.30634	0.85098	98	0	0.0000
MOL.845	0.49082	0.98470	61	0	0.0000
MOL.847	0.32429	0.90999	100	0	0.0000
MOL.85	0.34422	0.96231	59	0	0.0000
MOL.850	0.31348	0.92477	414	0	0.0000
MOL.851	0.30916	0.95621	111	0	0.0000
MOL.856	0.27991	0.69042	35	31	88.5714
MOL.862	0.29464	0.73177	153	128	83.6601
MOL.863	0.31417	0.88295	159	68	42.7673
MOL.865	0.30011	0.96459	46	0	0.0000
MOL.87	0.37579	0.89656	35	0	0.0000
MOL.875	0.32345	1.05741	234	0	0.0000
MOL.882	0.29180	0.88736	107	46	42.9907
MOL.883	0.31585	0.77215	147	133	90.4762
MOL.890	0.31482	0.85616	144	119	82.6389
MOL.891	0.37851	0.62704	190	140	73.6842
MOL.892	0.31082	0.71187	87	70	80.4598
MOL.897	0.33762	0.71790	137	122	89.0511
MOL.898	0.31747	0.69295	59	47	79.6610
MOL.900	0.32576	0.76116	126	116	92.0635
MOL.902	0.31083	0.87410	33	0	0.0000
MOL.905	0.32137	0.95774	369	0	0.0000
MOL.909	0.31509	0.94506	1613	0	0.0000
MOL.91	0.34633	0.75684	41	0	0.0000
MOL.913	0.32497	0.71655	165	133	80.6061
MOL.919	0.31429	0.68843	164	149	90.8537
MOL.93	0.42707	0.98748	102	0	0.0000
MOL.930	0.31592	0.92983	60	0	0.0000
MOL.931	0.33221	0.87567	80	0	0.0000
MOL.933	0.32242	0.74606	49	46	93.8776
MOL.936	0.30352	1.10127	123	24	19.5122
MOL.937	0.34600	0.74345	442	365	82.5792
MOL.940	0.30948	0.93102	169	65	38.4615
MOL.945	0.44208	0.60838	76	0	0.0000
MOL.947	0.31745	0.93768	136	53	38.9706
MOL.954	0.32163	0.76588	111	111	100.0000
MOL.958	0.31702	1.09426	176	0	0.0000
MOL.959	0.34176	0.78268	150	22	14.6667
MOL.962	0.30625	0.70028	286	249	87.0629
MOL.97	0.45269	0.75342	21	0	0.0000
MOL.970	0.31278	0.97259	334	13	3.8922
MOL.975	0.36298	0.51706	65	13	20.0000
MOL.976	0.32232	0.63793	257	232	90.2724
MOL.981	0.30294	0.95595	244	0	0.0000
MOL.982	0.31422	1.01078	148	0	0.0000
MOL.983	0.32402	0.97357	666	0	0.0000
MOL.985	0.31686	0.95225	183	0	0.0000
MOL.988	0.31492	1.06546	37	0	0.0000
MOL.989	0.30324	0.99724	110	0	0.0000
MOL.994	0.29257	0.94654	136	0	0.0000
MOL.997	0.37178	0.96752	113	0	0.0000
MOL.998	0.30205	0.98414	291	0	0.0000
MOL.1465	0.34990	0.58753	85	60	70.5882
MOL.1470	0.35232	0.52216	32	18	56.2500
MOL.1471	0.33687	0.60347	29	14	48.2759
MOL.1472	0.34591	0.77026	94	69	73.4043
MOL.1481	0.36792	1.19375	47	0	0.0000
MOL.1482	0.33800	0.84704	98	59	60.2041
MOL.1489	0.32082	0.94657	206	183	88.8350
MOL.1493	0.33033	0.69532	135	134	99.2593
MOL.1494	0.30881	0.71719	79	67	84.8101
MOL.1495	0.33684	0.72418	381	350	91.8635
MOL.1496	0.33002	0.60825	236	207	87.7119
MOL.1500	0.30506	1.19214	92	0	0.0000
MOL.1505	0.34329	0.78899	24	24	100.0000
MOL.1510	0.32189	0.94424	1518	0	0.0000
MOL.1512	0.35704	1.15422	139	130	93.5252
MOL.1513	0.33933	0.73317	317	290	91.4826
MOL.1516	0.44695	0.44857	141	109	77.3050
MOL.1518	0.33482	0.93497	1213	135	11.1294
MOL.1524	0.28033	0.80832	51	47	92.1569
MOL.1526	0.28899	0.82586	82	78	95.1220
MOL.1528	0.32247	0.91239	844	0	0.0000
MOL.1531	0.31417	0.83474	145	0	0.0000
MOL.1535	0.33306	0.84617	23	0	0.0000
MOL.1542	0.32454	0.56985	24	16	66.6667
MOL.1545	0.26138	0.95248	22	0	0.0000
MOL.1546	0.32867	0.92264	567	0	0.0000
MOL.1547	0.33986	0.85089	57	19	33.3333
MOL.1549	0.32694	0.92285	703	53	7.5391
MOL.1553	0.31978	0.74649	336	225	66.9643
MOL.1555	0.32765	0.91932	114	0	0.0000
MOL.1556	0.33671	0.86591	473	313	66.1734
MOL.1559	0.32850	0.93753	376	51	13.5638
MOL.1562	0.30932	0.93408	151	55	36.4238
MOL.1563	0.26610	0.88537	24	16	66.6667
MOL.1564	0.30792	0.63710	60	54	90.0000
MOL.1569	0.28307	1.20111	52	47	90.3846
MOL.1571	0.33966	0.86381	115	17	14.7826
MOL.1572	0.31024	0.93622	107	0	0.0000
MOL.1579	0.32247	0.76719	132	124	93.9394
MOL.1581	0.32300	0.92121	76	0	0.0000
MOL.1583	0.43495	1.10788	41	0	0.0000
MOL.1584	0.31685	1.23636	31	0	0.0000
MOL.1586	0.31151	1.05785	238	0	0.0000
MOL.1587	0.32668	0.78356	116	85	73.2759
MOL.1590	0.30701	0.87685	102	101	99.0196
MOL.1592	0.36112	0.86763	143	0	0.0000
MOL.1595	0.33756	0.82153	153	0	0.0000
MOL.1596	0.32063	0.96247	1421	0	0.0000
MOL.1597	0.31205	0.97766	1292	0	0.0000
MOL.1601	0.34108	0.72351	81	68	83.9506
MOL.1604	0.31959	1.01437	2802	0	0.0000
MOL.1610	0.32808	0.74915	219	204	93.1507
MOL.1611	0.31925	0.94023	96	67	69.7917
MOL.1612	0.33122	0.76100	355	302	85.0704
MOL.1614	0.36282	0.69755	38	35	92.1053
MOL.1615	0.31723	0.64748	28	17	60.7143
MOL.1618	0.32600	1.14574	158	129	81.6456
MOL.1620	0.33425	0.91069	212	198	93.3962
MOL.1621	0.33093	0.97886	238	1	0.4202
MOL.1623	0.31629	0.93722	828	0	0.0000
MOL.1631	0.31937	0.92210	25	0	0.0000
MOL.1633	0.32210	0.96752	1745	0	0.0000
MOL.1634	0.31462	0.97962	1263	1	0.0792
MOL.1636	0.31622	0.99463	358	0	0.0000
MOL.1637	0.32751	0.79991	128	123	96.0938
MOL.1638	0.33010	0.71441	221	203	91.8552
MOL.1639	0.30618	0.70911	42	41	97.6190
MOL.1640	0.27622	0.84043	28	25	89.2857
MOL.1644	0.32599	0.76476	180	156	86.6667
MOL.1646	0.32617	0.74046	312	238	76.2821
MOL.1651	0.32410	1.00181	2874	0	0.0000
MOL.1655	0.36181	0.79889	215	208	96.7442
MOL.1659	0.37089	1.22100	29	28	96.5517
MOL.1662	0.24490	1.02141	20	18	90.0000
MOL.1667	0.32656	0.89409	309	186	60.1942
MOL.1669	0.33599	0.64938	79	62	78.4810
MOL.1670	0.32529	0.82399	281	273	97.1530
MOL.1671	0.30316	0.81910	37	32	86.4865
MOL.1675	0.28652	0.66679	30	22	73.3333
MOL.1676	0.33680	0.93760	256	107	41.7969
MOL.1678	0.31196	0.87631	23	19	82.6087
MOL.1682	0.32322	0.97629	2292	2	0.0873
MOL.1684	0.32642	0.99780	101	81	80.1980
MOL.1685	0.33352	0.85755	185	8	4.3243
MOL.1692	0.25941	1.01621	24	0	0.0000
MOL.1693	0.30883	0.88869	59	32	54.2373
MOL.1694	0.32611	1.10731	97	11	11.3402
MOL.1697	0.30613	1.00247	286	0	0.0000
MOL.1703	0.32438	1.00831	524	0	0.0000
MOL.1704	0.29353	0.97344	54	0	0.0000
MOL.1711	0.30944	1.01780	251	0	0.0000
MOL.1713	0.31775	0.93459	188	0	0.0000
MOL.1714	0.35719	0.76555	118	0	0.0000
MOL.1715	0.30390	0.91217	247	0	0.0000
MOL.1716	0.31786	0.93460	37	9	24.3243
MOL.1720	0.31825	0.76185	138	109	78.9855
MOL.1723	0.32533	0.73173	242	195	80.5785
MOL.1726	0.35358	0.88940	47	43	91.4894
MOL.1729	0.32579	0.92639	193	46	23.8342
MOL.1730	0.30145	0.64113	22	15	68.1818
MOL.1732	0.29021	0.66434	24	19	79.1667
MOL.1733	0.33436	0.56130	30	26	86.6667
MOL.1741	0.33528	0.86084	29	0	0.0000
MOL.1743	0.30769	1.14969	104	0	0.0000
MOL.1744	0.38167	0.90501	55	0	0.0000
MOL.1745	0.36315	0.86844	46	0	0.0000
MOL.1753	0.32861	1.06614	74	0	0.0000
MOL.1757	0.32174	0.78091	62	48	77.4194
MOL.1763	0.30799	1.00481	42	36	85.7143
MOL.1765	0.31440	1.03386	236	50	21.1864
MOL.1769	0.34463	0.64006	143	121	84.6154
MOL.1771	0.32628	0.71628	172	137	79.6512
MOL.1772	0.26521	0.52504	22	18	81.8182
MOL.1773	0.30185	0.67602	23	13	56.5217
MOL.1775	0.32322	0.67909	76	67	88.1579
MOL.1776	0.28932	0.51394	32	23	71.8750
MOL.1778	0.31101	0.70600	28	27	96.4286
MOL.1782	0.28475	0.81922	46	40	86.9565
MOL.1785	0.30892	0.80338	190	151	79.4737
MOL.1790	0.31138	1.00295	854	0	0.0000
MOL.1792	0.32547	1.00407	164	0	0.0000
MOL.1795	0.31701	0.95058	1127	0	0.0000
MOL.1802	0.34775	0.72692	23	19	82.6087
MOL.1803	0.32265	0.82983	194	162	83.5052
MOL.1805	0.30035	0.62027	99	72	72.7273
MOL.1809	0.30259	0.65729	30	26	86.6667
MOL.1810	0.32753	0.87214	29	28	96.5517
MOL.1816	0.32346	1.01039	1969	34	1.7268
MOL.1821	0.31084	0.68479	78	74	94.8718
MOL.1826	0.30412	0.97264	28	0	0.0000
MOL.1827	0.30816	0.96497	492	0	0.0000
MOL.1835	0.29711	1.21604	43	43	100.0000
MOL.1838	0.33220	0.72492	50	40	80.0000
MOL.1850	0.34358	0.72838	137	121	88.3212
MOL.1851	0.29207	0.72470	38	32	84.2105
MOL.1852	0.33153	1.04806	31	10	32.2581
MOL.1865	0.32167	1.05128	1980	0	0.0000
MOL.1875	0.34323	0.57203	125	88	70.4000
MOL.1877	0.30717	1.03878	1091	0	0.0000
MOL.1884	0.33968	0.95721	502	310	61.7530
MOL.1890	0.31725	0.80218	353	299	84.7025
MOL.1891	0.31471	0.89907	174	0	0.0000
MOL.1892	0.34392	1.01194	461	0	0.0000
MOL.1893	0.29147	0.53012	23	17	73.9130
MOL.1899	0.31476	0.87458	438	101	23.0594
MOL.1904	0.32987	0.76850	328	284	86.5854
MOL.1907	0.45618	0.82582	26	0	0.0000
MOL.1910	0.30644	0.78504	115	83	72.1739
MOL.1914	0.30582	0.82035	43	0	0.0000
MOL.1919	0.29987	0.80211	97	70	72.1649
MOL.1922	0.32352	0.87856	34	25	73.5294
MOL.1929	0.30580	0.72724	80	71	88.7500
MOL.1931	0.27047	0.67878	56	43	76.7857
MOL.1935	0.30797	0.99650	358	0	0.0000
MOL.1936	0.31998	0.86718	453	41	9.0508
MOL.1941	0.30584	0.84049	97	84	86.5979
MOL.1942	0.33487	0.82651	484	445	91.9421
MOL.1943	0.30029	0.61907	34	33	97.0588
MOL.1949	0.32035	0.99272	90	0	0.0000
MOL.1957	0.31608	0.98934	160	0	0.0000
MOL.1958	0.30716	0.74988	152	143	94.0789
MOL.1970	0.29363	0.49922	26	17	65.3846
MOL.1971	0.30547	0.75350	53	32	60.3774
MOL.1977	0.30098	0.89337	25	21	84.0000
MOL.1980	0.32152	0.75355	491	479	97.5560
MOL.1987	0.32878	0.86741	72	71	98.6111
MOL.1991	0.36116	1.35513	171	1	0.5848
MOL.1992	0.32176	0.71912	329	283	86.0182
MOL.1994	0.54578	1.12856	70	0	0.0000
MOL.2001	0.31625	0.71594	23	1	4.3478
MOL.2004	0.30427	0.98101	381	55	14.4357
MOL.2005	0.31731	1.15597	132	0	0.0000
MOL.2006	0.31142	0.89354	182	177	97.2527
MOL.2011	0.31755	0.98409	298	0	0.0000
MOL.2014	0.32657	1.12453	52	0	0.0000
MOL.2015	0.33530	0.94179	243	0	0.0000
MOL.2017	0.28760	1.03056	55	0	0.0000
MOL.2018	0.30615	0.98041	397	0	0.0000
MOL.2023	0.32913	1.25183	86	86	100.0000
MOL.2024	0.33539	0.82768	34	27	79.4118
MOL.2025	0.31241	0.89294	34	34	100.0000
MOL.2034	0.31688	0.78838	43	38	88.3721
MOL.2038	0.33547	0.67674	24	17	70.8333
MOL.2041	0.30647	0.73688	34	32	94.1176
MOL.2042	0.33856	0.59385	27	27	100.0000
MOL.2047	0.31639	0.71112	324	305	94.1358
MOL.2052	0.32066	0.98071	139	40	28.7770
MOL.2056	0.29976	0.82680	36	8	22.2222
MOL.2058	0.31344	1.02104	655	0	0.0000
MOL.2060	0.29843	0.58907	65	54	83.0769
MOL.2061	0.31976	0.77022	299	240	80.2676
MOL.2065	0.31070	0.46587	35	1	2.8571
MOL.2066	0.35308	1.03385	162	0	0.0000
MOL.2067	0.34208	0.51258	32	3	9.3750
MOL.2070	0.31222	0.69025	218	90	41.2844
MOL.2072	0.31134	0.38494	24	11	45.8333
MOL.2078	0.36550	0.53242	38	32	84.2105
MOL.2085	0.33727	0.84356	474	288	60.7595
MOL.2086	0.34410	0.69453	185	143	77.2973
MOL.2087	0.31156	0.74233	48	30	62.5000
MOL.2096	0.33746	0.84441	218	41	18.8073
MOL.2099	0.30287	0.79541	106	84	79.2453
MOL.2101	0.29934	0.85284	137	0	0.0000
MOL.2102	0.29467	0.97671	50	0	0.0000
MOL.2105	0.30144	1.01981	58	0	0.0000
MOL.2109	0.32054	0.98284	117	0	0.0000
MOL.2111	0.31369	0.95405	1043	0	0.0000
MOL.2116	0.33943	0.67255	392	377	96.1735
MOL.2119	0.31825	0.98677	581	16	2.7539
MOL.2123	0.29485	0.47495	81	70	86.4198
MOL.2124	0.31760	0.93219	470	8	1.7021
MOL.2125	0.30365	1.03647	154	0	0.0000
MOL.2127	0.30531	0.63792	53	25	47.1698
MOL.2128	0.31417	0.65354	27	24	88.8889
MOL.2129	0.32490	0.83119	100	100	100.0000
MOL.2132	0.30632	0.88656	108	20	18.5185
MOL.2133	0.28778	0.62513	21	19	90.4762
MOL.2138	0.30888	0.97254	444	80	18.0180
MOL.2145	0.32295	0.76284	24	23	95.8333
MOL.2149	0.30803	0.57741	25	21	84.0000
MOL.2155	0.31520	0.98461	36	0	0.0000
MOL.2157	0.31357	1.04157	3452	1	0.0290
MOL.2159	0.35395	0.79806	118	0	0.0000
MOL.2160	0.33746	0.77745	117	78	66.6667
MOL.2169	0.31842	0.96879	443	0	0.0000
MOL.2177	0.32328	0.77249	115	111	96.5217
MOL.2180	0.31511	0.98345	20	0	0.0000
MOL.2181	0.31176	0.69461	83	3	3.6145
MOL.2183	0.31842	0.96625	463	131	28.2937
MOL.2188	0.30654	0.74245	30	17	56.6667
MOL.2192	0.37942	0.75494	234	106	45.2991
MOL.2193	0.43299	0.43609	118	44	37.2881
MOL.2194	0.29794	0.86014	46	39	84.7826
MOL.2206	0.30633	0.66534	105	90	85.7143
MOL.2210	0.28187	0.91476	47	17	36.1702
MOL.2216	0.34252	0.70412	82	0	0.0000
MOL.2220	0.24816	1.11364	21	18	85.7143
MOL.2224	0.31942	0.96359	390	0	0.0000
MOL.2226	0.32256	0.99179	975	0	0.0000
MOL.2227	0.36110	0.70471	126	104	82.5397
MOL.2228	0.31238	0.97285	519	30	5.7803
MOL.2230	0.32518	0.70414	95	75	78.9474
MOL.2232	0.32049	0.76247	31	13	41.9355
MOL.2233	0.32365	0.97477	275	0	0.0000
MOL.2235	0.33260	0.91417	435	392	90.1149
MOL.2239	0.31294	0.73128	223	176	78.9238
MOL.2242	0.34311	0.73315	232	222	95.6897
MOL.2245	0.34593	0.66056	153	126	82.3529
MOL.2247	0.30641	0.82070	25	19	76.0000
MOL.2250	0.34042	0.41667	53	41	77.3585
MOL.2260	0.34076	1.35160	29	28	96.5517
MOL.2262	0.33919	0.66846	81	78	96.2963
MOL.2264	0.31979	0.77833	105	100	95.2381
MOL.2268	0.31432	0.99023	846	70	8.2742
MOL.2273	0.32371	0.77603	54	49	90.7407
MOL.2275	0.30793	0.88452	37	33	89.1892
MOL.2284	0.32017	1.03398	2040	0	0.0000
MOL.2287	0.37230	0.96673	76	0	0.0000
MOL.2290	0.30338	0.67348	112	103	91.9643
MOL.2292	0.31796	0.93056	60	23	38.3333
MOL.2296	0.30996	0.99236	218	0	0.0000
MOL.2304	0.30714	0.97406	427	0	0.0000
MOL.2306	0.29960	0.86943	32	0	0.0000
MOL.2308	0.30722	0.96515	171	13	7.6023
MOL.2309	0.27083	0.64041	31	20	64.5161
MOL.2311	0.32231	0.70072	227	177	77.9736
MOL.2312	0.35130	0.82194	150	33	22.0000
MOL.2314	0.38965	0.99396	24	21	87.5000
MOL.2324	0.32174	0.73490	53	50	94.3396
MOL.2328	0.29257	0.69760	139	112	80.5755
MOL.2329	0.34464	0.95740	393	0	0.0000
MOL.2330	0.32020	0.85485	66	0	0.0000
MOL.2331	0.33668	1.02862	42	0	0.0000
MOL.2334	0.32030	0.92135	285	99	34.7368
MOL.2339	0.30948	0.90278	332	2	0.6024
MOL.2343	0.31375	1.03477	691	57	8.2489
MOL.2347	0.59884	1.05189	22	0	0.0000
MOL.2348	0.34463	0.90284	79	46	58.2278
MOL.2350	0.32063	0.98041	703	56	7.9659
MOL.2357	0.30460	0.98319	306	0	0.0000
MOL.2362	0.32572	0.78004	80	78	97.5000
MOL.2363	0.29572	0.75084	36	29	80.5556
MOL.2364	0.30961	0.90020	92	71	77.1739
MOL.2365	0.35332	0.76520	146	126	86.3014
MOL.2376	0.30264	0.68208	235	203	86.3830
MOL.2377	0.31812	0.78795	26	13	50.0000
MOL.2380	0.31162	0.78775	36	12	33.3333
MOL.2383	0.30425	0.68674	46	33	71.7391
MOL.2384	0.27600	0.55949	21	12	57.1429
MOL.2386	0.31099	0.89121	96	88	91.6667
MOL.2390	0.31504	0.48493	31	31	100.0000
MOL.2391	0.30825	0.93362	391	147	37.5959
MOL.2396	0.30594	1.00741	1931	0	0.0000
MOL.2399	0.30477	0.90847	76	0	0.0000
MOL.2403	0.33716	0.65129	23	21	91.3043
MOL.2404	0.31732	0.97020	409	3	0.7335
MOL.2405	0.32296	1.00320	967	6	0.6205
MOL.2409	0.30208	0.73601	137	121	88.3212
MOL.2415	0.31621	0.88747	101	0	0.0000
MOL.2416	0.31926	0.86993	148	11	7.4324
MOL.2419	0.30460	0.97412	36	0	0.0000
MOL.2421	0.30012	0.84123	64	61	95.3125
MOL.2422	0.30260	0.71864	51	5	9.8039
MOL.2430	0.30890	0.87202	91	0	0.0000
MOL.2431	0.39876	0.66959	42	42	100.0000
MOL.2433	0.30374	0.37459	20	20	100.0000
MOL.2436	0.32888	0.76594	352	281	79.8295
MOL.2437	0.31576	0.85869	99	35	35.3535
MOL.2438	0.31707	0.78561	56	35	62.5000
MOL.2439	0.28276	0.80772	66	50	75.7576
MOL.2440	0.33043	0.59501	45	40	88.8889
MOL.2444	0.30136	0.79361	133	127	95.4887
MOL.2448	0.53377	1.14564	74	0	0.0000
MOL.2451	0.40215	1.42092	32	0	0.0000
MOL.2457	0.31585	0.87803	93	0	0.0000
MOL.2458	0.33041	0.75664	34	28	82.3529
MOL.2460	0.32637	0.59532	67	23	34.3284
MOL.2463	0.29730	0.94829	401	223	55.6110
MOL.2465	0.31509	1.02541	1711	10	0.5845
MOL.2466	0.29421	0.57970	43	42	97.6744
MOL.2477	0.30984	0.93260	333	202	60.6607
MOL.2479	0.30369	0.93190	340	0	0.0000
MOL.2480	0.30956	0.88982	34	29	85.2941
MOL.2481	0.32593	0.60125	89	79	88.7640
MOL.2482	0.31180	0.67296	133	128	96.2406
MOL.2483	0.32962	0.90046	190	182	95.7895
MOL.2497	0.35405	0.68794	42	25	59.5238
MOL.2498	0.41795	0.93685	56	0	0.0000
MOL.2499	0.37929	1.07800	79	0	0.0000
MOL.2505	0.29591	0.74814	33	32	96.9697
MOL.2509	0.31087	0.94813	104	101	97.1154
MOL.2511	0.33023	0.82761	62	39	62.9032
MOL.2518	0.31716	0.76367	28	27	96.4286
MOL.2519	0.30143	0.53706	55	47	85.4545
MOL.2520	0.33836	0.73493	56	53	94.6429
MOL.2522	0.34513	0.93776	159	117	73.5849
MOL.2524	0.31141	0.85731	106	84	79.2453
MOL.2526	0.31832	0.64965	22	20	90.9091
MOL.2527	0.33388	1.05422	106	0	0.0000
MOL.2528	0.60526	0.87451	24	0	0.0000
MOL.2532	0.32453	0.80211	144	112	77.7778
MOL.2538	0.29860	0.57461	62	42	67.7419
MOL.2541	0.31428	1.01419	3962	0	0.0000
MOL.2545	0.32600	0.62205	45	0	0.0000
MOL.2546	0.35258	0.64996	85	67	78.8235
MOL.2551	0.33182	0.91514	289	285	98.6159
MOL.2552	0.28413	0.71200	41	40	97.5610
MOL.2553	0.33015	0.98882	949	82	8.6407
MOL.2554	0.30717	0.93232	232	0	0.0000
MOL.2556	0.29937	0.75006	29	25	86.2069
MOL.2557	0.31588	0.66757	106	94	88.6792
MOL.2559	0.31627	1.06881	1020	13	1.2745
MOL.2563	0.37083	1.07117	72	0	0.0000
MOL.2564	0.30429	1.00506	406	0	0.0000
MOL.2565	0.31508	0.82614	513	0	0.0000
MOL.2567	0.30724	0.96560	210	0	0.0000
MOL.2572	0.35333	0.97983	31	29	93.5484
MOL.2573	0.34088	0.96228	54	47	87.0370
MOL.2575	0.31621	0.73305	165	148	89.6970
MOL.2576	0.31448	0.93920	316	281	88.9241
MOL.2583	0.31141	0.98071	1925	348	18.0779
MOL.2589	0.51938	1.16021	61	0	0.0000
MOL.2592	0.29531	0.71779	24	24	100.0000
MOL.2594	0.27935	0.64324	36	35	97.2222
MOL.2595	0.34685	1.02960	84	84	100.0000
MOL.2596	0.32642	0.85283	410	398	97.0732
MOL.2597	0.25130	0.49451	21	19	90.4762
MOL.2598	0.27173	0.70543	26	10	38.4615
MOL.2600	0.30415	0.88902	497	117	23.5412
MOL.2608	0.30594	1.09284	62	0	0.0000
MOL.2609	0.39909	0.81126	156	45	28.8462
MOL.2612	0.30987	0.86034	193	112	58.0311
MOL.2613	0.32613	0.86083	592	185	31.2500
MOL.2627	0.27336	0.59987	50	42	84.0000
MOL.2628	0.32064	0.62568	112	76	67.8571
MOL.2636	0.33135	0.54392	103	85	82.5243
MOL.2638	0.30713	0.65709	161	125	77.6398
MOL.2642	0.31732	0.88090	34	23	67.6471
MOL.2643	0.30682	0.91701	72	0	0.0000
MOL.2645	0.28988	0.67497	54	40	74.0741
MOL.2646	0.31618	0.77392	31	31	100.0000
MOL.2648	0.32404	0.90714	158	0	0.0000
MOL.2649	0.32287	0.75130	22	14	63.6364
MOL.2651	0.29452	1.08226	196	0	0.0000
MOL.2652	0.31337	0.95030	217	0	0.0000
MOL.2655	0.29564	0.69819	36	17	47.2222
MOL.2656	0.36571	0.57675	77	76	98.7013
MOL.2657	0.27175	0.81604	45	42	93.3333
MOL.2659	0.31839	0.99317	151	11	7.2848
MOL.2665	0.33381	0.89076	272	0	0.0000
MOL.2666	0.30759	0.49921	29	20	68.9655
MOL.2668	0.40206	0.41959	21	20	95.2381
MOL.2670	0.34727	0.58750	47	44	93.6170
MOL.2673	0.26051	0.75386	53	49	92.4528
MOL.2675	0.33980	0.77483	184	180	97.8261
MOL.2677	0.30660	0.99441	741	0	0.0000
MOL.2678	0.31752	0.95191	270	0	0.0000
MOL.2680	0.31501	0.96969	149	0	0.0000
MOL.2681	0.36996	0.46979	27	0	0.0000
MOL.2687	0.30757	1.04691	259	0	0.0000
MOL.2688	0.33189	0.91664	34	0	0.0000
MOL.2689	0.37930	0.96395	280	0	0.0000
MOL.2694	0.31022	0.70907	46	0	0.0000
MOL.2695	0.32958	0.96469	162	0	0.0000
MOL.2701	0.31059	0.78279	440	386	87.7273
MOL.2704	0.29584	0.71622	106	74	69.8113
MOL.2709	0.47442	1.91296	23	0	0.0000
MOL.2710	0.30972	0.75288	26	0	0.0000
MOL.2712	0.32406	0.84034	494	197	39.8785
MOL.2716	0.30816	1.03684	865	1	0.1156
MOL.2719	0.30483	1.32987	31	23	74.1935
MOL.2720	0.30000	0.71124	33	27	81.8182
MOL.2721	0.32814	0.77440	362	278	76.7956
MOL.2722	0.28793	0.83519	47	33	70.2128
MOL.2723	0.32170	0.71946	28	23	82.1429
MOL.2727	0.30114	0.92756	242	0	0.0000
MOL.2728	0.31983	0.76029	485	393	81.0309
MOL.2734	0.35818	0.83241	24	0	0.0000
MOL.2736	0.33835	1.04507	139	0	0.0000
MOL.2740	0.31719	1.21352	233	0	0.0000
MOL.2741	0.37919	0.69977	43	0	0.0000
MOL.2748	0.36937	0.76605	20	0	0.0000
MOL.2750	0.30816	1.01641	648	0	0.0000
MOL.2755	0.32875	0.72737	147	139	94.5578
MOL.2756	0.39570	0.82999	86	83	96.5116
MOL.2759	0.30710	1.02240	563	0	0.0000
MOL.2760	0.30592	1.01898	461	0	0.0000
MOL.2767	0.31152	1.02126	73	0	0.0000
MOL.2770	0.32575	0.82062	37	30	81.0811
MOL.2773	0.32405	0.85505	295	280	94.9153
MOL.2780	0.36959	0.91394	29	27	93.1034
MOL.2781	0.36622	0.76186	638	565	88.5580
MOL.2789	0.32898	0.86108	178	169	94.9438
MOL.2790	0.31332	1.00823	40	0	0.0000
MOL.2797	0.32342	1.00993	107	0	0.0000
MOL.2799	0.31881	1.02826	658	13	1.9757
MOL.2801	0.35592	0.60840	36	32	88.8889
MOL.2802	0.29699	0.80955	217	192	88.4793
MOL.2809	0.32581	0.95651	151	0	0.0000
MOL.2820	0.33231	0.69847	80	67	83.7500
MOL.2823	0.30629	0.69783	118	108	91.5254
MOL.2828	0.31635	0.74455	142	133	93.6620
MOL.2829	0.30022	0.62514	119	112	94.1176
MOL.2830	0.33099	0.78491	193	188	97.4093
MOL.2831	0.31353	0.94988	136	4	2.9412
MOL.2842	0.32084	0.94115	143	0	0.0000
MOL.2843	0.31558	0.91962	842	443	52.6128
MOL.2846	0.30817	1.07950	90	0	0.0000
MOL.2849	0.32258	0.92945	919	47	5.1143
MOL.2856	0.29956	0.71451	24	0	0.0000
MOL.2857	0.34502	0.92616	105	94	89.5238
MOL.2859	0.31808	0.86253	310	273	88.0645
MOL.2863	0.31926	0.96585	133	0	0.0000
MOL.2864	0.31449	1.13310	46	0	0.0000
MOL.2867	0.31985	0.65340	49	36	73.4694
MOL.2869	0.31031	0.95035	645	0	0.0000
MOL.2878	0.31826	0.94449	93	2	2.1505
MOL.2887	0.32194	1.08545	260	0	0.0000
MOL.2889	0.32028	0.83947	85	0	0.0000
MOL.2893	0.33915	0.77472	44	44	100.0000
MOL.2900	0.32809	0.91879	517	156	30.1741
MOL.2901	0.29666	0.95856	21	4	19.0476
MOL.2903	0.30986	0.68088	124	54	43.5484
MOL.2912	0.31989	0.97519	65	0	0.0000
MOL.2923	0.33855	0.55427	158	142	89.8734
MOL.2925	0.46411	1.03142	164	6	3.6585
MOL.2928	0.36506	0.71931	62	23	37.0968
MOL.2929	0.36050	0.73186	428	393	91.8224
MOL.2930	0.37087	0.98016	65	0	0.0000
MOL.2931	0.32830	0.69484	108	92	85.1852
MOL.2934	0.35723	0.70062	20	17	85.0000
MOL.2939	0.34103	0.84644	395	385	97.4684
MOL.2940	0.33317	1.02228	2736	0	0.0000
MOL.2954	0.32901	0.90070	603	0	0.0000
MOL.2958	0.31928	1.00041	83	0	0.0000
MOL.2959	0.34946	0.74956	256	229	89.4531
MOL.2961	0.33619	0.64983	66	42	63.6364
MOL.2962	0.31281	0.96003	55	0	0.0000
MOL.2963	0.32298	0.89345	30	0	0.0000
MOL.2968	0.31358	0.88231	46	0	0.0000
MOL.2970	0.31666	0.86074	94	87	92.5532
MOL.2971	0.32306	0.83385	126	105	83.3333
MOL.2972	0.33473	0.71397	156	148	94.8718
MOL.2973	0.31896	0.98898	103	0	0.0000
MOL.2974	0.33206	0.94551	1484	35	2.3585
MOL.2975	0.34058	0.76985	37	34	91.8919
MOL.2980	0.32155	0.92016	62	59	95.1613
MOL.2981	0.32324	0.89494	881	174	19.7503
MOL.2984	0.33062	0.91920	153	98	64.0523
MOL.2985	0.32530	0.92393	1078	203	18.8312
MOL.2989	0.37780	0.91665	34	34	100.0000
MOL.2990	0.34570	0.78766	125	111	88.8000
MOL.2993	0.30886	0.68465	134	104	77.6119
MOL.2994	0.30446	0.60103	50	33	66.0000
MOL.2995	0.34085	0.96352	48	36	75.0000
MOL.3002	0.32275	0.75913	21	18	85.7143
MOL.3004	0.32795	1.02997	1093	0	0.0000
MOL.3005	0.33111	0.81789	436	377	86.4679
MOL.3012	0.32943	0.93988	1699	107	6.2978
MOL.3015	0.30260	0.99262	183	144	78.6885
MOL.3018	0.28041	0.64881	73	70	95.8904
MOL.3020	0.33031	0.87750	855	722	84.4444
MOL.3022	0.30332	0.87928	92	89	96.7391
MOL.3023	0.33261	0.80774	39	36	92.3077
MOL.3024	0.32112	0.78022	266	243	91.3534
MOL.3028	0.29529	0.66237	36	20	55.5556
MOL.3029	0.34124	0.56305	114	93	81.5789
MOL.3032	0.32068	0.89111	155	48	30.9677
MOL.3034	0.30471	0.85019	30	28	93.3333
MOL.3041	0.32404	0.91593	127	54	42.5197
MOL.3046	0.33391	0.81139	26	19	73.0769
MOL.3048	0.31945	0.94725	562	95	16.9039
MOL.3050	0.32682	0.94339	31	0	0.0000
MOL.3053	0.33654	0.89348	883	178	20.1586
MOL.3056	0.33395	0.89290	383	336	87.7285
MOL.3065	0.32824	0.90635	291	0	0.0000
MOL.3066	0.32385	0.81615	134	57	42.5373
MOL.3070	0.34660	0.67079	259	234	90.3475
MOL.3072	0.30489	1.07583	92	89	96.7391
MOL.3075	0.36500	0.90098	370	366	98.9189
MOL.3076	0.32259	0.85188	120	118	98.3333
MOL.3079	0.34814	0.86711	69	0	0.0000
MOL.3080	0.31545	0.80712	199	162	81.4070
MOL.3082	0.30561	0.53717	23	10	43.4783
MOL.3090	0.34419	0.70767	56	50	89.2857
MOL.3097	0.34272	0.69245	47	45	95.7447
MOL.3098	0.33611	0.85810	1051	435	41.3892
MOL.3102	0.34254	0.81745	31	31	100.0000
MOL.3103	0.31935	0.78548	40	38	95.0000
MOL.3105	0.32640	0.83673	77	1	1.2987
MOL.3108	0.28907	0.98430	87	0	0.0000
MOL.3109	0.32330	0.85680	331	80	24.1692
MOL.3120	0.32195	0.79133	59	58	98.3051
MOL.3121	0.33823	0.85302	365	18	4.9315
MOL.3124	0.32904	0.75054	191	187	97.9058
MOL.3125	0.28741	0.67205	50	50	100.0000
MOL.3129	0.33185	0.73849	24	23	95.8333
MOL.3130	0.34325	0.87895	37	36	97.2973
MOL.3138	0.31637	0.82716	281	0	0.0000
MOL.3140	0.33601	0.77168	67	0	0.0000
MOL.3144	0.32407	0.89969	154	0	0.0000
MOL.3148	0.34760	0.72293	42	39	92.8571
MOL.3150	0.26544	0.76216	32	31	96.8750
MOL.3152	0.32716	0.93631	258	3	1.1628
MOL.3153	0.33471	0.73014	148	126	85.1351
MOL.3164	0.34517	0.86827	21	0	0.0000
MOL.3170	0.32627	0.93343	698	0	0.0000
MOL.3178	0.33030	0.72745	63	51	80.9524
MOL.3184	0.32569	0.97055	351	0	0.0000
MOL.3193	0.32683	0.89854	310	0	0.0000
MOL.3194	0.31063	1.00816	47	0	0.0000
MOL.3198	0.33410	1.65333	20	4	20.0000
MOL.3199	0.30276	1.18504	37	19	51.3514
MOL.3200	0.33235	0.78749	213	195	91.5493
MOL.3207	0.32263	0.83013	189	184	97.3545
MOL.3212	0.31946	0.76243	48	0	0.0000
MOL.3213	0.34019	0.76387	127	106	83.4646
MOL.3218	0.31230	0.71560	138	118	85.5072
MOL.3233	0.33230	0.72284	113	99	87.6106
MOL.3235	0.35709	0.78176	103	88	85.4369
MOL.3240	0.32788	0.91618	774	16	2.0672
MOL.3246	0.31548	0.93258	21	18	85.7143
MOL.3247	0.32932	0.96369	309	21	6.7961
MOL.3257	0.32460	0.87985	76	72	94.7368
MOL.3264	0.31923	1.02517	321	0	0.0000
MOL.3268	0.32833	1.04299	2255	62	2.7494
MOL.3270	0.34967	0.94515	278	0	0.0000
MOL.3279	0.34364	0.99257	128	0	0.0000
MOL.3281	0.33100	0.81506	73	0	0.0000
MOL.3282	0.29773	0.76739	106	83	78.3019
MOL.3284	0.30937	0.63947	58	51	87.9310
MOL.3287	0.38234	0.71482	142	23	16.1972
MOL.3288	0.32102	0.79145	145	118	81.3793
MOL.3291	0.46078	1.24188	20	0	0.0000
MOL.3292	0.33884	0.96776	74	59	79.7297
MOL.3293	0.30116	0.69710	38	27	71.0526
MOL.3295	0.28524	1.31118	24	21	87.5000
MOL.3296	0.32300	0.95071	301	100	33.2226
MOL.3299	0.32867	0.78323	295	275	93.2203
MOL.3301	0.32247	0.77058	201	144	71.6418
MOL.3302	0.30604	0.81988	96	86	89.5833
MOL.3304	0.30305	0.86030	73	54	73.9726
MOL.3305	0.31490	0.73648	139	97	69.7842
MOL.3307	0.32604	1.10110	141	0	0.0000
MOL.3308	0.33913	0.87985	152	7	4.6053
MOL.3311	0.32765	0.90695	1410	155	10.9929
MOL.3316	0.32917	0.72041	130	110	84.6154
MOL.3327	0.30409	0.85374	89	78	87.6404
MOL.3329	0.29070	0.81168	49	32	65.3061
MOL.3330	0.33737	0.77232	680	454	66.7647
MOL.3331	0.31611	0.73108	137	134	97.8102
MOL.3333	0.39262	1.07305	21	0	0.0000
MOL.3335	0.31891	0.99917	588	0	0.0000
MOL.3339	0.32394	0.97925	121	0	0.0000
MOL.3340	0.26786	0.99567	69	0	0.0000
MOL.3346	0.31623	0.96625	229	0	0.0000
MOL.3354	0.29999	0.86788	208	0	0.0000
MOL.3356	0.31479	0.95589	211	0	0.0000
MOL.3362	0.33498	1.15779	57	0	0.0000
MOL.3363	0.31274	0.73093	88	0	0.0000
MOL.3370	0.31662	0.74735	64	60	93.7500
MOL.3372	0.32430	0.85817	108	94	87.0370
MOL.3374	0.30795	0.64562	28	28	100.0000
MOL.3379	0.27442	0.53368	20	16	80.0000
MOL.3380	0.34107	0.97358	21	21	100.0000
MOL.3384	0.32534	1.03094	153	0	0.0000
MOL.3387	0.31711	1.06727	357	0	0.0000
MOL.3396	0.32473	0.86818	48	0	0.0000
MOL.3397	0.32823	0.79644	199	0	0.0000
MOL.3398	0.29711	1.02616	56	0	0.0000
MOL.3400	0.34646	1.14376	95	0	0.0000
MOL.3401	0.29092	0.82952	36	0	0.0000
MOL.3402	0.33481	0.93227	59	0	0.0000
MOL.3404	0.34120	0.97762	750	0	0.0000
MOL.3409	0.32078	1.03111	2064	23	1.1143
MOL.3410	0.31654	1.01391	5539	3	0.0542
MOL.3414	0.31664	1.03002	462	0	0.0000
MOL.3415	0.32086	0.87519	316	0	0.0000
MOL.3416	0.33746	1.16988	39	0	0.0000
MOL.3417	0.30607	0.94306	93	0	0.0000
MOL.3420	0.31779	0.78208	23	23	100.0000
MOL.3421	0.29180	1.10976	30	28	93.3333
MOL.3424	0.34016	0.58851	58	45	77.5862
MOL.3425	0.29119	0.78325	35	31	88.5714
MOL.3428	0.29355	1.06280	118	0	0.0000
MOL.3438	0.30776	1.01031	706	0	0.0000
MOL.3442	0.33013	0.80039	40	0	0.0000
MOL.3445	0.30636	1.04328	328	0	0.0000
MOL.3449	0.36630	0.90949	67	0	0.0000
MOL.3451	0.31101	0.94082	64	0	0.0000
MOL.3460	0.29942	1.05158	90	0	0.0000
MOL.3461	0.32522	0.72387	92	2	2.1739
MOL.3464	0.31643	1.08138	165	0	0.0000
MOL.3467	0.29395	0.97735	214	0	0.0000
MOL.3472	0.32117	0.65439	35	23	65.7143
MOL.3473	0.30996	0.98060	347	0	0.0000
MOL.3475	0.30662	0.78531	85	45	52.9412
MOL.3477	0.34982	0.56463	38	32	84.2105
MOL.3478	0.31039	1.03703	21	0	0.0000
MOL.3481	0.32010	0.55708	98	93	94.8980
MOL.3485	0.30099	0.68246	63	53	84.1270
MOL.3486	0.31766	0.66307	46	45	97.8261
MOL.3487	0.32280	1.05916	72	65	90.2778
MOL.3490	0.31961	0.58815	21	4	19.0476
MOL.3496	0.31709	0.98174	1334	0	0.0000
MOL.3505	0.32340	1.07607	504	0	0.0000
MOL.3507	0.31538	0.97150	987	0	0.0000
MOL.3508	0.33333	0.98959	23	0	0.0000
MOL.3512	0.38812	0.68488	51	49	96.0784
MOL.3513	0.32771	0.69510	43	21	48.8372
MOL.3520	0.32349	0.66724	86	68	79.0698
MOL.3523	0.31225	0.85315	28	25	89.2857
MOL.3524	0.33650	0.69785	110	108	98.1818
MOL.3526	0.33645	0.64422	36	24	66.6667
MOL.3531	0.34885	0.59587	179	169	94.4134
MOL.3536	0.64590	0.90890	28	0	0.0000
MOL.3537	0.27578	0.71760	29	10	34.4828
MOL.3538	0.32644	0.82981	249	240	96.3855
MOL.3540	0.33010	0.73396	159	151	94.9686
MOL.3542	0.34323	0.84548	205	129	62.9268
MOL.3554	0.27137	0.83667	180	149	82.7778
MOL.3559	0.31306	0.60974	86	64	74.4186
MOL.3561	0.29959	1.04711	1419	0	0.0000
MOL.3566	0.30045	0.86950	78	72	92.3077
MOL.3568	0.31237	0.97785	1373	319	23.2338
MOL.3571	0.32639	1.01761	90	0	0.0000
MOL.3573	0.32417	0.92728	581	0	0.0000
MOL.3574	0.30917	1.00094	788	83	10.5330
MOL.3576	0.31702	0.74866	77	58	75.3247
MOL.3577	0.32676	0.80266	178	138	77.5281
MOL.3578	0.30946	0.92480	417	7	1.6787
MOL.3579	0.30577	0.93407	539	24	4.4527
MOL.3581	0.31609	0.86809	159	0	0.0000
MOL.3583	0.34396	0.78915	20	17	85.0000
MOL.3586	0.31067	0.89493	514	14	2.7237
MOL.3589	0.32010	0.96261	405	0	0.0000
MOL.3591	0.31070	0.57361	55	10	18.1818
MOL.3593	0.31093	0.65546	74	49	66.2162
MOL.3597	0.28132	1.06113	34	0	0.0000
MOL.3598	0.32125	1.04500	1408	0	0.0000
MOL.3600	0.31027	0.96680	294	0	0.0000
MOL.3605	0.28423	0.69274	74	46	62.1622
MOL.3610	0.31681	0.91409	447	24	5.3691
MOL.3613	0.31464	0.60268	54	49	90.7407
MOL.3614	0.47923	1.14569	49	43	87.7551
MOL.3617	0.31403	0.80839	173	152	87.8613
MOL.3619	0.37904	0.73153	207	152	73.4300
MOL.3626	0.29581	0.74388	29	23	79.3103
MOL.3627	0.30457	0.80946	55	55	100.0000
MOL.3633	0.32196	0.85881	58	53	91.3793
MOL.3636	0.30237	0.80390	72	0	0.0000
MOL.3638	0.31422	1.03827	199	0	0.0000
MOL.3644	0.32068	1.04755	435	70	16.0920
MOL.3645	0.34814	0.73219	61	0	0.0000
MOL.3646	0.35454	0.80040	63	1	1.5873
MOL.3648	0.33022	0.77480	188	179	95.2128
MOL.3653	0.35447	0.65814	37	28	75.6757
MOL.3655	0.30243	0.68401	89	82	92.1348
MOL.3656	0.33039	0.96692	107	0	0.0000
MOL.3658	0.32704	0.86469	30	0	0.0000
MOL.3659	0.33929	0.88494	66	0	0.0000
MOL.3662	0.32796	0.76176	83	0	0.0000
MOL.3667	0.29428	0.90877	76	3	3.9474
MOL.3670	0.34094	0.89805	703	0	0.0000
MOL.3674	0.30981	0.81208	213	189	88.7324
MOL.3678	0.32815	0.94759	169	165	97.6331
MOL.3681	0.31577	0.90395	265	5	1.8868
MOL.3682	0.30219	0.76405	44	0	0.0000
MOL.3683	0.32196	0.98213	62	0	0.0000
MOL.3684	0.30069	0.73611	20	10	50.0000
MOL.3685	0.33692	0.72343	201	166	82.5871
MOL.3687	0.31288	1.04996	278	0	0.0000
MOL.3688	0.29152	0.93845	174	0	0.0000
MOL.3691	0.34652	0.63660	36	32	88.8889
MOL.3695	0.30127	0.52005	108	95	87.9630
MOL.3696	0.35303	0.63781	40	21	52.5000
MOL.3701	0.31863	0.91991	288	268	93.0556
MOL.3704	0.30681	0.56403	74	55	74.3243
MOL.3710	0.30044	1.07220	32	0	0.0000
MOL.3711	0.32705	1.00893	2170	1	0.0461
MOL.3714	0.32518	0.73520	209	146	69.8565
MOL.3718	0.31870	0.98927	1302	0	0.0000
MOL.3721	0.32139	0.62744	47	41	87.2340
MOL.3723	0.31086	0.90771	144	102	70.8333
MOL.3725	0.59902	0.93843	67	0	0.0000
MOL.3726	0.32166	0.77630	114	102	89.4737
MOL.3730	0.33529	0.80874	395	380	96.2025
MOL.3737	0.31873	0.95327	391	38	9.7187
MOL.3740	0.34439	0.84988	92	83	90.2174
MOL.3742	0.30722	0.66169	106	84	79.2453
MOL.3749	0.30482	0.97798	339	0	0.0000
MOL.3750	0.31168	0.97273	401	61	15.2120
MOL.3751	0.31499	0.94342	620	82	13.2258
MOL.3757	0.31224	0.75559	20	19	95.0000
MOL.3763	0.30417	0.78456	32	27	84.3750
MOL.3764	0.31411	0.97593	607	56	9.2257
MOL.3766	0.31282	1.18996	300	0	0.0000
MOL.3768	0.31475	0.95396	548	131	23.9051
MOL.3769	0.35264	0.52023	69	2	2.8986
MOL.3770	0.31973	0.93959	504	0	0.0000
MOL.3772	0.29687	0.60382	42	34	80.9524
MOL.3776	0.32546	1.05065	815	5	0.6135
MOL.3777	0.34504	0.67299	102	91	89.2157
MOL.3779	0.27549	0.68508	46	38	82.6087
MOL.3780	0.27425	0.68142	29	27	93.1034
MOL.3781	0.30114	0.76693	113	97	85.8407
MOL.3785	0.30936	0.97929	704	0	0.0000
MOL.3792	0.30341	1.00575	56	0	0.0000
MOL.3793	0.36324	1.26135	30	0	0.0000
MOL.3802	0.31620	1.00503	1859	10	0.5379
MOL.3805	0.32908	0.59449	91	89	97.8022
MOL.3813	0.33525	0.89621	74	56	75.6757
MOL.3816	0.33336	0.86830	393	308	78.3715
MOL.3817	0.32320	0.78618	96	82	85.4167
MOL.3818	0.31070	0.77541	161	159	98.7578
MOL.3822	0.32442	0.56973	37	24	64.8649
MOL.3823	0.33080	0.50624	129	119	92.2481
MOL.3824	0.31290	0.88252	346	116	33.5260
MOL.3826	0.31539	0.63669	47	40	85.1064
MOL.3827	0.34839	0.83041	35	29	82.8571
MOL.3834	0.32888	1.55046	24	24	100.0000
MOL.3835	0.31385	0.88862	291	22	7.5601
MOL.3839	0.32200	0.82599	62	9	14.5161
MOL.3840	0.30729	0.97097	75	0	0.0000
MOL.3842	0.31695	0.96557	187	0	0.0000
MOL.3850	0.30950	0.99454	2729	140	5.1301
MOL.3852	0.33020	0.75540	158	154	97.4684
MOL.3854	0.31642	0.90791	32	0	0.0000
MOL.3863	0.34829	0.94203	230	0	0.0000
MOL.3865	0.33333	1.12797	39	0	0.0000
MOL.3866	0.31104	0.97376	315	0	0.0000
MOL.3868	0.27672	0.91445	50	0	0.0000
MOL.3869	0.37707	1.06533	169	0	0.0000
MOL.3871	0.31247	0.79042	24	0	0.0000
MOL.3874	0.31385	0.67371	89	83	93.2584
MOL.3875	0.34993	0.75838	130	115	88.4615
MOL.3876	0.30940	0.54583	27	22	81.4815
MOL.3877	0.34472	0.75213	51	28	54.9020
MOL.3879	0.39105	1.06037	27	27	100.0000
MOL.3882	0.31689	0.99969	1360	1	0.0735
MOL.3888	0.28983	0.82309	56	44	78.5714
MOL.3890	0.31475	0.97548	44	40	90.9091
MOL.3892	0.29802	0.57150	36	32	88.8889
MOL.3894	0.30589	0.90725	207	74	35.7488
MOL.3897	0.30396	1.41179	46	41	89.1304
MOL.3898	0.30439	0.75493	206	187	90.7767
MOL.3904	0.31532	0.94963	639	0	0.0000
MOL.3905	0.30285	0.98274	30	0	0.0000
MOL.3907	0.32553	0.94019	55	0	0.0000
MOL.3911	0.31151	1.01347	795	0	0.0000
MOL.3914	0.31045	0.87420	65	64	98.4615
MOL.3916	0.39489	1.20442	23	0	0.0000
MOL.3917	0.31599	0.84475	21	3	14.2857
MOL.3923	0.30826	0.87284	70	21	30.0000
MOL.3924	0.31203	1.00286	2537	0	0.0000
MOL.3927	0.31505	0.98568	244	0	0.0000
MOL.3928	0.31806	0.99110	584	0	0.0000
MOL.3929	0.32034	0.72988	24	0	0.0000
MOL.3930	0.32793	0.75442	59	0	0.0000
MOL.3939	0.31552	0.76074	32	32	100.0000
MOL.3942	0.30698	0.90462	142	125	88.0282
MOL.3944	0.32920	0.86095	166	149	89.7590
MOL.3948	0.50752	0.74715	62	62	100.0000
MOL.3952	0.36431	0.89745	28	28	100.0000
MOL.3953	0.30418	0.50941	53	49	92.4528
MOL.3959	0.32049	0.93787	835	0	0.0000
MOL.3960	0.29290	0.95469	27	0	0.0000
MOL.3963	0.31079	1.00941	1078	0	0.0000
MOL.3969	0.32031	0.96203	38	17	44.7368
MOL.3971	0.28362	1.03120	25	10	40.0000
MOL.3972	0.31946	0.98487	581	0	0.0000
MOL.3973	0.34009	0.60061	82	70	85.3659
MOL.3975	0.32267	1.04395	30	0	0.0000
MOL.3976	0.29398	0.99724	467	146	31.2634
MOL.3978	0.30267	0.69711	98	94	95.9184
MOL.3980	0.30169	1.13684	22	22	100.0000
MOL.3983	0.27482	0.68218	33	31	93.9394
MOL.3984	0.32712	0.85703	294	33	11.2245
MOL.3988	0.34234	0.64569	28	23	82.1429
MOL.3989	0.30625	0.74597	45	45	100.0000
MOL.3991	0.36510	0.59104	39	37	94.8718
MOL.3992	0.31241	0.57179	28	22	78.5714
MOL.3993	0.32339	0.81697	50	47	94.0000
MOL.3997	0.29979	0.86119	20	9	45.0000
MOL.4000	0.34185	0.91301	240	0	0.0000
MOL.4005	0.31597	0.99513	725	0	0.0000
MOL.4008	0.30352	0.72558	57	0	0.0000
MOL.4011	0.39518	1.73045	27	0	0.0000
MOL.4012	0.31947	0.95399	254	1	0.3937
MOL.4013	0.31961	0.97609	1914	118	6.1651
MOL.4016	0.31091	0.73980	145	122	84.1379
MOL.4019	0.31877	0.67722	280	254	90.7143
MOL.4021	0.32286	0.89041	145	98	67.5862
MOL.4025	0.39051	1.08833	25	23	92.0000
MOL.4027	0.34465	0.62871	78	69	88.4615
MOL.4031	0.32005	0.83566	105	101	96.1905
MOL.4032	0.32953	0.67106	48	48	100.0000
MOL.4033	0.28913	0.94552	37	36	97.2973
MOL.4034	0.29385	0.63274	114	93	81.5789
MOL.4035	0.31758	1.00068	155	108	69.6774
MOL.4037	0.32515	0.98676	407	24	5.8968
MOL.4038	0.33544	0.76100	117	93	79.4872
MOL.4040	0.33400	0.69633	116	101	87.0690
MOL.4043	0.31863	0.69020	45	44	97.7778
MOL.4044	0.29850	0.75533	34	32	94.1176
MOL.4045	0.33458	1.00216	61	18	29.5082
MOL.4051	0.30563	0.85391	21	2	9.5238
MOL.4053	0.34075	0.68411	36	36	100.0000
MOL.4056	0.34169	0.86733	23	0	0.0000
MOL.4058	0.29123	0.76671	69	63	91.3043
MOL.4059	0.31667	0.93575	1605	152	9.4704
MOL.4062	0.30776	0.60723	34	30	88.2353
MOL.4063	0.30511	0.73088	115	99	86.0870
MOL.4065	0.32643	0.52932	29	25	86.2069
MOL.4066	0.30932	0.66352	69	63	91.3043
MOL.4067	0.35159	0.84972	76	0	0.0000
MOL.4068	0.31635	1.09534	57	0	0.0000
MOL.4069	0.33583	0.88553	710	0	0.0000
MOL.4072	0.30478	0.76783	47	26	55.3191
MOL.4073	0.31432	0.97029	1631	0	0.0000
MOL.4076	0.31687	0.94906	141	0	0.0000
MOL.4077	0.31829	0.92130	103	96	93.2039
MOL.4079	0.48110	1.04005	44	0	0.0000
MOL.4081	0.31709	0.87354	55	0	0.0000
MOL.4083	0.33566	0.83910	134	0	0.0000
MOL.4089	0.33937	0.94689	40	0	0.0000
MOL.4090	0.36517	1.03221	185	0	0.0000
MOL.4091	0.31225	0.74339	44	0	0.0000
MOL.4095	0.30762	0.87456	64	0	0.0000
MOL.4101	0.30885	1.10270	201	0	0.0000
MOL.4103	0.34961	1.05790	64	0	0.0000
MOL.4104	0.29934	0.97640	115	0	0.0000
MOL.4106	0.30877	0.91057	46	0	0.0000
MOL.4110	0.32278	0.86485	92	0	0.0000
MOL.4116	0.30822	0.80235	27	0	0.0000
MOL.4117	0.36711	0.55949	27	3	11.1111
MOL.4118	0.27287	0.89061	52	48	92.3077
MOL.4120	0.33613	0.91671	571	191	33.4501
MOL.4121	0.33270	0.82955	172	155	90.1163
MOL.4125	0.36253	0.80179	155	136	87.7419
MOL.4132	0.35647	0.79417	56	0	0.0000
MOL.4134	0.32521	1.02012	3093	3	0.0970
MOL.4139	0.32073	0.65030	168	141	83.9286
MOL.4142	0.32096	1.00367	598	0	0.0000
MOL.4144	0.31805	0.87423	32	0	0.0000
MOL.4149	0.31440	0.76554	30	0	0.0000
MOL.4153	0.31577	0.89849	217	99	45.6221
MOL.4154	0.33660	0.94027	237	0	0.0000
MOL.4161	0.42475	1.07200	52	0	0.0000
MOL.4165	0.33404	0.96348	44	0	0.0000
MOL.4166	0.46369	0.98472	126	0	0.0000
MOL.4167	0.31383	0.97458	306	0	0.0000
MOL.4169	0.32078	0.89245	561	67	11.9430
MOL.4170	0.31041	0.66098	36	13	36.1111
MOL.4177	0.33237	0.97006	1542	87	5.6420
MOL.4179	0.30076	0.70552	20	14	70.0000
MOL.4180	0.31522	0.79840	520	443	85.1923
MOL.4185	0.36740	0.87151	223	17	7.6233
MOL.4187	0.33967	0.91934	301	0	0.0000
MOL.4189	0.31365	0.95461	76	0	0.0000
MOL.4194	0.31265	1.02746	4239	9	0.2123
MOL.4195	0.30878	1.07378	323	0	0.0000
MOL.4196	0.32570	1.00875	78	0	0.0000
MOL.4200	0.33803	0.91616	383	0	0.0000
MOL.4201	0.33127	0.79856	45	28	62.2222
MOL.4203	0.32066	0.73899	325	117	36.0000
MOL.4211	0.33090	0.84419	37	23	62.1622
MOL.4212	0.32289	0.67786	329	287	87.2340
MOL.4214	0.33925	0.61667	79	67	84.8101
MOL.4215	0.32325	0.98651	1126	223	19.8046
MOL.4217	0.32349	0.70968	216	202	93.5185
MOL.4223	0.32127	0.95629	761	24	3.1537
MOL.4224	0.29755	0.91120	32	24	75.0000
MOL.4226	0.39118	0.76084	201	184	91.5423
MOL.4227	0.31576	0.95455	2062	235	11.3967
MOL.4228	0.32600	1.21352	185	170	91.8919
MOL.4229	0.36231	0.61727	96	91	94.7917
MOL.4233	0.32088	0.64728	130	123	94.6154
MOL.4237	0.30996	0.74248	309	243	78.6408
MOL.4239	0.32900	0.69850	172	146	84.8837
MOL.4240	0.29735	0.82071	47	0	0.0000
MOL.4242	0.34693	0.92216	112	0	0.0000
MOL.4245	0.33717	0.95618	203	0	0.0000
MOL.4246	0.31782	0.67198	555	467	84.1441
MOL.4248	0.34248	0.64891	54	39	72.2222
MOL.4251	0.31964	1.04138	446	0	0.0000
MOL.4253	0.34118	0.94262	189	53	28.0423
MOL.4254	0.33227	0.75585	239	225	94.1423
MOL.4256	0.32692	0.93271	548	161	29.3796
MOL.4257	0.31402	0.81430	34	31	91.1765
MOL.4262	0.32161	0.82009	83	78	93.9759
MOL.4267	0.31580	0.94676	50	0	0.0000
MOL.4270	0.32248	0.90747	550	50	9.0909
MOL.4273	0.31742	0.79208	80	75	93.7500
MOL.4275	0.32780	0.82681	108	97	89.8148
MOL.4279	0.32147	0.82823	149	130	87.2483
MOL.4280	0.32756	0.64040	79	70	88.6076
MOL.4281	0.31701	0.73506	84	63	75.0000
MOL.4282	0.30949	0.73297	36	18	50.0000
MOL.4283	0.33605	0.95965	2201	19	0.8632
MOL.4285	0.31751	0.57118	154	139	90.2597
MOL.4289	0.29609	0.83250	48	40	83.3333
MOL.4291	0.32574	1.02634	1455	0	0.0000
MOL.4296	0.32607	0.81021	233	24	10.3004
MOL.4302	0.40743	0.91184	59	50	84.7458
MOL.4303	0.32983	1.04765	852	47	5.5164
MOL.4305	0.35044	0.86107	90	66	73.3333
MOL.4306	0.37463	0.60319	36	29	80.5556
MOL.4307	0.29836	0.99457	27	18	66.6667
MOL.4311	0.32815	0.92696	286	0	0.0000
MOL.4313	0.32624	1.00166	1101	0	0.0000
MOL.4325	0.30350	1.03743	24	23	95.8333
MOL.4326	0.34495	0.96381	446	106	23.7668
MOL.4329	0.33787	0.86696	236	0	0.0000
MOL.4332	0.33288	0.87475	1445	334	23.1142
MOL.4346	0.29714	0.66513	67	63	94.0299
MOL.4351	0.32443	0.86837	844	31	3.6730
MOL.4353	0.32781	1.05930	47	43	91.4894
MOL.4358	0.31736	0.96951	916	0	0.0000
MOL.4368	0.32708	0.91302	3001	0	0.0000
MOL.4371	0.32975	0.98411	401	0	0.0000
MOL.4374	0.31929	0.99572	376	0	0.0000
MOL.4380	0.33989	0.80280	135	122	90.3704
MOL.4382	0.32225	0.88528	36	35	97.2222
MOL.4386	0.31590	1.01528	1228	46	3.7459
MOL.4388	0.31754	0.93942	615	0	0.0000
MOL.4389	0.29372	0.68915	121	116	95.8678
MOL.4391	0.28610	0.89134	24	24	100.0000
MOL.4394	0.31840	0.68180	80	59	73.7500
MOL.4395	0.41913	0.91934	115	81	70.4348
MOL.4396	0.36273	0.99316	67	26	38.8060
MOL.4397	0.28371	0.60923	27	26	96.2963
MOL.4399	0.38433	0.87242	101	72	71.2871
MOL.4402	0.27812	0.94946	46	34	73.9130
MOL.4403	0.31321	0.72910	71	59	83.0986
MOL.4404	0.31864	0.63352	69	63	91.3043
MOL.4409	0.35856	0.74790	182	163	89.5604
MOL.4412	0.33288	0.97287	45	0	0.0000
MOL.4415	0.33117	0.68289	24	22	91.6667
MOL.4417	0.33661	0.65926	53	46	86.7925
MOL.4422	0.31530	0.78332	109	104	95.4128
MOL.4423	0.32349	1.00075	31	0	0.0000
MOL.4427	0.32505	0.70091	101	92	91.0891
MOL.4429	0.36473	0.83820	22	22	100.0000
MOL.4430	0.34154	0.62180	76	70	92.1053
MOL.4431	0.33285	1.01724	524	0	0.0000
MOL.4434	0.32255	0.70669	93	87	93.5484
MOL.4437	0.32886	0.91562	862	0	0.0000
MOL.4443	0.32426	0.97567	3004	0	0.0000
MOL.4446	0.43197	1.45906	20	0	0.0000
MOL.4447	0.33181	0.79327	71	2	2.8169
MOL.4449	0.31484	0.73304	208	151	72.5962
MOL.4450	0.34355	0.75349	27	27	100.0000
MOL.4452	0.33130	0.96551	293	205	69.9659
MOL.4457	0.28807	0.56721	24	18	75.0000
MOL.4460	0.35846	0.80276	104	93	89.4231
MOL.4461	0.34120	0.65590	35	32	91.4286
MOL.4462	0.31774	0.79753	95	74	77.8947
MOL.4463	0.30050	0.86138	34	32	94.1176
MOL.4464	0.33567	0.74398	160	150	93.7500
MOL.4467	0.29803	0.65671	103	16	15.5340
MOL.4468	0.31026	0.66550	138	131	94.9275
MOL.4469	0.34633	0.85057	608	0	0.0000
MOL.4470	0.34677	0.75852	84	0	0.0000
MOL.4475	0.31281	0.96851	324	48	14.8148
MOL.4483	0.32846	0.79367	295	63	21.3559
MOL.4485	0.34045	0.79093	116	105	90.5172
MOL.4488	0.31727	1.00292	2113	0	0.0000
MOL.4491	0.43782	1.04713	105	0	0.0000
MOL.4495	0.54212	1.16944	69	0	0.0000
MOL.4496	0.31799	0.75630	106	86	81.1321
MOL.4497	0.27363	0.83197	25	24	96.0000
MOL.4498	0.32381	1.07064	52	52	100.0000
MOL.4499	0.32799	0.81032	168	168	100.0000
MOL.4501	0.32561	0.77176	65	53	81.5385
MOL.4502	0.32493	0.74873	87	73	83.9080
MOL.4503	0.29586	0.99504	20	19	95.0000
MOL.4504	0.34653	0.76444	72	1	1.3889
MOL.4510	0.31778	1.05749	376	0	0.0000
MOL.4516	0.32752	0.64795	38	4	10.5263
MOL.4518	0.30648	0.77501	83	75	90.3614
MOL.4523	0.31823	0.80444	43	41	95.3488
MOL.4525	0.32563	1.07898	3574	0	0.0000
MOL.4526	0.31736	1.06227	112	0	0.0000
MOL.4531	0.28828	1.45815	74	0	0.0000
MOL.4538	0.31718	0.86786	64	0	0.0000
MOL.4539	0.32708	0.84179	32	0	0.0000
MOL.4544	0.32996	0.97088	902	0	0.0000
MOL.4548	0.28101	0.78094	172	86	50.0000
MOL.4555	0.35933	0.61500	44	34	77.2727
MOL.4556	0.30601	0.89094	92	67	72.8261
MOL.4565	0.30948	0.82600	54	37	68.5185
MOL.4566	0.31784	0.69665	139	107	76.9784
MOL.4570	0.31901	0.82615	72	54	75.0000
MOL.4574	0.29762	0.73698	55	51	92.7273
MOL.4578	0.33568	0.98106	1436	0	0.0000
MOL.4582	0.32672	0.97167	21	0	0.0000
MOL.4585	0.31772	0.95616	141	0	0.0000
MOL.4586	0.33135	0.88023	147	140	95.2381
MOL.4588	0.30698	0.79503	175	167	95.4286
MOL.4601	0.31203	0.83557	120	110	91.6667
MOL.4602	0.34603	0.69573	107	89	83.1776
MOL.4603	0.35143	0.75718	90	0	0.0000
MOL.4604	0.30612	0.97048	133	27	20.3008
MOL.4606	0.34185	0.92887	53	0	0.0000
MOL.4612	0.30788	0.96421	171	0	0.0000
MOL.4613	0.32617	0.96783	135	0	0.0000
MOL.4614	0.32588	0.96761	584	17	2.9110
MOL.4615	0.32535	0.84540	57	0	0.0000
MOL.4619	0.31738	0.74309	283	125	44.1696
MOL.4620	0.33269	0.90536	101	87	86.1386
MOL.4622	0.30716	0.66855	51	43	84.3137
MOL.4624	0.31233	0.48200	78	56	71.7949
MOL.4626	0.32853	0.90534	171	164	95.9064
MOL.4630	0.31717	0.66427	63	51	80.9524
MOL.4633	0.32297	0.85343	96	0	0.0000
MOL.4638	0.30834	0.99324	169	0	0.0000
MOL.4639	0.37954	0.92204	23	0	0.0000
MOL.4640	0.30595	0.90626	167	0	0.0000
MOL.4642	0.31814	1.05579	100	0	0.0000
MOL.4648	0.31828	1.02887	821	0	0.0000
MOL.4649	0.39257	1.39320	20	0	0.0000
MOL.4650	0.32088	0.98735	5505	342	6.2125
MOL.4657	0.31030	1.02895	858	0	0.0000
MOL.4660	0.28906	0.61721	65	54	83.0769
MOL.4662	0.31024	0.43812	21	20	95.2381
MOL.4663	0.32509	0.64132	236	213	90.2542
MOL.4664	0.32944	0.98953	32	28	87.5000
MOL.4665	0.39164	1.05113	89	52	58.4270
MOL.4669	0.32287	0.81025	22	22	100.0000
MOL.4672	0.29169	0.64052	135	86	63.7037
MOL.4673	0.28621	0.51339	29	20	68.9655
MOL.4674	0.34430	0.64297	44	36	81.8182
MOL.4676	0.28777	0.71064	31	29	93.5484
MOL.4677	0.30249	1.00057	44	43	97.7273
MOL.4678	0.27678	0.62591	41	38	92.6829
MOL.4679	0.27240	0.52167	20	16	80.0000
MOL.4681	0.36254	0.77994	43	43	100.0000
MOL.4685	0.30153	0.63357	75	56	74.6667
MOL.4686	0.34230	0.79746	83	72	86.7470
MOL.4691	0.31952	0.76971	79	68	86.0759
MOL.4692	0.31357	0.96375	465	0	0.0000
MOL.4695	0.32351	0.86957	206	19	9.2233
MOL.4702	0.33078	0.97535	28	0	0.0000
MOL.4705	0.33586	0.79370	33	32	96.9697
MOL.4710	0.32604	0.87878	52	50	96.1538
MOL.4712	0.31686	0.75530	241	225	93.3610
MOL.4718	0.31399	0.68570	49	49	100.0000
MOL.4719	0.31194	0.73634	112	98	87.5000
MOL.4720	0.31013	0.66897	148	110	74.3243
MOL.4721	0.30120	0.60555	69	50	72.4638
MOL.4723	0.28059	0.63789	23	13	56.5217
MOL.4725	0.31268	0.91710	37	25	67.5676
MOL.4729	0.43683	0.75243	90	85	94.4444
MOL.4730	0.33608	0.86095	237	208	87.7637
MOL.4731	0.33003	0.99979	750	0	0.0000
MOL.4738	0.31796	1.00084	3853	136	3.5297
MOL.4745	0.33448	0.76896	24	19	79.1667
MOL.4749	0.27861	0.96681	20	6	30.0000
MOL.4750	0.35342	0.80369	106	103	97.1698
MOL.4751	0.32611	0.96178	209	0	0.0000
MOL.4754	0.32608	0.60525	31	22	70.9677
MOL.4755	0.30876	0.87021	85	0	0.0000
MOL.4756	0.32431	0.86790	181	78	43.0939
MOL.4758	0.29855	1.08311	77	13	16.8831
MOL.4760	0.33445	0.89837	192	0	0.0000
MOL.4763	0.32915	0.64875	80	61	76.2500
MOL.4769	0.32181	1.01013	634	0	0.0000
MOL.4771	0.30899	0.98835	92	0	0.0000
MOL.4776	0.31064	0.96766	101	0	0.0000
MOL.4777	0.29328	0.71771	38	35	92.1053
MOL.4783	0.31596	0.90815	597	153	25.6281
MOL.4789	0.33756	0.98144	829	0	0.0000
MOL.4790	0.31388	0.95345	243	0	0.0000
MOL.4792	0.63208	1.02752	39	0	0.0000
MOL.4794	0.32150	0.70742	135	115	85.1852
MOL.4799	0.30257	1.19580	87	86	98.8506
MOL.4801	0.28899	0.59941	49	49	100.0000
MOL.4805	0.32301	0.62324	32	30	93.7500
MOL.4809	0.30063	0.53684	63	51	80.9524
MOL.4810	0.44705	0.73909	122	117	95.9016
MOL.4812	0.31737	0.83816	23	23	100.0000
MOL.4814	0.32839	0.94821	119	0	0.0000
MOL.4816	0.31012	0.89600	64	0	0.0000
MOL.4818	0.34836	1.23068	34	0	0.0000
MOL.4822	0.31619	0.86145	280	190	67.8571
MOL.4827	0.31209	1.01253	1815	0	0.0000
MOL.4828	0.32561	0.74632	116	104	89.6552
MOL.4830	0.31357	0.97739	22	21	95.4545
MOL.4836	0.32780	1.18323	469	0	0.0000
MOL.4839	0.34866	0.91970	426	404	94.8357
MOL.4840	0.31398	1.07478	312	0	0.0000
MOL.4841	0.32378	0.60916	34	34	100.0000
MOL.4843	0.32552	1.02555	32	28	87.5000
MOL.4844	0.30707	0.49719	61	57	93.4426
MOL.4845	0.28230	0.75696	45	33	73.3333
MOL.4846	0.31301	0.93926	43	0	0.0000
MOL.4847	0.30950	1.01979	169	0	0.0000
MOL.4853	0.30746	1.04145	597	0	0.0000
MOL.4857	0.32071	0.74205	68	57	83.8235
MOL.4862	0.33271	0.82026	98	92	93.8776
MOL.4869	0.31312	0.84585	103	0	0.0000
MOL.4872	0.32590	0.95359	228	0	0.0000
MOL.4877	0.32329	0.86481	20	0	0.0000
MOL.4878	0.29973	0.84432	38	36	94.7368
MOL.4881	0.31087	0.90618	20	0	0.0000
MOL.4882	0.33993	1.30894	35	0	0.0000
MOL.4884	0.30154	0.96974	240	184	76.6667
MOL.4885	0.30483	0.64963	187	145	77.5401
MOL.4892	0.35194	0.73938	249	220	88.3534
MOL.4893	0.31043	0.77967	132	89	67.4242
MOL.4897	0.31233	0.89471	322	74	22.9814
MOL.4898	0.35990	0.82181	32	0	0.0000
MOL.4909	0.28826	0.85834	133	86	64.6617
MOL.4911	0.33710	0.57635	36	22	61.1111
MOL.4915	0.29409	1.15329	175	0	0.0000
MOL.4916	0.31873	0.97010	40	0	0.0000
MOL.4917	0.32418	1.09764	48	0	0.0000
MOL.4918	0.29823	1.07344	556	0	0.0000
MOL.4920	0.50392	1.09310	44	0	0.0000
MOL.4926	0.31566	0.99573	390	4	1.0256
MOL.4931	0.30834	1.00995	1467	132	8.9980
MOL.4935	0.31114	0.72365	22	22	100.0000
MOL.4937	0.31065	0.69487	44	43	97.7273
MOL.4939	0.32367	0.84447	62	48	77.4194
MOL.4948	0.34693	0.92179	44	44	100.0000
MOL.4949	0.34226	0.93287	94	88	93.6170
MOL.4950	0.31341	0.62494	20	19	95.0000
MOL.4952	0.31620	0.91619	155	151	97.4194
MOL.4956	0.30080	0.76445	62	59	95.1613
MOL.4958	0.30251	0.91550	92	0	0.0000
MOL.4959	0.32411	0.75696	28	18	64.2857
MOL.4965	0.29874	0.91422	166	29	17.4699
MOL.4967	0.31387	0.81329	29	6	20.6897
MOL.4970	0.29148	0.79087	29	25	86.2069
MOL.4976	0.36426	0.49138	23	21	91.3043
MOL.4977	0.33124	0.96828	1177	206	17.5021
MOL.4979	0.32075	0.70713	102	49	48.0392
MOL.4988	0.31152	0.67994	39	29	74.3590
MOL.4989	0.35997	0.72353	30	22	73.3333
MOL.4991	0.34057	0.84901	24	12	50.0000
MOL.4997	0.30778	1.07156	26	12	46.1538
MOL.5004	0.30846	0.93815	57	0	0.0000
MOL.5005	0.33853	0.95981	1068	0	0.0000
MOL.5008	0.32314	0.91554	254	0	0.0000
MOL.5009	0.30956	0.80691	93	38	40.8602
MOL.5011	0.30172	0.70129	32	25	78.1250
MOL.5013	0.30659	0.92140	541	104	19.2237
MOL.5016	0.30795	0.79782	72	5	6.9444
MOL.5019	0.32091	0.82021	106	66	62.2642
MOL.5022	0.31141	0.79561	77	75	97.4026
MOL.5039	0.31391	0.94977	481	0	0.0000
MOL.5044	0.32299	0.99183	842	97	11.5202
MOL.5049	0.33201	0.77125	132	122	92.4242
MOL.5072	0.32108	0.61217	56	45	80.3571
MOL.5074	0.31406	0.68014	157	116	73.8854
MOL.5081	0.37382	0.68931	57	55	96.4912
MOL.5085	0.32531	0.77553	87	86	98.8506
MOL.5086	0.31277	0.86305	242	204	84.2975
MOL.5091	0.31938	1.01879	1559	17	1.0904
MOL.5098	0.33926	0.70999	118	111	94.0678
MOL.5100	0.30313	0.75361	38	33	86.8421
MOL.5101	0.31447	1.12499	437	0	0.0000
MOL.5103	0.31298	0.89522	929	77	8.2885
MOL.5106	0.31289	0.99682	285	0	0.0000
MOL.5111	0.34641	0.82886	606	593	97.8548
MOL.5118	0.30472	0.63439	48	42	87.5000
MOL.5125	0.31891	0.88633	129	76	58.9147
MOL.5130	0.32030	0.65409	166	144	86.7470
MOL.5131	0.32034	0.84462	237	45	18.9873
MOL.5133	0.29381	0.66465	30	26	86.6667
MOL.5136	0.29323	0.68837	42	0	0.0000
MOL.5138	0.30882	0.77425	23	23	100.0000
MOL.5139	0.34583	0.64154	211	195	92.4171
MOL.5141	0.30482	0.92770	334	0	0.0000
MOL.5147	0.33947	0.69317	35	30	85.7143
MOL.5148	0.34120	0.69751	60	46	76.6667
MOL.5149	0.34628	0.65827	111	90	81.0811
MOL.5153	0.29916	1.02778	37	30	81.0811
MOL.5155	0.30776	0.83790	141	99	70.2128
MOL.5157	0.36382	0.63312	29	23	79.3103
MOL.5159	0.30902	0.79072	125	111	88.8000
MOL.5166	0.27757	0.71905	168	152	90.4762
MOL.5168	0.28372	0.79511	28	26	92.8571
MOL.5174	0.32515	0.92369	61	0	0.0000
MOL.5178	0.31866	0.98824	125	0	0.0000
MOL.5180	0.33602	0.74554	28	26	92.8571
MOL.5182	0.31821	0.99365	270	0	0.0000
MOL.5184	0.32516	0.96121	192	0	0.0000
MOL.5185	0.31875	0.90467	180	0	0.0000
MOL.5192	0.32304	0.92759	929	99	10.6566
MOL.5193	0.32622	0.77779	111	101	90.9910
MOL.5194	0.31785	1.04278	686	0	0.0000
MOL.5196	0.31884	0.99182	473	25	5.2854
MOL.5198	0.29391	0.77387	130	107	82.3077
MOL.5199	0.49339	1.05608	205	0	0.0000
MOL.5202	0.31365	1.01124	440	47	10.6818
MOL.5209	0.32850	0.99880	426	107	25.1174
MOL.5210	0.37467	1.24986	107	89	83.1776
MOL.5211	0.33036	0.68351	24	0	0.0000
MOL.5212	0.33635	0.83402	70	62	88.5714
MOL.5213	0.33806	0.95040	41	33	80.4878
MOL.5216	0.28364	0.71982	95	73	76.8421
MOL.5222	0.30713	0.73391	41	40	97.5610
MOL.5223	0.30998	0.75508	88	72	81.8182
MOL.5225	0.34230	0.97215	489	0	0.0000
MOL.5227	0.38712	0.93030	52	0	0.0000
MOL.5228	0.32203	0.94150	97	0	0.0000
MOL.5229	0.31279	0.96883	115	0	0.0000
MOL.5234	0.31864	0.76609	93	74	79.5699
MOL.5235	0.32661	0.92707	158	0	0.0000
MOL.5239	0.36401	0.98608	21	0	0.0000
MOL.5240	0.38269	0.73415	26	0	0.0000
MOL.5244	0.26223	0.87281	23	22	95.6522
MOL.5245	0.32329	0.70698	44	41	93.1818
MOL.5247	0.31855	0.96471	53	46	86.7925
MOL.5250	0.28417	0.64887	23	21	91.3043
MOL.5251	0.26601	0.97044	26	23	88.4615
MOL.5252	0.32505	0.63559	62	53	85.4839
MOL.5256	0.35999	1.00341	281	0	0.0000
MOL.5257	0.33307	0.85006	118	95	80.5085
MOL.5261	0.34254	0.62646	167	150	89.8204
MOL.5263	0.35066	0.64538	41	39	95.1220
MOL.5266	0.31591	0.91382	281	64	22.7758
MOL.5270	0.31560	0.95859	58	0	0.0000
MOL.5272	0.30110	1.11500	1104	0	0.0000
MOL.5273	0.42117	0.93185	39	0	0.0000
MOL.5275	0.32854	0.76892	94	92	97.8723
MOL.5276	0.36789	0.98196	95	0	0.0000
MOL.5277	0.31266	0.65516	56	53	94.6429
MOL.5281	0.32551	1.01224	967	0	0.0000
MOL.5284	0.33081	0.77793	361	328	90.8587
MOL.5295	0.35043	0.75545	94	12	12.7660
MOL.5299	0.32597	0.96915	1881	0	0.0000
MOL.5304	0.32177	0.99090	158	0	0.0000
MOL.5305	0.31253	0.65706	169	158	93.4911
MOL.5306	0.33097	0.95405	1333	0	0.0000
MOL.5308	0.32837	0.88813	221	90	40.7240
MOL.5310	0.38540	0.70288	100	37	37.0000
MOL.5312	0.33821	0.64702	164	149	90.8537
MOL.5316	0.31906	0.81025	56	54	96.4286
MOL.5328	0.34064	0.68941	331	243	73.4139
MOL.5329	0.34172	0.74891	480	389	81.0417
MOL.5332	0.33476	1.07502	187	0	0.0000
MOL.5333	0.33528	0.63025	99	82	82.8283
MOL.5334	0.29135	0.69051	42	38	90.4762
MOL.5339	0.34305	0.78068	307	294	95.7655
MOL.5340	0.33387	0.57335	39	39	100.0000
MOL.5343	0.33039	1.02207	126	0	0.0000
MOL.5357	0.31794	0.81778	177	163	92.0904
MOL.5362	0.32846	0.74479	138	118	85.5072
MOL.5363	0.32453	0.67085	138	114	82.6087
MOL.5364	0.31650	0.94083	855	4	0.4678
MOL.5366	0.28848	1.25199	24	20	83.3333
MOL.5369	0.34584	0.70974	61	56	91.8033
MOL.5373	0.30403	1.10026	430	14	3.2558
MOL.5379	0.31853	0.91032	135	0	0.0000
MOL.5380	0.30861	0.92866	485	0	0.0000
MOL.5384	0.31327	0.90389	97	81	83.5052
MOL.5387	0.36272	0.79216	539	453	84.0445
MOL.5389	0.32609	0.82666	385	0	0.0000
MOL.5392	0.29461	0.78157	51	19	37.2549
MOL.5393	0.32811	0.60362	102	73	71.5686
MOL.5394	0.32897	0.70769	86	74	86.0465
MOL.5397	0.34070	0.92955	138	16	11.5942
MOL.5398	0.28992	0.73114	115	108	93.9130
MOL.5400	0.34880	0.74228	126	115	91.2698
MOL.5401	0.31010	0.89023	97	96	98.9691
MOL.5409	0.34820	0.94644	163	150	92.0245
MOL.5416	0.37019	0.93766	45	19	42.2222
MOL.5417	0.34309	0.54294	29	20	68.9655
MOL.5419	0.36794	1.17342	20	0	0.0000
MOL.5420	0.32731	0.93432	125	0	0.0000
MOL.5422	0.27579	0.51748	30	21	70.0000
MOL.5424	0.31581	0.76390	62	62	100.0000
MOL.5425	0.32738	0.70966	102	100	98.0392
MOL.5426	0.32588	0.70398	80	65	81.2500
MOL.5427	0.26040	0.87097	22	20	90.9091
MOL.5428	0.29690	0.75929	65	52	80.0000
MOL.5430	0.30918	0.56695	23	15	65.2174
MOL.5431	0.37111	0.81005	52	49	94.2308
MOL.5432	0.34953	0.97599	53	51	96.2264
MOL.5433	0.33090	0.99546	1482	0	0.0000
MOL.5434	0.34220	0.74860	124	105	84.6774
MOL.5435	0.32464	0.94425	759	0	0.0000
MOL.5444	0.30735	0.97055	1333	1	0.0750
MOL.5448	0.32967	1.05635	28	0	0.0000
MOL.5449	0.31911	0.66839	30	28	93.3333
MOL.5453	0.32120	0.82448	64	52	81.2500
MOL.5460	0.31020	0.99368	34	34	100.0000
MOL.5461	0.35067	0.88503	69	54	78.2609
MOL.5464	0.31619	0.99921	88	85	96.5909
MOL.5465	0.34446	0.74704	58	54	93.1034
MOL.5470	0.31986	0.96650	1602	0	0.0000
MOL.5474	0.34918	0.70362	30	0	0.0000
MOL.5477	0.33398	0.92594	43	0	0.0000
MOL.5481	0.37658	1.14781	226	0	0.0000
MOL.5484	0.30309	0.57797	20	0	0.0000
MOL.5485	0.32279	0.94802	108	0	0.0000
MOL.5486	0.31399	0.95708	87	0	0.0000
MOL.5488	0.37811	1.75485	25	0	0.0000
MOL.5490	0.33225	0.59544	41	24	58.5366
MOL.5492	0.32599	0.99410	4162	146	3.5079
MOL.5501	0.33005	0.86392	45	0	0.0000
MOL.5503	0.32541	0.86519	843	57	6.7616
MOL.5504	0.33231	0.67333	145	121	83.4483
MOL.5506	0.33216	0.71810	48	35	72.9167
MOL.5512	0.33523	0.50987	124	94	75.8065
MOL.5516	0.33587	0.83599	59	55	93.2203
MOL.5537	0.33296	0.85959	136	0	0.0000
MOL.5538	0.30798	1.01980	33	0	0.0000
MOL.5543	0.32537	0.94890	1335	1	0.0749
MOL.5547	0.32158	0.77422	47	45	95.7447
MOL.5554	0.31274	1.02361	55	0	0.0000
MOL.5555	0.32001	0.99457	33	0	0.0000
MOL.5557	0.31484	0.93765	669	0	0.0000
MOL.5566	0.27056	1.15776	92	19	20.6522
MOL.5568	0.31310	0.85357	66	65	98.4848
MOL.5577	0.31299	0.97203	488	0	0.0000
MOL.5585	0.36982	0.62559	99	82	82.8283
MOL.5587	0.27488	1.04911	88	0	0.0000
MOL.5588	0.31412	0.71903	50	49	98.0000
MOL.5590	0.31745	0.58103	46	40	86.9565
MOL.5594	0.30378	0.73639	93	89	95.6989
MOL.5601	0.33825	0.94904	189	0	0.0000
MOL.5603	0.42274	0.87836	23	0	0.0000
MOL.5604	0.55219	0.87710	39	0	0.0000
MOL.5606	0.32726	0.80570	262	233	88.9313
MOL.5607	0.32655	0.89341	176	0	0.0000
MOL.5612	0.33098	0.92848	88	53	60.2273
MOL.5621	0.32186	0.79967	337	325	96.4392
MOL.5622	0.33983	0.84840	55	50	90.9091
MOL.5625	0.32477	0.86175	39	37	94.8718
MOL.5626	0.33412	0.79795	36	28	77.7778
MOL.5629	0.28707	0.69368	34	31	91.1765
MOL.5633	0.29560	0.51573	21	12	57.1429
MOL.5635	0.56502	1.07233	56	0	0.0000
MOL.5636	0.28898	1.13203	34	0	0.0000
MOL.5637	0.30781	0.81773	30	24	80.0000
MOL.5640	0.33082	0.87721	245	244	99.5918
MOL.5642	0.32560	1.02782	576	0	0.0000
MOL.5646	0.30371	0.89503	78	0	0.0000
MOL.5647	0.38083	0.83449	24	0	0.0000
MOL.5656	0.31320	0.94983	37	0	0.0000
MOL.5658	0.35071	0.82034	210	0	0.0000
MOL.5661	0.31695	0.90286	184	163	88.5870
MOL.5663	0.33298	0.90207	141	0	0.0000
MOL.5665	0.27291	0.86628	101	0	0.0000
MOL.5670	0.28695	1.03636	54	0	0.0000
MOL.5673	0.31949	0.94062	178	3	1.6854
MOL.5674	0.33823	0.83775	202	148	73.2673
MOL.5677	0.30393	0.71937	112	93	83.0357
MOL.5680	0.31071	0.94390	68	0	0.0000
MOL.5687	0.31802	0.94993	74	0	0.0000
MOL.5688	0.32234	0.80838	262	232	88.5496
MOL.5696	0.32154	0.71298	121	100	82.6446
MOL.5697	0.33093	0.68660	83	76	91.5663
MOL.5699	0.37915	0.73707	361	349	96.6759
MOL.5700	0.32805	0.95142	2821	354	12.5487
MOL.5704	0.32278	0.71220	174	156	89.6552
MOL.5709	0.31874	0.98130	639	0	0.0000
MOL.5710	0.30330	0.67659	28	0	0.0000
MOL.5713	0.33660	0.73764	168	142	84.5238
MOL.5714	0.31294	0.91446	41	0	0.0000
MOL.5715	0.33142	0.85376	102	0	0.0000
MOL.5720	0.31909	0.87700	116	103	88.7931
MOL.5721	0.31094	0.86240	36	34	94.4444
MOL.5723	0.33185	0.70515	41	40	97.5610
MOL.5724	0.33626	1.22871	248	0	0.0000
MOL.5734	0.30226	1.04473	1183	0	0.0000
MOL.5736	0.32076	0.95338	671	0	0.0000
MOL.5738	0.31456	1.00308	1782	0	0.0000
MOL.5740	0.37526	1.38523	23	0	0.0000
MOL.5741	0.32111	1.43113	98	0	0.0000
MOL.5742	0.32795	1.01224	3883	1	0.0258
MOL.5745	0.31693	0.73141	33	15	45.4545
MOL.5748	0.32693	0.98775	103	29	28.1553
MOL.5764	0.32480	0.95679	128	0	0.0000
MOL.5765	0.34466	0.68299	250	205	82.0000
MOL.5766	0.31437	0.75187	147	124	84.3537
MOL.5767	0.30265	1.00471	195	153	78.4615
MOL.5768	0.37907	1.25928	66	0	0.0000
MOL.5770	0.34584	0.76979	38	30	78.9474
MOL.5777	0.31968	0.58550	97	82	84.5361
MOL.5785	0.35772	0.72397	79	78	98.7342
MOL.5788	0.32914	0.75843	247	238	96.3563
MOL.5789	0.31164	0.74494	279	255	91.3978
MOL.5791	0.31953	0.86534	44	34	77.2727
MOL.5794	0.34444	0.83950	123	114	92.6829
MOL.5796	0.29424	0.72596	30	22	73.3333
MOL.5802	0.31788	0.95176	1450	4	0.2759
MOL.5807	0.28007	0.49231	21	19	90.4762
MOL.5808	0.32990	1.02169	1522	160	10.5125
MOL.5811	0.32339	0.62181	431	351	81.4385
MOL.5814	0.37349	0.85505	37	33	89.1892
MOL.5816	0.30826	1.04237	156	0	0.0000
MOL.5817	0.32994	0.80903	116	91	78.4483
MOL.5820	0.31541	0.95183	2762	32	1.1586
MOL.5824	0.32885	0.76250	138	97	70.2899
MOL.5825	0.34775	0.68268	50	40	80.0000
MOL.5828	0.29899	0.84324	82	70	85.3659
MOL.5829	0.34325	0.68158	221	180	81.4480
MOL.5835	0.31014	1.06641	1233	72	5.8394
MOL.5837	0.30626	0.64426	27	18	66.6667
MOL.5838	0.41908	0.62325	116	0	0.0000
MOL.5843	0.29768	0.67946	114	103	90.3509
MOL.5846	0.32912	0.60734	38	34	89.4737
MOL.5847	0.35769	0.45695	21	21	100.0000
MOL.5854	0.30658	0.94700	134	116	86.5672
MOL.5860	0.31445	1.06907	490	0	0.0000
MOL.5864	0.30901	0.94736	59	58	98.3051
MOL.5866	0.39186	0.84414	35	0	0.0000
MOL.5868	0.37567	0.92635	48	0	0.0000
MOL.5869	0.29797	1.00936	65	0	0.0000
MOL.5870	0.34655	0.98136	32	0	0.0000
MOL.5872	0.32387	0.87728	539	0	0.0000
MOL.5882	0.30714	0.95455	1519	10	0.6583
MOL.5883	0.33651	0.80590	398	341	85.6784
MOL.5885	0.30902	0.95547	253	3	1.1858
MOL.5888	0.30300	0.67074	84	70	83.3333
MOL.5890	0.31315	0.61342	22	7	31.8182
MOL.5891	0.31502	1.01778	977	108	11.0542
MOL.5895	0.32514	1.00006	980	40	4.0816
MOL.5896	0.32860	0.74630	181	166	91.7127
MOL.5898	0.30341	1.06759	58	0	0.0000
MOL.5907	0.30808	1.03957	909	0	0.0000
MOL.5909	0.32613	0.82377	98	8	8.1633
MOL.5910	0.33634	0.75510	21	20	95.2381
MOL.5912	0.35787	0.78464	27	26	96.2963
MOL.5915	0.33154	0.71474	47	38	80.8511
MOL.5917	0.31055	0.91743	516	26	5.0388
MOL.5919	0.28383	0.68689	36	36	100.0000
MOL.5921	0.32297	0.67744	109	106	97.2477
MOL.5925	0.31116	0.96906	609	0	0.0000
MOL.5927	0.29414	0.68594	182	177	97.2527
MOL.5928	0.32248	0.62359	112	103	91.9643
MOL.5940	0.31429	0.69826	40	34	85.0000
MOL.5948	0.31939	1.01935	59	0	0.0000
MOL.5949	0.33504	1.07903	232	0	0.0000
MOL.5951	0.30099	0.94096	1317	167	12.6803
MOL.5952	0.31101	1.02394	1398	0	0.0000
MOL.5958	0.29750	0.50959	22	20	90.9091
MOL.5962	0.31903	0.99377	1147	0	0.0000
MOL.5966	0.31091	1.04833	156	0	0.0000
MOL.5970	0.32421	0.94213	123	0	0.0000
MOL.5974	0.30326	0.65625	149	111	74.4966
MOL.5975	0.29234	0.73098	33	21	63.6364
MOL.5980	0.31539	0.98496	2071	75	3.6214
MOL.5987	0.31344	0.70536	279	230	82.4373
MOL.5990	0.30744	0.80297	196	0	0.0000
MOL.5993	0.31409	0.71584	195	179	91.7949
MOL.5994	0.32956	0.66782	40	0	0.0000
MOL.5995	0.30039	0.90583	25	0	0.0000
MOL.5996	0.30223	1.04560	308	0	0.0000
MOL.5997	0.32318	0.72283	84	80	95.2381
MOL.6000	0.31011	0.96613	1224	39	3.1863
MOL.6002	0.31993	1.03808	986	0	0.0000
MOL.6005	0.38649	1.21389	177	0	0.0000
MOL.6006	0.31094	0.89794	32	30	93.7500
MOL.6007	0.27511	0.58960	39	33	84.6154
MOL.6009	0.33894	0.68200	57	56	98.2456
MOL.6011	0.38315	1.02447	58	22	37.9310
MOL.6015	0.33791	0.83486	52	0	0.0000
MOL.6017	0.30988	1.01183	2125	0	0.0000
MOL.6018	0.36615	0.61746	276	244	88.4058
MOL.6027	0.34509	1.15858	186	0	0.0000
MOL.6037	0.30511	0.91939	80	60	75.0000
MOL.6039	0.28340	0.64938	89	76	85.3933
MOL.6040	0.32278	1.06163	1105	0	0.0000
MOL.6041	0.32317	0.88203	549	250	45.5373
MOL.6045	0.27344	0.71369	22	21	95.4545
MOL.6049	0.32156	0.69373	175	159	90.8571
MOL.6051	0.31431	0.91067	102	0	0.0000
MOL.6052	0.30364	1.17088	81	0	0.0000
MOL.6054	0.38155	0.85175	73	0	0.0000
MOL.6061	0.31136	1.01036	329	65	19.7568
MOL.6063	0.28028	0.64439	44	43	97.7273
MOL.6066	0.33283	0.59888	300	143	47.6667
MOL.6068	0.31068	1.00522	75	0	0.0000
MOL.6075	0.30504	0.96001	236	83	35.1695
MOL.6077	0.31475	0.84937	157	13	8.2803
MOL.6082	0.33981	0.75267	61	57	93.4426
MOL.6084	0.30794	1.15457	119	0	0.0000
MOL.6086	0.34939	0.92256	27	0	0.0000
MOL.6087	0.31043	0.93999	614	0	0.0000
MOL.6088	0.32070	0.96682	1209	5	0.4136
MOL.6090	0.29423	0.62757	51	34	66.6667
MOL.6091	0.30074	0.73914	129	100	77.5194
MOL.6092	0.33062	0.98214	1729	7	0.4049
MOL.6095	0.31635	1.07490	714	0	0.0000
MOL.6096	0.33882	0.72344	81	46	56.7901
MOL.6097	0.34431	0.69266	47	27	57.4468
MOL.6099	0.30431	0.98376	143	0	0.0000
MOL.6101	0.31572	0.67749	63	48	76.1905
MOL.6102	0.32178	0.96408	349	175	50.1433
MOL.6106	0.40130	0.91784	28	28	100.0000
MOL.6108	0.33043	0.66003	252	174	69.0476
MOL.6112	0.31189	0.93613	60	51	85.0000
MOL.6116	0.31195	0.93911	378	128	33.8624
MOL.6118	0.32229	1.00968	367	0	0.0000
MOL.6123	0.32465	0.93836	432	373	86.3426
MOL.6124	0.30383	0.74205	50	45	90.0000
MOL.6135	0.32383	0.67516	122	113	92.6230
MOL.6136	0.27193	0.68174	26	22	84.6154
MOL.6139	0.30363	0.95363	69	0	0.0000
MOL.6142	0.31733	0.92825	499	7	1.4028
MOL.6144	0.27366	0.69702	27	25	92.5926
MOL.6145	0.32905	0.79282	66	60	90.9091
MOL.6146	0.30063	0.74094	299	266	88.9632
MOL.6151	0.32578	0.96717	706	0	0.0000
MOL.6163	0.29970	0.98259	565	0	0.0000
MOL.6165	0.32126	0.73632	131	85	64.8855
MOL.6167	0.26312	1.02448	118	52	44.0678
MOL.6174	0.32353	0.96224	385	0	0.0000
MOL.6175	0.27451	0.74096	22	19	86.3636
MOL.6181	0.32999	1.02314	397	7	1.7632
MOL.6183	0.32386	1.05199	130	110	84.6154
MOL.6184	0.31598	0.77261	30	29	96.6667
MOL.6187	0.30113	0.71012	412	315	76.4563
MOL.6194	0.31705	0.96940	1397	0	0.0000
MOL.6198	0.31802	1.08942	1449	0	0.0000
MOL.6199	0.32005	0.98781	516	0	0.0000
MOL.6200	0.33095	0.60884	57	30	52.6316
MOL.6207	0.30770	0.81120	54	45	83.3333
MOL.6211	0.30616	0.83372	143	0	0.0000
MOL.6212	0.34033	1.01838	59	0	0.0000
MOL.6214	0.31420	0.98005	32	0	0.0000
MOL.6215	0.34204	0.96834	722	0	0.0000
MOL.6216	0.30670	0.93254	208	1	0.4808
MOL.6221	0.27338	0.66289	29	25	86.2069
MOL.6225	0.31553	0.89842	55	44	80.0000
MOL.6226	0.28682	0.67502	35	26	74.2857
MOL.6227	0.32136	0.83554	57	53	92.9825
MOL.6228	0.28317	0.69587	36	33	91.6667
MOL.6231	0.32967	0.75490	46	46	100.0000
MOL.6233	0.32025	1.01119	112	97	86.6071
MOL.6237	0.30804	0.88418	46	33	71.7391
MOL.6238	0.36849	0.67850	112	101	90.1786
MOL.6242	0.35211	0.79249	68	67	98.5294
MOL.6243	0.29573	0.69730	86	58	67.4419
MOL.6244	0.30342	0.87275	33	30	90.9091
MOL.6248	0.33465	0.62172	25	25	100.0000
MOL.6249	0.34321	0.80349	320	294	91.8750
MOL.6253	0.30948	0.88411	693	53	7.6479
MOL.6256	0.32198	0.79613	71	62	87.3239
MOL.6263	0.30954	0.93597	701	9	1.2839
MOL.6273	0.37544	1.06995	152	0	0.0000
MOL.6280	0.33765	0.63850	76	37	48.6842
MOL.6283	0.32617	0.62775	54	40	74.0741
MOL.6289	0.32531	0.76344	50	36	72.0000
MOL.6291	0.34034	1.10173	95	0	0.0000
MOL.6295	0.29423	0.65579	152	112	73.6842
MOL.6297	0.33094	0.67485	254	229	90.1575
MOL.6298	0.30498	0.95340	396	88	22.2222
MOL.6299	0.27664	0.67980	62	39	62.9032
MOL.6300	0.32609	1.16825	20	0	0.0000
MOL.6302	0.28817	0.71256	93	79	84.9462
MOL.6304	0.31644	0.82580	92	82	89.1304
MOL.6309	0.32617	0.77691	61	55	90.1639
MOL.6311	0.29715	0.88244	195	0	0.0000
MOL.6315	0.31919	0.94892	2049	330	16.1054
MOL.6320	0.38073	0.79476	57	0	0.0000
MOL.6322	0.31878	0.90280	732	0	0.0000
MOL.6326	0.33003	0.98049	1319	0	0.0000
MOL.6328	0.31991	0.99710	223	0	0.0000
MOL.6329	0.31778	0.93579	363	0	0.0000
MOL.6333	0.28993	0.83385	23	23	100.0000
MOL.6342	0.34055	0.76272	45	38	84.4444
MOL.6347	0.31349	0.73260	244	197	80.7377
MOL.6350	0.33240	0.66990	254	230	90.5512
MOL.6351	0.31777	0.75070	82	22	26.8293
MOL.6355	0.32309	0.91852	1265	0	0.0000
MOL.6356	0.29269	1.02546	47	36	76.5957
MOL.6358	0.32548	0.88042	277	184	66.4260
MOL.6363	0.33816	0.65831	155	148	95.4839
MOL.6366	0.35057	0.81978	24	24	100.0000
MOL.6370	0.35880	0.65844	34	4	11.7647
MOL.6374	0.31729	0.89429	335	8	2.3881
MOL.6375	0.31427	0.97232	207	22	10.6280
MOL.6376	0.31857	0.86510	71	59	83.0986
MOL.6380	0.33086	0.95582	732	207	28.2787
MOL.6391	0.31271	0.80328	75	75	100.0000
MOL.6401	0.34041	1.05574	386	0	0.0000
MOL.6402	0.31194	0.84417	60	0	0.0000
MOL.6409	0.34587	1.09129	43	0	0.0000
MOL.6418	0.30905	0.89463	54	2	3.7037
MOL.6419	0.35862	1.24029	131	0	0.0000
MOL.6421	0.40577	1.19450	59	0	0.0000
MOL.6422	0.40369	1.11402	111	0	0.0000
MOL.6424	0.30736	0.87811	112	110	98.2143
MOL.6425	0.34279	0.82559	335	305	91.0448
MOL.6426	0.37833	1.09902	329	0	0.0000
MOL.6428	0.33856	0.70927	31	29	93.5484
MOL.6431	0.39888	0.96083	47	45	95.7447
MOL.6432	0.32031	0.87729	77	57	74.0260
MOL.6434	0.38531	0.92126	634	0	0.0000
MOL.6442	0.30919	0.96191	954	0	0.0000
MOL.6449	0.32667	0.85918	373	0	0.0000
MOL.6455	0.30528	0.82080	40	0	0.0000
MOL.6460	0.32499	0.70371	90	81	90.0000
MOL.6461	0.33021	0.69000	26	24	92.3077
MOL.6463	0.35493	0.85365	656	45	6.8598
MOL.6466	0.30781	0.68397	105	87	82.8571
MOL.6467	0.33186	0.85659	1183	324	27.3880
MOL.6469	0.25611	0.60076	25	21	84.0000
MOL.6471	0.32795	0.77948	173	155	89.5954
MOL.6472	0.33478	0.68956	137	128	93.4307
MOL.6474	0.32542	0.63605	91	74	81.3187
MOL.6477	0.30225	0.67649	195	170	87.1795
MOL.6479	0.29790	0.67688	77	58	75.3247
MOL.6481	0.32946	0.96079	2744	174	6.3411
MOL.6484	0.31653	0.74974	45	42	93.3333
MOL.6485	0.32810	1.06646	70	0	0.0000
MOL.6486	0.29624	0.97334	148	77	52.0270
MOL.6487	0.34016	0.61991	56	40	71.4286
MOL.6488	0.38057	0.77560	26	26	100.0000
MOL.6492	0.38130	0.65589	26	25	96.1538
MOL.6493	0.34413	0.92942	70	65	92.8571
MOL.6495	0.33159	0.87475	117	95	81.1966
MOL.6505	0.31534	0.93021	32	21	65.6250
MOL.6513	0.33033	0.90756	464	49	10.5603
MOL.6523	0.31505	0.83995	60	25	41.6667
MOL.6524	0.44300	1.13964	73	15	20.5479
MOL.6526	0.31985	0.89679	205	9	4.3902
MOL.6531	0.31497	0.72035	154	136	88.3117
MOL.6538	0.36518	0.81600	240	222	92.5000
MOL.6539	0.32405	0.95980	444	104	23.4234
MOL.6544	0.32185	0.98969	1846	195	10.5634
MOL.6547	0.32475	0.94198	453	186	41.0596
MOL.6551	0.39650	0.91376	22	21	95.4545
MOL.6553	0.36752	0.71859	212	198	93.3962
MOL.6554	0.33503	0.88156	65	64	98.4615
MOL.6555	0.30254	0.79218	45	45	100.0000
MOL.6561	0.33238	1.04312	1857	1	0.0539
MOL.6564	0.30175	1.44286	28	28	100.0000
MOL.6565	0.29955	0.90900	54	8	14.8148
MOL.6566	0.32370	0.96987	1914	240	12.5392
MOL.6567	0.43702	1.12038	150	26	17.3333
MOL.6575	0.31158	0.75025	104	87	83.6538
MOL.6580	0.30903	0.99141	55	0	0.0000
MOL.6589	0.30525	0.63278	50	44	88.0000
MOL.6590	0.34393	0.90692	156	0	0.0000
MOL.6594	0.33483	1.08015	34	0	0.0000
MOL.6597	0.33428	0.83681	38	0	0.0000
MOL.6599	0.32857	0.98765	1253	0	0.0000
MOL.6607	0.30575	0.97095	203	1	0.4926
MOL.6614	0.32321	1.01847	1643	0	0.0000
MOL.6619	0.31776	0.96430	1296	67	5.1698
MOL.6620	0.31877	0.75898	246	223	90.6504
MOL.6628	0.33388	1.04678	1269	0	0.0000
MOL.6635	0.29089	0.80486	28	23	82.1429
MOL.6638	0.31231	0.80504	183	146	79.7814
MOL.6641	0.51870	1.03525	24	0	0.0000
MOL.6644	0.36681	0.64962	25	25	100.0000
MOL.6645	0.36178	0.90722	48	40	83.3333
MOL.6650	0.29727	0.78788	90	89	98.8889
MOL.6652	0.32834	1.00926	2544	83	3.2626
MOL.6655	0.32671	0.73701	83	72	86.7470
MOL.6659	0.32829	0.97238	2438	201	8.2445
MOL.6664	0.32866	0.75960	261	229	87.7395
MOL.6667	0.39794	1.10858	47	0	0.0000
MOL.6668	0.33683	1.43325	27	0	0.0000
MOL.6670	0.31402	1.08637	2481	0	0.0000
MOL.6675	0.31923	1.12672	521	167	32.0537
MOL.6679	0.31421	0.94173	385	0	0.0000
MOL.6680	0.32718	0.75674	83	55	66.2651
MOL.6683	0.32603	1.05283	2564	61	2.3791
MOL.6684	0.33799	0.92299	1803	310	17.1936
MOL.6690	0.30849	1.01980	2339	66	2.8217
MOL.6693	0.30480	0.87058	192	0	0.0000
MOL.6700	0.31665	1.05859	445	0	0.0000
MOL.6702	0.31664	0.67223	31	30	96.7742
MOL.6704	0.32803	0.76902	40	39	97.5000
MOL.6705	0.31953	0.86761	83	79	95.1807
MOL.6706	0.33947	0.83682	36	15	41.6667
MOL.6708	0.32669	0.66296	52	47	90.3846
MOL.6710	0.40379	0.92968	50	48	96.0000
MOL.6711	0.33091	0.77120	266	263	98.8722
MOL.6715	0.32412	0.76483	155	133	85.8065
MOL.6716	0.33735	0.84509	691	266	38.4949
MOL.6717	0.30345	0.73250	24	24	100.0000
MOL.6719	0.39321	1.35040	26	0	0.0000
MOL.6722	0.30435	0.74159	100	49	49.0000
MOL.6727	0.32059	0.73427	137	133	97.0803
MOL.6729	0.31333	0.94649	324	0	0.0000
MOL.6730	0.33463	0.95848	91	0	0.0000
MOL.6737	0.32791	0.72053	164	141	85.9756
MOL.6740	0.58922	1.07952	49	0	0.0000
MOL.6741	0.29988	1.10487	39	0	0.0000
MOL.6745	0.31280	0.94325	196	0	0.0000
MOL.6762	0.30571	0.74852	143	110	76.9231
MOL.6763	0.27515	1.06934	31	0	0.0000
MOL.6764	0.31728	1.01561	1213	0	0.0000
MOL.6766	0.31510	0.95884	275	0	0.0000
MOL.6767	0.32234	0.98536	2726	0	0.0000
MOL.6769	0.31657	0.87790	193	191	98.9637
MOL.6771	0.32021	1.04052	4771	45	0.9432
MOL.6774	0.31901	0.91087	81	0	0.0000
MOL.6776	0.30578	0.72748	139	106	76.2590
MOL.6777	0.39400	0.85866	88	84	95.4545
MOL.6782	0.32732	0.85477	76	76	100.0000
MOL.6783	0.31772	1.03367	1650	177	10.7273
MOL.6786	0.31436	0.98355	364	3	0.8242
MOL.6787	0.28462	0.81719	30	16	53.3333
MOL.6788	0.36226	0.72248	214	185	86.4486
MOL.6792	0.30862	0.83858	229	83	36.2445
MOL.6798	0.30501	0.85533	25	2	8.0000
MOL.6799	0.32484	0.88098	114	0	0.0000
MOL.6804	0.34679	0.76758	148	0	0.0000
MOL.6807	0.33011	0.91121	212	0	0.0000
MOL.6814	0.29718	1.08482	34	30	88.2353
MOL.6815	0.34262	0.58561	163	136	83.4356
MOL.6819	0.36835	0.69999	90	30	33.3333
MOL.6820	0.33484	0.82237	72	70	97.2222
MOL.6821	0.33183	0.72232	288	278	96.5278
MOL.6822	0.31899	0.79848	127	114	89.7638
MOL.6823	0.31527	1.00749	202	0	0.0000
MOL.6824	0.31431	0.80164	550	460	83.6364
MOL.6830	0.30386	0.81572	63	42	66.6667
MOL.6834	0.31728	0.78455	37	36	97.2973
MOL.6835	0.30652	1.09775	64	61	95.3125
MOL.6836	0.32070	0.65351	122	73	59.8361
MOL.6842	0.33503	0.63420	88	68	77.2727
MOL.6843	0.31176	0.89935	59	4	6.7797
MOL.6844	0.34737	0.47575	24	18	75.0000
MOL.6845	0.31787	0.72320	48	31	64.5833
MOL.6846	0.30013	0.77236	42	29	69.0476
MOL.6847	0.30465	0.69651	74	59	79.7297
MOL.6850	0.31671	1.21890	74	0	0.0000
MOL.6852	0.33146	0.93502	440	275	62.5000
MOL.6855	0.32289	0.99877	973	117	12.0247
MOL.6859	0.30096	0.77171	20	19	95.0000
MOL.6860	0.31932	0.96673	36	35	97.2222
MOL.6861	0.34483	0.71197	120	120	100.0000
MOL.6865	0.33158	0.71705	62	55	88.7097
MOL.6869	0.32200	0.96423	2543	50	1.9662
MOL.6872	0.32459	0.65587	63	62	98.4127
MOL.6874	0.32302	0.64757	54	47	87.0370
MOL.6875	0.30547	0.81716	140	115	82.1429
MOL.6877	0.44625	1.06633	299	0	0.0000
MOL.6878	0.32717	0.79850	263	261	99.2395
MOL.6881	0.33244	0.98028	253	0	0.0000
MOL.6882	0.31026	1.02284	1091	0	0.0000
MOL.6885	0.56430	1.09153	56	0	0.0000
MOL.6887	0.30049	1.00113	54	0	0.0000
MOL.6889	0.31899	0.97842	1124	0	0.0000
MOL.6890	0.32332	0.98861	1132	0	0.0000
MOL.6892	0.30593	1.03391	397	0	0.0000
MOL.6896	0.28903	0.94253	240	0	0.0000
MOL.6907	0.32049	0.84881	174	71	40.8046
MOL.6911	0.33184	0.94852	371	0	0.0000
MOL.6912	0.33973	1.04366	93	0	0.0000
MOL.6913	0.31385	0.94948	560	0	0.0000
MOL.6915	0.31158	0.91024	51	0	0.0000
MOL.6918	0.32097	1.07739	30	0	0.0000
MOL.6920	0.30591	0.54074	78	55	70.5128
MOL.6921	0.32999	0.85569	218	214	98.1651
MOL.6922	0.33658	0.73890	90	89	98.8889
MOL.6925	0.32116	0.74369	41	30	73.1707
MOL.6926	0.31844	1.02314	1465	1	0.0683
MOL.6931	0.30485	0.61297	47	35	74.4681
MOL.6936	0.32981	0.90973	152	0	0.0000
MOL.6940	0.33007	0.85156	40	0	0.0000
MOL.6951	0.33394	0.93389	456	9	1.9737
MOL.6952	0.30388	1.15624	75	0	0.0000
MOL.6954	0.32435	0.99631	114	0	0.0000
MOL.6959	0.32144	1.00176	133	0	0.0000
MOL.6960	0.29951	0.91069	541	7	1.2939
MOL.6967	0.30329	0.80013	65	50	76.9231
MOL.6968	0.36041	0.83506	186	0	0.0000
MOL.6970	0.30930	0.98168	159	0	0.0000
MOL.6973	0.33333	0.90696	87	0	0.0000
MOL.6976	0.30634	0.90562	614	11	1.7915
MOL.6978	0.38712	0.92495	1972	616	31.2373
MOL.6981	0.30523	0.98990	1542	20	1.2970
MOL.6984	0.33995	0.82208	206	181	87.8641
MOL.6985	0.32123	0.70231	77	62	80.5195
MOL.6987	0.30032	0.63002	35	27	77.1429
MOL.6992	0.30915	1.09083	1485	42	2.8283
MOL.6998	0.31182	1.07395	379	147	38.7863
MOL.7000	0.32505	1.04725	1869	202	10.8079
MOL.7001	0.31039	0.91108	293	89	30.3754
MOL.7004	0.31388	1.01034	1657	51	3.0779
MOL.7010	0.32198	0.97845	197	0	0.0000
MOL.7015	0.34024	0.81069	330	286	86.6667
MOL.7018	0.32021	0.80489	162	160	98.7654
MOL.7020	0.30125	0.85076	99	3	3.0303
MOL.7024	0.30910	1.00198	1568	0	0.0000
MOL.7027	0.32583	0.58606	37	27	72.9730
MOL.7029	0.35045	1.12438	192	186	96.8750
MOL.7030	0.31925	0.97202	122	35	28.6885
MOL.7032	0.31044	0.95231	182	0	0.0000
MOL.7037	0.31938	0.82799	374	369	98.6631
MOL.7038	0.30858	0.94739	33	32	96.9697
MOL.7040	0.34457	0.63126	96	92	95.8333
MOL.7041	0.30047	0.68767	139	107	76.9784
MOL.7045	0.32430	0.94785	59	48	81.3559
MOL.7047	0.29855	0.90870	36	0	0.0000
MOL.7048	0.31858	0.79310	88	85	96.5909
MOL.7050	0.33797	1.00019	1378	0	0.0000
MOL.7052	0.31525	0.98558	278	0	0.0000
MOL.7053	0.30488	1.07085	186	0	0.0000
MOL.7063	0.32683	0.88930	136	103	75.7353
MOL.7065	0.32429	1.17086	33	29	87.8788
MOL.7067	0.32162	0.69376	76	73	96.0526
MOL.7068	0.30653	0.79438	61	59	96.7213
MOL.7069	0.28951	0.64260	42	34	80.9524
MOL.7071	0.33229	0.70170	200	124	62.0000
MOL.7076	0.30671	0.78357	72	66	91.6667
MOL.7079	0.31116	0.96710	50	0	0.0000
MOL.7085	0.31897	0.79413	80	52	65.0000
MOL.7087	0.32360	0.77972	72	68	94.4444
MOL.7088	0.30415	0.97184	217	0	0.0000
MOL.7090	0.33804	0.81876	357	333	93.2773
MOL.7091	0.35743	0.82091	139	59	42.4460
MOL.7097	0.31025	0.96065	2313	0	0.0000
MOL.7102	0.43018	0.99663	20	0	0.0000
MOL.7103	0.31187	0.99017	112	0	0.0000
MOL.7106	0.32059	0.77785	103	102	99.0291
MOL.7107	0.33491	1.08273	37	0	0.0000
MOL.7109	0.32270	1.02603	1967	0	0.0000
MOL.7113	0.32774	0.68909	54	35	64.8148
MOL.7118	0.33962	0.96140	119	0	0.0000
MOL.7123	0.29110	0.82371	91	1	1.0989
MOL.7124	0.33057	0.85500	101	0	0.0000
MOL.7132	0.31035	1.04705	456	0	0.0000
MOL.7137	0.32262	0.84583	109	106	97.2477
MOL.7142	0.33726	1.04363	379	0	0.0000
MOL.7143	0.33056	1.00437	163	61	37.4233
MOL.7144	0.32568	0.68008	38	35	92.1053
MOL.7146	0.31634	0.81047	201	188	93.5323
MOL.7147	0.31642	0.93581	1640	48	2.9268
MOL.7156	0.31396	0.99247	264	0	0.0000
MOL.7160	0.32631	0.79288	81	78	96.2963
MOL.7161	0.32671	0.95877	477	280	58.7002
MOL.7163	0.38239	0.59590	97	82	84.5361
MOL.7167	0.34146	0.75523	137	129	94.1606
MOL.7177	0.34675	0.79784	189	138	73.0159
MOL.7178	0.31564	0.93640	398	0	0.0000
MOL.7182	0.34903	1.02433	235	230	97.8723
MOL.7184	0.35656	0.64966	42	42	100.0000
MOL.7185	0.31875	0.59414	44	43	97.7273
MOL.7186	0.33542	1.39247	75	75	100.0000
MOL.7187	0.40378	0.81246	142	139	97.8873
MOL.7189	0.31837	0.95130	615	19	3.0894
MOL.7195	0.31223	1.01130	337	0	0.0000
MOL.7196	0.32175	1.00912	1129	2	0.1771
MOL.7202	0.32087	1.05403	3388	74	2.1842
MOL.7206	0.31672	0.84581	288	85	29.5139
MOL.7213	0.33522	0.69656	58	15	25.8621
MOL.7216	0.31442	0.88230	205	9	4.3902
MOL.7217	0.36720	0.87162	24	23	95.8333
MOL.7219	0.30353	0.72883	90	83	92.2222
MOL.7220	0.33046	0.94298	110	98	89.0909
MOL.7223	0.31654	1.02680	172	28	16.2791
MOL.7224	0.34306	1.20539	65	12	18.4615
MOL.7225	0.30446	1.25623	243	14	5.7613
MOL.7226	0.32029	0.97273	373	0	0.0000
MOL.7227	0.32094	0.93118	80	0	0.0000
MOL.7232	0.31494	1.02095	34	2	5.8824
MOL.7235	0.27386	0.78121	40	36	90.0000
MOL.7238	0.31976	0.98018	1075	0	0.0000
MOL.7249	0.30343	0.75143	43	39	90.6977
MOL.7252	0.27218	0.63043	27	24	88.8889
MOL.7255	0.31277	0.97011	466	24	5.1502
MOL.7256	0.31792	0.94029	49	49	100.0000
MOL.7257	0.32896	0.79426	105	87	82.8571
MOL.7260	0.31848	0.89685	192	0	0.0000
MOL.7261	0.35650	0.89006	118	0	0.0000
MOL.7262	0.33966	0.97053	296	2	0.6757
MOL.7263	0.33413	1.78006	20	0	0.0000
MOL.7264	0.30790	0.87384	66	0	0.0000
MOL.7265	0.33232	0.87817	148	0	0.0000
MOL.7266	0.30156	0.86968	71	0	0.0000
MOL.7269	0.31133	0.89456	75	65	86.6667
MOL.7270	0.31162	0.73853	36	33	91.6667
MOL.7277	0.32404	1.02094	1026	59	5.7505
MOL.7279	0.33194	0.56061	56	44	78.5714
MOL.7285	0.32299	0.81722	58	36	62.0690
MOL.7290	0.33019	0.67887	206	167	81.0680
MOL.7291	0.35502	0.69568	52	46	88.4615
MOL.7292	0.32462	0.97602	953	0	0.0000
MOL.7294	0.32159	0.69037	255	179	70.1961
MOL.7295	0.32836	0.90373	20	0	0.0000
MOL.7297	0.31866	0.95680	250	12	4.8000
MOL.7300	0.33729	0.83901	141	0	0.0000
MOL.7302	0.32200	0.98625	241	0	0.0000
MOL.7303	0.32224	0.97153	2287	127	5.5531
MOL.7308	0.29867	0.79540	53	51	96.2264
MOL.7310	0.33133	0.71267	39	38	97.4359
MOL.7311	0.31811	0.88292	53	48	90.5660
MOL.7312	0.33634	1.05616	723	1	0.1383
MOL.7315	0.31713	0.94587	384	312	81.2500
MOL.7318	0.31618	0.91353	499	0	0.0000
MOL.7319	0.32379	0.92151	954	0	0.0000
MOL.7320	0.31948	0.91595	368	0	0.0000
MOL.7321	0.31874	1.00520	3983	0	0.0000
MOL.7324	0.32385	0.66989	48	39	81.2500
MOL.7326	0.33654	0.95145	902	1	0.1109
MOL.7335	0.32710	0.94893	965	45	4.6632
MOL.7336	0.34665	0.82023	130	104	80.0000
MOL.7341	0.31799	0.95759	1178	49	4.1596
MOL.7342	0.31261	0.97259	591	0	0.0000
MOL.7348	0.31733	0.99420	2742	0	0.0000
MOL.7351	0.31956	0.79881	198	49	24.7475
MOL.7352	0.32686	0.97324	244	0	0.0000
MOL.7353	0.29996	1.09927	90	0	0.0000
MOL.7355	0.31118	0.91546	125	23	18.4000
MOL.7356	0.32648	0.74631	23	23	100.0000
MOL.7361	0.31487	0.93961	167	4	2.3952
MOL.7363	0.30574	0.61460	75	71	94.6667
MOL.7365	0.31864	0.68186	74	71	95.9459
MOL.7368	0.29767	0.77476	67	65	97.0149
MOL.7371	0.32608	0.93443	390	0	0.0000
MOL.7376	0.31106	0.88267	42	0	0.0000
MOL.7377	0.33641	0.85741	201	1	0.4975
MOL.7380	0.30426	1.04754	21	0	0.0000
MOL.7381	0.32842	0.99090	2367	269	11.3646
MOL.7384	0.32218	0.63259	151	150	99.3377
MOL.7386	0.33767	0.74351	73	54	73.9726
MOL.7389	0.31054	0.85297	24	23	95.8333
MOL.7391	0.34790	0.49501	24	20	83.3333
MOL.7393	0.27798	0.66242	50	45	90.0000
MOL.7394	0.32803	0.79304	296	264	89.1892
MOL.7398	0.33864	0.87921	334	39	11.6766
MOL.7401	0.30295	0.98245	204	95	46.5686
MOL.7402	0.31985	0.97268	5254	14	0.2665
MOL.7409	0.31359	1.00224	510	155	30.3922
MOL.7413	0.35406	0.74223	24	19	79.1667
MOL.7415	0.30240	0.65388	75	62	82.6667
MOL.7418	0.33158	0.81975	95	90	94.7368
MOL.7419	0.31752	0.74505	108	96	88.8889
MOL.7426	0.32497	1.01835	68	63	92.6471
MOL.7430	0.32502	0.72301	125	105	84.0000
MOL.7434	0.29837	0.75596	190	161	84.7368
MOL.7435	0.30371	0.99695	20	18	90.0000
MOL.7436	0.31433	0.74291	150	139	92.6667
MOL.7440	0.37803	0.97658	88	8	9.0909
MOL.7447	0.28883	1.09275	72	0	0.0000
MOL.7451	0.31559	1.03988	6432	0	0.0000
MOL.7455	0.57918	0.73693	24	0	0.0000
MOL.7462	0.38095	1.07670	45	33	73.3333
MOL.7466	0.28803	0.82022	62	0	0.0000
MOL.7473	0.36461	0.68089	319	274	85.8934
MOL.7479	0.33121	0.77106	278	229	82.3741
MOL.7481	0.33377	0.63635	85	74	87.0588
MOL.7484	0.28253	0.70432	21	18	85.7143
MOL.7485	0.35751	0.61181	119	105	88.2353
MOL.7486	0.36479	0.82422	88	58	65.9091
MOL.7487	0.29564	0.53223	21	0	0.0000
MOL.7488	0.36556	2.08347	23	0	0.0000
MOL.7489	0.31234	0.58904	138	117	84.7826
MOL.7493	0.34846	0.77116	270	238	88.1481
MOL.7495	0.29200	0.66886	99	64	64.6465
MOL.7500	0.31349	1.02139	120	98	81.6667
MOL.7501	0.30742	0.56973	123	100	81.3008
MOL.7502	0.32240	0.90509	173	11	6.3584
MOL.7505	0.32236	0.62926	94	75	79.7872
MOL.7517	0.32706	0.86783	62	25	40.3226
MOL.7525	0.33305	0.84429	53	42	79.2453
MOL.7528	0.44165	0.86115	65	0	0.0000
MOL.7530	0.30694	0.85543	22	0	0.0000
MOL.7531	0.36430	1.22630	58	0	0.0000
MOL.7543	0.32872	0.90227	357	27	7.5630
MOL.7549	0.33657	0.79075	56	53	94.6429
MOL.7550	0.29833	0.63828	71	55	77.4648
MOL.7551	0.32177	0.65176	83	75	90.3614
MOL.7554	0.36730	0.87992	26	19	73.0769
MOL.7556	0.33301	0.83454	74	0	0.0000
MOL.7558	0.33138	0.85485	430	61	14.1860
MOL.7559	0.34174	0.96660	86	82	95.3488
MOL.7561	0.32175	0.84224	379	0	0.0000
MOL.7569	0.32638	0.94619	455	0	0.0000
MOL.7570	0.33291	0.94001	730	0	0.0000
MOL.7571	0.34366	0.61793	77	46	59.7403
MOL.7575	0.32376	0.78036	313	272	86.9010
MOL.7578	0.36962	1.10709	58	0	0.0000
MOL.7585	0.38798	0.72142	109	96	88.0734
MOL.7589	0.32488	0.81362	146	143	97.9452
MOL.7591	0.33889	0.84728	36	15	41.6667
MOL.7596	0.33818	0.96019	255	0	0.0000
MOL.7599	0.31123	0.77626	142	112	78.8732
MOL.7606	0.31548	0.71970	230	134	58.2609
MOL.7610	0.34369	0.92788	74	72	97.2973
MOL.7614	0.39137	0.87851	21	20	95.2381
MOL.7616	0.35278	0.65461	70	64	91.4286
MOL.7622	0.33564	0.69084	23	20	86.9565
MOL.7624	0.36866	0.64421	44	41	93.1818
MOL.7625	0.34350	0.71191	166	165	99.3976
MOL.7633	0.38998	0.65377	56	56	100.0000
MOL.7639	0.35993	0.74370	97	91	93.8144
MOL.7642	0.33953	0.85541	1066	560	52.5328
MOL.7648	0.39084	0.63407	156	113	72.4359
MOL.7651	0.31385	0.67261	222	180	81.0811
MOL.7652	0.28838	0.97415	39	37	94.8718
MOL.7653	0.34213	1.04407	250	12	4.8000
MOL.7654	0.34388	0.72625	149	138	92.6174
MOL.7655	0.33342	0.83241	329	262	79.6353
MOL.7656	0.33077	0.76727	353	209	59.2068
MOL.7657	0.33064	0.78281	139	50	35.9712
MOL.7659	0.32423	0.97124	215	211	98.1395
MOL.7665	0.33859	0.81968	113	113	100.0000
MOL.7672	0.35854	0.79955	261	216	82.7586
MOL.7673	0.32382	0.94001	80	80	100.0000
MOL.7675	0.31299	0.82763	184	147	79.8913
MOL.7678	0.30078	0.82901	83	62	74.6988
MOL.7679	0.45722	1.38695	51	0	0.0000
MOL.7681	0.46411	1.06673	95	0	0.0000
MOL.7690	0.32134	0.63227	106	84	79.2453
MOL.7691	0.37977	1.17258	39	0	0.0000
MOL.7692	0.30732	0.78953	276	270	97.8261
MOL.7694	0.32140	0.87818	500	27	5.4000
MOL.7696	0.30418	0.77245	28	0	0.0000
MOL.7699	0.44017	1.28502	87	0	0.0000
MOL.7706	0.30194	0.90745	75	65	86.6667
MOL.7713	0.30787	0.63851	82	67	81.7073
MOL.7715	0.30650	1.01410	793	0	0.0000
MOL.7721	0.33023	0.91254	340	0	0.0000
MOL.7722	0.39455	0.99709	71	0	0.0000
MOL.7723	0.34969	0.82409	24	0	0.0000
MOL.7724	0.32426	0.68677	219	210	95.8904
MOL.7729	0.32997	0.85323	45	24	53.3333
MOL.7733	0.30879	0.79710	197	2	1.0152
MOL.7734	0.32625	0.98305	1584	0	0.0000
MOL.7735	0.34215	0.96450	257	0	0.0000
MOL.7738	0.31807	0.89918	202	0	0.0000
MOL.7739	0.35324	1.31982	24	0	0.0000
MOL.7740	0.37402	1.00578	209	0	0.0000
MOL.7741	0.32048	0.95955	620	0	0.0000
MOL.7748	0.29374	1.05912	41	0	0.0000
MOL.7757	0.32264	0.66086	87	80	91.9540
MOL.7759	0.30141	0.87400	322	31	9.6273
MOL.7764	0.34723	0.61266	160	62	38.7500
MOL.7766	0.31898	0.80115	82	65	79.2683
MOL.7783	0.40372	0.91353	52	49	94.2308
MOL.7784	0.32297	0.67344	36	33	91.6667
MOL.7786	0.30446	1.08884	76	0	0.0000
MOL.7787	0.41013	1.07545	45	2	4.4444
MOL.7790	0.40011	0.67386	47	41	87.2340
MOL.7791	0.33388	0.54253	43	20	46.5116
MOL.7796	0.31460	0.68740	164	146	89.0244
MOL.7800	0.30411	0.87622	39	36	92.3077
MOL.7802	0.32946	0.86828	82	79	96.3415
MOL.7805	0.31469	0.99100	1797	11	0.6121
MOL.7807	0.31602	0.98970	119	0	0.0000
MOL.7810	0.36300	1.07000	30	11	36.6667
MOL.7814	0.31328	0.96063	1149	0	0.0000
MOL.7823	0.30015	0.76073	69	51	73.9130
MOL.7828	0.31276	1.03653	4601	0	0.0000
MOL.7830	0.37004	1.05196	49	0	0.0000
MOL.7832	0.37364	0.99554	136	0	0.0000
MOL.7835	0.31057	0.92574	145	124	85.5172
MOL.7840	0.32239	0.78215	433	0	0.0000
MOL.7841	0.33189	0.99975	54	54	100.0000
MOL.7842	0.30092	0.78699	104	29	27.8846
MOL.7843	0.31392	0.99699	4313	0	0.0000
MOL.7847	0.33820	0.80230	104	83	79.8077
MOL.7848	0.33185	0.82426	42	38	90.4762
MOL.7850	0.30639	0.73751	72	67	93.0556
MOL.7853	0.31514	0.63809	155	97	62.5806
MOL.7859	0.33065	0.97834	189	0	0.0000
MOL.7862	0.37579	0.52354	56	51	91.0714
MOL.7863	0.31580	1.03159	731	0	0.0000
MOL.7866	0.31339	1.02085	2603	0	0.0000
MOL.7868	0.30773	0.92665	58	0	0.0000
MOL.7872	0.30716	1.04607	190	0	0.0000
MOL.7874	0.30799	1.03591	388	0	0.0000
MOL.7875	0.29837	0.87907	92	0	0.0000
MOL.7878	0.36272	1.08856	86	0	0.0000
MOL.7880	0.31692	0.66970	72	59	81.9444
MOL.7888	0.34440	0.79515	95	92	96.8421
MOL.7889	0.31216	0.92609	84	69	82.1429
MOL.7894	0.30786	0.81980	236	203	86.0169
MOL.7901	0.35782	0.94828	22	0	0.0000
MOL.7902	0.32119	0.92198	449	0	0.0000
MOL.7906	0.29915	0.84417	51	0	0.0000
MOL.7908	0.30819	0.91162	222	0	0.0000
MOL.7909	0.32803	0.72076	41	36	87.8049
MOL.7913	0.30946	0.83362	329	259	78.7234
MOL.7915	0.31654	0.97785	810	0	0.0000
MOL.7917	0.31165	0.94831	320	0	0.0000
MOL.7918	0.28044	1.11048	22	0	0.0000
MOL.7923	0.30103	1.01258	24	0	0.0000
MOL.7924	0.28462	1.13667	21	0	0.0000
MOL.7925	0.31851	1.03571	1133	0	0.0000
MOL.7926	0.34805	0.86062	114	111	97.3684
MOL.7928	0.32459	0.56471	126	108	85.7143
MOL.7929	0.31439	0.74679	65	59	90.7692
MOL.7933	0.32286	0.59810	166	134	80.7229
MOL.7934	0.31914	0.93918	1978	683	34.5298
MOL.7939	0.37764	0.98335	68	6	8.8235
MOL.7953	0.33059	1.03498	737	137	18.5889
MOL.7958	0.32814	0.57105	34	34	100.0000
MOL.7964	0.27917	0.79441	26	17	65.3846
MOL.7966	0.26302	1.06537	50	46	92.0000
MOL.7967	0.31156	0.78221	147	127	86.3946
MOL.7968	0.33649	0.70258	63	59	93.6508
MOL.7969	0.27493	0.78667	61	30	49.1803
MOL.7970	0.31395	0.79098	268	245	91.4179
MOL.7971	0.29080	0.71111	59	53	89.8305
MOL.7972	0.30735	1.13104	31	31	100.0000
MOL.7973	0.33147	0.81064	440	429	97.5000
MOL.7982	0.32388	0.64952	33	18	54.5455
MOL.7983	0.31324	0.94780	69	25	36.2319
MOL.7985	0.35000	0.70165	49	44	89.7959
MOL.7991	0.31633	1.03401	5098	0	0.0000
MOL.7992	0.31817	0.76511	85	0	0.0000
MOL.7995	0.30169	1.06822	1719	0	0.0000
MOL.7998	0.33675	0.81296	93	92	98.9247
MOL.8000	0.33054	0.84745	56	30	53.5714
MOL.8004	0.32880	0.95932	20	0	0.0000
MOL.8005	0.30210	0.95875	32	0	0.0000
MOL.8009	0.31176	1.05554	2698	4	0.1483
MOL.8011	0.32088	0.79156	57	0	0.0000
MOL.8012	0.62406	0.72440	45	0	0.0000
MOL.8015	0.29820	1.02807	35	0	0.0000
MOL.8023	0.52695	1.14997	144	0	0.0000
MOL.8025	0.31894	1.03071	863	0	0.0000
MOL.8026	0.33252	0.64417	133	112	84.2105
MOL.8031	0.31601	0.85555	247	3	1.2146
MOL.8038	0.30795	0.75748	370	133	35.9459
MOL.8040	0.32827	0.80309	101	97	96.0396
MOL.8043	0.32097	1.02113	602	0	0.0000
MOL.8052	0.29420	0.71657	23	20	86.9565
MOL.8054	0.35953	0.92006	550	468	85.0909
MOL.8057	0.32200	0.75746	42	0	0.0000
MOL.8060	0.63061	0.93166	35	0	0.0000
MOL.8064	0.31755	1.02374	497	0	0.0000
MOL.8065	0.30748	0.86163	70	61	87.1429
MOL.8068	0.34215	0.55422	44	36	81.8182
MOL.8076	0.31127	0.75233	352	325	92.3295
MOL.8079	0.31598	1.05001	592	0	0.0000
MOL.8084	0.31283	0.77837	80	16	20.0000
MOL.8094	0.30823	0.97416	466	1	0.2146
MOL.8095	0.31100	1.00085	2601	2	0.0769
MOL.8096	0.30831	0.81771	243	238	97.9424
MOL.8097	0.33811	1.14329	57	0	0.0000
MOL.8101	0.31995	0.73651	135	107	79.2593
MOL.8103	0.30885	0.35876	32	31	96.8750
MOL.8117	0.30806	0.82637	86	80	93.0233
MOL.8118	0.36014	0.54364	52	48	92.3077
MOL.8119	0.34096	1.20612	271	49	18.0812
MOL.8121	0.32057	1.04619	240	0	0.0000
MOL.8126	0.31564	1.05791	3392	0	0.0000
MOL.8131	0.30707	1.06612	509	0	0.0000
MOL.8133	0.32321	1.08053	195	0	0.0000
MOL.8153	0.31263	0.93973	158	33	20.8861
MOL.8155	0.33014	0.90015	220	0	0.0000
MOL.8159	0.31721	0.97456	1324	51	3.8520
MOL.8162	0.32040	0.95576	1319	10	0.7582
MOL.8166	0.31704	0.91284	522	61	11.6858
MOL.8168	0.30596	0.96465	232	0	0.0000
MOL.8179	0.34558	0.82287	117	95	81.1966
MOL.8180	0.30893	1.09533	342	7	2.0468
MOL.8181	0.34196	0.61155	29	18	62.0690
MOL.8187	0.52008	1.16454	153	0	0.0000
MOL.8188	0.31742	0.73967	211	200	94.7867
MOL.8189	0.30745	0.75356	34	32	94.1176
MOL.8193	0.31248	0.80453	159	156	98.1132
MOL.8194	0.31731	0.99639	965	0	0.0000
MOL.8196	0.32967	0.93225	46	0	0.0000
MOL.8198	0.28367	1.04518	44	0	0.0000
MOL.8202	0.31780	1.01041	1455	21	1.4433
MOL.8214	0.49450	1.08418	339	0	0.0000
MOL.8215	0.32141	0.62323	28	26	92.8571
MOL.8217	0.32160	0.56499	83	57	68.6747
MOL.8219	0.30402	0.71782	36	30	83.3333
MOL.8221	0.34047	0.93606	280	0	0.0000
MOL.8223	0.33333	1.12451	60	60	100.0000
MOL.8229	0.31282	0.83010	58	46	79.3103
MOL.8232	0.36380	0.98833	63	0	0.0000
MOL.8236	0.32816	0.77669	140	131	93.5714
MOL.8237	0.32778	0.84386	168	97	57.7381
MOL.8242	0.32223	0.58984	50	47	94.0000
MOL.8246	0.30279	0.65206	38	33	86.8421
MOL.8247	0.31817	0.77706	85	63	74.1176
MOL.8250	0.43010	0.94446	477	0	0.0000
MOL.8255	0.32736	0.95791	789	0	0.0000
MOL.8256	0.30716	1.10552	39	0	0.0000
MOL.8263	0.31979	1.03317	312	0	0.0000
MOL.8264	0.29013	0.85150	93	45	48.3871
MOL.8266	0.41449	0.85069	59	32	54.2373
MOL.8267	0.34816	0.66605	177	137	77.4011
MOL.8268	0.32918	0.73409	73	0	0.0000
MOL.8271	0.31710	0.73981	26	6	23.0769
MOL.8273	0.32109	1.00447	2758	1	0.0363
MOL.8280	0.32602	0.97656	68	0	0.0000
MOL.8281	0.32686	0.73768	71	57	80.2817
MOL.8286	0.31085	1.02052	1015	47	4.6305
MOL.8288	0.31617	0.78801	197	176	89.3401
MOL.8292	0.31061	0.93833	911	0	0.0000
MOL.8295	0.30914	1.06438	1477	0	0.0000
MOL.8296	0.33477	0.91238	82	0	0.0000
MOL.8298	0.34650	1.16064	24	0	0.0000
MOL.8310	0.28302	0.77901	28	0	0.0000
MOL.8314	0.31093	0.89171	65	0	0.0000
MOL.8317	0.34043	0.75502	57	49	85.9649
MOL.8322	0.32147	0.67125	54	49	90.7407
MOL.8325	0.31767	0.71825	140	114	81.4286
MOL.8326	0.33169	1.00597	834	0	0.0000
MOL.8327	0.34683	0.58248	32	20	62.5000
MOL.8328	0.31346	0.95345	106	105	99.0566
MOL.8331	0.33049	0.79708	122	119	97.5410
MOL.8334	0.32044	0.97305	355	0	0.0000
MOL.8335	0.31058	0.71956	49	26	53.0612
MOL.8338	0.33436	0.90110	170	0	0.0000
MOL.8339	0.34341	0.83879	154	0	0.0000
MOL.8340	0.33735	0.85278	80	0	0.0000
MOL.8341	0.31935	0.56398	26	1	3.8462
MOL.8344	0.30929	0.73020	42	31	73.8095
MOL.8349	0.34327	0.98160	113	0	0.0000
MOL.8350	0.26313	1.25805	38	0	0.0000
MOL.8356	0.35751	0.90622	25	0	0.0000
MOL.8358	0.31824	0.94492	891	18	2.0202
MOL.8362	0.34580	0.75743	403	390	96.7742
MOL.8368	0.30933	1.13846	42	0	0.0000
MOL.8370	0.33790	0.77051	155	131	84.5161
MOL.8374	0.31243	0.57622	43	40	93.0233
MOL.8376	0.31396	1.16089	55	51	92.7273
MOL.8378	0.33883	0.82182	265	164	61.8868
MOL.8379	0.31273	1.07652	36	35	97.2222
MOL.8387	0.33537	0.91971	566	0	0.0000
MOL.8390	0.32743	0.95218	5157	36	0.6981
MOL.8394	0.26895	0.82294	20	19	95.0000
MOL.8395	0.32106	0.96677	371	94	25.3369
MOL.8396	0.29528	0.75699	64	56	87.5000
MOL.8400	0.32764	0.89311	82	74	90.2439
MOL.8401	0.31998	1.01272	1075	204	18.9767
MOL.8402	0.30917	0.82754	28	19	67.8571
MOL.8404	0.31601	0.92313	421	7	1.6627
MOL.8405	0.31345	0.93620	436	0	0.0000
MOL.8406	0.32181	0.96051	153	0	0.0000
MOL.8407	0.30864	0.98113	592	0	0.0000
MOL.8409	0.32770	1.11438	43	0	0.0000
MOL.8413	0.33209	0.85903	367	271	73.8420
MOL.8415	0.31712	1.00911	675	0	0.0000
MOL.8416	0.31235	0.98741	309	0	0.0000
MOL.8417	0.32451	0.99532	1382	0	0.0000
MOL.8421	0.32279	0.93547	501	0	0.0000
MOL.8424	0.41094	0.97488	55	0	0.0000
MOL.8431	0.32384	0.98769	1098	64	5.8288
MOL.8432	0.30569	0.83673	23	18	78.2609
MOL.8434	0.32153	0.95821	1501	0	0.0000
MOL.8437	0.30213	0.88126	133	23	17.2932
MOL.8438	0.32700	0.82000	94	90	95.7447
MOL.8444	0.25894	0.68826	20	17	85.0000
MOL.8445	0.29703	0.60642	55	46	83.6364
MOL.8446	0.37463	1.23601	28	27	96.4286
MOL.8447	0.32137	0.94931	259	21	8.1081
MOL.8450	0.32983	0.70779	106	89	83.9623
MOL.8451	0.35147	0.83102	546	528	96.7033
MOL.8456	0.32797	0.74905	104	102	98.0769
MOL.8460	0.32423	0.84360	141	0	0.0000
MOL.8463	0.34138	1.05637	238	0	0.0000
MOL.8465	0.34913	0.78294	54	0	0.0000
MOL.8467	0.31999	0.90410	1265	287	22.6877
MOL.8468	0.33150	0.88180	31	21	67.7419
MOL.8472	0.33207	0.93808	112	0	0.0000
MOL.8475	0.31502	0.85946	242	0	0.0000
MOL.8480	0.34769	0.82226	40	0	0.0000
MOL.8481	0.29906	0.97277	20	0	0.0000
MOL.8483	0.36417	0.99900	31	1	3.2258
MOL.8484	0.31786	0.63021	151	113	74.8344
MOL.8488	0.33225	0.69219	34	33	97.0588
MOL.8491	0.34103	0.74800	123	117	95.1220
MOL.8492	0.29612	0.64128	57	54	94.7368
MOL.8493	0.33232	0.82435	252	241	95.6349
MOL.8501	0.31984	0.83221	35	16	45.7143
MOL.8502	0.36197	1.15483	70	64	91.4286
MOL.8503	0.32152	0.76642	77	67	87.0130
MOL.8506	0.32854	0.76236	399	92	23.0576
MOL.8510	0.34277	0.61276	112	88	78.5714
MOL.8511	0.34776	0.81793	60	58	96.6667
MOL.8512	0.33774	0.66335	77	40	51.9481
MOL.8520	0.34178	0.63668	54	38	70.3704
MOL.8527	0.34745	0.79229	447	312	69.7987
MOL.8530	0.33319	0.77277	209	188	89.9522
MOL.8534	0.33585	0.95314	214	48	22.4299
MOL.8539	0.36839	0.68049	363	316	87.0523
MOL.8540	0.34376	1.02859	64	0	0.0000
MOL.8544	0.31855	0.79775	33	30	90.9091
MOL.8546	0.32421	0.94052	55	53	96.3636
MOL.8547	0.34157	0.73929	321	308	95.9502
MOL.8550	0.34874	0.83020	210	195	92.8571
MOL.8551	0.30118	0.80005	115	106	92.1739
MOL.8552	0.39121	0.80157	61	59	96.7213
MOL.8554	0.33348	1.02838	528	0	0.0000
MOL.8557	0.35207	0.95951	46	33	71.7391
MOL.8560	0.39123	1.07334	74	71	95.9459
MOL.8561	0.31686	0.68281	23	20	86.9565
MOL.8563	0.40000	0.67880	21	19	90.4762
MOL.8564	0.31085	0.80459	35	29	82.8571
MOL.8566	0.34130	0.69600	89	67	75.2809
MOL.8568	0.30458	0.97725	287	9	3.1359
MOL.8570	0.41102	0.85421	134	131	97.7612
MOL.8572	0.33767	1.66757	34	28	82.3529
MOL.8573	0.32912	0.53451	57	45	78.9474
MOL.8574	0.34916	0.87669	260	228	87.6923
MOL.8576	0.33523	0.80858	109	89	81.6514
MOL.8579	0.32335	0.80530	106	82	77.3585
MOL.8580	0.34533	0.81105	218	184	84.4037
MOL.8581	0.33982	0.87680	51	45	88.2353
MOL.8583	0.33066	0.82693	54	50	92.5926
MOL.8584	0.35206	0.78072	106	103	97.1698
MOL.8586	0.37233	1.08530	29	0	0.0000
MOL.8589	0.33245	0.95539	157	0	0.0000
MOL.8603	0.31685	0.91239	167	150	89.8204
MOL.8609	0.33127	0.78792	256	233	91.0156
MOL.8610	0.30930	1.03563	23	23	100.0000
MOL.8613	0.33282	0.77984	152	150	98.6842
MOL.8616	0.34819	0.84581	247	203	82.1862
MOL.8617	0.33254	0.94997	525	0	0.0000
MOL.8621	0.30111	0.72678	121	96	79.3388
MOL.8622	0.32710	0.87809	230	221	96.0870
MOL.8623	0.31888	0.82445	61	40	65.5738
MOL.8625	0.30952	0.93886	45	40	88.8889
MOL.8628	0.32881	0.81614	120	90	75.0000
MOL.8629	0.32443	0.98871	1836	0	0.0000
MOL.8633	0.32855	0.90914	126	0	0.0000
MOL.8634	0.30702	0.72804	68	62	91.1765
MOL.8636	0.33599	0.88815	175	157	89.7143
MOL.8639	0.32998	0.77159	233	182	78.1116
MOL.8640	0.36530	0.65657	87	79	90.8046
MOL.8641	0.32847	1.08170	495	303	61.2121
MOL.8643	0.30440	0.75286	28	13	46.4286
MOL.8645	0.33236	0.96439	4286	175	4.0831
MOL.8646	0.37070	1.05170	64	0	0.0000
MOL.8647	0.34378	0.85383	137	0	0.0000
MOL.8648	0.29698	0.87220	49	0	0.0000
MOL.8650	0.38543	0.78155	63	0	0.0000
MOL.8653	0.29997	0.86970	58	0	0.0000
MOL.8654	0.32434	0.96199	1697	0	0.0000
MOL.8657	0.39970	0.68212	51	50	98.0392
MOL.8658	0.35301	1.00631	103	103	100.0000
MOL.8659	0.29815	0.77333	75	74	98.6667
MOL.8660	0.32836	0.80777	303	263	86.7987
MOL.8664	0.32307	0.81410	37	30	81.0811
MOL.8665	0.34172	0.98872	112	98	87.5000
MOL.8666	0.31949	0.98586	1411	0	0.0000
MOL.8668	0.28786	0.97064	36	0	0.0000
MOL.8669	0.42534	0.87742	32	30	93.7500
MOL.8673	0.32147	0.81107	97	74	76.2887
MOL.8675	0.28738	0.90822	32	29	90.6250
MOL.8676	0.24791	0.72599	20	18	90.0000
MOL.8679	0.32200	0.80773	20	15	75.0000
MOL.8681	0.30045	0.78821	76	58	76.3158
MOL.8684	0.32471	0.81577	250	211	84.4000
MOL.8685	0.29896	0.72650	95	82	86.3158
MOL.8687	0.31661	0.80831	111	108	97.2973
MOL.8690	0.34597	0.91776	337	317	94.0653
MOL.8695	0.31795	1.03140	97	7	7.2165
MOL.8696	0.30885	0.71794	98	88	89.7959
MOL.8697	0.29535	0.71402	28	17	60.7143
MOL.8699	0.31429	1.04428	120	0	0.0000
MOL.8705	0.32805	1.00693	1565	176	11.2460
MOL.8711	0.32023	0.99755	176	44	25.0000
MOL.8712	0.27363	0.87943	65	0	0.0000
MOL.8715	0.31796	1.01659	73	0	0.0000
MOL.8716	0.31523	0.83714	99	84	84.8485
MOL.8718	0.27929	0.65501	23	19	82.6087
MOL.8720	0.35274	0.90044	64	59	92.1875
MOL.8721	0.32034	1.02385	49	47	95.9184
MOL.8722	0.29790	0.84826	58	50	86.2069
MOL.8723	0.37419	0.70328	48	40	83.3333
MOL.8724	0.35300	0.74202	68	60	88.2353
MOL.8728	0.35258	0.84087	539	483	89.6104
MOL.8729	0.33030	0.59422	33	28	84.8485
MOL.8731	0.29711	0.83110	83	70	84.3373
MOL.8733	0.32586	0.90337	1502	238	15.8455
MOL.8736	0.31692	1.00954	68	0	0.0000
MOL.8738	0.32181	0.63263	58	32	55.1724
MOL.8741	0.38635	0.78014	74	57	77.0270
MOL.8742	0.32633	0.96782	76	0	0.0000
MOL.8746	0.28587	0.81306	56	19	33.9286
MOL.8755	0.33666	1.25377	38	37	97.3684
MOL.8760	0.31320	0.90020	215	0	0.0000
MOL.8763	0.32563	0.96247	905	0	0.0000
MOL.8769	0.33336	0.99378	2420	0	0.0000
MOL.8770	0.35536	1.10982	28	0	0.0000
MOL.8771	0.33044	0.83504	251	0	0.0000
MOL.8773	0.44504	1.58491	28	0	0.0000
MOL.8774	0.32838	0.97270	1026	0	0.0000
MOL.8776	0.32903	0.94046	189	174	92.0635
MOL.8777	0.31190	0.67240	64	52	81.2500
MOL.8778	0.29103	0.64362	36	22	61.1111
MOL.8784	0.33569	0.89057	349	0	0.0000
MOL.8786	0.51184	1.02852	67	0	0.0000
MOL.8787	0.41662	1.07239	154	0	0.0000
MOL.8788	0.27195	1.70785	32	0	0.0000
MOL.8789	0.36018	0.98700	22	0	0.0000
MOL.8792	0.31201	1.03443	1327	0	0.0000
MOL.8793	0.36018	0.87563	73	0	0.0000
MOL.8799	0.33359	1.02356	2875	119	4.1391
MOL.8803	0.33574	1.01087	1537	118	7.6773
MOL.8805	0.31279	0.80689	106	94	88.6792
MOL.8807	0.34915	0.63530	77	66	85.7143
MOL.8810	0.27081	1.12700	43	3	6.9767
MOL.8812	0.31754	0.81793	100	98	98.0000
MOL.8819	0.31176	0.88626	246	223	90.6504
MOL.8820	0.27783	1.00477	39	32	82.0513
MOL.8821	0.33683	0.76166	117	82	70.0855
MOL.8822	0.33774	0.56190	84	59	70.2381
MOL.8823	0.35650	0.78596	30	29	96.6667
MOL.8824	0.33394	0.81177	128	113	88.2812
MOL.8826	0.34913	0.93675	311	295	94.8553
MOL.8830	0.37347	0.73110	253	124	49.0119
MOL.8831	0.32197	1.01349	2156	1	0.0464
MOL.8834	0.34369	0.73606	163	138	84.6626
MOL.8835	0.33718	0.89137	55	33	60.0000
MOL.8836	0.32967	1.02402	2218	74	3.3363
MOL.8839	0.32105	0.69501	153	139	90.8497
MOL.8840	0.32199	1.00827	1949	88	4.5151
MOL.8842	0.30036	0.68999	56	38	67.8571
MOL.8848	0.36585	0.54073	43	42	97.6744
MOL.8849	0.27214	1.03724	60	48	80.0000
MOL.8852	0.31315	0.73992	76	70	92.1053
MOL.8855	0.28659	0.99365	130	30	23.0769
MOL.8859	0.35300	1.31088	366	1	0.2732
MOL.8860	0.26934	0.83543	48	0	0.0000
MOL.8863	0.29941	1.09749	124	0	0.0000
MOL.8866	0.33789	0.81881	126	41	32.5397
MOL.8871	0.29817	0.75042	73	56	76.7123
MOL.8875	0.31420	0.80452	205	172	83.9024
MOL.8876	0.31801	0.71683	38	36	94.7368
MOL.8877	0.31933	0.98019	1640	154	9.3902
MOL.8881	0.28587	0.94364	53	0	0.0000
MOL.8885	0.38522	0.74690	21	21	100.0000
MOL.8889	0.31082	0.95672	168	0	0.0000
MOL.8890	0.31098	0.99814	2189	0	0.0000
MOL.8893	0.30686	0.89829	332	74	22.2892
MOL.8896	0.31014	1.06253	505	0	0.0000
MOL.8898	0.31380	1.01500	786	26	3.3079
MOL.8904	0.31036	1.02849	23	0	0.0000
MOL.8908	0.38019	0.76089	20	18	90.0000
MOL.8913	0.32680	1.01908	1957	0	0.0000
MOL.8928	0.31458	1.18405	208	0	0.0000
MOL.8930	0.34419	0.94945	167	0	0.0000
MOL.8941	0.44273	1.10220	128	10	7.8125
MOL.8942	0.36086	0.55160	23	16	69.5652
MOL.8948	0.33939	1.07054	34	25	73.5294
MOL.8954	0.33602	0.90105	647	56	8.6553
MOL.8958	0.32636	0.96592	821	0	0.0000
MOL.8960	0.30699	1.19964	133	0	0.0000
MOL.8969	0.30933	0.87064	105	95	90.4762
MOL.8972	0.31741	1.05289	1168	11	0.9418
MOL.8981	0.31558	0.58148	22	18	81.8182
MOL.8982	0.34756	0.90222	49	47	95.9184
MOL.8983	0.33842	1.00255	392	47	11.9898
MOL.8984	0.31058	0.62274	177	169	95.4802
MOL.8989	0.33844	0.84950	26	0	0.0000
MOL.8992	0.33525	0.95304	28	27	96.4286
MOL.8993	0.29834	0.84535	171	153	89.4737
MOL.8994	0.32657	1.15721	44	41	93.1818
MOL.8998	0.31889	0.96665	90	48	53.3333
MOL.9016	0.30551	1.02036	58	0	0.0000
MOL.9019	0.32069	0.97185	791	213	26.9279
MOL.9021	0.32045	0.79336	114	100	87.7193
MOL.9024	0.34511	0.93470	182	44	24.1758
MOL.9025	0.37323	0.64797	34	28	82.3529
MOL.9027	0.31935	1.00721	2713	0	0.0000
MOL.9030	0.30738	0.85303	167	147	88.0240
MOL.9031	0.31215	0.69553	58	49	84.4828
MOL.9043	0.32321	0.94204	1812	12	0.6623
MOL.9046	0.38015	1.14788	23	0	0.0000
MOL.9047	0.31842	1.02203	163	124	76.0736
MOL.9048	0.42130	1.15030	33	0	0.0000
MOL.9055	0.29305	1.01391	208	0	0.0000
MOL.9067	0.34348	1.28040	351	0	0.0000
MOL.9069	0.30239	0.87279	22	0	0.0000
MOL.9081	0.30350	0.93978	199	140	70.3518
MOL.9084	0.30966	0.73856	53	38	71.6981
MOL.9085	0.32257	0.94071	665	148	22.2556
MOL.9087	0.29724	0.95971	78	64	82.0513
MOL.9088	0.32812	0.73045	123	106	86.1789
MOL.9089	0.30587	0.92343	106	83	78.3019
MOL.9093	0.34206	0.76934	35	35	100.0000
MOL.9094	0.31377	0.99911	836	119	14.2344
MOL.9097	0.29590	0.65529	21	12	57.1429
MOL.9101	0.32843	0.63371	109	90	82.5688
MOL.9103	0.36099	1.36188	59	0	0.0000
MOL.9109	0.33020	1.04321	1105	0	0.0000
MOL.9114	0.34631	0.62218	23	11	47.8261
MOL.9115	0.33685	0.74276	268	257	95.8955
MOL.9116	0.32647	0.57029	39	38	97.4359
MOL.9123	0.33008	0.69101	81	66	81.4815
MOL.9134	0.31028	0.65416	60	49	81.6667
MOL.9136	0.31491	0.89340	764	133	17.4084
MOL.9138	0.32283	0.84785	102	102	100.0000
MOL.9141	0.31388	0.64504	30	0	0.0000
MOL.9147	0.32579	1.03554	974	0	0.0000
MOL.9152	0.29763	0.76128	24	10	41.6667
MOL.9153	0.34870	0.80150	486	313	64.4033
MOL.9155	0.32486	0.83778	311	273	87.7814
MOL.9156	0.30778	0.90639	108	0	0.0000
MOL.9162	0.36738	0.88983	21	0	0.0000
MOL.9163	0.31224	0.99800	268	0	0.0000
MOL.9165	0.28893	1.04347	23	0	0.0000
MOL.9174	0.36217	0.82992	21	20	95.2381
MOL.9175	0.32182	0.98508	1308	28	2.1407
MOL.9176	0.31371	0.64560	30	26	86.6667
MOL.9183	0.30439	0.84787	109	84	77.0642
MOL.9190	0.33084	0.78690	92	89	96.7391
MOL.9191	0.30438	0.64351	60	56	93.3333
MOL.9192	0.30103	0.59520	21	11	52.3810
MOL.9193	0.34287	0.69896	208	186	89.4231
MOL.9202	0.25460	0.49368	34	28	82.3529
MOL.9204	0.30964	0.88646	329	268	81.4590
MOL.9207	0.31494	0.93243	955	0	0.0000
MOL.9213	0.31060	0.99817	1761	0	0.0000
MOL.9222	0.31840	0.96799	970	0	0.0000
MOL.9224	0.32954	1.02828	95	0	0.0000
MOL.9225	0.30322	0.70148	117	117	100.0000
MOL.9232	0.31401	0.62677	98	78	79.5918
MOL.9238	0.31099	0.80765	55	51	92.7273
MOL.9239	0.34633	0.75618	132	126	95.4545
MOL.9241	0.30412	0.73119	20	19	95.0000
MOL.9243	0.29255	0.73368	114	94	82.4561
MOL.9253	0.30519	0.85317	187	84	44.9198
MOL.9254	0.31983	0.80603	91	74	81.3187
MOL.9259	0.35352	1.12610	36	35	97.2222
MOL.9261	0.31649	0.87056	36	36	100.0000
MOL.9263	0.32950	0.73633	73	72	98.6301
MOL.9268	0.32360	0.77124	85	79	92.9412
MOL.9274	0.31815	0.94849	902	0	0.0000
MOL.9276	0.31044	0.99061	364	0	0.0000
MOL.9281	0.32204	0.96456	1031	24	2.3278
MOL.9287	0.34524	0.53770	21	17	80.9524
MOL.9288	0.31003	0.73451	76	66	86.8421
MOL.9289	0.36533	0.73559	106	69	65.0943
MOL.9300	0.33447	0.77827	146	137	93.8356
MOL.9310	0.35098	0.73586	156	123	78.8462
MOL.9315	0.32524	0.90213	1063	0	0.0000
MOL.9318	0.31161	0.55670	40	38	95.0000
MOL.9322	0.31609	0.94327	2222	1	0.0450
MOL.9345	0.53122	1.01809	255	0	0.0000
MOL.9348	0.32591	0.70699	101	77	76.2376
MOL.9349	0.35574	0.70385	96	75	78.1250
MOL.9356	0.32423	0.63482	199	159	79.8995
MOL.9358	0.32465	0.77294	259	240	92.6641
MOL.9364	0.35928	0.77303	150	0	0.0000
MOL.9366	0.47012	0.76763	28	0	0.0000
MOL.9371	0.33256	0.66805	159	145	91.1950
MOL.9379	0.51515	0.70498	37	0	0.0000
MOL.9388	0.35203	0.85833	44	0	0.0000
MOL.9390	0.31694	1.19715	22	22	100.0000
MOL.9403	0.32558	1.02191	25	0	0.0000
MOL.9408	0.34322	0.82417	67	62	92.5373
MOL.9410	0.35277	1.10934	84	72	85.7143
MOL.9411	0.33768	0.66500	66	59	89.3939
MOL.9418	0.31998	0.94386	781	0	0.0000
MOL.9424	0.32103	0.97044	127	28	22.0472
MOL.9426	0.32803	0.95990	1658	46	2.7744
MOL.9427	0.34140	0.95178	103	0	0.0000
MOL.9431	0.32347	0.89148	557	518	92.9982
MOL.9435	0.38362	0.71620	28	27	96.4286
MOL.9436	0.33886	0.90771	340	324	95.2941
MOL.9439	0.34796	0.79921	27	26	96.2963
MOL.9443	0.32231	0.92807	283	0	0.0000
MOL.9444	0.34996	0.80605	300	292	97.3333
MOL.9445	0.33236	1.27437	36	34	94.4444
MOL.9451	0.32632	0.95736	200	0	0.0000
MOL.9455	0.35501	1.05152	130	0	0.0000
MOL.9458	0.32596	0.97436	2957	2	0.0676
MOL.9463	0.31832	0.68088	272	239	87.8676
MOL.9464	0.34476	0.87380	48	48	100.0000
MOL.9465	0.31631	1.01244	135	130	96.2963
MOL.9466	0.33837	0.91645	206	204	99.0291
MOL.9469	0.34038	0.92435	160	149	93.1250
MOL.9471	0.34945	0.91751	64	0	0.0000
MOL.9472	0.32410	0.97456	182	33	18.1319
MOL.9479	0.31338	1.14766	44	40	90.9091
MOL.9480	0.33042	0.82627	535	428	80.0000
MOL.9482	0.33326	0.96238	817	27	3.3048
MOL.9487	0.31319	0.88862	53	0	0.0000
MOL.9489	0.60519	0.89392	247	0	0.0000
MOL.9491	0.33696	0.94957	34	7	20.5882
MOL.10003	0.31124	0.84019	243	152	62.5514
MOL.10007	0.31547	0.91271	148	0	0.0000
MOL.10013	0.29748	0.79738	31	20	64.5161
MOL.10018	0.29043	0.68212	26	21	80.7692
MOL.10019	0.31776	0.97936	604	146	24.1722
MOL.10021	0.30419	0.64260	65	45	69.2308
MOL.10022	0.32722	0.72609	61	51	83.6066
MOL.10024	0.31172	0.95205	58	52	89.6552
MOL.10030	0.32142	0.95700	958	162	16.9102
MOL.10037	0.32896	0.83671	343	0	0.0000
MOL.10041	0.30251	0.97110	22	0	0.0000
MOL.10044	0.30828	0.94613	439	0	0.0000
MOL.10045	0.39355	0.57182	31	28	90.3226
MOL.10046	0.60167	1.07466	57	0	0.0000
MOL.10047	0.29478	0.72180	21	5	23.8095
MOL.10048	0.30875	0.80190	84	61	72.6190
MOL.10050	0.30983	1.01494	1340	0	0.0000
MOL.10063	0.30899	0.76722	546	462	84.6154
MOL.10067	0.31329	1.01051	2507	16	0.6382
MOL.10068	0.36947	0.89882	244	118	48.3607
MOL.10069	0.31732	0.70919	49	38	77.5510
MOL.10073	0.28095	0.83846	58	34	58.6207
MOL.10074	0.30468	0.88700	27	17	62.9630
MOL.10078	0.34287	0.84208	60	57	95.0000
MOL.10082	0.34425	0.67769	222	198	89.1892
MOL.10083	0.34132	0.69907	227	198	87.2247
MOL.10092	0.33900	0.99600	81	0	0.0000
MOL.10095	0.32905	0.93467	437	0	0.0000
MOL.10098	0.36148	0.57923	52	41	78.8462
MOL.10099	0.33615	0.76407	117	110	94.0171
MOL.10103	0.31384	0.81424	23	15	65.2174
MOL.10104	0.32124	0.67325	40	31	77.5000
MOL.10105	0.32946	0.92558	335	167	49.8507
MOL.10106	0.31612	0.96914	499	0	0.0000
MOL.10107	0.30743	0.73349	131	108	82.4427
MOL.10108	0.29580	0.67722	184	162	88.0435
MOL.10110	0.30577	0.69341	52	40	76.9231
MOL.10112	0.33618	0.93304	102	79	77.4510
MOL.10117	0.31603	0.96591	186	0	0.0000
MOL.10120	0.31974	0.90429	305	168	55.0820
MOL.10121	0.24702	0.65336	20	18	90.0000
MOL.10123	0.38423	0.76289	45	34	75.5556
MOL.10127	0.32744	0.69778	26	22	84.6154
MOL.10131	0.31152	1.00805	1231	0	0.0000
MOL.10137	0.44963	0.68339	33	0	0.0000
MOL.10139	0.29958	1.13826	65	0	0.0000
MOL.10143	0.28556	0.75792	48	47	97.9167
MOL.10144	0.28654	0.66709	33	21	63.6364
MOL.10147	0.31354	0.81245	65	59	90.7692
MOL.10148	0.31631	0.80360	113	101	89.3805
MOL.10151	0.32540	0.95598	53	44	83.0189
MOL.10152	0.29865	0.95395	36	34	94.4444
MOL.10153	0.34019	0.90490	517	150	29.0135
MOL.10158	0.31014	1.06662	1324	1	0.0755
MOL.10159	0.27832	1.20620	43	0	0.0000
MOL.10160	0.32293	0.97600	1292	0	0.0000
MOL.10164	0.32491	0.89381	433	0	0.0000
MOL.10172	0.30680	0.62159	28	0	0.0000
MOL.10181	0.35547	0.76709	37	30	81.0811
MOL.10182	0.35959	0.77015	24	23	95.8333
MOL.10183	0.27979	0.61311	23	15	65.2174
MOL.10187	0.32064	1.04262	79	0	0.0000
MOL.10188	0.35117	1.19335	50	0	0.0000
MOL.10194	0.27419	1.19649	22	0	0.0000
MOL.10197	0.60318	0.90777	63	0	0.0000
MOL.10200	0.33439	0.97284	1722	45	2.6132
MOL.10207	0.32399	0.84573	415	12	2.8916
MOL.10211	0.56296	1.05292	55	0	0.0000
MOL.10212	0.31454	0.74305	235	175	74.4681
MOL.10216	0.39762	0.87168	263	253	96.1977
MOL.10224	0.31671	0.85086	147	112	76.1905
MOL.10229	0.32956	0.97279	2798	0	0.0000
MOL.10234	0.31511	0.95955	2464	0	0.0000
MOL.10238	0.32531	0.99582	1132	0	0.0000
MOL.10243	0.32106	0.94613	933	67	7.1811
MOL.10244	0.31438	0.78628	100	52	52.0000
MOL.10248	0.31613	0.87356	336	5	1.4881
MOL.9501	0.31598	0.76076	42	0	0.0000
MOL.9502	0.32298	0.92881	3957	1	0.0253
MOL.9505	0.33720	0.93928	93	0	0.0000
MOL.9506	0.33660	0.99137	28	0	0.0000
MOL.9511	0.26628	0.80695	100	99	99.0000
MOL.9513	0.31062	0.86641	21	19	90.4762
MOL.9526	0.31923	0.90367	1002	0	0.0000
MOL.9529	0.38829	1.11321	122	0	0.0000
MOL.9530	0.31025	0.95260	379	60	15.8311
MOL.9533	0.32344	0.81128	179	162	90.5028
MOL.9535	0.30865	0.67766	458	390	85.1528
MOL.9538	0.32403	0.92400	1858	0	0.0000
MOL.9548	0.32100	1.01405	156	0	0.0000
MOL.9550	0.31449	0.92906	557	0	0.0000
MOL.9555	0.33256	0.98393	354	0	0.0000
MOL.9556	0.31438	0.81944	82	0	0.0000
MOL.9559	0.27909	1.41169	32	0	0.0000
MOL.9564	0.33254	0.72228	397	330	83.1234
MOL.9565	0.29714	1.06424	29	0	0.0000
MOL.9566	0.32938	0.89237	269	0	0.0000
MOL.9567	0.32646	0.73400	20	19	95.0000
MOL.9569	0.30318	1.19403	49	47	95.9184
MOL.9576	0.32644	0.93893	999	0	0.0000
MOL.9578	0.32263	0.92544	219	202	92.2374
MOL.9580	0.32990	0.85359	30	28	93.3333
MOL.9581	0.32095	0.86836	36	24	66.6667
MOL.9585	0.33356	0.94567	70	0	0.0000
MOL.9594	0.31376	0.93575	1233	0	0.0000
MOL.9600	0.30645	0.65368	106	83	78.3019
MOL.9601	0.31333	0.85736	191	151	79.0576
MOL.9602	0.31002	0.71172	24	24	100.0000
MOL.9605	0.30083	0.69278	175	118	67.4286
MOL.9606	0.35529	0.78978	611	597	97.7087
MOL.9608	0.32223	0.90655	93	20	21.5054
MOL.9614	0.33788	0.91741	861	0	0.0000
MOL.9615	0.31507	0.94850	295	0	0.0000
MOL.9617	0.33039	0.94780	874	0	0.0000
MOL.9620	0.34179	0.80533	60	0	0.0000
MOL.9624	0.31696	1.02390	762	24	3.1496
MOL.9627	0.34748	0.58139	65	59	90.7692
MOL.9628	0.30742	0.89942	90	41	45.5556
MOL.9633	0.33069	0.96589	1664	252	15.1442
MOL.9639	0.34751	0.63935	49	47	95.9184
MOL.9646	0.31298	1.01085	954	0	0.0000
MOL.9648	0.32783	0.95375	66	6	9.0909
MOL.9650	0.32678	1.00455	3313	51	1.5394
MOL.9654	0.32071	0.89602	415	50	12.0482
MOL.9658	0.32662	0.73297	177	172	97.1751
MOL.9659	0.32451	0.98108	1373	329	23.9621
MOL.9660	0.28818	0.78239	48	33	68.7500
MOL.9669	0.31982	0.92593	415	73	17.5904
MOL.9671	0.37301	1.06874	492	0	0.0000
MOL.9680	0.31552	0.74437	36	32	88.8889
MOL.9693	0.31808	0.98696	1011	0	0.0000
MOL.9697	0.32906	0.69352	212	203	95.7547
MOL.9702	0.31875	0.64813	95	94	98.9474
MOL.9704	0.31786	0.69895	61	48	78.6885
MOL.9705	0.33333	1.03458	28	16	57.1429
MOL.9706	0.38185	0.74215	26	18	69.2308
MOL.9708	0.26872	0.72328	68	0	0.0000
MOL.9710	0.34303	0.74969	726	690	95.0413
MOL.9717	0.32992	0.72304	22	0	0.0000
MOL.9718	0.32112	0.97029	92	0	0.0000
MOL.9719	0.32986	1.00434	2283	0	0.0000
MOL.9725	0.33188	1.05492	47	0	0.0000
MOL.9728	0.32712	0.79263	202	156	77.2277
MOL.9729	0.33359	0.62247	66	50	75.7576
MOL.9730	0.34325	0.83928	38	35	92.1053
MOL.9732	0.31039	0.64739	59	46	77.9661
MOL.9733	0.31220	0.99297	247	11	4.4534
MOL.9736	0.30388	0.91810	123	89	72.3577
MOL.9742	0.37553	1.27712	85	55	64.7059
MOL.9744	0.32778	0.76012	164	149	90.8537
MOL.9745	0.31469	0.94863	2171	22	1.0134
MOL.9749	0.32209	0.99811	162	0	0.0000
MOL.9752	0.36250	0.81822	30	0	0.0000
MOL.9753	0.31544	0.82179	83	12	14.4578
MOL.9755	0.27360	0.58904	20	17	85.0000
MOL.9756	0.31716	0.94569	906	0	0.0000
MOL.9758	0.31071	0.94500	134	0	0.0000
MOL.9762	0.32790	0.70156	92	82	89.1304
MOL.9765	0.31388	0.68303	37	35	94.5946
MOL.9766	0.31554	1.06263	25	1	4.0000
MOL.9768	0.32260	0.96246	1764	0	0.0000
MOL.9772	0.32029	1.00280	275	0	0.0000
MOL.9773	0.31986	1.04542	1664	38	2.2837
MOL.9774	0.31160	0.91302	60	0	0.0000
MOL.9783	0.38295	0.94852	146	0	0.0000
MOL.9787	0.32896	0.87765	400	32	8.0000
MOL.9788	0.31327	0.89362	59	51	86.4407
MOL.9792	0.35154	0.68061	99	86	86.8687
MOL.9793	0.37126	0.95634	22	22	100.0000
MOL.9805	0.30720	0.99475	187	0	0.0000
MOL.9806	0.31619	1.01820	1034	49	4.7389
MOL.9811	0.31253	0.74964	33	0	0.0000
MOL.9812	0.31435	0.98224	2823	0	0.0000
MOL.9814	0.30481	0.88223	42	0	0.0000
MOL.9815	0.33366	0.81611	39	0	0.0000
MOL.9816	0.33291	0.92057	160	0	0.0000
MOL.9817	0.31707	0.98603	1113	1	0.0898
MOL.9823	0.32542	0.98810	3704	72	1.9438
MOL.9826	0.31767	0.94191	193	0	0.0000
MOL.9829	0.31296	0.63446	48	0	0.0000
MOL.9838	0.31961	0.99201	357	0	0.0000
MOL.9840	0.32845	0.76887	389	346	88.9460
MOL.9841	0.31737	0.77995	31	28	90.3226
MOL.9843	0.32177	0.92767	1129	0	0.0000
MOL.9845	0.31999	0.90371	590	87	14.7458
MOL.9846	0.30568	1.16689	80	0	0.0000
MOL.9852	0.29694	0.68631	39	25	64.1026
MOL.9854	0.31166	0.83412	79	53	67.0886
MOL.9858	0.32259	0.97532	1808	34	1.8805
MOL.9861	0.32568	1.07639	101	0	0.0000
MOL.9865	0.30300	0.85644	51	0	0.0000
MOL.9866	0.29911	0.84018	47	0	0.0000
MOL.9867	0.36653	1.40127	42	0	0.0000
MOL.9868	0.32417	1.01322	281	0	0.0000
MOL.9869	0.29912	0.91671	276	0	0.0000
MOL.9876	0.40448	0.75878	49	49	100.0000
MOL.9878	0.33257	0.81664	49	0	0.0000
MOL.9879	0.31356	0.58219	138	79	57.2464
MOL.9881	0.30612	0.62512	48	39	81.2500
MOL.9882	0.29252	0.53759	29	24	82.7586
MOL.9887	0.33404	0.72272	144	141	97.9167
MOL.9891	0.33809	0.81247	140	138	98.5714
MOL.9892	0.36410	0.77175	467	442	94.6467
MOL.9899	0.31890	1.04015	75	0	0.0000
MOL.9900	0.30866	0.99673	304	0	0.0000
MOL.9905	0.31504	0.95453	140	0	0.0000
MOL.9907	0.32982	0.97991	189	0	0.0000
MOL.9908	0.32429	1.05014	21	0	0.0000
MOL.9910	0.31408	0.81791	80	70	87.5000
MOL.9913	0.32438	0.84122	21	19	90.4762
MOL.9916	0.30329	0.69804	29	24	82.7586
MOL.9919	0.31645	0.93129	422	0	0.0000
MOL.9923	0.29952	0.68297	91	78	85.7143
MOL.9924	0.31326	0.94070	107	87	81.3084
MOL.9925	0.31435	0.81220	64	54	84.3750
MOL.9926	0.32068	0.69873	163	135	82.8221
MOL.9930	0.36894	0.82667	170	0	0.0000
MOL.9931	0.29577	1.15189	20	0	0.0000
MOL.9936	0.38341	0.85405	20	0	0.0000
MOL.9937	0.32386	0.95691	1174	0	0.0000
MOL.9947	0.32612	0.72144	74	61	82.4324
MOL.9948	0.33003	1.04270	1948	153	7.8542
MOL.9949	0.31376	0.65057	80	59	73.7500
MOL.9952	0.32341	0.57687	49	42	85.7143
MOL.9956	0.32588	0.97358	86	0	0.0000
MOL.9963	0.30771	1.01894	689	68	9.8694
MOL.9967	0.32644	0.98617	489	0	0.0000
MOL.9972	0.33278	0.84446	232	122	52.5862
MOL.9978	0.35243	0.80015	197	163	82.7411
MOL.9979	0.30599	0.93122	93	81	87.0968
MOL.9984	0.27961	0.59910	27	27	100.0000
MOL.9985	0.28586	1.08724	22	21	95.4545
MOL.9986	0.34903	0.81172	286	197	68.8811
MOL.9987	0.30350	0.91678	160	16	10.0000
MOL.9990	0.33177	0.72999	85	63	74.1176
MOL.9994	0.34734	0.70743	74	69	93.2432
MOL.9996	0.30910	0.76266	39	28	71.7949
MOL.10256	0.36103	0.92654	110	73	66.3636
MOL.10258	0.33093	0.76402	376	361	96.0106
MOL.10259	0.31167	0.64783	38	37	97.3684
MOL.10260	0.31415	0.70692	25	13	52.0000
MOL.10261	0.30631	0.77934	57	54	94.7368
MOL.10263	0.36000	0.55313	32	25	78.1250
MOL.10264	0.31907	0.64119	234	203	86.7521
MOL.10268	0.27752	0.89164	39	36	92.3077
MOL.10270	0.34261	0.73845	64	0	0.0000
MOL.10276	0.31677	0.87628	21	0	0.0000
MOL.10277	0.35133	0.90483	69	0	0.0000
MOL.10280	0.40418	1.17474	31	0	0.0000
MOL.10291	0.42436	1.26753	261	0	0.0000
MOL.10299	0.32902	1.25931	27	0	0.0000
MOL.10301	0.27792	1.07659	24	0	0.0000
MOL.10307	0.45907	1.16794	131	0	0.0000
MOL.10316	0.31655	0.67203	83	71	85.5422
MOL.10319	0.31568	0.92946	30	29	96.6667
MOL.10322	0.29420	0.87942	35	33	94.2857
MOL.10329	0.36199	0.67031	155	125	80.6452
MOL.10330	0.31602	0.91229	188	170	90.4255
MOL.10332	0.31347	0.85898	40	0	0.0000
MOL.10333	0.36526	0.55523	58	42	72.4138
MOL.10334	0.30370	0.74994	61	58	95.0820
MOL.10336	0.30648	0.69222	29	25	86.2069
MOL.10338	0.30746	0.68245	337	277	82.1958
MOL.10344	0.38730	0.98566	33	0	0.0000
MOL.10347	0.34370	0.73011	89	79	88.7640
MOL.10349	0.34067	0.93556	66	30	45.4545
MOL.10356	0.30473	0.78486	297	240	80.8081
MOL.10357	0.32411	0.89037	48	41	85.4167
MOL.10358	0.32397	0.60513	127	109	85.8268
MOL.10359	0.31925	1.52019	33	32	96.9697
MOL.10360	0.32162	0.70147	67	60	89.5522
MOL.10361	0.31271	0.88631	25	15	60.0000
MOL.10365	0.30401	0.94744	96	68	70.8333
MOL.10366	0.28073	0.53189	32	28	87.5000
MOL.10367	0.35973	0.80606	43	43	100.0000
MOL.10368	0.30669	0.78577	175	169	96.5714
MOL.10369	0.32084	0.93952	873	0	0.0000
MOL.10372	0.30151	0.70633	298	205	68.7919
MOL.10378	0.30940	0.84648	28	20	71.4286
MOL.10379	0.36098	0.62729	49	42	85.7143
MOL.10380	0.33996	0.78599	71	68	95.7746
MOL.10381	0.34568	0.64497	116	98	84.4828
MOL.10383	0.30832	0.96450	67	0	0.0000
MOL.10387	0.32735	0.79381	36	27	75.0000
MOL.10388	0.32205	0.70930	45	32	71.1111
MOL.10391	0.32417	0.85483	454	33	7.2687
MOL.10392	0.33821	0.73591	69	66	95.6522
MOL.10393	0.34602	0.77313	52	0	0.0000
MOL.10397	0.31753	0.86516	67	0	0.0000
MOL.10401	0.31154	0.94934	2224	355	15.9622
MOL.10410	0.35245	1.31001	24	0	0.0000
MOL.10417	0.31740	0.96544	72	0	0.0000
MOL.10418	0.33032	0.90578	594	0	0.0000
MOL.10422	0.31258	0.86383	279	120	43.0108
MOL.10427	0.32365	0.67062	99	73	73.7374
MOL.10429	0.32403	0.89064	748	218	29.1444
MOL.10444	0.30795	0.99203	168	0	0.0000
MOL.10445	0.31705	1.05273	629	0	0.0000
MOL.10446	0.26926	1.00896	35	0	0.0000
MOL.10450	0.30690	0.97125	154	0	0.0000
MOL.10463	0.30204	0.82680	45	44	97.7778
MOL.10465	0.32385	0.79249	53	50	94.3396
MOL.10466	0.29962	0.97874	21	0	0.0000
MOL.10472	0.33312	0.97149	23	2	8.6957
MOL.10474	0.37621	0.86959	573	530	92.4956
MOL.10475	0.34011	0.90402	55	0	0.0000
MOL.10476	0.34499	0.95738	305	60	19.6721
MOL.10477	0.36152	0.72017	139	55	39.5683
MOL.10481	0.30375	0.68637	192	147	76.5625
MOL.10482	0.30740	1.01676	22	4	18.1818
MOL.10491	0.32248	1.05244	39	0	0.0000
MOL.10493	0.31737	1.07617	63	0	0.0000
MOL.10499	0.31619	0.88239	24	0	0.0000
MOL.10500	0.31894	1.23532	57	0	0.0000
MOL.10501	0.33091	0.88307	97	0	0.0000
MOL.10506	0.29205	0.92733	33	0	0.0000
MOL.10512	0.29981	0.96948	380	0	0.0000
MOL.10514	0.34904	0.51591	27	26	96.2963
MOL.10519	0.32341	0.89959	729	24	3.2922
MOL.10521	0.33955	0.87602	170	163	95.8824
MOL.10523	0.31618	0.95662	396	108	27.2727
MOL.10525	0.32470	0.89544	202	0	0.0000
MOL.10528	0.35928	0.82695	123	0	0.0000
MOL.10530	0.25982	0.73486	32	28	87.5000
MOL.10531	0.31460	0.72392	24	22	91.6667
MOL.10532	0.32971	0.58959	54	39	72.2222
MOL.10538	0.33728	0.51809	20	20	100.0000
MOL.10539	0.29662	0.78374	82	70	85.3659
MOL.10542	0.33759	0.77631	57	46	80.7018
MOL.10545	0.29218	0.90242	127	105	82.6772
MOL.10555	0.25520	0.70363	21	12	57.1429
MOL.10556	0.32499	1.04083	512	0	0.0000
MOL.10559	0.32632	0.95420	315	0	0.0000
MOL.10567	0.31053	0.65736	20	19	95.0000
MOL.10569	0.29062	0.62927	29	25	86.2069
MOL.10570	0.32441	1.00964	46	40	86.9565
MOL.10574	0.30353	0.53976	94	85	90.4255
MOL.10575	0.32862	0.72979	290	256	88.2759
MOL.10578	0.31604	0.81625	205	0	0.0000
MOL.10579	0.31827	1.01426	689	9	1.3062
MOL.10586	0.33670	0.74495	169	89	52.6627
MOL.10592	0.32979	0.84023	463	419	90.4968
MOL.10595	0.33278	1.03023	151	7	4.6358
MOL.10597	0.31750	0.62349	128	83	64.8438
MOL.10599	0.32084	1.02737	724	0	0.0000
MOL.10605	0.29260	0.81209	43	0	0.0000
MOL.10606	0.28761	1.04357	74	0	0.0000
MOL.10607	0.33080	0.94164	20	0	0.0000
MOL.10609	0.30974	0.98311	272	0	0.0000
MOL.10611	0.30059	0.78690	94	80	85.1064
MOL.10612	0.26515	0.59548	32	31	96.8750
MOL.10614	0.32820	0.57677	114	95	83.3333
MOL.10617	0.33223	0.91689	171	96	56.1404
MOL.10620	0.27324	0.59162	35	30	85.7143
MOL.10621	0.26773	0.97667	56	45	80.3571
MOL.10626	0.30848	0.73254	209	178	85.1675
MOL.10631	0.30892	0.99471	127	0	0.0000
MOL.10632	0.32549	0.97270	350	0	0.0000
MOL.10639	0.31811	1.02439	2024	325	16.0573
MOL.10644	0.30685	0.99701	1103	0	0.0000
MOL.10649	0.39662	0.97592	133	35	26.3158
MOL.10650	0.32891	0.78003	83	0	0.0000
MOL.10652	0.32361	0.77232	45	0	0.0000
MOL.10653	0.32363	0.85213	212	162	76.4151
MOL.10654	0.32037	1.02813	2205	0	0.0000
MOL.10656	0.26021	0.70774	46	42	91.3043
MOL.10657	0.31675	0.82607	178	122	68.5393
MOL.10658	0.33268	0.67800	149	146	97.9866
MOL.10661	0.36367	1.14246	163	138	84.6626
MOL.10667	0.31388	1.08126	1522	0	0.0000
MOL.10670	0.29899	0.95601	894	0	0.0000
MOL.10675	0.29453	1.03207	107	0	0.0000
MOL.10678	0.33304	1.00164	2403	0	0.0000
MOL.10680	0.32894	0.78655	61	42	68.8525
MOL.10685	0.31348	1.08254	96	0	0.0000
MOL.10688	0.29828	0.84253	64	46	71.8750
MOL.10696	0.30996	0.90937	37	36	97.2973
MOL.10697	0.31893	1.03695	1446	0	0.0000
MOL.10700	0.31871	0.97367	2408	4	0.1661
MOL.10705	0.32405	0.66648	123	101	82.1138
MOL.10706	0.33236	0.64517	54	46	85.1852
MOL.10708	0.34811	0.93545	49	34	69.3878
MOL.10709	0.35613	0.51181	32	23	71.8750
MOL.10710	0.32222	0.73970	141	99	70.2128
MOL.10715	0.32298	0.81962	26	21	80.7692
MOL.10716	0.30887	0.70593	29	24	82.7586
MOL.10717	0.36744	1.09090	52	4	7.6923
MOL.10719	0.43831	0.94455	91	0	0.0000
MOL.10721	0.31223	0.95546	38	0	0.0000
MOL.10725	0.35609	1.10093	80	0	0.0000
MOL.10726	0.31694	0.68185	51	50	98.0392
MOL.10727	0.30435	0.89969	23	20	86.9565
MOL.10728	0.31439	0.97229	236	0	0.0000
MOL.10736	0.31124	0.97982	465	54	11.6129
MOL.10737	0.34303	0.83668	33	17	51.5152
MOL.10738	0.32332	0.96156	369	0	0.0000
MOL.10741	0.31753	0.76322	73	66	90.4110
MOL.10743	0.30153	0.77051	127	60	47.2441
MOL.10747	0.32753	0.93369	36	32	88.8889
MOL.10748	0.31882	1.00273	3732	175	4.6892
MOL.10752	0.29181	0.71787	77	50	64.9351
MOL.10758	0.33279	0.76955	135	87	64.4444
MOL.10760	0.33369	0.70567	77	68	88.3117
MOL.10763	0.32747	0.93520	47	45	95.7447
MOL.10765	0.30814	0.70074	44	21	47.7273
MOL.10766	0.33213	0.76374	128	107	83.5938
MOL.10771	0.32953	0.75392	29	26	89.6552
MOL.10772	0.33150	1.08454	74	43	58.1081
MOL.10776	0.32407	0.98808	760	0	0.0000
MOL.10777	0.33167	1.03400	439	0	0.0000
MOL.10783	0.28217	0.99260	342	0	0.0000
MOL.10786	0.32422	0.86604	300	20	6.6667
MOL.10787	0.33231	1.01925	36	0	0.0000
MOL.10791	0.32604	0.98707	3539	70	1.9780
MOL.10794	0.29058	1.03846	22	22	100.0000
MOL.10798	0.32209	0.93676	435	0	0.0000
MOL.10800	0.30314	0.89680	71	52	73.2394
MOL.10801	0.32811	0.95784	74	53	71.6216
MOL.10803	0.28347	0.80454	26	0	0.0000
MOL.10805	0.23691	0.73504	24	0	0.0000
MOL.10806	0.34486	0.91015	72	0	0.0000
MOL.10812	0.31148	0.71155	24	0	0.0000
MOL.10815	0.33189	1.29078	258	0	0.0000
MOL.10819	0.30738	1.05120	964	0	0.0000
MOL.10823	0.31690	0.78342	111	96	86.4865
MOL.10829	0.34421	1.06035	73	0	0.0000
MOL.10830	0.26996	0.63323	21	18	85.7143
MOL.10833	0.31939	0.95258	167	8	4.7904
MOL.10835	0.27046	0.86836	20	20	100.0000
MOL.10836	0.32498	0.82785	447	411	91.9463
MOL.10845	0.29963	0.90321	56	0	0.0000
MOL.10846	0.40231	1.30259	79	0	0.0000
MOL.10849	0.31917	0.93899	187	89	47.5936
MOL.10854	0.31994	1.00881	3356	103	3.0691
MOL.10860	0.32156	0.75905	37	37	100.0000
MOL.10861	0.31883	0.61877	84	81	96.4286
MOL.10865	0.34348	0.79941	130	128	98.4615
MOL.10866	0.33122	0.93120	256	65	25.3906
MOL.10868	0.28415	0.58967	55	55	100.0000
MOL.10869	0.32276	0.56030	29	28	96.5517
MOL.10870	0.34330	1.08561	50	0	0.0000
MOL.10871	0.32821	0.89945	167	0	0.0000
MOL.10872	0.45929	1.03333	51	0	0.0000
MOL.10874	0.27490	0.83258	20	0	0.0000
MOL.10878	0.32237	0.92807	681	0	0.0000
MOL.10885	0.35714	1.55575	24	0	0.0000
MOL.10886	0.44344	1.06122	22	0	0.0000
MOL.10888	0.31715	0.98665	941	18	1.9129
MOL.10890	0.27152	0.88747	118	0	0.0000
MOL.10902	0.33021	0.96688	673	0	0.0000
MOL.10905	0.33089	0.88592	472	19	4.0254
MOL.10911	0.33144	1.45789	36	0	0.0000
MOL.10912	0.31265	1.06148	33	0	0.0000
MOL.10915	0.32162	0.84135	66	1	1.5152
MOL.10916	0.32027	0.95830	27	27	100.0000
MOL.10918	0.34649	0.89873	121	97	80.1653
MOL.10920	0.29978	0.95923	280	0	0.0000
MOL.10921	0.32319	0.85568	36	0	0.0000
MOL.10925	0.31775	0.98031	338	14	4.1420
MOL.10926	0.38864	1.25173	185	0	0.0000
MOL.10929	0.31782	0.92283	129	0	0.0000
MOL.10936	0.32667	1.02109	2124	19	0.8945
MOL.10941	0.34722	0.75483	80	71	88.7500
MOL.10948	0.33744	0.94681	1096	0	0.0000
MOL.10955	0.33318	0.97225	141	0	0.0000
MOL.10969	0.33351	0.72963	269	241	89.5911
MOL.10975	0.46803	0.98345	208	0	0.0000
MOL.10976	0.33215	0.86711	69	58	84.0580
MOL.10992	0.34984	0.99998	22	14	63.6364
MOL.10994	0.26207	1.04214	25	25	100.0000
MOL.10995	0.36622	0.88485	499	477	95.5912
MOL.10999	0.34657	0.78322	364	329	90.3846
MOL.11000	0.35421	0.92396	52	50	96.1538
MOL.11002	0.30549	0.77340	46	42	91.3043
MOL.11003	0.42636	0.78731	176	0	0.0000
MOL.11009	0.29824	0.68651	23	16	69.5652
MOL.11012	0.31997	0.71739	112	95	84.8214
MOL.11015	0.32164	0.74515	212	148	69.8113
MOL.11018	0.27201	0.57970	36	28	77.7778
MOL.11019	0.39276	1.11787	184	76	41.3043
MOL.11020	0.32728	1.02524	105	0	0.0000
MOL.11021	0.33523	0.90777	265	0	0.0000
MOL.11023	0.32232	0.90864	112	0	0.0000
MOL.11024	0.38780	0.85171	132	0	0.0000
MOL.11025	0.30863	0.94010	80	0	0.0000
MOL.11040	0.35356	0.89742	61	0	0.0000
MOL.11041	0.32390	1.04517	240	0	0.0000
MOL.11049	0.32740	0.95171	3875	0	0.0000
MOL.11051	0.33056	0.88072	188	0	0.0000
MOL.11055	0.36395	0.73794	207	172	83.0918
MOL.11056	0.34536	0.83520	102	89	87.2549
MOL.11057	0.31312	0.72920	187	139	74.3316
MOL.11062	0.30888	0.80699	159	147	92.4528
MOL.11063	0.40508	0.92450	44	0	0.0000
MOL.11064	0.31666	0.72120	138	134	97.1014
MOL.11067	0.32954	0.95556	88	9	10.2273
MOL.11070	0.32177	0.67329	97	74	76.2887
MOL.11071	0.35610	0.54770	94	61	64.8936
MOL.11073	0.27784	1.13033	123	118	95.9350
MOL.11075	0.42126	0.84319	52	47	90.3846
MOL.11084	0.32946	0.92663	864	0	0.0000
MOL.11088	0.32425	0.74101	97	75	77.3196
MOL.11090	0.31717	1.12383	40	32	80.0000
MOL.11091	0.36152	0.55815	24	24	100.0000
MOL.11092	0.33307	0.99834	71	70	98.5915
MOL.11095	0.32426	0.84146	178	75	42.1348
MOL.11098	0.35689	0.66109	60	47	78.3333
MOL.11099	0.29562	0.91345	68	62	91.1765
MOL.11100	0.33106	0.87412	62	38	61.2903
MOL.11102	0.27668	0.95023	43	38	88.3721
MOL.11103	0.31746	0.70707	20	18	90.0000
MOL.11104	0.31556	0.92795	140	135	96.4286
MOL.11110	0.32252	0.90288	638	146	22.8840
MOL.11114	0.33353	0.68024	26	24	92.3077
MOL.11115	0.32520	0.96715	437	0	0.0000
MOL.11118	0.25770	1.04474	23	0	0.0000
MOL.11120	0.30897	1.08403	34	0	0.0000
MOL.11122	0.32927	1.02841	1039	0	0.0000
MOL.11124	0.30317	0.70430	64	44	68.7500
MOL.11125	0.32529	0.94151	383	9	2.3499
MOL.11127	0.34081	0.83256	80	50	62.5000
MOL.11128	0.25962	1.02741	29	8	27.5862
MOL.11142	0.35990	0.94768	50	0	0.0000
MOL.11143	0.38080	1.36641	61	0	0.0000
MOL.11146	0.30986	0.82736	369	0	0.0000
MOL.11147	0.36336	0.88510	29	0	0.0000
MOL.11148	0.35225	0.84729	76	0	0.0000
MOL.11150	0.29872	1.34776	28	0	0.0000
MOL.11151	0.45168	1.15236	45	0	0.0000
MOL.11152	0.35772	1.05189	46	0	0.0000
MOL.11154	0.31537	0.72536	80	62	77.5000
MOL.11155	0.35562	0.93354	772	0	0.0000
MOL.11159	0.31907	0.93625	144	0	0.0000
MOL.11164	0.34099	1.12480	939	0	0.0000
MOL.11165	0.31990	0.96462	1153	0	0.0000
MOL.11169	0.36055	0.72143	29	0	0.0000
MOL.11175	0.34374	0.76632	38	25	65.7895
MOL.11177	0.33570	0.84100	445	422	94.8315
MOL.11183	0.32598	0.81654	51	48	94.1176
MOL.11189	0.32498	0.96665	958	0	0.0000
MOL.11194	0.46048	0.71411	21	0	0.0000
MOL.11198	0.31604	0.96054	1129	6	0.5314
MOL.11208	0.31173	0.97128	81	79	97.5309
MOL.11212	0.32263	0.68874	267	225	84.2697
MOL.11215	0.32427	0.94346	2087	248	11.8831
MOL.11217	0.38327	0.90966	294	165	56.1224
MOL.11218	0.33008	0.82493	179	55	30.7263
MOL.11225	0.34977	0.95568	101	0	0.0000
MOL.11229	0.31240	0.93496	52	0	0.0000
MOL.11234	0.34659	1.24241	43	43	100.0000
MOL.11242	0.32897	0.71870	70	50	71.4286
MOL.11253	0.34393	0.93844	240	0	0.0000
MOL.11254	0.30371	0.89649	36	0	0.0000
MOL.11257	0.31657	1.00725	757	94	12.4174
MOL.11260	0.33380	0.98814	168	0	0.0000
MOL.11261	0.31602	1.00494	53	0	0.0000
MOL.11268	0.32971	0.88929	221	0	0.0000
MOL.11269	0.41099	0.90951	70	0	0.0000
MOL.11271	0.34989	0.77278	143	94	65.7343
MOL.11272	0.32530	0.86477	216	0	0.0000
MOL.11274	0.35217	0.98307	200	188	94.0000
MOL.11275	0.30241	0.74185	55	0	0.0000
MOL.11276	0.34334	0.83774	324	316	97.5309
MOL.11282	0.33608	0.71589	37	0	0.0000
MOL.11283	0.27735	0.86055	69	67	97.1014
MOL.11284	0.31820	0.97977	197	0	0.0000
MOL.11285	0.31750	0.90141	37	31	83.7838
MOL.11287	0.33886	0.76591	130	124	95.3846
MOL.11289	0.31173	0.86543	70	35	50.0000
MOL.11290	0.32071	0.59751	38	30	78.9474
MOL.11293	0.33168	0.86311	578	547	94.6367
MOL.11299	0.31908	0.88594	34	0	0.0000
MOL.11300	0.36766	1.33461	56	0	0.0000
MOL.11302	0.34792	0.91337	249	0	0.0000
MOL.11303	0.28540	1.20354	202	0	0.0000
MOL.11305	0.33987	1.08871	24	0	0.0000
MOL.11306	0.32361	0.99783	30	0	0.0000
MOL.11311	0.31912	0.74698	48	44	91.6667
MOL.11313	0.29978	0.83337	138	132	95.6522
MOL.11317	0.30411	0.85346	63	62	98.4127
MOL.11318	0.32666	0.90238	831	441	53.0686
MOL.11320	0.36032	0.73359	121	108	89.2562
MOL.11321	0.32196	0.82123	108	101	93.5185
MOL.11323	0.33663	0.65635	60	59	98.3333
MOL.11324	0.35998	1.37284	75	72	96.0000
MOL.11327	0.32359	0.84893	206	184	89.3204
MOL.11330	0.34227	0.81342	181	174	96.1326
MOL.11332	0.36032	0.96494	352	0	0.0000
MOL.11333	0.33087	0.94093	27	0	0.0000
MOL.11336	0.31946	0.96904	159	115	72.3270
MOL.11337	0.34638	0.61255	151	133	88.0795
MOL.11339	0.27837	1.05604	21	0	0.0000
MOL.11340	0.32567	1.00538	382	0	0.0000
MOL.11341	0.33522	1.12449	22	0	0.0000
MOL.11342	0.42156	0.94842	87	0	0.0000
MOL.11343	0.34126	1.22682	281	0	0.0000
MOL.11345	0.33534	0.81394	36	31	86.1111
MOL.11347	0.35552	0.75916	172	0	0.0000
MOL.11349	0.31988	0.68354	48	48	100.0000
MOL.11350	0.32350	0.66473	20	0	0.0000
MOL.11351	0.34018	0.60316	117	105	89.7436
MOL.11353	0.30218	0.93674	51	49	96.0784
MOL.11354	0.33263	0.79240	62	62	100.0000
MOL.11355	0.30743	0.49587	48	44	91.6667
MOL.11356	0.34952	0.78095	111	108	97.2973
MOL.11358	0.34069	0.98946	621	0	0.0000
MOL.11361	0.31033	1.05990	180	95	52.7778
MOL.11365	0.31805	1.11235	337	23	6.8249
MOL.11366	0.31687	0.52400	61	48	78.6885
MOL.11370	0.32286	0.91922	444	62	13.9640
MOL.11373	0.27166	0.67083	21	10	47.6190
MOL.11374	0.28554	1.29457	22	18	81.8182
MOL.11375	0.31756	0.65294	101	94	93.0693
MOL.11376	0.36587	0.89872	88	87	98.8636
MOL.11377	0.30300	0.68196	45	45	100.0000
MOL.11380	0.32276	0.99170	4366	128	2.9317
MOL.11383	0.32847	0.80329	20	20	100.0000
MOL.11384	0.33709	0.73392	98	91	92.8571
MOL.11385	0.33570	0.92862	43	43	100.0000
MOL.11388	0.31879	1.01133	1165	127	10.9013
MOL.11391	0.30099	0.84562	27	12	44.4444
MOL.11394	0.32029	0.73273	36	32	88.8889
MOL.11396	0.31710	0.82427	170	158	92.9412
MOL.11400	0.32281	0.98360	3502	0	0.0000
MOL.11403	0.29705	0.89546	66	0	0.0000
MOL.11404	0.31245	0.76798	87	80	91.9540
MOL.11407	0.30227	1.01572	132	23	17.4242
MOL.11417	0.31533	0.85620	49	43	87.7551
MOL.11420	0.32353	2.21582	23	0	0.0000
MOL.11421	0.31371	0.97072	645	0	0.0000
MOL.11423	0.31265	0.97262	83	0	0.0000
MOL.11424	0.31124	0.97823	1122	0	0.0000
MOL.11425	0.31605	0.99251	476	0	0.0000
MOL.11432	0.32096	0.91271	73	0	0.0000
MOL.11436	0.30199	0.86142	474	0	0.0000
MOL.11442	0.33533	1.11835	82	0	0.0000
MOL.11443	0.33354	1.12633	102	0	0.0000
MOL.11449	0.30315	0.97574	388	0	0.0000
MOL.11453	0.35316	0.77039	26	26	100.0000
MOL.11460	0.33064	0.74679	93	85	91.3978
MOL.11461	0.33660	0.91050	228	205	89.9123
MOL.11462	0.32773	0.87555	487	123	25.2567
MOL.11465	0.43912	0.69702	97	50	51.5464
MOL.11470	0.30595	0.98206	21	13	61.9048
MOL.11472	0.31509	0.75682	249	218	87.5502
MOL.11474	0.32628	1.03540	2243	39	1.7387
MOL.11477	0.35141	0.55925	45	40	88.8889
MOL.11480	0.32303	0.82663	27	27	100.0000
MOL.11483	0.33407	1.02991	54	0	0.0000
MOL.11484	0.33523	1.02634	715	0	0.0000
MOL.11485	0.36635	0.53758	113	108	95.5752
MOL.11494	0.31769	0.85773	44	38	86.3636
MOL.11500	0.33553	0.94686	23	22	95.6522
MOL.11505	0.31058	0.76855	59	51	86.4407
MOL.11508	0.31354	0.83962	102	88	86.2745
MOL.11511	0.31224	0.73495	62	60	96.7742
MOL.11516	0.35110	0.72385	186	165	88.7097
MOL.11517	0.29644	1.37926	50	0	0.0000
MOL.11518	0.32486	0.94618	578	0	0.0000
MOL.11521	0.30758	1.02868	71	56	78.8732
MOL.11522	0.41163	1.10677	111	0	0.0000
MOL.11524	0.30025	1.15302	41	0	0.0000
MOL.11537	0.31138	0.76711	36	35	97.2222
MOL.11538	0.52137	1.17575	110	0	0.0000
MOL.11540	0.31736	0.93294	225	77	34.2222
MOL.11542	0.30035	0.98672	106	0	0.0000
MOL.11543	0.29999	1.09107	22	0	0.0000
MOL.11545	0.51263	1.09128	31	0	0.0000
MOL.11560	0.31755	1.04183	748	0	0.0000
MOL.11565	0.30844	0.76255	203	184	90.6404
MOL.11569	0.29921	0.92399	35	34	97.1429
MOL.11570	0.41221	0.84811	38	0	0.0000
MOL.11573	0.31850	0.95128	258	31	12.0155
MOL.11576	0.29761	0.94511	27	0	0.0000
MOL.11582	0.32605	0.95868	648	0	0.0000
MOL.11584	0.30672	0.85836	478	72	15.0628
MOL.11585	0.30835	0.63065	32	32	100.0000
MOL.11586	0.30112	0.90253	298	0	0.0000
MOL.11592	0.33338	0.73592	89	89	100.0000
MOL.11595	0.31437	0.70263	129	124	96.1240
MOL.11596	0.32417	0.92325	185	114	61.6216
MOL.11599	0.31746	0.75007	90	84	93.3333
MOL.11602	0.33002	0.96410	40	33	82.5000
MOL.11605	0.32081	0.89355	88	64	72.7273
MOL.11606	0.29776	0.76438	99	75	75.7576
MOL.11609	0.34913	1.07639	21	10	47.6190
MOL.11615	0.31676	0.99890	199	0	0.0000
MOL.11624	0.31121	0.94770	2936	0	0.0000
MOL.11631	0.30886	0.79067	39	0	0.0000
MOL.11637	0.34433	0.44727	157	149	94.9045
MOL.11638	0.34075	0.54390	45	42	93.3333
MOL.11643	0.31278	0.86184	241	226	93.7759
MOL.11656	0.30941	0.72040	43	42	97.6744
MOL.11658	0.30170	0.70473	22	5	22.7273
MOL.11661	0.35922	0.69980	141	133	94.3262
MOL.11662	0.35783	0.64405	37	37	100.0000
MOL.11663	0.28762	0.84477	135	107	79.2593
MOL.11664	0.32491	0.97504	691	310	44.8625
MOL.11666	0.31351	0.73468	257	211	82.1012
MOL.11669	0.27706	1.16088	23	0	0.0000
MOL.11675	0.31027	1.02290	166	55	33.1325
MOL.11677	0.30581	0.66454	57	42	73.6842
MOL.11678	0.32472	1.33106	103	0	0.0000
MOL.11681	0.33387	0.89757	52	0	0.0000
MOL.11683	0.34848	1.30260	204	0	0.0000
MOL.11691	0.30251	0.63821	87	62	71.2644
MOL.11698	0.31675	0.81388	79	0	0.0000
MOL.11699	0.30639	1.01341	139	0	0.0000
MOL.11701	0.32696	0.92215	86	56	65.1163
MOL.11705	0.34871	0.81334	50	2	4.0000
MOL.11706	0.30878	0.98300	199	0	0.0000
MOL.11710	0.31367	0.75319	22	19	86.3636
MOL.11714	0.30063	0.72525	78	47	60.2564
MOL.11715	0.32328	0.94387	361	0	0.0000
MOL.11718	0.44043	0.82956	41	0	0.0000
MOL.11722	0.33156	0.77986	168	140	83.3333
MOL.11726	0.32428	0.75454	61	58	95.0820
MOL.11729	0.31975	0.88063	45	45	100.0000
MOL.11730	0.33725	0.76782	296	267	90.2027
MOL.11731	0.33315	0.95911	355	0	0.0000
MOL.11734	0.32026	0.93003	114	67	58.7719
MOL.11740	0.31334	0.69218	85	71	83.5294
MOL.11745	0.33734	0.94330	985	590	59.8985
MOL.11748	0.34834	0.88582	80	61	76.2500
MOL.11751	0.35336	0.76702	309	0	0.0000
MOL.11753	0.31442	1.02788	40	0	0.0000
MOL.11754	0.33740	0.89993	426	0	0.0000
MOL.11756	0.32009	0.69403	61	59	96.7213
MOL.11760	0.32547	0.99523	257	0	0.0000
MOL.11761	0.32701	0.87648	33	20	60.6061
MOL.11763	0.33017	0.80486	227	220	96.9163
MOL.11764	0.33691	0.94532	232	0	0.0000
MOL.11768	0.29110	0.96450	119	0	0.0000
MOL.11771	0.32886	1.02406	436	0	0.0000
MOL.11772	0.30653	0.96526	768	0	0.0000
MOL.11777	0.34536	0.72981	61	61	100.0000
MOL.11787	0.34655	0.73473	130	114	87.6923
MOL.11790	0.34320	0.93385	81	0	0.0000
MOL.11799	0.30442	1.05553	450	0	0.0000
MOL.11807	0.34934	0.84479	176	149	84.6591
MOL.11808	0.31395	1.00099	2712	27	0.9956
MOL.11811	0.31205	1.01474	489	0	0.0000
MOL.11819	0.29921	0.85413	107	81	75.7009
MOL.11822	0.30427	0.60832	36	25	69.4444
MOL.11824	0.33327	0.58348	114	70	61.4035
MOL.11828	0.29837	0.92446	95	0	0.0000
MOL.11831	0.35115	1.08153	55	0	0.0000
MOL.11839	0.33551	0.93475	669	0	0.0000
MOL.11843	0.32980	1.05022	196	0	0.0000
MOL.11849	0.32156	0.97036	143	0	0.0000
MOL.11854	0.29758	0.91805	42	0	0.0000
MOL.11856	0.35161	0.75692	21	0	0.0000
MOL.11859	0.43634	0.78490	25	21	84.0000
MOL.11863	0.31900	1.03128	2555	0	0.0000
MOL.11867	0.32470	1.08312	5149	87	1.6896
MOL.11869	0.34019	0.82396	186	173	93.0108
MOL.11870	0.30470	0.65136	35	33	94.2857
MOL.11877	0.33375	0.75097	33	26	78.7879
MOL.11878	0.34081	0.95180	137	126	91.9708
MOL.11880	0.30226	0.92418	94	0	0.0000
MOL.11885	0.35795	0.80322	443	221	49.8871
MOL.11887	0.32259	0.90386	252	0	0.0000
MOL.11891	0.31540	0.75619	40	11	27.5000
MOL.11896	0.37211	0.85648	32	31	96.8750
MOL.11897	0.31091	0.74176	42	28	66.6667
MOL.11898	0.30457	0.68547	100	82	82.0000
MOL.11899	0.31786	0.94993	81	0	0.0000
MOL.11901	0.29353	0.79817	91	68	74.7253
MOL.11905	0.32951	0.71296	374	306	81.8182
MOL.11910	0.31033	0.63987	21	20	95.2381
MOL.11911	0.34093	0.78149	325	240	73.8462
MOL.11915	0.52885	0.66850	27	0	0.0000
MOL.11922	0.41129	1.07086	120	0	0.0000
MOL.11923	0.31502	0.69272	191	164	85.8639
MOL.11924	0.31964	0.74311	82	70	85.3659
MOL.11925	0.36671	0.90554	29	25	86.2069
MOL.11926	0.33620	0.98446	84	1	1.1905
MOL.11927	0.40597	1.19565	33	0	0.0000
MOL.11931	0.30927	0.84681	231	0	0.0000
MOL.11932	0.29895	1.19347	99	0	0.0000
MOL.11935	0.33308	0.98826	696	49	7.0402
MOL.11939	0.31977	0.73667	26	26	100.0000
MOL.11940	0.28434	0.87996	68	51	75.0000
MOL.11941	0.32810	0.93256	232	204	87.9310
MOL.11942	0.33068	1.02783	327	0	0.0000
MOL.11954	0.33556	0.82340	51	39	76.4706
MOL.11955	0.32052	0.84548	45	42	93.3333
MOL.11956	0.34957	0.75043	24	24	100.0000
MOL.11959	0.31899	0.99843	218	81	37.1560
MOL.11960	0.32239	0.73185	57	53	92.9825
MOL.11961	0.32616	0.93006	1191	28	2.3510
MOL.11963	0.32366	0.87190	706	90	12.7479
MOL.11971	0.33776	0.75668	158	149	94.3038
MOL.11974	0.31807	0.98330	2360	63	2.6695
MOL.11975	0.32484	0.95491	35	28	80.0000
MOL.11976	0.33161	0.90929	229	224	97.8166
MOL.11985	0.32426	0.99631	950	0	0.0000
MOL.11988	0.35646	0.85228	166	160	96.3855
MOL.11989	0.33073	0.96884	4377	136	3.1072
MOL.11990	0.30761	0.82131	34	16	47.0588
MOL.11991	0.33954	0.80139	248	240	96.7742
MOL.11995	0.34133	0.87412	279	59	21.1470
MOL.11997	0.31585	0.81280	71	43	60.5634
MOL.11998	0.32943	0.99314	1726	112	6.4890
MOL.11999	0.34053	0.94686	53	0	0.0000
MOL.12003	0.33127	0.91091	184	0	0.0000
MOL.12012	0.32695	0.82676	219	136	62.1005
MOL.12013	0.29858	0.84776	72	63	87.5000
MOL.12016	0.33500	1.27325	49	42	85.7143
MOL.12018	0.32989	0.79234	82	71	86.5854
MOL.12020	0.31032	1.14737	416	0	0.0000
MOL.12026	0.35279	0.88885	54	53	98.1481
MOL.12030	0.33039	0.77862	172	38	22.0930
MOL.12032	0.32227	0.99165	533	0	0.0000
MOL.12038	0.34068	0.79663	156	134	85.8974
MOL.12044	0.32493	1.00490	120	0	0.0000
MOL.12046	0.37568	1.19856	27	0	0.0000
MOL.12048	0.31538	0.83527	157	142	90.4459
MOL.12052	0.28843	0.65636	44	35	79.5455
MOL.12054	0.31958	0.84088	234	187	79.9145
MOL.12055	0.32930	0.75871	305	265	86.8852
MOL.12058	0.30655	0.99666	53	46	86.7925
MOL.12061	0.33213	0.89069	49	49	100.0000
MOL.12064	0.32362	0.97180	158	0	0.0000
MOL.12077	0.32770	0.77790	21	14	66.6667
MOL.12079	0.30989	0.71993	49	39	79.5918
MOL.12087	0.35420	0.76486	226	158	69.9115
MOL.12088	0.36978	0.97294	71	67	94.3662
MOL.12090	0.32490	0.80611	33	27	81.8182
MOL.12092	0.35166	0.80464	591	31	5.2453
MOL.12095	0.31453	0.94771	476	161	33.8235
MOL.12096	0.33857	0.89040	53	0	0.0000
MOL.12100	0.32323	0.84602	170	152	89.4118
MOL.12108	0.32538	0.96366	99	36	36.3636
MOL.12111	0.33347	0.73217	259	208	80.3089
MOL.12112	0.30124	0.86306	63	61	96.8254
MOL.12113	0.32610	0.57579	97	79	81.4433
MOL.12117	0.28895	0.81316	39	25	64.1026
MOL.12118	0.35621	0.82735	43	34	79.0698
MOL.12128	0.31082	0.98603	573	0	0.0000
MOL.12129	0.33158	0.80172	150	146	97.3333
MOL.12130	0.32007	0.84378	64	21	32.8125
MOL.12134	0.32838	0.90796	284	0	0.0000
MOL.12135	0.33018	0.95044	1431	463	32.3550
MOL.12140	0.32692	0.95976	842	0	0.0000
MOL.12144	0.34938	0.78448	30	0	0.0000
MOL.12145	0.35537	0.75016	30	0	0.0000
MOL.12147	0.34367	0.86623	97	0	0.0000
MOL.12148	0.32918	1.08116	145	1	0.6897
MOL.12150	0.33396	0.97609	773	0	0.0000
MOL.12151	0.31514	0.85427	280	0	0.0000
MOL.12152	0.34594	0.69314	413	312	75.5448
MOL.12154	0.31413	0.64100	63	54	85.7143
MOL.12155	0.31524	0.85675	1242	0	0.0000
MOL.12156	0.33428	0.89105	343	118	34.4023
MOL.12168	0.32625	0.70386	144	102	70.8333
MOL.12173	0.31272	0.71699	122	90	73.7705
MOL.12179	0.33607	0.71812	86	0	0.0000
MOL.12180	0.36187	0.85371	29	0	0.0000
MOL.12182	0.33069	0.78193	292	283	96.9178
MOL.12185	0.32106	0.78602	108	84	77.7778
MOL.12188	0.32479	0.75435	43	17	39.5349
MOL.12195	0.31395	0.94708	358	0	0.0000
MOL.12196	0.31710	0.69506	188	183	97.3404
MOL.12198	0.28657	0.73683	22	0	0.0000
MOL.12201	0.31229	1.02593	459	0	0.0000
MOL.12203	0.34921	0.74564	24	0	0.0000
MOL.12204	0.31661	0.71723	42	0	0.0000
MOL.12220	0.33861	0.74313	201	0	0.0000
MOL.12224	0.31514	0.89614	411	369	89.7810
MOL.12225	0.32680	0.89270	74	69	93.2432
MOL.12227	0.30909	0.81485	22	18	81.8182
MOL.12230	0.32730	0.66880	276	195	70.6522
MOL.12231	0.27257	0.70456	44	34	77.2727
MOL.12234	0.30590	0.82084	72	49	68.0556
MOL.12236	0.28901	0.97091	36	32	88.8889
MOL.12238	0.33213	0.72555	42	29	69.0476
MOL.12243	0.33218	1.02507	70	69	98.5714
MOL.12244	0.44744	1.10638	96	52	54.1667
MOL.12246	0.31414	0.84482	131	111	84.7328
MOL.12247	0.31501	0.95835	23	23	100.0000
MOL.12248	0.39160	0.94753	38	8	21.0526
MOL.12249	0.30426	0.78860	183	152	83.0601
MOL.12252	0.56072	1.14584	68	0	0.0000
MOL.12254	0.31055	0.60161	39	28	71.7949
MOL.12256	0.33589	0.79600	355	3	0.8451
MOL.12258	0.29537	0.84213	63	40	63.4921
MOL.12259	0.34886	0.71844	51	23	45.0980
MOL.12260	0.31810	0.79555	85	79	92.9412
MOL.12262	0.37873	0.70449	131	127	96.9466
MOL.12263	0.34269	0.84126	41	0	0.0000
MOL.12264	0.30932	0.66730	59	0	0.0000
MOL.12265	0.33888	0.99330	680	0	0.0000
MOL.12270	0.31499	0.78769	46	46	100.0000
MOL.12272	0.32059	1.19579	36	30	83.3333
MOL.12278	0.32329	0.74499	95	66	69.4737
MOL.12282	0.31288	1.05413	70	69	98.5714
MOL.12283	0.33808	0.99775	30	30	100.0000
MOL.12284	0.37421	0.78979	132	130	98.4848
MOL.12287	0.32288	0.86573	47	45	95.7447
MOL.12288	0.36422	0.80789	586	411	70.1365
MOL.12293	0.32205	0.84667	90	90	100.0000
MOL.12294	0.34846	0.75980	97	97	100.0000
MOL.12295	0.33812	0.76018	33	33	100.0000
MOL.12296	0.32674	0.87044	174	154	88.5057
MOL.12298	0.34140	0.86631	64	44	68.7500
MOL.12300	0.36632	0.72839	20	20	100.0000
MOL.12301	0.33701	1.20979	20	19	95.0000
MOL.12304	0.28447	0.69683	21	16	76.1905
MOL.12309	0.31476	0.90923	38	35	92.1053
MOL.12314	0.32368	0.90906	942	0	0.0000
MOL.12316	0.31927	1.06105	1707	220	12.8881
MOL.12318	0.30650	1.08180	100	99	99.0000
MOL.12319	0.30277	0.69320	45	42	93.3333
MOL.12322	0.35331	0.87326	81	0	0.0000
MOL.12323	0.32419	0.87542	325	149	45.8462
MOL.12324	0.33994	0.79522	385	0	0.0000
MOL.12328	0.29697	0.92515	160	0	0.0000
MOL.12334	0.33538	0.84897	720	576	80.0000
MOL.12336	0.28138	0.58165	39	34	87.1795
MOL.12337	0.31400	0.69567	89	0	0.0000
MOL.12338	0.34092	0.75352	77	0	0.0000
MOL.12341	0.34781	1.06475	106	52	49.0566
MOL.12343	0.32963	1.03532	372	58	15.5914
MOL.12349	0.31925	0.83367	213	164	76.9953
MOL.12352	0.33192	0.92428	153	0	0.0000
MOL.12353	0.32304	0.73818	104	90	86.5385
MOL.12360	0.30548	1.14676	40	39	97.5000
MOL.12361	0.30914	0.69401	22	22	100.0000
MOL.12364	0.32348	1.02677	190	0	0.0000
MOL.12366	0.34537	0.89516	104	1	0.9615
MOL.12368	0.33821	1.01351	109	0	0.0000
MOL.12371	0.32013	0.79736	53	0	0.0000
MOL.12372	0.32487	0.94102	747	0	0.0000
MOL.12373	0.30612	0.96200	295	0	0.0000
MOL.12380	0.33837	0.80169	75	67	89.3333
MOL.12385	0.29917	0.84867	43	39	90.6977
MOL.12387	0.30420	0.77945	53	44	83.0189
MOL.12391	0.31175	1.04938	25	0	0.0000
MOL.12394	0.31833	0.88277	53	0	0.0000
MOL.12398	0.32996	0.93704	298	152	51.0067
MOL.12399	0.33853	0.70775	127	120	94.4882
MOL.12400	0.33584	0.89249	282	0	0.0000
MOL.12401	0.41330	0.55083	83	0	0.0000
MOL.12404	0.32684	0.87811	641	63	9.8284
MOL.12406	0.44188	0.87934	31	0	0.0000
MOL.12407	0.32857	1.04449	2314	0	0.0000
MOL.12412	0.31999	0.90667	419	0	0.0000
MOL.12413	0.33952	1.08964	124	0	0.0000
MOL.12426	0.32652	0.78905	88	77	87.5000
MOL.12428	0.33581	0.48089	20	0	0.0000
MOL.12429	0.33214	0.88921	144	0	0.0000
MOL.12430	0.31279	0.93470	40	0	0.0000
MOL.12431	0.36636	0.71003	82	0	0.0000
MOL.12433	0.32260	0.96504	1163	262	22.5279
MOL.12437	0.34484	0.75989	159	151	94.9686
MOL.12438	0.48846	0.51935	39	37	94.8718
MOL.12442	0.36989	0.82103	68	55	80.8824
MOL.12446	0.31989	0.98779	85	0	0.0000
MOL.12450	0.30813	0.98354	473	0	0.0000
MOL.12454	0.32124	0.83229	339	299	88.2006
MOL.12461	0.35239	0.65877	295	281	95.2542
MOL.12463	0.31355	1.13989	24	0	0.0000
MOL.12464	0.29701	0.70950	55	48	87.2727
MOL.12465	0.32159	0.94992	1245	25	2.0080
MOL.12466	0.30844	0.98644	47	0	0.0000
MOL.12467	0.32149	0.97571	1956	0	0.0000
MOL.12474	0.27928	0.63322	23	0	0.0000
MOL.12475	0.31453	1.02146	532	0	0.0000
MOL.12481	0.43643	1.14287	73	0	0.0000
MOL.12482	0.48489	0.69809	27	0	0.0000
MOL.12486	0.28315	0.59597	42	29	69.0476
MOL.12487	0.31046	0.98937	1224	16	1.3072
MOL.12494	0.32032	1.00567	3482	29	0.8329
MOL.12499	0.32097	0.77605	106	79	74.5283
MOL.12500	0.32378	0.96492	162	52	32.0988
MOL.12503	0.32672	0.64592	56	0	0.0000
MOL.12504	0.32980	0.96572	374	0	0.0000
MOL.12510	0.31799	0.62820	37	0	0.0000
MOL.12513	0.32427	0.94792	339	0	0.0000
MOL.12521	0.33398	0.72815	151	138	91.3907
MOL.12528	0.32745	0.59498	105	89	84.7619
MOL.12533	0.39878	1.11953	102	0	0.0000
MOL.12542	0.31790	0.81561	33	30	90.9091
MOL.12549	0.34585	0.91146	249	236	94.7791
MOL.12551	0.32908	0.68957	21	16	76.1905
MOL.12552	0.29273	0.97559	22	18	81.8182
MOL.12554	0.30354	0.72581	111	105	94.5946
MOL.12557	0.32591	1.05101	139	0	0.0000
MOL.12559	0.32063	0.86092	404	387	95.7921
MOL.12560	0.30189	0.60631	31	19	61.2903
MOL.12561	0.31890	0.71549	31	24	77.4194
MOL.12565	0.36877	0.88735	221	0	0.0000
MOL.12568	0.34530	0.81883	23	0	0.0000
MOL.12571	0.29631	0.72192	157	135	85.9873
MOL.12572	0.30466	0.88380	38	0	0.0000
MOL.12575	0.31511	0.91615	225	1	0.4444
MOL.12578	0.31934	0.81304	435	0	0.0000
MOL.12579	0.32632	0.80666	27	0	0.0000
MOL.12584	0.32136	0.86874	84	0	0.0000
MOL.12585	0.43187	0.95880	180	0	0.0000
MOL.12587	0.32099	0.80576	64	59	92.1875
MOL.12592	0.31607	0.89492	191	0	0.0000
MOL.12595	0.31547	0.89560	64	0	0.0000
MOL.12596	0.31467	1.02457	1222	171	13.9935
MOL.12599	0.32315	0.97411	867	1	0.1153
MOL.12600	0.31828	0.98963	466	172	36.9099
MOL.12603	0.32677	0.85233	216	188	87.0370
MOL.12609	0.35447	0.78946	168	166	98.8095
MOL.12614	0.30011	0.73063	513	422	82.2612
MOL.12619	0.30370	0.95011	74	0	0.0000
MOL.12625	0.32399	0.74989	210	198	94.2857
MOL.12627	0.30002	0.78728	150	132	88.0000
MOL.12632	0.31697	1.06984	97	91	93.8144
MOL.12633	0.32205	0.98882	198	0	0.0000
MOL.12639	0.31452	0.80449	56	51	91.0714
MOL.12642	0.31204	0.96493	868	0	0.0000
MOL.12645	0.29841	1.02219	36	0	0.0000
MOL.12648	0.34798	0.98394	103	0	0.0000
MOL.12650	0.30290	0.75474	21	21	100.0000
MOL.12656	0.31693	0.96650	1256	1	0.0796
MOL.12667	0.41793	0.69493	22	21	95.4545
MOL.12672	0.30276	0.60173	23	18	78.2609
MOL.12678	0.38196	1.05466	20	0	0.0000
MOL.12680	0.31274	0.92186	179	0	0.0000
MOL.12689	0.31163	1.01168	2435	84	3.4497
MOL.12693	0.29788	0.96437	22	0	0.0000
MOL.12694	0.26997	0.64339	60	34	56.6667
MOL.12697	0.31843	0.95465	61	0	0.0000
MOL.12700	0.33753	0.66941	105	100	95.2381
MOL.12702	0.31884	0.98585	311	155	49.8392
MOL.12707	0.33194	0.76437	54	0	0.0000
MOL.12710	0.31112	0.94544	21	0	0.0000
MOL.12711	0.32074	0.75545	81	76	93.8272
MOL.12714	0.32298	0.69589	22	21	95.4545
MOL.12718	0.31606	0.61922	135	119	88.1481
MOL.12727	0.32832	1.05329	454	0	0.0000
MOL.12735	0.32612	0.66294	492	321	65.2439
MOL.12738	0.25633	0.82579	36	34	94.4444
MOL.12749	0.35423	0.65979	35	34	97.1429
MOL.12752	0.33500	0.97952	93	4	4.3011
MOL.12754	0.33678	0.79430	116	103	88.7931
MOL.12755	0.36080	0.81613	23	16	69.5652
MOL.12758	0.30902	0.68013	47	39	82.9787
MOL.12759	0.33822	0.86730	25	25	100.0000
MOL.12761	0.33880	0.77572	40	36	90.0000
MOL.12764	0.31086	0.76288	107	101	94.3925
MOL.12765	0.28999	0.84043	85	68	80.0000
MOL.12767	0.32121	0.96054	985	0	0.0000
MOL.12770	0.31206	0.71119	39	27	69.2308
MOL.12781	0.30464	0.70512	163	138	84.6626
MOL.12786	0.41173	0.53302	128	113	88.2812
MOL.12789	0.32931	0.76618	360	334	92.7778
MOL.12797	0.33418	1.14071	122	0	0.0000
MOL.12803	0.33943	0.92132	29	0	0.0000
MOL.12804	0.36883	1.04781	23	0	0.0000
MOL.12806	0.30417	0.71978	28	10	35.7143
MOL.12807	0.33427	0.79572	115	96	83.4783
MOL.12809	0.31825	0.99450	1517	74	4.8780
MOL.12810	0.31338	0.89429	22	0	0.0000
MOL.12812	0.33490	0.76199	30	29	96.6667
MOL.12822	0.29966	0.66413	33	27	81.8182
MOL.12823	0.31269	0.97803	59	53	89.8305
MOL.12825	0.32505	0.74666	129	110	85.2713
MOL.12829	0.32489	0.76493	93	0	0.0000
MOL.12833	0.33434	0.96422	91	0	0.0000
MOL.12834	0.30589	0.72252	143	96	67.1329
MOL.12835	0.23753	0.70769	21	12	57.1429
MOL.12836	0.32343	0.88419	421	0	0.0000
MOL.12839	0.33433	0.86066	534	110	20.5993
MOL.12843	0.38407	1.00576	109	96	88.0734
MOL.12846	0.32414	0.72531	31	1	3.2258
MOL.12848	0.32199	0.95945	82	0	0.0000
MOL.12849	0.33951	0.95337	657	0	0.0000
MOL.12855	0.31423	0.99610	151	0	0.0000
MOL.12857	0.33664	0.84921	268	217	80.9701
MOL.12858	0.32656	0.95152	192	2	1.0417
MOL.12862	0.34474	0.88545	29	0	0.0000
MOL.12865	0.32627	0.96573	2744	311	11.3338
MOL.12868	0.33307	0.82823	26	0	0.0000
MOL.12871	0.32352	0.92210	83	0	0.0000
MOL.12879	0.32458	0.98792	1242	303	24.3961
MOL.12881	0.32934	1.00565	549	21	3.8251
MOL.12891	0.37611	0.70067	123	94	76.4228
MOL.12892	0.33100	0.62724	98	74	75.5102
MOL.12893	0.32783	0.66186	341	254	74.4868
MOL.12898	0.32850	1.00555	1051	24	2.2835
MOL.12899	0.32848	0.87866	386	359	93.0052
MOL.12900	0.33766	0.93753	30	29	96.6667
MOL.12901	0.34853	0.91896	664	71	10.6928
MOL.12904	0.32481	0.98703	550	0	0.0000
MOL.12906	0.35961	1.80890	56	0	0.0000
MOL.12907	0.28006	1.73490	21	0	0.0000
MOL.12910	0.32328	0.97608	3604	0	0.0000
MOL.12913	0.36008	0.95322	31	0	0.0000
MOL.12918	0.32104	0.93110	718	0	0.0000
MOL.12922	0.32019	0.94318	3412	0	0.0000
MOL.12926	0.40611	0.85370	63	0	0.0000
MOL.12931	0.31575	0.94131	1112	0	0.0000
MOL.12938	0.31792	1.18785	134	0	0.0000
MOL.12940	0.31597	0.86241	358	0	0.0000
MOL.12942	0.32417	0.62799	49	37	75.5102
MOL.12952	0.34011	0.82698	128	118	92.1875
MOL.12953	0.32479	0.87222	974	14	1.4374
MOL.12955	0.36462	0.72513	128	127	99.2188
MOL.12956	0.31885	0.86063	118	115	97.4576
MOL.12959	0.33231	0.83099	23	18	78.2609
MOL.12960	0.29797	0.75162	33	28	84.8485
MOL.12963	0.35756	0.61227	67	55	82.0896
MOL.12964	0.25264	0.71000	30	12	40.0000
MOL.12966	0.31007	0.79921	29	27	93.1034
MOL.12969	0.32496	0.95390	2086	58	2.7804
MOL.12972	0.34725	0.78140	637	424	66.5620
MOL.12973	0.33192	0.80809	81	77	95.0617
MOL.12975	0.32417	0.66340	26	24	92.3077
MOL.12978	0.31051	0.77318	85	60	70.5882
MOL.12982	0.31930	1.06943	568	0	0.0000
MOL.12984	0.30740	0.56182	21	20	95.2381
MOL.12985	0.31488	0.93401	1009	183	18.1368
MOL.12997	0.35399	0.86722	690	252	36.5217
MOL.13000	0.35519	0.74165	64	63	98.4375
MOL.13002	0.41126	0.97534	27	0	0.0000
MOL.13006	0.32579	0.91362	293	8	2.7304
MOL.13008	0.32576	0.89990	345	124	35.9420
MOL.13011	0.32550	0.89842	579	203	35.0604
MOL.13012	0.32115	0.71082	61	59	96.7213
MOL.13017	0.33392	0.98345	1080	0	0.0000
MOL.13018	0.33931	0.96604	287	44	15.3310
MOL.13019	0.33300	0.73126	321	315	98.1308
MOL.13020	0.38055	0.77224	23	22	95.6522
MOL.13021	0.31079	0.89329	105	103	98.0952
MOL.13022	0.32282	1.27185	27	0	0.0000
MOL.13023	0.26085	0.90797	302	0	0.0000
MOL.13028	0.27512	1.09833	235	0	0.0000
MOL.13030	0.32486	0.96313	2462	1	0.0406
MOL.13035	0.31462	0.72658	111	11	9.9099
MOL.13036	0.27596	0.81136	27	1	3.7037
MOL.13037	0.29578	0.83636	65	14	21.5385
MOL.13039	0.32383	0.97700	1876	0	0.0000
MOL.13042	0.35242	0.59572	31	0	0.0000
MOL.13043	0.39214	0.48997	24	0	0.0000
MOL.13044	0.38665	0.52627	59	0	0.0000
MOL.13045	0.39147	0.52905	35	0	0.0000
MOL.13046	0.38380	0.55956	98	0	0.0000
MOL.13055	0.32704	0.97227	799	0	0.0000
MOL.13060	0.32045	1.01124	1406	1	0.0711
MOL.13065	0.37311	1.08841	40	0	0.0000
MOL.13066	0.34639	0.81195	266	212	79.6992
MOL.13068	0.33959	1.26562	94	13	13.8298
MOL.13069	0.32515	0.80571	128	50	39.0625
MOL.13071	0.40453	1.61742	50	0	0.0000
MOL.13074	0.35323	0.94063	173	0	0.0000
MOL.13078	0.29696	1.10468	64	0	0.0000
MOL.13079	0.33738	1.04205	42	0	0.0000
MOL.13081	0.38099	0.81778	27	0	0.0000
MOL.13082	0.33264	1.07221	168	0	0.0000
MOL.13083	0.33691	0.89061	23	0	0.0000
MOL.13086	0.43396	1.06724	21	0	0.0000
MOL.13089	0.32087	1.01883	903	0	0.0000
MOL.13092	0.34672	0.77430	366	326	89.0710
MOL.13097	0.33215	1.09156	230	0	0.0000
MOL.13098	0.34985	1.27734	63	0	0.0000
MOL.13107	0.32467	1.00423	1194	84	7.0352
MOL.13109	0.33989	1.16103	90	0	0.0000
MOL.13110	0.32381	0.95897	655	0	0.0000
MOL.13111	0.33330	0.73057	1346	1236	91.8276
MOL.13114	0.27814	0.96851	22	15	68.1818
MOL.13115	0.31412	1.10137	24	18	75.0000
MOL.13116	0.33307	0.93207	864	107	12.3843
MOL.13119	0.33742	0.86650	264	55	20.8333
MOL.13120	0.31029	1.04911	261	0	0.0000
MOL.13121	0.32145	0.76087	143	134	93.7063
MOL.13128	0.32312	0.90477	273	36	13.1868
MOL.13130	0.32724	1.04492	47	38	80.8511
MOL.13141	0.33668	0.67898	305	278	91.1475
MOL.13142	0.30666	0.67698	70	56	80.0000
MOL.13151	0.27912	0.88405	35	0	0.0000
MOL.13154	0.31024	1.08128	423	29	6.8558
MOL.13156	0.31935	1.03406	624	0	0.0000
MOL.13160	0.30994	0.93341	122	0	0.0000
MOL.13163	0.45235	0.69875	96	0	0.0000
MOL.13164	0.34182	1.13173	166	0	0.0000
MOL.13166	0.32895	0.97411	357	2	0.5602
MOL.13173	0.32792	0.87418	373	321	86.0590
MOL.13180	0.32819	0.81707	558	513	91.9355
MOL.13189	0.34673	0.83590	71	68	95.7746
MOL.13190	0.27356	0.92128	43	39	90.6977
MOL.13192	0.32513	1.01070	1645	19	1.1550
MOL.13196	0.31600	1.19242	326	0	0.0000
MOL.13198	0.32939	0.69187	69	68	98.5507
MOL.13199	0.30622	0.71884	125	88	70.4000
MOL.13203	0.31097	0.72948	99	91	91.9192
MOL.13204	0.33840	1.01134	476	127	26.6807
MOL.13211	0.33701	0.79851	344	319	92.7326
MOL.13215	0.31916	1.13791	521	0	0.0000
MOL.13216	0.32527	0.75256	152	139	91.4474
MOL.13219	0.28301	1.30685	40	39	97.5000
MOL.13220	0.29599	0.95102	28	26	92.8571
MOL.13221	0.30161	1.01849	43	42	97.6744
MOL.13222	0.35742	0.92434	386	349	90.4145
MOL.13223	0.32349	0.77173	94	74	78.7234
MOL.13224	0.32127	0.81444	135	119	88.1481
MOL.13225	0.30588	0.80052	46	44	95.6522
MOL.13227	0.34060	1.15728	20	20	100.0000
MOL.13228	0.31009	0.76609	230	210	91.3043
MOL.13229	0.31663	0.70514	97	85	87.6289
MOL.13230	0.35528	0.91376	69	5	7.2464
MOL.13231	0.32227	1.02061	1124	0	0.0000
MOL.13232	0.30557	1.01309	584	0	0.0000
MOL.13237	0.31694	1.03674	2082	0	0.0000
MOL.13242	0.47009	0.82507	20	0	0.0000
MOL.13251	0.32371	1.00677	546	96	17.5824
MOL.13256	0.31284	0.90125	159	144	90.5660
MOL.13257	0.40641	0.91717	321	300	93.4579
MOL.13258	0.32384	0.96584	1009	265	26.2636
MOL.13259	0.32084	0.73433	342	322	94.1520
MOL.13260	0.33188	0.74980	44	38	86.3636
MOL.13261	0.35972	0.72970	30	28	93.3333
MOL.13265	0.29290	0.72633	97	91	93.8144
MOL.13266	0.32372	0.91002	60	49	81.6667
MOL.13268	0.34388	0.57391	74	62	83.7838
MOL.13269	0.31141	0.67388	152	125	82.2368
MOL.13270	0.43413	1.77930	34	0	0.0000
MOL.13284	0.31893	1.02407	1172	0	0.0000
MOL.13285	0.32490	0.97806	1576	0	0.0000
MOL.13286	0.31438	1.01154	706	0	0.0000
MOL.13288	0.33607	0.79835	96	89	92.7083
MOL.13290	0.29717	0.82163	26	24	92.3077
MOL.13291	0.32386	0.93056	139	70	50.3597
MOL.13297	0.39585	0.69933	97	0	0.0000
MOL.13300	0.31403	0.96345	663	0	0.0000
MOL.13316	0.31897	1.02666	1154	97	8.4055
MOL.13317	0.29770	0.71291	45	32	71.1111
MOL.13318	0.31437	0.99039	340	0	0.0000
MOL.13322	0.32917	0.71216	137	102	74.4526
MOL.13323	0.54857	0.77160	30	22	73.3333
MOL.13328	0.33029	0.79244	31	30	96.7742
MOL.13329	0.37597	0.75813	31	29	93.5484
MOL.13330	0.32346	0.58014	110	106	96.3636
MOL.13343	0.31281	0.70487	114	110	96.4912
MOL.13344	0.32075	1.15725	82	79	96.3415
MOL.13348	0.32925	0.68953	23	8	34.7826
MOL.13353	0.32197	0.81540	257	147	57.1984
MOL.13355	0.33426	1.04527	189	0	0.0000
MOL.13356	0.31859	1.00636	2483	0	0.0000
MOL.13360	0.31346	1.02923	213	0	0.0000
MOL.13366	0.31224	0.98282	1252	0	0.0000
MOL.13373	0.31352	0.94255	72	0	0.0000
MOL.13380	0.32290	1.08120	76	0	0.0000
MOL.13388	0.32126	2.21283	22	0	0.0000
MOL.13391	0.33882	0.93384	985	189	19.1878
MOL.13395	0.29539	0.66452	52	39	75.0000
MOL.13399	0.33629	0.54922	70	52	74.2857
MOL.13401	0.31490	0.82681	40	28	70.0000
MOL.13404	0.34047	0.74001	157	146	92.9936
MOL.13408	0.32437	0.93320	988	0	0.0000
MOL.13410	0.32880	0.76569	207	181	87.4396
MOL.13411	0.31463	0.69788	101	90	89.1089
MOL.13414	0.34782	0.69601	124	115	92.7419
MOL.13419	0.34917	1.27559	46	0	0.0000
MOL.13422	0.40107	1.04803	138	0	0.0000
MOL.13425	0.33019	0.69689	25	0	0.0000
MOL.13429	0.32713	1.15128	258	0	0.0000
MOL.13434	0.31778	0.95974	1123	0	0.0000
MOL.13438	0.32316	0.81664	51	48	94.1176
MOL.13439	0.33095	0.70378	615	475	77.2358
MOL.13440	0.34555	0.69315	59	23	38.9831
MOL.13441	0.31724	1.22745	346	0	0.0000
MOL.13443	0.32890	0.91493	269	0	0.0000
MOL.13446	0.31307	0.98022	239	0	0.0000
MOL.13451	0.32303	0.64066	40	37	92.5000
MOL.13453	0.31275	0.49515	37	24	64.8649
MOL.13454	0.32518	0.88576	864	400	46.2963
MOL.13455	0.32575	0.79335	254	201	79.1339
MOL.13456	0.32829	0.72626	25	22	88.0000
MOL.13457	0.32742	0.69840	193	187	96.8912
MOL.13458	0.31335	0.89928	419	82	19.5704
MOL.13459	0.31498	0.72059	29	28	96.5517
MOL.13463	0.29596	1.04184	138	0	0.0000
MOL.13466	0.34393	0.80136	333	320	96.0961
MOL.13470	0.33277	0.93032	220	95	43.1818
MOL.13475	0.31561	0.99199	39	0	0.0000
MOL.13476	0.30296	0.88769	24	0	0.0000
MOL.13485	0.38723	0.83446	72	0	0.0000
MOL.13489	0.38300	1.03184	144	0	0.0000
MOL.13495	0.32567	0.97194	314	0	0.0000
MOL.13500	0.31533	0.78857	82	0	0.0000
MOL.13504	0.32276	0.96682	3061	0	0.0000
MOL.13506	0.32245	0.85564	83	0	0.0000
MOL.13511	0.33557	0.81873	77	68	88.3117
MOL.13515	0.31762	0.89342	51	35	68.6275
MOL.13517	0.31860	0.72405	41	29	70.7317
MOL.13519	0.38087	0.69023	68	66	97.0588
MOL.13520	0.32709	0.82878	133	84	63.1579
MOL.13521	0.35699	0.92541	124	117	94.3548
MOL.13522	0.34681	0.74697	98	95	96.9388
MOL.13525	0.31207	0.65134	58	45	77.5862
MOL.13529	0.32097	0.76829	206	164	79.6117
MOL.13530	0.28236	0.70408	140	115	82.1429
MOL.13535	0.34104	0.84146	105	82	78.0952
MOL.13541	0.36388	0.80367	31	28	90.3226
MOL.13549	0.30055	0.77406	210	0	0.0000
MOL.13550	0.31580	1.05699	410	0	0.0000
MOL.13551	0.32916	0.82852	230	225	97.8261
MOL.13552	0.37303	0.97333	38	0	0.0000
MOL.13560	0.32500	0.88525	128	0	0.0000
MOL.13565	0.29924	0.74109	20	9	45.0000
MOL.13568	0.33533	0.80756	194	190	97.9381
MOL.13569	0.32231	0.71726	90	73	81.1111
MOL.13570	0.25197	1.08061	21	20	95.2381
MOL.13572	0.31104	0.78150	51	48	94.1176
MOL.13574	0.35405	0.79780	1087	1051	96.6881
MOL.13577	0.33207	0.86519	547	0	0.0000
MOL.13579	0.33351	0.86303	1168	350	29.9658
MOL.13583	0.26951	1.11635	21	0	0.0000
MOL.13584	0.32801	0.86704	35	0	0.0000
MOL.13586	0.32733	0.93036	1609	0	0.0000
MOL.13593	0.32855	0.77519	68	53	77.9412
MOL.13597	0.26725	0.95079	62	60	96.7742
MOL.13598	0.36072	0.59781	26	24	92.3077
MOL.13599	0.32748	0.78993	32	31	96.8750
MOL.13611	0.31816	0.74634	344	179	52.0349
MOL.13612	0.32772	0.83949	242	0	0.0000
MOL.13613	0.31635	0.54825	97	93	95.8763
MOL.13614	0.32347	0.67433	198	178	89.8990
MOL.13619	0.31369	0.38864	103	90	87.3786
MOL.13620	0.25766	0.88558	63	0	0.0000
MOL.13621	0.35109	1.21475	165	0	0.0000
MOL.13627	0.29293	0.95300	191	176	92.1466
MOL.13629	0.32564	0.98824	29	0	0.0000
MOL.13630	0.33377	0.75558	45	0	0.0000
MOL.13632	0.32426	0.98887	2477	0	0.0000
MOL.13637	0.30913	0.88387	200	182	91.0000
MOL.13639	0.33877	0.84092	57	40	70.1754
MOL.13640	0.33483	0.69937	21	0	0.0000
MOL.13642	0.32920	0.72869	20	6	30.0000
MOL.13645	0.53110	1.63494	21	0	0.0000
MOL.13646	0.34483	1.00605	38	2	5.2632
MOL.13654	0.39622	0.79461	73	53	72.6027
MOL.13658	0.30933	0.77574	79	60	75.9494
MOL.13660	0.33773	0.82948	60	56	93.3333
MOL.13667	0.34813	0.63231	24	22	91.6667
MOL.13672	0.31918	0.90411	791	225	28.4450
MOL.13678	0.33886	0.78316	210	191	90.9524
MOL.13683	0.32628	0.94637	268	2	0.7463
MOL.13685	0.30697	0.94854	212	0	0.0000
MOL.13686	0.35049	0.90872	40	0	0.0000
MOL.13688	0.32404	0.86187	213	0	0.0000
MOL.13689	0.35972	0.88503	319	1	0.3135
MOL.13690	0.35139	0.69676	112	104	92.8571
MOL.13694	0.36634	0.69917	488	351	71.9262
MOL.13695	0.28480	1.38316	56	52	92.8571
MOL.13699	0.32178	0.70405	28	11	39.2857
MOL.13703	0.31199	0.72173	112	78	69.6429
MOL.13706	0.34346	0.89396	73	72	98.6301
MOL.13708	0.32377	0.95431	73	50	68.4932
MOL.13710	0.36700	0.55611	33	29	87.8788
MOL.13714	0.34491	0.69276	86	61	70.9302
MOL.13719	0.30970	0.75652	200	155	77.5000
MOL.13723	0.33210	0.70200	161	126	78.2609
MOL.13725	0.43933	1.06946	37	0	0.0000
MOL.13729	0.33935	0.64657	131	105	80.1527
MOL.13736	0.32995	0.98247	652	0	0.0000
MOL.13741	0.32738	0.97264	510	0	0.0000
MOL.13746	0.31414	0.92185	27	20	74.0741
MOL.13748	0.33373	0.78355	172	151	87.7907
MOL.13755	0.34080	0.78391	137	7	5.1095
MOL.13759	0.33765	0.91944	122	93	76.2295
MOL.13760	0.30761	0.85257	200	0	0.0000
MOL.13762	0.33347	0.91738	698	9	1.2894
MOL.13763	0.28319	1.00896	33	23	69.6970
MOL.13772	0.28600	0.65280	143	114	79.7203
MOL.13773	0.31971	0.94926	101	83	82.1782
MOL.13776	0.30031	0.73126	53	36	67.9245
MOL.13778	0.32547	0.88783	54	6	11.1111
MOL.13784	0.33274	0.84631	118	114	96.6102
MOL.13792	0.32955	0.73506	98	81	82.6531
MOL.13795	0.29371	0.56351	26	19	73.0769
MOL.13797	0.33576	1.09214	155	8	5.1613
MOL.13801	0.31009	1.03828	690	0	0.0000
MOL.13806	0.32624	0.94269	518	52	10.0386
MOL.13821	0.32828	0.79606	180	120	66.6667
MOL.13823	0.33005	0.96763	76	0	0.0000
MOL.13826	0.35350	0.75655	75	0	0.0000
MOL.13831	0.30713	0.68627	29	15	51.7241
MOL.13838	0.33245	0.93771	3938	158	4.0122
MOL.13845	0.32692	0.89698	36	23	63.8889
MOL.13846	0.29956	0.81878	29	0	0.0000
MOL.13856	0.34788	0.79517	96	0	0.0000
MOL.13865	0.32968	0.89122	181	180	99.4475
MOL.13866	0.48536	1.04580	21	0	0.0000
MOL.13867	0.34463	0.65101	230	190	82.6087
MOL.13872	0.32314	0.79247	137	110	80.2920
MOL.13882	0.32337	1.05395	67	65	97.0149
MOL.13895	0.31564	0.79989	33	29	87.8788
MOL.13904	0.39695	1.32660	62	0	0.0000
MOL.13907	0.32613	0.83216	228	190	83.3333
MOL.13908	0.32607	1.00302	765	156	20.3922
MOL.13913	0.31761	0.71001	86	67	77.9070
MOL.13917	0.34106	0.76235	135	109	80.7407
MOL.13924	0.38759	0.47065	120	93	77.5000
MOL.13926	0.31769	0.98428	30	0	0.0000
MOL.13928	0.32470	0.76213	113	110	97.3451
MOL.13930	0.29288	0.64971	35	35	100.0000
MOL.13931	0.34322	0.91406	36	10	27.7778
MOL.13932	0.32113	0.99292	184	44	23.9130
MOL.13934	0.34724	0.72655	174	169	97.1264
MOL.13935	0.30720	0.81223	203	148	72.9064
MOL.13942	0.33901	0.80638	130	90	69.2308
MOL.13946	0.31554	0.54353	28	22	78.5714
MOL.13947	0.30682	0.71297	22	13	59.0909
MOL.13948	0.30079	0.54830	45	20	44.4444
MOL.13951	0.32285	1.04739	3093	51	1.6489
MOL.13955	0.31989	0.82836	122	98	80.3279
MOL.13957	0.47023	0.97251	58	26	44.8276
MOL.13958	0.33503	1.03563	57	44	77.1930
MOL.13961	0.31456	0.74685	87	68	78.1609
MOL.13962	0.31538	0.87921	110	89	80.9091
MOL.13967	0.33124	0.73947	120	42	35.0000
MOL.13974	0.32957	0.90979	256	0	0.0000
MOL.13979	0.38268	0.84372	62	43	69.3548
MOL.13984	0.58291	1.09311	54	0	0.0000
MOL.13985	0.33095	0.75273	80	71	88.7500
MOL.13986	0.31933	0.69799	331	269	81.2689
MOL.13987	0.31591	0.85148	28	10	35.7143
MOL.13989	0.32996	1.00258	65	61	93.8462
MOL.13990	0.51616	1.13595	63	0	0.0000
MOL.13991	0.34677	0.61502	81	0	0.0000
MOL.13992	0.32613	1.03303	407	56	13.7592
MOL.13994	0.32184	0.98689	374	0	0.0000
MOL.13997	0.31588	0.77334	62	46	74.1935
MOL.13998	0.32239	0.74852	54	51	94.4444
MOL.14000	0.54674	0.87370	82	0	0.0000
MOL.14001	0.31941	0.72447	123	114	92.6829
MOL.14003	0.35897	1.57117	73	71	97.2603
MOL.14004	0.31477	0.81518	156	140	89.7436
MOL.14005	0.31064	0.83488	21	16	76.1905
MOL.14008	0.31085	0.93090	54	46	85.1852
MOL.14010	0.32178	0.69530	48	33	68.7500
MOL.14012	0.30981	0.84617	360	98	27.2222
MOL.14014	0.29215	1.07741	23	0	0.0000
MOL.14015	0.28445	0.73489	42	0	0.0000
MOL.14016	0.28467	0.88395	65	0	0.0000
MOL.14019	0.32228	0.87449	87	0	0.0000
MOL.14021	0.35878	0.97163	95	0	0.0000
MOL.14031	0.33927	0.99676	250	0	0.0000
MOL.14033	0.30110	0.96335	122	0	0.0000
MOL.14049	0.36281	0.67338	71	63	88.7324
MOL.14050	0.30962	0.82518	230	171	74.3478
MOL.14051	0.32155	0.77374	65	63	96.9231
MOL.14054	0.30620	0.91888	148	122	82.4324
MOL.14056	0.31387	0.57822	50	37	74.0000
MOL.14058	0.32161	0.85711	394	352	89.3401
MOL.14059	0.29657	0.67601	63	53	84.1270
MOL.14073	0.32482	1.03400	165	0	0.0000
MOL.14075	0.31967	1.02049	114	0	0.0000
MOL.14076	0.31773	0.75593	101	0	0.0000
MOL.14087	0.26215	0.90751	33	28	84.8485
MOL.14088	0.31094	0.69056	28	15	53.5714
MOL.14089	0.32619	0.76910	228	201	88.1579
MOL.14090	0.38060	0.80911	32	17	53.1250
MOL.14091	0.30711	0.70118	85	78	91.7647
MOL.14096	0.33699	0.81371	23	22	95.6522
MOL.14098	0.34177	0.66161	151	134	88.7417
MOL.14100	0.33704	1.25708	174	0	0.0000
MOL.14102	0.32730	1.03907	1392	0	0.0000
MOL.14111	0.32627	0.96599	322	0	0.0000
MOL.14112	0.31062	0.97710	1369	0	0.0000
MOL.14119	0.31442	0.66927	95	77	81.0526
MOL.14120	0.31312	0.99916	292	0	0.0000
MOL.14121	0.33778	0.86239	32	0	0.0000
MOL.14123	0.30866	0.80156	62	32	51.6129
MOL.14125	0.34727	0.87034	47	44	93.6170
MOL.14129	0.31315	0.81108	300	270	90.0000
MOL.14137	0.29806	1.01753	119	0	0.0000
MOL.14139	0.35878	0.66811	88	75	85.2273
MOL.14140	0.30535	0.96163	269	0	0.0000
MOL.14148	0.32312	0.94588	1231	35	2.8432
MOL.14154	0.31890	0.69598	155	120	77.4194
MOL.14157	0.32685	0.68674	120	101	84.1667
MOL.14160	0.33008	0.98319	1399	0	0.0000
MOL.14163	0.33069	1.05562	138	0	0.0000
MOL.14164	0.41329	1.01579	43	0	0.0000
MOL.14171	0.39900	0.84289	68	0	0.0000
MOL.14172	0.33253	1.00769	782	0	0.0000
MOL.14177	0.30878	0.99304	701	0	0.0000
MOL.14179	0.31123	0.95697	208	3	1.4423
MOL.14189	0.27734	0.74039	22	1	4.5455
MOL.14191	0.34652	0.74965	54	53	98.1481
MOL.14193	0.37124	1.32614	260	0	0.0000
MOL.14196	0.31524	1.00392	88	0	0.0000
MOL.14199	0.34131	0.83517	32	27	84.3750
MOL.14201	0.33112	0.79420	79	74	93.6709
MOL.14212	0.31155	1.18106	1329	0	0.0000
MOL.14213	0.26551	1.40838	66	0	0.0000
MOL.14219	0.32908	1.05453	31	0	0.0000
MOL.14225	0.37368	0.72965	25	0	0.0000
MOL.14226	0.31916	0.95350	748	0	0.0000
MOL.14233	0.35324	0.79321	48	42	87.5000
MOL.14235	0.44365	0.97653	108	35	32.4074
MOL.14236	0.38012	0.84608	26	5	19.2308
MOL.14238	0.32115	1.01667	1279	206	16.1063
MOL.14245	0.31799	0.82506	126	102	80.9524
MOL.14247	0.33451	0.81499	53	51	96.2264
MOL.14249	0.34768	1.29579	48	48	100.0000
MOL.14251	0.31552	0.63491	88	80	90.9091
MOL.14253	0.31570	0.45183	39	36	92.3077
MOL.14258	0.32939	1.00795	2698	17	0.6301
MOL.14261	0.32937	1.03283	1515	77	5.0825
MOL.14265	0.30435	1.06446	475	0	0.0000
MOL.14270	0.27919	0.74394	62	47	75.8065
MOL.14271	0.33038	0.56111	109	61	55.9633
MOL.14272	0.32687	1.12636	41	0	0.0000
MOL.14273	0.30742	1.71345	43	0	0.0000
MOL.14282	0.32548	1.00841	1487	0	0.0000
MOL.14287	0.31838	0.75780	55	43	78.1818
MOL.14288	0.33481	0.97681	815	0	0.0000
MOL.14292	0.30878	0.92168	76	0	0.0000
MOL.14297	0.31929	0.98350	1329	53	3.9880
MOL.14300	0.32084	1.27633	133	110	82.7068
MOL.14301	0.28088	0.75783	30	25	83.3333
MOL.14302	0.33313	0.90220	1395	343	24.5878
MOL.14303	0.33206	0.91821	491	153	31.1609
MOL.14309	0.31075	0.82489	77	55	71.4286
MOL.14312	0.32653	1.08769	303	28	9.2409
MOL.14316	0.32108	0.79353	60	34	56.6667
MOL.14317	0.30558	0.87723	44	38	86.3636
MOL.14318	0.30856	0.83704	38	33	86.8421
MOL.14323	0.33546	0.89145	263	3	1.1407
MOL.14334	0.31956	0.72940	189	152	80.4233
MOL.14335	0.29235	0.66500	24	22	91.6667
MOL.14338	0.32781	0.99604	1498	451	30.1068
MOL.14344	0.31951	0.79426	66	52	78.7879
MOL.14346	0.31682	0.96303	70	69	98.5714
MOL.14347	0.32831	0.73975	78	77	98.7179
MOL.14348	0.32489	0.68570	149	131	87.9195
MOL.14349	0.35389	0.89042	121	111	91.7355
MOL.14350	0.31794	0.92689	483	147	30.4348
MOL.14360	0.33144	0.88546	315	0	0.0000
MOL.14362	0.32371	0.94889	397	0	0.0000
MOL.14365	0.34426	0.73462	21	0	0.0000
MOL.14366	0.29970	1.01340	82	0	0.0000
MOL.14368	0.30129	0.95499	65	0	0.0000
MOL.14371	0.31459	0.83754	80	50	62.5000
MOL.14379	0.31001	1.21032	194	32	16.4948
MOL.14384	0.30977	0.89339	376	373	99.2021
MOL.14387	0.31910	0.98791	146	140	95.8904
MOL.14391	0.31993	0.79434	117	83	70.9402
MOL.14394	0.34374	0.68860	107	94	87.8505
MOL.14400	0.35174	0.91304	224	0	0.0000
MOL.14402	0.33531	0.85204	397	368	92.6952
MOL.14412	0.33008	0.70352	86	68	79.0698
MOL.14416	0.34929	0.76235	147	145	98.6395
MOL.14418	0.29587	0.79715	53	48	90.5660
MOL.14422	0.32263	1.02251	1320	0	0.0000
MOL.14429	0.33234	0.82358	139	40	28.7770
MOL.14431	0.32300	0.97448	2841	0	0.0000
MOL.14434	0.34723	0.86318	39	35	89.7436
MOL.14436	0.32687	0.83933	121	102	84.2975
MOL.14437	0.34202	0.81913	363	285	78.5124
MOL.14438	0.34145	0.77998	299	267	89.2977
MOL.14445	0.30680	0.90114	163	153	93.8650
MOL.14448	0.29477	0.98835	21	7	33.3333
MOL.14449	0.31448	0.90785	90	71	78.8889
MOL.14451	0.33411	0.86832	293	0	0.0000
MOL.14458	0.38319	0.64010	77	70	90.9091
MOL.14459	0.32016	0.59946	21	17	80.9524
MOL.14460	0.34481	0.77418	21	19	90.4762
MOL.14461	0.32062	0.92485	1409	304	21.5756
MOL.14463	0.31280	1.42341	27	27	100.0000
MOL.14465	0.33391	0.66217	179	123	68.7151
MOL.14468	0.32499	0.98163	938	0	0.0000
MOL.14470	0.32133	0.74544	145	131	90.3448
MOL.14471	0.33494	0.71459	210	202	96.1905
MOL.14472	0.33314	1.02315	62	59	95.1613
MOL.14473	0.29079	0.95999	20	19	95.0000
MOL.14484	0.35630	0.78855	89	64	71.9101
MOL.14485	0.34654	0.85831	176	172	97.7273
MOL.14486	0.33121	0.92792	100	52	52.0000
MOL.14487	0.30615	0.86864	103	3	2.9126
MOL.14489	0.30450	0.84750	79	65	82.2785
MOL.14491	0.34023	0.61220	23	16	69.5652
MOL.14492	0.38804	0.63950	142	127	89.4366
MOL.14501	0.32822	0.82964	54	51	94.4444
MOL.14503	0.34241	0.98040	46	6	13.0435
MOL.14507	0.32772	0.97999	4344	86	1.9797
MOL.14515	0.33536	0.75739	159	97	61.0063
MOL.14516	0.31895	0.87392	223	0	0.0000
MOL.14520	0.36069	0.90968	37	0	0.0000
MOL.14521	0.33637	0.90629	134	0	0.0000
MOL.14524	0.33953	1.01768	302	0	0.0000
MOL.14527	0.32367	0.80740	209	131	62.6794
MOL.14530	0.33151	1.00680	735	22	2.9932
MOL.14532	0.31704	0.70749	23	18	78.2609
MOL.14533	0.31541	0.95870	625	0	0.0000
MOL.14537	0.32591	0.51617	34	13	38.2353
MOL.14542	0.32997	0.83531	76	71	93.4211
MOL.14546	0.34635	0.77287	205	161	78.5366
MOL.14551	0.32424	0.97349	636	0	0.0000
MOL.14553	0.31424	1.16005	184	0	0.0000
MOL.14557	0.29157	0.67635	66	55	83.3333
MOL.14558	0.32981	0.93613	565	216	38.2301
MOL.14561	0.32654	0.94762	21	0	0.0000
MOL.14563	0.33641	1.02746	55	0	0.0000
MOL.14572	0.33935	0.81793	197	187	94.9239
MOL.14573	0.29000	0.65882	32	32	100.0000
MOL.14574	0.38288	1.11708	34	2	5.8824
MOL.14576	0.31666	0.93953	56	52	92.8571
MOL.14577	0.36680	0.85032	215	186	86.5116
MOL.14578	0.33744	0.94424	65	64	98.4615
MOL.14583	0.31770	0.71097	80	72	90.0000
MOL.14584	0.48595	0.95238	50	35	70.0000
MOL.14598	0.32422	0.76950	118	99	83.8983
MOL.14599	0.30447	0.67896	137	96	70.0730
MOL.14600	0.35640	0.94631	48	45	93.7500
MOL.14604	0.30961	0.93269	91	89	97.8022
MOL.14607	0.32016	0.73986	58	45	77.5862
MOL.14608	0.32043	0.74300	28	12	42.8571
MOL.14611	0.36074	0.64401	77	56	72.7273
MOL.14612	0.32662	0.91651	231	53	22.9437
MOL.14613	0.31608	0.77739	154	133	86.3636
MOL.14614	0.32237	0.94781	68	56	82.3529
MOL.14617	0.31224	0.98569	25	0	0.0000
MOL.14618	0.29301	1.06621	310	0	0.0000
MOL.14619	0.28406	0.84641	22	0	0.0000
MOL.14621	0.31460	0.88615	62	0	0.0000
MOL.14626	0.31507	0.92472	582	0	0.0000
MOL.14630	0.32141	0.68487	134	133	99.2537
MOL.14635	0.29117	0.87673	44	0	0.0000
MOL.14636	0.25382	0.80146	24	0	0.0000
MOL.14644	0.30793	0.93255	1552	0	0.0000
MOL.14647	0.32930	0.98036	909	0	0.0000
MOL.14649	0.34809	0.62715	158	151	95.5696
MOL.14654	0.35714	0.62598	24	0	0.0000
MOL.14655	0.32890	0.91819	28	0	0.0000
MOL.14656	0.33986	0.91868	36	0	0.0000
MOL.14659	0.32753	0.92997	433	0	0.0000
MOL.14664	0.34039	0.89104	291	0	0.0000
MOL.14667	0.34822	0.70642	59	49	83.0508
MOL.14668	0.25384	0.94559	68	53	77.9412
MOL.14669	0.27120	1.04420	24	21	87.5000
MOL.14670	0.31865	0.91581	3224	667	20.6886
MOL.14671	0.35061	1.03437	147	106	72.1088
MOL.14672	0.28254	1.15596	35	35	100.0000
MOL.14673	0.28227	1.11273	54	53	98.1481
MOL.14684	0.33166	0.86500	1955	557	28.4910
MOL.14688	0.34729	0.90670	136	124	91.1765
MOL.14690	0.34121	0.79887	813	208	25.5843
MOL.14694	0.32353	0.96765	1276	0	0.0000
MOL.14699	0.29798	1.23204	48	0	0.0000
MOL.14702	0.34609	0.90939	417	352	84.4125
MOL.14704	0.37113	0.85939	187	91	48.6631
MOL.14711	0.35114	0.90203	33	0	0.0000
MOL.14717	0.31700	0.86560	168	125	74.4048
MOL.14724	0.29917	0.77524	77	25	32.4675
MOL.14725	0.31446	1.02601	29	0	0.0000
MOL.14726	0.33704	1.59763	24	0	0.0000
MOL.14727	0.37539	0.92576	270	0	0.0000
MOL.14729	0.32005	1.03987	695	0	0.0000
MOL.14732	0.33232	0.88417	21	19	90.4762
MOL.14736	0.41846	0.88900	57	54	94.7368
MOL.14737	0.25329	1.56490	22	22	100.0000
MOL.14738	0.35753	0.87386	31	29	93.5484
MOL.14739	0.32928	0.87596	409	403	98.5330
MOL.14740	0.36640	0.90943	30	30	100.0000
MOL.14743	0.29349	0.64801	42	34	80.9524
MOL.14745	0.32014	0.86425	158	33	20.8861
MOL.14748	0.33075	0.90932	1352	409	30.2515
MOL.14750	0.35031	0.72839	619	489	78.9984
MOL.14752	0.33772	0.88042	324	8	2.4691
MOL.14758	0.35629	1.20729	90	0	0.0000
MOL.14762	0.39053	0.83894	41	19	46.3415
MOL.14770	0.33302	0.77335	578	273	47.2318
MOL.14771	0.33105	1.01074	2007	171	8.5202
MOL.14772	0.33387	1.02659	209	97	46.4115
MOL.14773	0.31091	1.27636	104	104	100.0000
MOL.14775	0.32736	1.28906	42	40	95.2381
MOL.14777	0.35361	0.76185	214	195	91.1215
MOL.14781	0.31491	0.96131	173	0	0.0000
MOL.14782	0.33958	0.82972	130	0	0.0000
MOL.14783	0.32142	1.02728	495	0	0.0000
MOL.14785	0.35297	0.84897	338	311	92.0118
MOL.14786	0.27290	1.07167	21	21	100.0000
MOL.14789	0.32562	0.97243	359	57	15.8774
MOL.14790	0.40231	0.60297	34	14	41.1765
MOL.14794	0.32411	1.06321	113	0	0.0000
MOL.14800	0.32693	0.99697	768	7	0.9115
MOL.14803	0.35279	0.82077	534	437	81.8352
MOL.14804	0.34077	0.79886	290	257	88.6207
MOL.14807	0.30827	0.92721	43	35	81.3953
MOL.14808	0.37921	0.44961	27	15	55.5556
MOL.14809	0.30235	0.88502	52	35	67.3077
MOL.14823	0.33238	0.78513	98	69	70.4082
MOL.14826	0.34234	1.11361	116	0	0.0000
MOL.14827	0.31701	0.92354	192	83	43.2292
MOL.14829	0.31852	0.71081	496	333	67.1371
MOL.14831	0.32945	0.94016	229	0	0.0000
MOL.14832	0.33624	0.69000	71	61	85.9155
MOL.14839	0.35155	0.76466	54	36	66.6667
MOL.14844	0.33597	0.71254	46	46	100.0000
MOL.14845	0.35831	0.69920	292	279	95.5479
MOL.14846	0.27854	1.51546	23	21	91.3043
MOL.14848	0.29242	1.41373	37	36	97.2973
MOL.14852	0.31712	0.95482	21	20	95.2381
MOL.14853	0.33953	0.89868	220	39	17.7273
MOL.14855	0.30982	1.00236	231	0	0.0000
MOL.14857	0.32108	1.01269	774	0	0.0000
MOL.14859	0.37927	0.78780	23	23	100.0000
MOL.14862	0.30195	1.04266	346	0	0.0000
MOL.14866	0.35402	0.80136	66	52	78.7879
MOL.14870	0.32844	0.80701	612	453	74.0196
MOL.14871	0.39559	0.65812	72	71	98.6111
MOL.14872	0.34399	0.75997	509	494	97.0530
MOL.14875	0.34985	0.78833	150	132	88.0000
MOL.14877	0.32616	0.85068	109	93	85.3211
MOL.14881	0.45958	1.31551	79	0	0.0000
MOL.14882	0.32247	1.08291	532	0	0.0000
MOL.14883	0.29041	1.10850	164	0	0.0000
MOL.14884	0.32568	1.06139	854	0	0.0000
MOL.14887	0.30649	1.21041	730	0	0.0000
MOL.14891	0.30436	1.04329	1103	0	0.0000
MOL.14894	0.30975	0.77411	45	0	0.0000
MOL.14899	0.32294	0.85459	20	19	95.0000
MOL.14900	0.34665	1.33067	34	0	0.0000
MOL.14901	0.38070	0.71077	29	0	0.0000
MOL.14904	0.31830	1.02175	546	121	22.1612
MOL.14906	0.35397	1.05543	141	0	0.0000
MOL.14914	0.33381	0.72187	306	281	91.8301
MOL.14916	0.33290	0.66625	83	73	87.9518
MOL.14919	0.31294	0.98316	55	54	98.1818
MOL.14922	0.32160	0.95380	1231	257	20.8773
MOL.14925	0.34469	0.87446	217	207	95.3917
MOL.14927	0.30962	0.91671	21	21	100.0000
MOL.14928	0.28006	0.97322	51	48	94.1176
MOL.14929	0.30442	0.68148	20	19	95.0000
MOL.14936	0.31033	1.03022	1257	0	0.0000
MOL.14941	0.31035	1.00159	284	1	0.3521
MOL.14945	0.32996	1.05267	2740	425	15.5109
MOL.14956	0.31892	0.90047	435	0	0.0000
MOL.14962	0.32909	0.77809	157	152	96.8153
MOL.14965	0.32858	0.56525	38	32	84.2105
MOL.14979	0.42020	0.68888	58	47	81.0345
MOL.14980	0.31918	0.85848	186	177	95.1613
MOL.14981	0.35396	0.72812	89	86	96.6292
MOL.14982	0.32289	0.65668	102	87	85.2941
MOL.14985	0.33431	0.64750	212	206	97.1698
MOL.14987	0.31379	0.71503	83	61	73.4940
MOL.14990	0.33052	0.73794	32	29	90.6250
MOL.14992	0.32255	0.87092	575	555	96.5217
MOL.14995	0.29782	0.92475	195	0	0.0000
MOL.14996	0.29951	0.84462	59	49	83.0508
MOL.14998	0.31165	1.43397	53	51	96.2264
MOL.15002	0.31562	0.85983	65	55	84.6154
MOL.15004	0.34031	0.86586	433	41	9.4688
MOL.15005	0.31384	0.90455	93	39	41.9355
MOL.15006	0.28135	0.82374	29	17	58.6207
MOL.15011	0.32184	1.07051	2815	0	0.0000
MOL.15012	0.31770	0.93075	425	43	10.1176
MOL.15014	0.32746	1.57307	50	36	72.0000
MOL.15015	0.32253	0.89738	993	211	21.2487
MOL.15016	0.29497	0.78687	32	20	62.5000
MOL.15019	0.31329	0.70544	82	78	95.1220
MOL.15026	0.34105	0.86557	80	77	96.2500
MOL.15028	0.30993	0.98469	70	0	0.0000
MOL.15030	0.31908	0.73495	143	134	93.7063
MOL.15031	0.32474	1.45330	52	46	88.4615
MOL.15033	0.31112	0.97150	363	30	8.2645
MOL.15035	0.30771	0.80036	1558	494	31.7073
MOL.15037	0.31611	0.94309	476	118	24.7899
MOL.15038	0.33829	0.76610	991	920	92.8355
MOL.15040	0.31690	0.98680	85	0	0.0000
MOL.15042	0.32226	0.85506	337	144	42.7300
MOL.15054	0.31516	0.95526	125	106	84.8000
MOL.15055	0.33481	0.82100	50	39	78.0000
MOL.15062	0.32898	0.95262	31	25	80.6452
MOL.15065	0.33911	1.27385	367	0	0.0000
MOL.15067	0.32293	0.95250	380	141	37.1053
MOL.15074	0.30776	0.88130	231	101	43.7229
MOL.15075	0.29076	0.69958	23	16	69.5652
MOL.15083	0.31284	0.71701	61	24	39.3443
MOL.15090	0.31710	0.98378	413	37	8.9588
MOL.15093	0.33687	0.87532	493	123	24.9493
MOL.15101	0.32388	1.01363	1597	0	0.0000
MOL.15103	0.30070	0.44364	26	18	69.2308
MOL.15108	0.27415	1.41600	22	0	0.0000
MOL.15112	0.30331	0.77267	37	35	94.5946
MOL.15113	0.30314	0.90377	29	28	96.5517
MOL.15114	0.33594	1.26877	97	0	0.0000
MOL.15117	0.32029	0.97883	135	0	0.0000
MOL.15120	0.34553	0.90910	128	123	96.0938
MOL.15121	0.34408	0.70901	41	38	92.6829
MOL.15126	0.37774	0.57097	295	275	93.2203
MOL.15128	0.34254	0.68737	26	24	92.3077
MOL.15130	0.32385	0.94608	1339	0	0.0000
MOL.15131	0.29628	0.87420	27	27	100.0000
MOL.15134	0.30747	0.64641	21	14	66.6667
MOL.15138	0.31854	0.97965	1474	67	4.5455
MOL.15141	0.31372	0.71464	100	72	72.0000
MOL.15144	0.30959	0.69309	24	23	95.8333
MOL.15147	0.32098	0.94960	1460	362	24.7945
MOL.15148	0.25919	0.84426	21	21	100.0000
MOL.15149	0.30149	0.86029	443	274	61.8510
MOL.15150	0.31267	0.76026	170	109	64.1176
MOL.15151	0.38205	0.69545	70	49	70.0000
MOL.15153	0.29103	1.35635	45	7	15.5556
MOL.15156	0.29370	0.73535	38	30	78.9474
MOL.15157	0.31950	0.70774	59	49	83.0508
MOL.15158	0.54202	1.07884	56	0	0.0000
MOL.15159	0.33376	0.79940	131	82	62.5954
MOL.15164	0.33721	0.81496	605	579	95.7025
MOL.15166	0.31461	0.93159	106	25	23.5849
MOL.15167	0.31395	0.77316	312	302	96.7949
MOL.15170	0.32213	0.97857	997	4	0.4012
MOL.15176	0.32830	0.77554	128	104	81.2500
MOL.15177	0.32067	0.80847	194	119	61.3402
MOL.15178	0.30455	0.66772	36	20	55.5556
MOL.15184	0.31139	0.90928	26	26	100.0000
MOL.15185	0.28229	0.76873	37	35	94.5946
MOL.15186	0.32819	0.98929	190	111	58.4211
MOL.15187	0.30091	1.12227	42	42	100.0000
MOL.15189	0.35212	0.65444	91	89	97.8022
MOL.15193	0.33654	1.03768	55	39	70.9091
MOL.15194	0.31431	0.98074	58	0	0.0000
MOL.15195	0.30221	1.10470	25	0	0.0000
MOL.15207	0.36619	0.98228	610	0	0.0000
MOL.15211	0.32865	0.73898	302	285	94.3709
MOL.15222	0.34147	0.90519	104	29	27.8846
MOL.15225	0.30339	0.79570	35	31	88.5714
MOL.15226	0.32349	0.99155	2841	0	0.0000
MOL.15229	0.29476	0.83094	28	22	78.5714
MOL.15230	0.32704	0.77841	36	18	50.0000
MOL.15238	0.32772	0.85864	278	93	33.4532
MOL.15239	0.31863	0.99824	1925	0	0.0000
MOL.15240	0.32359	0.99225	1451	0	0.0000
MOL.15251	0.49071	0.71216	34	31	91.1765
MOL.15252	0.32537	1.03704	62	9	14.5161
MOL.15253	0.32470	0.93342	183	0	0.0000
MOL.15255	0.31273	0.99725	342	0	0.0000
MOL.15257	0.32734	0.80831	63	49	77.7778
MOL.15263	0.35236	0.68390	125	117	93.6000
MOL.15264	0.30386	0.83264	192	167	86.9792
MOL.15265	0.34646	0.75342	68	61	89.7059
MOL.15268	0.33879	0.85568	920	639	69.4565
MOL.15273	0.32043	0.84391	334	312	93.4132
MOL.15276	0.31519	0.67967	164	141	85.9756
MOL.15277	0.31541	0.58869	150	86	57.3333
MOL.15284	0.33616	1.13114	165	0	0.0000
MOL.15286	0.29093	0.99781	48	0	0.0000
MOL.15289	0.32388	0.93652	61	0	0.0000
MOL.15290	0.28179	0.84304	22	0	0.0000
MOL.15292	0.31913	0.89521	22	0	0.0000
MOL.15300	0.33539	0.73820	37	0	0.0000
MOL.15305	0.30733	1.01748	301	0	0.0000
MOL.15308	0.34325	0.92749	101	0	0.0000
MOL.15309	0.31503	1.33313	40	0	0.0000
MOL.15311	0.31529	0.66652	46	0	0.0000
MOL.15312	0.31085	1.32684	74	0	0.0000
MOL.15325	0.32175	0.79829	36	35	97.2222
MOL.15326	0.32649	0.79433	21	20	95.2381
MOL.15327	0.34669	0.82534	172	159	92.4419
MOL.15328	0.31958	0.74977	132	126	95.4545
MOL.15329	0.33186	0.80142	174	165	94.8276
MOL.15331	0.35231	0.97754	61	60	98.3607
MOL.15334	0.26929	0.81059	38	28	73.6842
MOL.15336	0.32285	0.75886	133	117	87.9699
MOL.15340	0.34817	0.65926	28	27	96.4286
MOL.15343	0.32900	0.77942	36	31	86.1111
MOL.15348	0.31336	0.86615	249	202	81.1245
MOL.15350	0.31395	0.94962	221	0	0.0000
MOL.15352	0.30826	0.50289	37	23	62.1622
MOL.15355	0.32310	0.96535	203	143	70.4433
MOL.15359	0.32104	0.59263	39	35	89.7436
MOL.15363	0.33508	0.91829	159	0	0.0000
MOL.15366	0.33236	0.77913	293	255	87.0307
MOL.15367	0.35581	0.99873	33	0	0.0000
MOL.15371	0.30647	0.94896	21	20	95.2381
MOL.15373	0.33151	0.77318	89	87	97.7528
MOL.15374	0.28957	0.66370	47	45	95.7447
MOL.15385	0.33251	0.82670	233	183	78.5408
MOL.15386	0.38606	0.83605	70	53	75.7143
MOL.15389	0.33990	0.99657	409	9	2.2005
MOL.15391	0.32949	0.71483	86	68	79.0698
MOL.15392	0.31713	0.97276	23	0	0.0000
MOL.15393	0.35418	0.73538	243	210	86.4198
MOL.15394	0.37205	0.67249	33	0	0.0000
MOL.15400	0.32415	1.02496	1089	0	0.0000
MOL.15404	0.31826	0.99946	2123	0	0.0000
MOL.15407	0.33694	0.56692	23	22	95.6522
MOL.15409	0.32725	0.87338	53	48	90.5660
MOL.15410	0.31353	1.10098	21	0	0.0000
MOL.15412	0.31677	0.73206	152	138	90.7895
MOL.15413	0.39182	1.32630	77	71	92.2078
MOL.15417	0.33246	0.80219	71	57	80.2817
MOL.15420	0.32980	0.76535	172	145	84.3023
MOL.15427	0.32092	0.87665	126	117	92.8571
MOL.15430	0.30507	0.67537	163	63	38.6503
MOL.15436	0.34293	0.75706	48	36	75.0000
MOL.15437	0.31448	0.87232	93	71	76.3441
MOL.15443	0.35846	0.76279	347	308	88.7608
MOL.15445	0.33541	0.74686	101	90	89.1089
MOL.15446	0.32825	0.67966	331	287	86.7069
MOL.15447	0.31305	0.95721	21	13	61.9048
MOL.15455	0.53647	1.01553	30	0	0.0000
MOL.15456	0.36980	0.95824	223	0	0.0000
MOL.15457	0.33977	1.01942	77	0	0.0000
MOL.15459	0.33292	1.02609	48	0	0.0000
MOL.15472	0.30216	1.22953	49	49	100.0000
MOL.15474	0.30337	0.75097	37	34	91.8919
MOL.15476	0.31788	0.87109	896	456	50.8929
MOL.15479	0.33770	0.91426	469	452	96.3753
MOL.15480	0.34473	0.83522	386	332	86.0104
MOL.15481	0.31522	0.63617	22	21	95.4545
MOL.15482	0.34020	0.89892	111	0	0.0000
MOL.15483	0.31608	0.94093	384	194	50.5208
MOL.15487	0.31119	0.77987	59	57	96.6102
MOL.15491	0.35849	1.02985	78	0	0.0000
MOL.15492	0.33202	0.96807	100	0	0.0000
MOL.15496	0.32201	0.82994	111	104	93.6937
MOL.15497	0.29052	0.85629	30	29	96.6667
MOL.15500	0.32861	0.80825	107	0	0.0000
MOL.15504	0.32980	0.81846	252	0	0.0000
MOL.15510	0.34508	0.68469	328	322	98.1707
MOL.15511	0.33692	0.95615	107	0	0.0000
MOL.15512	0.33724	0.83619	270	0	0.0000
MOL.15516	0.34412	1.02878	372	39	10.4839
MOL.15523	0.29784	0.81657	83	80	96.3855
MOL.15529	0.36139	0.82600	50	45	90.0000
MOL.15531	0.33704	1.06890	244	0	0.0000
MOL.15532	0.36434	0.95505	194	151	77.8351
MOL.15533	0.32327	0.80066	333	326	97.8979
MOL.15534	0.33559	0.85587	32	32	100.0000
MOL.15535	0.38338	0.44756	53	47	88.6792
MOL.15544	0.34531	0.91917	165	70	42.4242
MOL.15546	0.45690	0.72500	21	6	28.5714
MOL.15548	0.31478	0.52914	39	37	94.8718
MOL.15550	0.29671	0.70394	33	27	81.8182
MOL.15553	0.36167	1.01571	63	54	85.7143
MOL.15554	0.33519	0.81375	39	24	61.5385
MOL.15555	0.33678	0.97482	1209	144	11.9107
MOL.15559	0.34115	0.74280	116	101	87.0690
MOL.15560	0.34707	0.46539	21	15	71.4286
MOL.15561	0.30856	0.80073	38	36	94.7368
MOL.15562	0.31877	0.51542	23	20	86.9565
MOL.15564	0.32193	0.67200	75	69	92.0000
MOL.15565	0.33245	0.76995	46	40	86.9565
MOL.15569	0.33191	0.91926	194	27	13.9175
MOL.15582	0.30140	0.69411	48	46	95.8333
MOL.15584	0.33158	0.93501	157	148	94.2675
MOL.15588	0.30061	1.07628	373	0	0.0000
MOL.15589	0.33838	0.77505	299	252	84.2809
MOL.15591	0.36078	1.03953	522	107	20.4981
MOL.15594	0.32415	0.92188	116	93	80.1724
MOL.15597	0.30063	0.73696	43	38	88.3721
MOL.15601	0.32648	0.93024	557	0	0.0000
MOL.15605	0.39241	0.76229	69	67	97.1014
MOL.15606	0.32386	0.78139	31	28	90.3226
MOL.15608	0.33689	1.01470	170	0	0.0000
MOL.15610	0.36324	0.96889	32	16	50.0000
MOL.15611	0.41604	0.78864	51	48	94.1176
MOL.15613	0.32781	1.02468	597	114	19.0955
MOL.15616	0.33287	0.89921	724	481	66.4365
MOL.15617	0.34697	0.98905	103	10	9.7087
MOL.15624	0.33884	1.03071	279	0	0.0000
MOL.15626	0.34304	0.92970	133	0	0.0000
MOL.15627	0.33181	0.90734	2689	967	35.9613
MOL.15631	0.34168	0.93056	153	141	92.1569
MOL.15632	0.31631	0.88331	109	75	68.8073
MOL.15633	0.33016	0.81958	83	0	0.0000
MOL.15634	0.33392	0.83606	185	0	0.0000
MOL.15636	0.34177	0.79208	62	0	0.0000
MOL.15639	0.34704	0.97332	57	0	0.0000
MOL.15642	0.33253	0.99079	179	0	0.0000
MOL.15643	0.33515	0.89553	145	0	0.0000
MOL.15644	0.31704	0.74892	64	56	87.5000
MOL.15645	0.33018	0.82976	80	53	66.2500
MOL.15646	0.52568	1.16336	143	0	0.0000
MOL.15650	0.43744	1.09953	105	44	41.9048
MOL.15652	0.32819	0.72581	189	144	76.1905
MOL.15654	0.33186	0.78701	140	110	78.5714
MOL.15656	0.35494	0.76900	114	89	78.0702
MOL.15659	0.33681	0.83354	54	51	94.4444
MOL.15664	0.33010	0.98229	1967	0	0.0000
MOL.15667	0.32314	0.97498	355	0	0.0000
MOL.15669	0.26784	0.96937	37	0	0.0000
MOL.15670	0.36081	0.86006	53	0	0.0000
MOL.15672	0.32459	0.91704	684	0	0.0000
MOL.15676	0.32460	0.77377	302	296	98.0132
MOL.15677	0.34641	0.83201	98	75	76.5306
MOL.15680	0.32054	0.94751	1627	70	4.3024
MOL.15682	0.36867	0.64321	62	0	0.0000
MOL.15683	0.33240	0.83135	52	48	92.3077
MOL.15684	0.33098	0.93608	493	0	0.0000
MOL.15685	0.29006	0.78133	43	41	95.3488
MOL.15686	0.31829	0.91260	768	131	17.0573
MOL.15690	0.35522	0.86129	67	57	85.0746
MOL.15693	0.32235	0.98154	2356	0	0.0000
MOL.15695	0.31092	0.69571	36	27	75.0000
MOL.15696	0.30233	1.29787	35	29	82.8571
MOL.15697	0.32563	0.84217	371	311	83.8275
MOL.15703	0.31440	0.96885	1259	59	4.6863
MOL.15706	0.36216	0.83276	54	0	0.0000
MOL.15708	0.30717	0.90557	72	38	52.7778
MOL.15710	0.29239	1.06106	206	0	0.0000
MOL.15715	0.32320	0.91583	214	0	0.0000
MOL.15716	0.33846	1.09570	726	0	0.0000
MOL.15717	0.34489	0.83625	222	0	0.0000
MOL.15719	0.27756	1.44924	20	0	0.0000
MOL.15720	0.31317	0.87790	194	0	0.0000
MOL.15721	0.33920	0.60863	112	95	84.8214
MOL.15723	0.33637	1.08340	31	30	96.7742
MOL.15732	0.35144	0.75107	55	0	0.0000
MOL.15733	0.35399	0.72737	308	249	80.8442
MOL.15734	0.33873	0.77977	80	75	93.7500
MOL.15735	0.32269	0.91801	742	0	0.0000
MOL.15740	0.45485	0.79833	49	0	0.0000
MOL.15752	0.33677	0.66504	99	95	95.9596
MOL.15760	0.33066	0.85735	97	90	92.7835
MOL.15761	0.30990	0.71969	25	24	96.0000
MOL.15766	0.34235	0.99311	71	19	26.7606
MOL.15770	0.37891	0.92948	133	0	0.0000
MOL.15772	0.37090	0.83604	86	0	0.0000
MOL.15773	0.39584	0.72294	99	0	0.0000
MOL.15774	0.35012	0.91290	105	0	0.0000
MOL.15776	0.32694	0.98943	173	0	0.0000
MOL.15777	0.30516	0.77703	87	67	77.0115
MOL.15780	0.32195	0.69596	85	67	78.8235
MOL.15784	0.35055	0.81681	22	7	31.8182
MOL.15785	0.33886	0.87883	115	98	85.2174
MOL.15790	0.33210	0.80198	52	35	67.3077
MOL.15792	0.32384	0.99108	1044	10	0.9579
MOL.15798	0.30563	0.74811	35	21	60.0000
MOL.15801	0.35208	0.87796	89	80	89.8876
MOL.15810	0.30882	1.27215	33	32	96.9697
MOL.15811	0.29364	1.16416	56	53	94.6429
MOL.15814	0.33049	1.02024	57	36	63.1579
MOL.15815	0.31564	0.81628	142	136	95.7746
MOL.15822	0.31378	0.75213	197	175	88.8325
MOL.15824	0.37805	0.56529	33	26	78.7879
MOL.15825	0.34580	0.61050	139	112	80.5755
MOL.15827	0.26871	0.69972	28	25	89.2857
MOL.15828	0.29171	0.80611	58	52	89.6552
MOL.15829	0.32314	0.73800	223	186	83.4081
MOL.15831	0.29241	0.84903	48	48	100.0000
MOL.15832	0.33559	0.72891	52	49	94.2308
MOL.15833	0.30397	0.82625	49	47	95.9184
MOL.15834	0.33065	0.77337	170	167	98.2353
MOL.15835	0.36831	0.85076	22	15	68.1818
MOL.15837	0.32077	0.91886	369	128	34.6883
MOL.15838	0.32312	0.79095	78	76	97.4359
MOL.15842	0.36386	0.69159	134	121	90.2985
MOL.15843	0.33173	0.87160	137	119	86.8613
MOL.15845	0.36685	0.55952	40	36	90.0000
MOL.15848	0.32825	0.87820	45	44	97.7778
MOL.15851	0.31044	1.05618	25	25	100.0000
MOL.15852	0.27995	0.47894	30	28	93.3333
MOL.15853	0.34803	0.90214	282	111	39.3617
MOL.15856	0.31312	1.09669	704	0	0.0000
MOL.15857	0.33345	0.84529	196	163	83.1633
MOL.15864	0.36376	0.85311	64	41	64.0625
MOL.15865	0.36582	0.87737	240	228	95.0000
MOL.15870	0.32690	0.74432	42	25	59.5238
MOL.15871	0.29853	0.98252	45	42	93.3333
MOL.15875	0.40779	1.41802	341	0	0.0000
MOL.15876	0.34618	0.79711	865	733	84.7399
MOL.15877	0.33542	0.74484	325	261	80.3077
MOL.15879	0.31713	0.71916	36	4	11.1111
MOL.15885	0.28345	0.84810	25	23	92.0000
MOL.15886	0.33601	0.73445	249	163	65.4618
MOL.15887	0.33777	0.70318	149	141	94.6309
MOL.15888	0.38566	0.62732	58	56	96.5517
MOL.15889	0.31510	0.61297	46	45	97.8261
MOL.15890	0.34768	0.78113	35	35	100.0000
MOL.15898	0.30319	0.61900	107	54	50.4673
MOL.15899	0.33135	0.85586	23	6	26.0870
MOL.15900	0.32694	0.97519	163	0	0.0000
MOL.15904	0.29706	0.81606	44	35	79.5455
MOL.15905	0.33294	0.87753	455	107	23.5165
MOL.15907	0.30443	0.49499	23	20	86.9565
MOL.15910	0.31963	0.98474	73	0	0.0000
MOL.15914	0.32821	0.82437	267	9	3.3708
MOL.15916	0.35107	0.82874	197	192	97.4619
MOL.15917	0.31801	0.90289	423	315	74.4681
MOL.15931	0.34750	0.87819	270	97	35.9259
MOL.15936	0.32735	0.59245	22	20	90.9091
MOL.15940	0.31289	1.22658	41	0	0.0000
MOL.15942	0.32213	0.74198	35	10	28.5714
MOL.15943	0.33364	1.00224	4576	225	4.9170
MOL.15945	0.32489	0.92931	28	17	60.7143
MOL.15946	0.32240	0.92095	47	6	12.7660
MOL.15953	0.29761	1.26310	77	0	0.0000
MOL.15960	0.33952	0.77927	35	0	0.0000
MOL.15965	0.31975	1.16760	24	0	0.0000
MOL.15968	0.30142	0.54125	59	50	84.7458
MOL.15969	0.37036	0.74950	285	67	23.5088
MOL.15971	0.32982	0.64417	55	48	87.2727
MOL.15972	0.39081	1.15728	115	112	97.3913
MOL.15980	0.31745	0.99524	60	57	95.0000
MOL.15985	0.32572	0.99219	484	0	0.0000
MOL.15986	0.32268	0.94008	1602	0	0.0000
MOL.15987	0.42652	1.55105	33	0	0.0000
MOL.15988	0.34907	0.87203	103	100	97.0874
MOL.15989	0.30362	0.97463	163	158	96.9325
MOL.15990	0.33101	0.76960	27	27	100.0000
MOL.15995	0.32177	0.68340	185	173	93.5135
MOL.15996	0.31321	0.76321	24	24	100.0000
MOL.15997	0.31977	0.79041	46	44	95.6522
MOL.15998	0.32258	0.79767	51	33	64.7059
MOL.15999	0.37071	0.97024	26	24	92.3077
MOL.16001	0.32289	0.84923	267	248	92.8839
MOL.16002	0.32849	0.82308	77	69	89.6104
MOL.16012	0.36415	0.96576	258	198	76.7442
MOL.16013	0.32141	0.84762	107	94	87.8505
MOL.16014	0.32137	1.00505	171	0	0.0000
MOL.16015	0.33611	0.95963	186	0	0.0000
MOL.16016	0.44923	1.14193	34	31	91.1765
MOL.16023	0.29426	1.15081	76	0	0.0000
MOL.16024	0.30920	0.86682	124	0	0.0000
MOL.16028	0.32751	0.98401	92	0	0.0000
MOL.16033	0.32749	1.01551	7014	0	0.0000
MOL.16040	0.58798	1.09953	22	0	0.0000
MOL.16041	0.38822	1.18170	81	0	0.0000
MOL.16043	0.39342	0.93246	82	0	0.0000
MOL.16045	0.35013	0.87389	27	0	0.0000
MOL.16048	0.32701	0.73992	48	46	95.8333
MOL.16053	0.33671	0.99186	43	0	0.0000
MOL.16054	0.31052	0.92326	27	0	0.0000
MOL.16057	0.54762	0.93034	34	5	14.7059
MOL.16058	0.32812	0.85315	319	244	76.4890
MOL.16067	0.32928	0.95291	1348	0	0.0000
MOL.16069	0.39182	1.37785	109	0	0.0000
MOL.16073	0.31535	0.65165	227	195	85.9031
MOL.16076	0.29416	0.75285	162	153	94.4444
MOL.16080	0.39624	1.05101	85	0	0.0000
MOL.16083	0.29865	0.83205	263	212	80.6084
MOL.16086	0.32644	0.85136	103	81	78.6408
MOL.16087	0.30978	0.68326	28	21	75.0000
MOL.16088	0.31601	0.84066	297	274	92.2559
MOL.16090	0.28049	0.73699	20	20	100.0000
MOL.16091	0.33949	0.64135	63	51	80.9524
MOL.16093	0.30617	0.56064	43	35	81.3953
MOL.16094	0.31471	0.82275	148	131	88.5135
MOL.16095	0.36503	0.76717	282	249	88.2979
MOL.16096	0.35796	0.75461	37	31	83.7838
MOL.16101	0.38664	0.78688	113	106	93.8053
MOL.16104	0.31441	0.97632	134	69	51.4925
MOL.16106	0.37882	1.28102	40	0	0.0000
MOL.16109	0.31821	0.77471	322	312	96.8944
MOL.16116	0.33469	0.76070	247	241	97.5709
MOL.16117	0.32867	0.94154	598	0	0.0000
MOL.16119	0.35471	0.42112	26	23	88.4615
MOL.16120	0.35489	0.65452	57	50	87.7193
MOL.16121	0.33628	0.71569	77	63	81.8182
MOL.16122	0.33784	0.65875	35	30	85.7143
MOL.16123	0.34464	0.74144	137	126	91.9708
MOL.16128	0.32440	0.96332	1309	0	0.0000
MOL.16131	0.30401	0.80352	55	51	92.7273
MOL.16135	0.31432	0.74860	129	113	87.5969
MOL.16136	0.30337	0.84196	85	81	95.2941
MOL.16139	0.32441	0.75506	95	62	65.2632
MOL.16141	0.32643	0.57717	44	34	77.2727
MOL.16142	0.31643	0.82152	95	86	90.5263
MOL.16143	0.31333	1.03290	26	0	0.0000
MOL.16144	0.27751	1.09767	77	69	89.6104
MOL.16145	0.30340	0.87020	24	20	83.3333
MOL.16146	0.31512	0.75795	236	197	83.4746
MOL.16148	0.33438	0.68073	24	17	70.8333
MOL.16152	0.32036	1.32387	68	65	95.5882
MOL.16154	0.32802	0.87324	210	199	94.7619
MOL.16155	0.37449	0.73978	415	410	98.7952
MOL.16157	0.27104	0.72020	44	44	100.0000
MOL.16162	0.31640	0.83426	35	31	88.5714
MOL.16163	0.31221	1.00867	42	0	0.0000
MOL.16164	0.28905	0.63874	21	18	85.7143
MOL.16165	0.29619	0.96232	68	66	97.0588
MOL.16174	0.31828	1.02310	348	0	0.0000
MOL.16178	0.37076	0.67764	89	86	96.6292
MOL.16179	0.32543	0.70578	85	51	60.0000
MOL.16181	0.34730	0.66257	254	212	83.4646
MOL.16196	0.34607	0.83630	57	48	84.2105
MOL.16197	0.33177	0.75654	86	85	98.8372
MOL.16198	0.33533	0.78466	165	164	99.3939
MOL.16199	0.31704	0.99791	2760	1	0.0362
MOL.16200	0.32008	0.94438	683	0	0.0000
MOL.16201	0.34011	0.67083	34	19	55.8824
MOL.16205	0.32379	0.92390	420	0	0.0000
MOL.16207	0.33177	0.89602	340	129	37.9412
MOL.16209	0.31304	0.87278	82	46	56.0976
MOL.16210	0.38605	0.70876	57	0	0.0000
MOL.16211	0.29569	0.86128	60	0	0.0000
MOL.16216	0.30793	0.98341	152	128	84.2105
MOL.16218	0.27435	0.69172	38	34	89.4737
MOL.16226	0.32033	1.01889	2190	15	0.6849
MOL.16229	0.32617	0.83536	159	146	91.8239
MOL.16233	0.30817	0.63307	52	47	90.3846
MOL.16237	0.31924	0.88598	20	18	90.0000
MOL.16238	0.32240	0.78514	133	122	91.7293
MOL.16240	0.31572	0.69818	235	215	91.4894
MOL.16243	0.32337	0.84134	238	0	0.0000
MOL.16250	0.31536	0.96175	661	0	0.0000
MOL.16251	0.32122	0.70894	54	50	92.5926
MOL.16255	0.31090	1.04278	23	0	0.0000
MOL.16256	0.32369	0.96654	42	0	0.0000
MOL.16263	0.33091	0.75930	78	2	2.5641
MOL.16264	0.31190	1.26126	39	0	0.0000
MOL.16271	0.31195	0.57457	57	35	61.4035
MOL.16275	0.30548	0.75694	97	40	41.2371
MOL.16278	0.31456	0.84105	42	19	45.2381
MOL.16279	0.31865	0.97630	1197	22	1.8379
MOL.16283	0.32606	0.89642	149	7	4.6980
MOL.16284	0.31062	1.06690	450	0	0.0000
MOL.16290	0.31630	1.60852	33	32	96.9697
MOL.16291	0.33839	0.94716	25	23	92.0000
MOL.16293	0.27699	0.81663	33	31	93.9394
MOL.16295	0.34282	0.97814	310	283	91.2903
MOL.16296	0.30868	0.71666	145	135	93.1034
MOL.16297	0.35284	0.60879	53	51	96.2264
MOL.16308	0.31673	0.92028	108	0	0.0000
MOL.16312	0.31551	0.83798	200	193	96.5000
MOL.16316	0.34655	0.86760	198	172	86.8687
MOL.16323	0.33423	0.96549	204	49	24.0196
MOL.16324	0.32832	0.84822	97	77	79.3814
MOL.16326	0.28577	0.79888	119	110	92.4370
MOL.16330	0.30687	0.85394	107	0	0.0000
MOL.16332	0.29860	0.62796	122	85	69.6721
MOL.16333	0.40832	0.98628	38	9	23.6842
MOL.16338	0.35870	0.98024	26	0	0.0000
MOL.16340	0.32257	0.86893	249	0	0.0000
MOL.16341	0.31137	1.03402	44	0	0.0000
MOL.16349	0.30486	0.67490	28	28	100.0000
MOL.16351	0.32109	0.88960	69	54	78.2609
MOL.16352	0.33214	0.77809	250	197	78.8000
MOL.16361	0.32232	0.64089	78	74	94.8718
MOL.16365	0.33354	0.84912	897	198	22.0736
MOL.16367	0.29978	0.57206	46	36	78.2609
MOL.16368	0.32345	0.55045	25	14	56.0000
MOL.16369	0.31368	0.90301	668	182	27.2455
MOL.16370	0.31209	0.94732	45	0	0.0000
MOL.16371	0.33573	0.98947	186	0	0.0000
MOL.16372	0.33512	0.81543	47	0	0.0000
MOL.16374	0.33415	0.58624	84	60	71.4286
MOL.16375	0.32692	0.89116	572	98	17.1329
MOL.16377	0.33189	1.05110	125	0	0.0000
MOL.16379	0.33620	0.94560	84	0	0.0000
MOL.16380	0.32030	1.01026	225	0	0.0000
MOL.16382	0.32503	0.90826	408	0	0.0000
MOL.16383	0.31977	0.99402	100	0	0.0000
MOL.16385	0.31364	0.97432	64	0	0.0000
MOL.16387	0.32301	1.03135	143	0	0.0000
MOL.16388	0.31303	0.84551	71	0	0.0000
MOL.16389	0.33233	0.92504	87	0	0.0000
MOL.16390	0.32011	0.85760	88	0	0.0000
MOL.16393	0.29898	0.78352	53	52	98.1132
MOL.16395	0.30440	0.76108	54	52	96.2963
MOL.16397	0.31385	1.00457	359	83	23.1198
MOL.16407	0.32439	0.91735	122	117	95.9016
MOL.16411	0.31236	0.48509	21	19	90.4762
MOL.16414	0.27752	0.79086	273	222	81.3187
MOL.16416	0.33407	0.99804	284	0	0.0000
MOL.16434	0.31331	0.78614	201	195	97.0149
MOL.16437	0.30863	0.99121	98	0	0.0000
MOL.16453	0.32006	0.84411	195	189	96.9231
MOL.16458	0.32276	1.02710	1371	0	0.0000
MOL.16460	0.31628	1.05286	1317	0	0.0000
MOL.16461	0.34864	0.64486	23	0	0.0000
MOL.16466	0.40971	1.45926	393	0	0.0000
MOL.16468	0.29111	0.53483	26	25	96.1538
MOL.16469	0.28616	0.70200	108	82	75.9259
MOL.16471	0.32132	0.86772	97	93	95.8763
MOL.16472	0.31665	0.80524	55	38	69.0909
MOL.16478	0.30076	0.71698	119	89	74.7899
MOL.16479	0.35178	0.73069	28	18	64.2857
MOL.16484	0.31011	0.76624	24	14	58.3333
MOL.16485	0.34843	0.90998	171	0	0.0000
MOL.16490	0.32722	0.90742	38	0	0.0000
MOL.16495	0.32199	0.88925	67	58	86.5672
MOL.16497	0.32626	0.67015	121	104	85.9504
MOL.16500	0.31967	0.88563	587	31	5.2811
MOL.16504	0.32741	1.06772	650	131	20.1538
MOL.16505	0.33959	0.78873	24	23	95.8333
MOL.16513	0.32639	0.67891	33	30	90.9091
MOL.16517	0.29038	1.10587	51	50	98.0392
MOL.16519	0.42737	1.18016	55	34	61.8182
MOL.16520	0.32642	0.97786	1316	0	0.0000
MOL.16528	0.30359	1.46447	65	58	89.2308
MOL.16529	0.37846	0.70808	187	176	94.1176
MOL.16530	0.37684	1.08957	25	23	92.0000
MOL.16532	0.34680	0.76343	213	211	99.0610
MOL.16533	0.32827	1.01212	408	83	20.3431
MOL.16538	0.29210	0.77486	33	21	63.6364
MOL.16544	0.32104	1.00643	3457	2	0.0579
MOL.16545	0.39458	0.65215	128	105	82.0312
MOL.16548	0.31675	0.78838	28	11	39.2857
MOL.16549	0.33522	0.88497	21	16	76.1905
MOL.16550	0.32702	0.68689	193	136	70.4663
MOL.16551	0.30955	0.73888	40	29	72.5000
MOL.16552	0.30997	0.74109	51	0	0.0000
MOL.16554	0.30212	0.93721	178	0	0.0000
MOL.16555	0.33734	0.72455	20	19	95.0000
MOL.16557	0.37239	0.84319	182	152	83.5165
MOL.16558	0.33026	0.77739	65	61	93.8462
MOL.16560	0.32086	0.79234	91	86	94.5055
MOL.16564	0.36184	0.59348	21	19	90.4762
MOL.16565	0.42562	0.54350	36	35	97.2222
MOL.16569	0.33360	0.88231	349	284	81.3754
MOL.16570	0.33563	1.00393	20	15	75.0000
MOL.16572	0.32597	0.60604	64	0	0.0000
MOL.16573	0.35454	0.71290	71	65	91.5493
MOL.16576	0.32762	0.54531	44	41	93.1818
MOL.16577	0.35372	0.79352	32	31	96.8750
MOL.16581	0.28482	0.87647	50	39	78.0000
MOL.16582	0.29160	0.72562	40	35	87.5000
MOL.16583	0.37946	1.25122	20	10	50.0000
MOL.16585	0.28095	0.68467	25	14	56.0000
MOL.16588	0.33275	0.67732	180	172	95.5556
MOL.16591	0.30668	0.81169	24	19	79.1667
MOL.16593	0.32359	0.71500	543	482	88.7661
MOL.16598	0.35656	0.95986	246	190	77.2358
MOL.16601	0.31161	0.61678	37	25	67.5676
MOL.16608	0.32569	0.93409	499	37	7.4148
MOL.16611	0.32963	0.58104	27	20	74.0741
MOL.16612	0.30168	0.91484	21	20	95.2381
MOL.16613	0.28689	0.79732	88	85	96.5909
MOL.16616	0.32325	1.04590	1151	74	6.4292
MOL.16624	0.29532	0.61519	27	19	70.3704
MOL.16627	0.34264	0.60922	157	145	92.3567
MOL.16628	0.32186	0.97153	20	2	10.0000
MOL.16630	0.33941	0.80895	218	193	88.5321
MOL.16632	0.37154	1.40035	39	0	0.0000
MOL.16633	0.38665	0.73643	278	270	97.1223
MOL.16636	0.33242	0.86885	565	40	7.0796
MOL.16643	0.31943	0.90182	343	138	40.2332
MOL.16644	0.31676	0.92159	198	177	89.3939
MOL.16645	0.33668	0.75315	75	72	96.0000
MOL.16646	0.33554	0.74388	64	63	98.4375
MOL.16649	0.30395	1.08920	109	86	78.8991
MOL.16651	0.28751	0.93436	35	0	0.0000
MOL.16653	0.32881	0.77640	92	80	86.9565
MOL.16654	0.31666	0.91489	595	0	0.0000
MOL.16658	0.31493	0.73849	139	133	95.6835
MOL.16659	0.30732	0.82478	91	88	96.7033
MOL.16663	0.33891	0.69961	30	0	0.0000
MOL.16665	0.32890	0.95822	701	0	0.0000
MOL.16669	0.32370	0.74304	465	360	77.4194
MOL.16670	0.33018	0.97158	1382	2	0.1447
MOL.16674	0.33078	0.65334	230	228	99.1304
MOL.16676	0.29567	0.89880	125	54	43.2000
MOL.16677	0.31036	0.71285	107	89	83.1776
MOL.16678	0.31404	0.88510	137	131	95.6204
MOL.16680	0.35905	0.78161	147	133	90.4762
MOL.16681	0.32397	0.82388	251	203	80.8765
MOL.16684	0.31715	0.81746	173	135	78.0347
MOL.16685	0.32283	1.01437	909	1	0.1100
MOL.16690	0.32311	0.92551	647	0	0.0000
MOL.16694	0.27231	1.90058	21	19	90.4762
MOL.16699	0.32361	0.93163	1160	0	0.0000
MOL.16701	0.34443	0.92513	363	0	0.0000
MOL.16707	0.37755	1.10474	65	0	0.0000
MOL.16708	0.38892	1.21195	75	0	0.0000
MOL.16709	0.33603	0.82117	269	2	0.7435
MOL.16710	0.35621	0.80046	64	49	76.5625
MOL.16712	0.34818	0.87035	164	150	91.4634
MOL.16714	0.34332	0.69411	69	52	75.3623
MOL.16715	0.32286	0.61880	22	19	86.3636
MOL.16719	0.33295	0.80118	182	165	90.6593
MOL.16722	0.33216	0.84676	186	162	87.0968
MOL.16728	0.32678	0.79326	65	46	70.7692
MOL.16729	0.31162	0.75572	29	26	89.6552
MOL.16733	0.31159	0.67348	110	87	79.0909
MOL.16736	0.34441	0.89530	35	0	0.0000
MOL.16737	0.31166	0.72051	45	0	0.0000
MOL.16738	0.32659	0.95607	993	0	0.0000
MOL.16742	0.32234	0.97570	628	1	0.1592
MOL.16745	0.32992	0.92413	1059	0	0.0000
MOL.16748	0.64270	0.95256	43	0	0.0000
MOL.16749	0.33670	0.68430	63	40	63.4921
MOL.16750	0.29995	0.68153	20	20	100.0000
MOL.16751	0.32734	0.79849	547	468	85.5576
MOL.16753	0.30083	0.86664	33	13	39.3939
MOL.16754	0.32104	0.85402	102	0	0.0000
MOL.16755	0.32388	0.91363	812	39	4.8030
MOL.16758	0.33762	0.84303	212	0	0.0000
MOL.16759	0.32993	0.77975	103	81	78.6408
MOL.16760	0.30066	0.95767	99	82	82.8283
MOL.16762	0.33011	0.82316	286	244	85.3147
MOL.16763	0.33160	0.77439	189	138	73.0159
MOL.16774	0.39211	1.58047	22	0	0.0000
MOL.16778	0.29655	0.88934	127	0	0.0000
MOL.16783	0.33809	0.90095	1058	104	9.8299
MOL.16784	0.32361	0.94994	2074	108	5.2073
MOL.16787	0.34798	1.43497	78	0	0.0000
MOL.16789	0.38376	1.24735	835	0	0.0000
MOL.16791	0.32051	1.06789	599	57	9.5159
MOL.16792	0.31958	0.63852	53	48	90.5660
MOL.16794	0.31816	0.85420	419	386	92.1241
MOL.16795	0.34774	0.88719	150	0	0.0000
MOL.16802	0.25352	1.30762	22	0	0.0000
MOL.16805	0.32979	0.92113	865	0	0.0000
MOL.16810	0.46257	1.07694	309	0	0.0000
MOL.16811	0.33406	1.20565	36	32	88.8889
MOL.16816	0.29779	0.70111	32	26	81.2500
MOL.16817	0.29092	0.87778	47	45	95.7447
MOL.16818	0.46056	0.92130	115	64	55.6522
MOL.16819	0.33006	0.77025	124	102	82.2581
MOL.16820	0.34262	0.85170	59	58	98.3051
MOL.16821	0.29740	1.04144	38	38	100.0000
MOL.16830	0.32108	1.04355	850	40	4.7059
MOL.16832	0.31446	0.84308	156	0	0.0000
MOL.16833	0.31094	0.97821	116	0	0.0000
MOL.16834	0.32147	0.92126	526	0	0.0000
MOL.16839	0.38889	0.81332	153	138	90.1961
MOL.16840	0.37203	0.83947	22	22	100.0000
MOL.16843	0.37755	0.68295	233	195	83.6910
MOL.16844	0.31927	1.01605	1019	0	0.0000
MOL.16846	0.33445	0.98145	242	0	0.0000
MOL.16848	0.33238	0.81589	145	145	100.0000
MOL.16850	0.33848	1.01719	89	0	0.0000
MOL.16851	0.31230	0.96053	235	0	0.0000
MOL.16852	0.29387	1.02790	175	164	93.7143
MOL.16855	0.30245	0.65616	26	0	0.0000
MOL.16856	0.32535	1.02291	1247	0	0.0000
MOL.16865	0.34559	0.88769	57	48	84.2105
MOL.16872	0.32289	0.72003	67	0	0.0000
MOL.16873	0.30709	0.72310	49	0	0.0000
MOL.16875	0.33299	0.83432	20	17	85.0000
MOL.16881	0.34716	0.98644	135	0	0.0000
MOL.16884	0.33647	0.78193	67	60	89.5522
MOL.16890	0.32262	0.78645	21	15	71.4286
MOL.16893	0.34325	0.59045	114	76	66.6667
MOL.16894	0.34610	0.41678	26	20	76.9231
MOL.16900	0.33615	0.72826	23	21	91.3043
MOL.16904	0.32233	0.87465	31	14	45.1613
MOL.16905	0.35300	0.68377	30	29	96.6667
MOL.16910	0.31729	0.80447	30	25	83.3333
MOL.16912	0.31272	0.89710	99	76	76.7677
MOL.16916	0.31591	0.71206	166	130	78.3133
MOL.16919	0.33004	0.64471	27	25	92.5926
MOL.16920	0.31520	0.93593	68	66	97.0588
MOL.16925	0.32410	0.84165	303	282	93.0693
MOL.16929	0.34790	0.76590	163	154	94.4785
MOL.16930	0.31600	0.86606	38	32	84.2105
MOL.16932	0.34360	0.76681	133	120	90.2256
MOL.16934	0.37177	1.07593	21	0	0.0000
MOL.16935	0.32280	1.01828	234	0	0.0000
MOL.16938	0.29016	0.88516	245	0	0.0000
MOL.16940	0.31600	1.01276	296	0	0.0000
MOL.16944	0.33367	0.79936	557	491	88.1508
MOL.16945	0.33143	0.89621	124	118	95.1613
MOL.16950	0.36942	1.09258	100	23	23.0000
MOL.16951	0.30065	0.89912	207	0	0.0000
MOL.16952	0.38705	1.12778	60	15	25.0000
MOL.16953	0.36266	0.91311	541	243	44.9168
MOL.16956	0.36081	1.09253	51	51	100.0000
MOL.16958	0.32161	0.93664	1591	154	9.6794
MOL.16962	0.33890	0.77383	114	113	99.1228
MOL.16976	0.28862	0.74406	21	15	71.4286
MOL.16977	0.32258	0.87062	240	181	75.4167
MOL.16982	0.33181	0.87718	1544	78	5.0518
MOL.16986	0.35544	0.92744	457	169	36.9803
MOL.16989	0.29641	0.58598	26	15	57.6923
MOL.16991	0.32742	0.86513	239	0	0.0000
MOL.16996	0.30962	0.88841	249	0	0.0000
MOL.16997	0.32517	0.95956	253	0	0.0000
MOL.16999	0.35307	0.84873	109	90	82.5688
MOL.17000	0.32741	1.00598	2576	67	2.6009
MOL.17002	0.30421	0.92166	998	133	13.3267
MOL.17003	0.30949	0.79831	294	265	90.1361
MOL.17005	0.34413	1.02263	80	65	81.2500
MOL.17009	0.37983	0.62511	65	61	93.8462
MOL.17012	0.30984	0.86613	77	72	93.5065
MOL.17014	0.31895	0.83584	243	208	85.5967
MOL.17020	0.32559	0.78165	266	245	92.1053
MOL.17023	0.30984	0.74890	258	194	75.1938
MOL.17024	0.30492	0.78734	42	26	61.9048
MOL.17033	0.32750	1.00497	286	283	98.9510
MOL.17038	0.32554	0.74581	64	58	90.6250
MOL.17039	0.34083	0.81119	243	209	86.0082
MOL.17043	0.37182	0.70123	30	21	70.0000
MOL.17047	0.42698	0.81119	98	0	0.0000
MOL.17051	0.43630	1.10563	62	0	0.0000
MOL.17055	0.32835	0.87915	118	0	0.0000
MOL.17065	0.32187	1.06973	203	0	0.0000
MOL.17067	0.43743	1.14050	47	0	0.0000
MOL.17070	0.31838	0.83589	165	132	80.0000
MOL.17074	0.31616	0.94958	343	25	7.2886
MOL.17079	0.28985	1.04790	29	0	0.0000
MOL.17087	0.32819	0.60357	45	33	73.3333
MOL.17088	0.34399	0.81438	32	20	62.5000
MOL.17089	0.29741	0.75875	52	36	69.2308
MOL.17091	0.32171	0.66652	22	14	63.6364
MOL.17093	0.28047	0.92270	21	0	0.0000
MOL.17097	0.31711	0.89905	154	0	0.0000
MOL.17098	0.29862	0.95776	20	20	100.0000
MOL.17099	0.31423	0.73417	77	75	97.4026
MOL.17100	0.32376	0.86609	64	0	0.0000
MOL.17103	0.29923	0.87017	188	159	84.5745
MOL.17105	0.31187	0.72039	197	166	84.2640
MOL.17113	0.32306	1.01079	632	37	5.8544
MOL.17126	0.31269	1.00295	107	0	0.0000
MOL.17128	0.32425	0.93534	223	0	0.0000
MOL.17140	0.32446	0.76031	240	201	83.7500
MOL.17144	0.31441	0.98618	63	0	0.0000
MOL.17145	0.30683	1.00360	451	0	0.0000
MOL.17146	0.29783	0.80689	21	17	80.9524
MOL.17148	0.34918	0.37772	38	32	84.2105
MOL.17150	0.32567	0.97874	27	27	100.0000
MOL.17165	0.31251	0.92023	441	78	17.6871
MOL.17170	0.33329	0.99757	710	12	1.6901
MOL.17171	0.34525	0.86762	34	0	0.0000
MOL.17175	0.31628	0.95264	1912	0	0.0000
MOL.17177	0.34054	0.84147	98	95	96.9388
MOL.17181	0.42023	1.54614	34	0	0.0000
MOL.17182	0.31685	1.00783	963	0	0.0000
MOL.17187	0.37075	0.81859	115	0	0.0000
MOL.17188	0.32373	1.01760	2998	0	0.0000
MOL.17191	0.31268	0.99500	1263	0	0.0000
MOL.17192	0.32587	0.78847	89	0	0.0000
MOL.17193	0.34946	0.99768	35	0	0.0000
MOL.17200	0.31602	0.96196	474	0	0.0000
MOL.17201	0.42520	0.71184	31	0	0.0000
MOL.17204	0.31407	0.96472	136	0	0.0000
MOL.17205	0.32131	0.94398	131	0	0.0000
MOL.17210	0.30689	0.92757	34	29	85.2941
MOL.17212	0.30821	0.79411	38	34	89.4737
MOL.17216	0.31620	0.82815	53	53	100.0000
MOL.17217	0.28739	0.93469	29	29	100.0000
MOL.17219	0.35026	0.84127	78	50	64.1026
MOL.17221	0.33113	0.53345	31	24	77.4194
MOL.17222	0.32021	0.95823	46	41	89.1304
MOL.17223	0.31066	0.64821	29	29	100.0000
MOL.17224	0.34920	0.63284	72	71	98.6111
MOL.17225	0.33500	0.54813	43	41	95.3488
MOL.17228	0.31112	0.76034	49	3	6.1224
MOL.17234	0.36631	0.79046	33	16	48.4848
MOL.17239	0.31357	0.83896	63	39	61.9048
MOL.17241	0.35092	0.76743	119	107	89.9160
MOL.17242	0.31896	0.90026	195	0	0.0000
MOL.17244	0.32552	0.60985	57	51	89.4737
MOL.17245	0.32717	0.74552	187	178	95.1872
MOL.17247	0.31818	0.99651	978	2	0.2045
MOL.17248	0.34410	0.97040	188	0	0.0000
MOL.17250	0.28910	0.91307	25	10	40.0000
MOL.17251	0.32988	0.71990	49	42	85.7143
MOL.17252	0.32399	0.99132	633	0	0.0000
MOL.17256	0.32810	0.74220	88	85	96.5909
MOL.17259	0.31796	0.96853	3326	190	5.7126
MOL.17261	0.34418	0.73456	164	159	96.9512
MOL.17262	0.31388	0.82644	22	22	100.0000
MOL.17266	0.32986	0.95456	648	139	21.4506
MOL.17274	0.31895	1.00188	3290	39	1.1854
MOL.17277	0.30722	0.93688	354	0	0.0000
MOL.17278	0.31867	0.80240	26	25	96.1538
MOL.17279	0.30061	0.77967	43	41	95.3488
MOL.17281	0.33484	0.75083	540	504	93.3333
MOL.17283	0.32582	0.82955	286	241	84.2657
MOL.17284	0.35392	0.66524	22	20	90.9091
MOL.17285	0.32872	0.86389	76	71	93.4211
MOL.17288	0.32267	0.97607	40	0	0.0000
MOL.17289	0.38487	1.20105	43	42	97.6744
MOL.17291	0.32602	0.80009	20	14	70.0000
MOL.17294	0.30860	0.61670	28	16	57.1429
MOL.17295	0.31673	0.80495	54	36	66.6667
MOL.17296	0.28456	1.10921	40	35	87.5000
MOL.17303	0.32766	0.81781	258	238	92.2481
MOL.17304	0.32368	0.67808	60	60	100.0000
MOL.17306	0.35046	0.51875	22	22	100.0000
MOL.17308	0.32731	0.97481	521	42	8.0614
MOL.17311	0.30933	1.01170	372	0	0.0000
MOL.17313	0.33634	1.03696	97	0	0.0000
MOL.17315	0.32200	0.99110	592	12	2.0270
MOL.17318	0.30176	1.01751	104	0	0.0000
MOL.17320	0.32140	1.02452	393	0	0.0000
MOL.17322	0.43283	0.99362	30	0	0.0000
MOL.17324	0.31407	0.98907	54	0	0.0000
MOL.17325	0.30692	0.88274	113	0	0.0000
MOL.17329	0.41688	0.62908	21	0	0.0000
MOL.17333	0.32452	1.12497	172	0	0.0000
MOL.17336	0.32921	0.84901	93	62	66.6667
MOL.17337	0.37394	0.85266	21	15	71.4286
MOL.17341	0.31148	0.79644	127	110	86.6142
MOL.17342	0.33532	1.06862	312	105	33.6538
MOL.17345	0.30271	0.89485	269	0	0.0000
MOL.17348	0.32287	0.95315	313	0	0.0000
MOL.17351	0.31425	1.00040	774	0	0.0000
MOL.17369	0.35187	0.70580	222	214	96.3964
MOL.17370	0.37500	1.16808	20	0	0.0000
MOL.17372	0.27877	0.80772	35	29	82.8571
MOL.17377	0.30854	0.85902	48	45	93.7500
MOL.17378	0.35653	0.64606	117	116	99.1453
MOL.17379	0.32763	0.81097	99	96	96.9697
MOL.17380	0.41922	1.44938	91	4	4.3956
MOL.17382	0.30360	0.73429	157	148	94.2675
MOL.17383	0.29111	0.58458	39	19	48.7179
MOL.17385	0.33237	0.61690	47	16	34.0426
MOL.17387	0.32699	1.01171	2290	0	0.0000
MOL.17391	0.32823	1.00430	1835	0	0.0000
MOL.17397	0.31263	0.99987	516	0	0.0000
MOL.17400	0.27945	1.02440	87	0	0.0000
MOL.17403	0.30906	1.03631	401	0	0.0000
MOL.17407	0.28026	0.86999	21	12	57.1429
MOL.17409	0.30782	0.96520	94	4	4.2553
MOL.17417	0.31477	0.78512	112	53	47.3214
MOL.17420	0.31645	0.70554	97	97	100.0000
MOL.17421	0.40250	1.94053	31	0	0.0000
MOL.17432	0.32056	0.93086	209	0	0.0000
MOL.17442	0.29916	0.78630	25	23	92.0000
MOL.17443	0.29160	0.73144	33	30	90.9091
MOL.17446	0.33288	0.72485	25	25	100.0000
MOL.17450	0.32767	0.84557	296	279	94.2568
MOL.17453	0.45124	0.91234	90	0	0.0000
MOL.17455	0.31189	1.33609	21	0	0.0000
MOL.17457	0.32009	0.74618	33	4	12.1212
MOL.17458	0.43089	0.89930	739	70	9.4723
MOL.17464	0.33399	0.83678	149	93	62.4161
MOL.17473	0.34463	1.51522	30	0	0.0000
MOL.17483	0.33555	0.99684	1352	195	14.4231
MOL.17485	0.31860	1.03026	973	0	0.0000
MOL.17486	0.30736	1.09581	193	0	0.0000
MOL.17494	0.33621	1.02282	1738	77	4.4304
MOL.17497	0.33149	0.76698	203	202	99.5074
MOL.17500	0.32328	0.74285	50	44	88.0000
MOL.17501	0.31746	0.75363	48	38	79.1667
MOL.17505	0.32343	1.00959	1812	1	0.0552
MOL.17507	0.32025	0.62632	79	61	77.2152
MOL.17512	0.34046	0.76506	370	328	88.6486
MOL.17514	0.31653	0.88688	84	62	73.8095
MOL.17517	0.32651	0.76079	138	111	80.4348
MOL.17518	0.33461	0.92952	317	69	21.7666
MOL.17520	0.33817	0.72310	84	82	97.6190
MOL.17521	0.32327	0.87393	486	109	22.4280
MOL.17525	0.31506	0.85640	55	55	100.0000
MOL.17526	0.27257	0.76689	122	46	37.7049
MOL.17527	0.30578	1.45358	30	27	90.0000
MOL.17529	0.33448	0.74696	412	395	95.8738
MOL.17533	0.29866	0.72475	75	58	77.3333
MOL.17535	0.32068	0.75636	145	124	85.5172
MOL.17537	0.55075	0.94633	36	0	0.0000
MOL.17540	0.33696	0.75936	107	87	81.3084
MOL.17541	0.35926	0.71476	82	76	92.6829
MOL.17543	0.31624	0.71490	63	56	88.8889
MOL.17546	0.32092	0.87555	95	13	13.6842
MOL.17547	0.32114	1.02379	2436	232	9.5238
MOL.17551	0.33453	0.71753	72	55	76.3889
MOL.17552	0.41607	1.40310	34	33	97.0588
MOL.17559	0.30296	1.06309	75	0	0.0000
MOL.17561	0.32857	1.03231	39	0	0.0000
MOL.17562	0.31895	1.03611	1017	0	0.0000
MOL.17568	0.40554	1.03906	77	66	85.7143
MOL.17569	0.32551	0.68404	101	95	94.0594
MOL.17571	0.32292	1.00864	1903	219	11.5081
MOL.17576	0.31119	1.04123	97	0	0.0000
MOL.17580	0.28529	1.07375	147	0	0.0000
MOL.17582	0.29536	0.83844	26	0	0.0000
MOL.17583	0.32713	0.84109	64	0	0.0000
MOL.17585	0.32583	0.97949	3681	419	11.3828
MOL.17592	0.37731	0.79078	1069	266	24.8831
MOL.17599	0.61042	0.85755	423	0	0.0000
MOL.17603	0.61383	0.86419	291	0	0.0000
MOL.17605	0.57134	0.90102	223	0	0.0000
MOL.17606	0.60809	0.90254	411	1	0.2433
MOL.17610	0.53409	1.01057	221	0	0.0000
MOL.17611	0.48250	1.09652	910	0	0.0000
MOL.17614	0.32235	0.84551	74	57	77.0270
MOL.17622	0.33152	1.30306	110	0	0.0000
MOL.17623	0.33729	0.97971	1256	196	15.6051
MOL.17629	0.33104	0.85664	769	600	78.0234
MOL.17633	0.29077	0.63280	21	0	0.0000
MOL.17637	0.33551	0.55729	40	34	85.0000
MOL.17640	0.27958	0.49896	27	26	96.2963
MOL.17642	0.32064	0.96343	486	0	0.0000
MOL.17644	0.34197	0.72771	544	474	87.1324
MOL.17646	0.30714	0.89020	328	38	11.5854
MOL.17654	0.32062	0.95985	2035	52	2.5553
MOL.17655	0.38896	0.68376	49	41	83.6735
MOL.17657	0.31197	0.88076	29	6	20.6897
MOL.17661	0.33021	0.72838	308	0	0.0000
MOL.17666	0.31803	0.67197	52	0	0.0000
MOL.17667	0.33088	0.49677	145	121	83.4483
MOL.17668	0.33162	0.66556	101	80	79.2079
MOL.17669	0.33019	0.88428	137	0	0.0000
MOL.17674	0.31587	0.97453	804	0	0.0000
MOL.17677	0.31744	0.84455	58	42	72.4138
MOL.17681	0.35163	0.54433	37	31	83.7838
MOL.17684	0.32503	0.96726	652	0	0.0000
MOL.17688	0.33421	0.84298	362	212	58.5635
MOL.17690	0.32441	0.94178	2360	75	3.1780
MOL.17699	0.34360	0.93879	1696	144	8.4906
MOL.17704	0.32806	0.96016	1367	121	8.8515
MOL.17710	0.30765	0.73659	32	30	93.7500
MOL.17717	0.34974	0.78172	286	248	86.7133
MOL.17720	0.32102	0.99127	813	129	15.8672
MOL.17722	0.31404	0.85489	43	31	72.0930
MOL.17727	0.35531	0.74752	781	746	95.5186
MOL.17728	0.31948	0.80953	162	139	85.8025
MOL.17737	0.34118	0.97219	467	166	35.5460
MOL.17742	0.32136	0.98280	95	0	0.0000
MOL.17744	0.33692	0.94370	433	52	12.0092
MOL.17745	0.33242	0.86436	111	110	99.0991
MOL.17751	0.32600	0.94995	175	86	49.1429
MOL.17755	0.29455	0.74933	249	206	82.7309
MOL.17757	0.39431	0.80392	21	2	9.5238
MOL.17762	0.32647	0.88922	28	2	7.1429
MOL.17764	0.32562	0.77160	58	55	94.8276
MOL.17765	0.33431	0.82448	138	111	80.4348
MOL.17768	0.46147	1.07813	307	0	0.0000
MOL.17771	0.31063	0.90187	38	37	97.3684
MOL.17776	0.32928	0.93644	440	0	0.0000
MOL.17780	0.36070	0.56587	41	40	97.5610
MOL.17781	0.31627	1.00596	1179	2	0.1696
MOL.17785	0.31679	0.87721	178	0	0.0000
MOL.17791	0.33964	0.74791	143	0	0.0000
MOL.17794	0.34661	0.89576	83	0	0.0000
MOL.17797	0.33074	0.93274	503	0	0.0000
MOL.17798	0.43668	0.93418	88	0	0.0000
MOL.17799	0.37809	0.82212	38	0	0.0000
MOL.17807	0.33233	0.89375	111	102	91.8919
MOL.17808	0.30343	0.70451	74	64	86.4865
MOL.17809	0.38989	0.84812	155	113	72.9032
MOL.17813	0.32751	0.94733	368	0	0.0000
MOL.17815	0.33821	0.76936	38	27	71.0526
MOL.17818	0.33563	0.99433	1847	1	0.0541
MOL.17822	0.33770	0.75070	374	328	87.7005
MOL.17829	0.33370	1.13727	1084	0	0.0000
MOL.17833	0.35884	0.89397	155	127	81.9355
MOL.17834	0.32124	0.88603	75	68	90.6667
MOL.17840	0.33124	0.85230	575	49	8.5217
MOL.17841	0.32797	0.79520	166	151	90.9639
MOL.17842	0.40200	0.87960	212	124	58.4906
MOL.17843	0.31815	0.83926	122	92	75.4098
MOL.17844	0.32895	0.63527	47	0	0.0000
MOL.17846	0.32117	0.73966	47	45	95.7447
MOL.17847	0.30842	0.97374	483	0	0.0000
MOL.17851	0.33173	0.96463	3068	1	0.0326
MOL.17853	0.32418	1.02182	836	205	24.5215
MOL.17855	0.26544	0.70760	24	24	100.0000
MOL.17856	0.33337	0.82811	208	197	94.7115
MOL.17858	0.30942	0.76070	25	24	96.0000
MOL.17859	0.34348	0.90870	96	92	95.8333
MOL.17860	0.32311	0.91520	125	114	91.2000
MOL.17861	0.33441	0.63658	33	25	75.7576
MOL.17862	0.32836	0.78551	26	24	92.3077
MOL.17863	0.31674	0.93437	254	0	0.0000
MOL.17866	0.30643	0.91804	294	35	11.9048
MOL.17885	0.32075	1.09224	5267	0	0.0000
MOL.17887	0.25636	0.88538	82	0	0.0000
MOL.17890	0.56374	0.92380	35	0	0.0000
MOL.17892	0.29222	0.79350	93	82	88.1720
MOL.17897	0.31807	0.97826	1073	14	1.3048
MOL.17900	0.33291	0.89910	50	0	0.0000
MOL.17903	0.32079	0.89762	234	0	0.0000
MOL.17906	0.31914	0.96603	877	0	0.0000
MOL.17910	0.32422	0.79362	96	89	92.7083
MOL.17914	0.45660	0.72911	21	0	0.0000
MOL.17915	0.31051	1.08015	587	0	0.0000
MOL.17917	0.39994	0.69441	26	0	0.0000
MOL.17918	0.33817	0.95292	532	0	0.0000
MOL.17921	0.35635	1.11203	27	0	0.0000
MOL.17923	0.34595	0.98568	512	0	0.0000
MOL.17924	0.32866	1.15476	173	0	0.0000
MOL.17926	0.31809	1.05192	36	32	88.8889
MOL.17934	0.32345	0.70626	50	43	86.0000
MOL.17936	0.31447	0.80804	27	25	92.5926
MOL.17938	0.33664	0.89610	80	78	97.5000
MOL.17948	0.30906	1.04810	31	24	77.4194
MOL.17949	0.33423	0.64803	37	35	94.5946
MOL.17955	0.31099	0.91911	39	31	79.4872
MOL.17959	0.29308	0.75047	30	19	63.3333
MOL.17960	0.29045	0.79799	74	15	20.2703
MOL.17961	0.54571	1.14965	41	0	0.0000
MOL.17968	0.31564	0.92055	45	0	0.0000
MOL.17974	0.33986	1.25241	180	0	0.0000
MOL.17976	0.33255	0.71502	22	0	0.0000
MOL.17978	0.32227	0.96806	300	251	83.6667
MOL.17988	0.30568	0.73930	33	23	69.6970
MOL.17989	0.31885	0.94282	36	25	69.4444
MOL.17992	0.33439	1.03705	477	0	0.0000
MOL.17993	0.26731	0.89177	69	66	95.6522
MOL.17995	0.27437	0.79577	24	23	95.8333
MOL.17996	0.33413	0.89591	52	51	98.0769
MOL.17997	0.32160	0.98557	555	201	36.2162
MOL.17999	0.31927	0.92606	461	320	69.4143
MOL.18000	0.37450	1.33473	83	80	96.3855
MOL.18001	0.33394	0.93085	79	77	97.4684
MOL.18002	0.32862	0.77488	497	490	98.5915
MOL.18007	0.32694	0.87656	259	186	71.8147
MOL.18011	0.26893	0.94106	44	0	0.0000
MOL.18012	0.30940	1.00414	284	0	0.0000
MOL.18015	0.32112	0.87845	145	12	8.2759
MOL.18018	0.31352	1.04028	661	0	0.0000
MOL.18020	0.31375	0.94761	32	31	96.8750
MOL.18028	0.32074	1.10463	89	0	0.0000
MOL.18032	0.31577	0.97959	39	22	56.4103
MOL.18034	0.31973	0.86122	366	323	88.2514
MOL.18038	0.32420	1.02727	1011	12	1.1869
MOL.18040	0.32569	0.82349	126	125	99.2063
MOL.18041	0.32333	0.99323	21	0	0.0000
MOL.18044	0.31855	1.01882	356	0	0.0000
MOL.18047	0.30778	0.94458	293	0	0.0000
MOL.18048	0.32258	0.68086	216	208	96.2963
MOL.18050	0.34483	1.04055	348	0	0.0000
MOL.18053	0.32829	0.84050	44	0	0.0000
MOL.18060	0.32622	0.46302	45	41	91.1111
MOL.18069	0.32124	0.88733	23	0	0.0000
MOL.18073	0.31778	0.67301	76	74	97.3684
MOL.18074	0.30950	0.58043	33	25	75.7576
MOL.18076	0.36256	0.57075	63	57	90.4762
MOL.18077	0.31595	0.94153	347	0	0.0000
MOL.18083	0.31848	0.85189	152	0	0.0000
MOL.18088	0.29584	0.93297	59	58	98.3051
MOL.18091	0.32052	0.98299	2092	79	3.7763
MOL.18094	0.34258	0.83713	285	0	0.0000
MOL.18095	0.31349	1.03642	98	0	0.0000
MOL.18097	0.33058	0.71367	54	54	100.0000
MOL.18098	0.31379	0.93071	50	49	98.0000
MOL.18101	0.32052	0.76006	387	349	90.1809
MOL.18106	0.32547	0.73919	69	66	95.6522
MOL.18110	0.32863	0.91470	88	72	81.8182
MOL.18113	0.38989	1.18556	241	0	0.0000
MOL.18117	0.32040	0.94963	73	0	0.0000
MOL.18120	0.32887	0.63312	20	14	70.0000
MOL.18123	0.32505	1.01182	2299	16	0.6960
MOL.18127	0.31130	0.97069	635	0	0.0000
MOL.18128	0.54753	1.12074	21	0	0.0000
MOL.18132	0.32088	0.97453	213	0	0.0000
MOL.18137	0.29772	0.77417	33	30	90.9091
MOL.18145	0.31625	0.73749	222	206	92.7928
MOL.18147	0.31696	0.73969	75	74	98.6667
MOL.18149	0.32837	0.58201	20	9	45.0000
MOL.18150	0.29873	0.56035	45	33	73.3333
MOL.18154	0.33372	1.07492	42	35	83.3333
MOL.18156	0.30786	0.80192	71	50	70.4225
MOL.18158	0.30350	0.59701	60	56	93.3333
MOL.18159	0.30247	0.81642	88	84	95.4545
MOL.18161	0.36165	0.68114	172	92	53.4884
MOL.18163	0.34864	0.89794	108	97	89.8148
MOL.18172	0.30473	1.01973	272	0	0.0000
MOL.18174	0.30381	1.01150	112	0	0.0000
MOL.18175	0.28226	1.11489	39	38	97.4359
MOL.18176	0.33166	0.97988	23	22	95.6522
MOL.18185	0.32769	0.90634	44	41	93.1818
MOL.18190	0.31046	0.85765	62	0	0.0000
MOL.18192	0.30543	0.84326	162	142	87.6543
MOL.18193	0.31178	0.86083	181	160	88.3978
MOL.18195	0.29710	0.93872	84	64	76.1905
MOL.18196	0.35425	0.76959	338	281	83.1361
MOL.18200	0.42461	1.05055	310	0	0.0000
MOL.18205	0.32707	0.93613	1804	43	2.3836
MOL.18212	0.25761	0.47133	37	31	83.7838
MOL.18213	0.30081	0.62420	33	32	96.9697
MOL.18214	0.37618	0.40327	21	10	47.6190
MOL.18216	0.32324	0.65096	122	98	80.3279
MOL.18217	0.30063	0.52477	46	23	50.0000
MOL.18218	0.32599	0.66334	115	96	83.4783
MOL.18219	0.34286	0.57258	33	21	63.6364
MOL.18222	0.35893	0.69529	70	62	88.5714
MOL.18223	0.29715	0.55770	43	37	86.0465
MOL.18224	0.33333	0.86452	24	11	45.8333
MOL.18230	0.30953	0.49141	28	24	85.7143
MOL.18231	0.33209	0.74844	238	61	25.6303
MOL.18233	0.31410	0.85984	209	0	0.0000
MOL.18235	0.33595	1.01538	404	0	0.0000
MOL.18239	0.35663	1.07583	32	0	0.0000
MOL.18240	0.50681	0.75540	61	12	19.6721
MOL.18243	0.30748	0.80639	135	128	94.8148
MOL.18246	0.29674	0.77190	34	33	97.0588
MOL.18247	0.33803	0.71848	126	126	100.0000
MOL.18256	0.31675	0.85217	405	375	92.5926
MOL.18259	0.31939	0.74817	25	21	84.0000
MOL.18261	0.32319	0.75478	148	131	88.5135
MOL.18264	0.33581	0.84417	132	118	89.3939
MOL.18265	0.32902	0.82222	60	19	31.6667
MOL.18266	0.27471	0.73916	52	47	90.3846
MOL.18267	0.29132	0.86997	33	31	93.9394
MOL.18275	0.31360	0.99049	421	0	0.0000
MOL.18276	0.35102	0.60356	82	77	93.9024
MOL.18278	0.33060	0.64495	97	80	82.4742
MOL.18282	0.33583	0.88404	865	515	59.5376
MOL.18285	0.34336	1.15059	25	0	0.0000
MOL.18287	0.32831	0.86201	100	10	10.0000
MOL.18295	0.31948	0.76440	68	62	91.1765
MOL.18297	0.32205	0.95354	83	0	0.0000
MOL.18300	0.30173	1.01067	73	65	89.0411
MOL.18306	0.32113	1.04606	366	22	6.0109
MOL.18307	0.34683	0.73099	346	294	84.9711
MOL.18308	0.39527	0.74197	189	158	83.5979
MOL.18310	0.32856	0.79890	324	294	90.7407
MOL.18312	0.34041	0.96265	22	21	95.4545
MOL.18314	0.30578	0.77251	23	18	78.2609
MOL.18317	0.32899	0.75968	82	79	96.3415
MOL.18324	0.32890	0.87092	21	19	90.4762
MOL.18328	0.31661	0.99187	353	0	0.0000
MOL.18330	0.30859	0.90508	97	86	88.6598
MOL.18331	0.33226	0.76771	171	151	88.3041
MOL.18332	0.32109	0.95425	1664	0	0.0000
MOL.18335	0.31980	0.76013	27	4	14.8148
MOL.18340	0.33652	0.82201	182	132	72.5275
MOL.18350	0.64530	0.68454	79	0	0.0000
MOL.18352	0.34406	0.81162	22	14	63.6364
MOL.18358	0.28987	0.90951	93	0	0.0000
MOL.18359	0.31294	0.78536	23	15	65.2174
MOL.18360	0.36778	0.68863	30	20	66.6667
MOL.18363	0.33124	0.96199	2411	115	4.7698
MOL.18365	0.33885	0.97668	5012	28	0.5587
MOL.18367	0.33495	0.99091	188	20	10.6383
MOL.18369	0.28852	0.93544	84	72	85.7143
MOL.18370	0.32809	0.87159	253	241	95.2569
MOL.18372	0.25493	1.41743	28	0	0.0000
MOL.18373	0.27676	1.70449	25	0	0.0000
MOL.18374	0.32009	1.24414	717	0	0.0000
MOL.18378	0.33947	0.75907	57	39	68.4211
MOL.18386	0.35738	0.94810	158	0	0.0000
MOL.18387	0.30742	1.01418	74	0	0.0000
MOL.18388	0.35071	0.90676	291	215	73.8832
MOL.18391	0.31409	0.79540	88	80	90.9091
MOL.18392	0.46667	1.23077	20	0	0.0000
MOL.18393	0.34069	0.80645	270	244	90.3704
MOL.18394	0.32013	0.88199	156	79	50.6410
MOL.18396	0.28824	0.54653	61	39	63.9344
MOL.18403	0.33577	0.92759	1267	231	18.2320
MOL.18404	0.30533	1.27315	43	0	0.0000
MOL.18408	0.33832	0.84911	473	44	9.3023
MOL.18410	0.31357	1.01536	89	81	91.0112
MOL.18412	0.32412	0.83344	350	75	21.4286
MOL.18413	0.32385	0.96881	5377	284	5.2818
MOL.18416	0.29147	0.97157	76	36	47.3684
MOL.18427	0.30806	0.92132	347	7	2.0173
MOL.18433	0.36000	0.60456	46	33	71.7391
MOL.18436	0.32176	0.69723	108	100	92.5926
MOL.18439	0.33646	0.66418	20	20	100.0000
MOL.18441	0.31936	0.82493	102	94	92.1569
MOL.18449	0.31245	0.74425	82	76	92.6829
MOL.18460	0.30476	0.64896	33	0	0.0000
MOL.18463	0.29544	0.96500	59	0	0.0000
MOL.18464	0.35305	0.87500	127	0	0.0000
MOL.18465	0.31666	0.32313	44	42	95.4545
MOL.18466	0.33651	0.55232	23	20	86.9565
MOL.18472	0.35066	0.86259	477	350	73.3753
MOL.18480	0.37891	0.62479	21	18	85.7143
MOL.18484	0.31554	0.98480	76	61	80.2632
MOL.18486	0.36768	0.86526	135	117	86.6667
MOL.18492	0.32994	0.85601	333	237	71.1712
MOL.18496	0.32871	0.81710	95	84	88.4211
MOL.18504	0.32749	0.83064	65	27	41.5385
MOL.18515	0.33904	0.92316	349	43	12.3209
MOL.18517	0.33576	0.87607	126	48	38.0952
MOL.18524	0.32966	0.72683	90	0	0.0000
MOL.18530	0.33386	0.88387	169	100	59.1716
MOL.18531	0.37273	1.08795	1336	116	8.6826
MOL.18534	0.39622	1.40373	58	0	0.0000
MOL.18539	0.36635	0.87166	216	162	75.0000
MOL.18549	0.37652	0.83325	44	34	77.2727
MOL.18550	0.44748	1.09232	26	25	96.1538
MOL.18551	0.34958	0.96481	81	66	81.4815
MOL.18553	0.33463	0.92998	276	227	82.2464
MOL.18555	0.41165	0.59746	26	26	100.0000
MOL.18557	0.59680	1.06760	42	0	0.0000
MOL.18560	0.33940	0.69817	42	1	2.3810
MOL.18563	0.37682	0.50605	839	301	35.8760
MOL.18566	0.32800	1.03972	58	55	94.8276
MOL.18571	0.54656	1.09778	52	0	0.0000
MOL.18572	0.50344	1.09239	43	0	0.0000
MOL.18575	0.32956	1.00483	159	1	0.6289
MOL.18586	0.30935	0.55488	23	23	100.0000
MOL.18587	0.34104	1.08708	293	84	28.6689
MOL.18591	0.35336	0.85307	89	71	79.7753
MOL.18593	0.40428	0.55700	34	28	82.3529
MOL.18594	0.33854	0.98942	94	82	87.2340
MOL.18595	0.32170	1.26016	38	29	76.3158
MOL.18598	0.32495	1.03782	38	35	92.1053
MOL.18599	0.33267	0.82498	80	73	91.2500
MOL.18601	0.33137	0.69428	42	35	83.3333
MOL.18602	0.36073	0.99049	127	108	85.0394
MOL.18603	0.37128	0.94900	577	554	96.0139
MOL.18608	0.37853	0.84673	171	151	88.3041
MOL.18614	0.35182	0.83463	428	418	97.6636
MOL.18618	0.31748	1.15370	510	3	0.5882
MOL.18627	0.32512	1.06061	35	35	100.0000
MOL.18629	0.33253	1.07666	37	36	97.2973
MOL.18630	0.32847	1.00543	85	84	98.8235
MOL.18633	0.33277	0.94476	161	159	98.7578
MOL.18638	0.32734	0.75145	100	79	79.0000
MOL.18643	0.31665	0.86824	110	87	79.0909
MOL.18644	0.34985	0.85650	20	20	100.0000
MOL.18646	0.35513	0.76315	324	287	88.5802
MOL.18648	0.33235	0.81550	81	59	72.8395
MOL.18653	0.35036	0.92498	126	98	77.7778
MOL.18661	0.39902	0.66878	37	0	0.0000
MOL.18662	0.37609	0.82130	31	0	0.0000
MOL.18663	0.38415	0.82239	57	0	0.0000
MOL.18664	0.39385	0.87140	26	0	0.0000
MOL.18666	0.33393	1.04342	112	0	0.0000
MOL.18667	0.38043	0.81079	51	44	86.2745
MOL.18669	0.33110	1.07803	51	42	82.3529
MOL.18672	0.35831	0.98254	34	0	0.0000
MOL.18676	0.38342	1.16226	33	28	84.8485
MOL.18681	0.36223	0.88551	530	482	90.9434
MOL.18686	0.33188	0.92861	357	0	0.0000
MOL.18688	0.43905	1.08399	116	115	99.1379
MOL.18693	0.33521	0.99377	911	266	29.1987
MOL.18695	0.36407	0.92139	64	60	93.7500
MOL.18696	0.34865	0.85297	936	875	93.4829
MOL.18697	0.33868	0.87619	40	37	92.5000
MOL.18699	0.32784	0.98766	240	222	92.5000
MOL.18705	0.33752	1.00369	97	10	10.3093
MOL.18709	0.30654	1.05846	213	162	76.0563
MOL.18710	0.33921	0.72299	42	23	54.7619
MOL.18712	0.33138	0.93668	492	404	82.1138
MOL.18716	0.34482	0.84189	188	162	86.1702
MOL.18719	0.33118	1.01803	703	0	0.0000
MOL.18722	0.33006	0.83796	43	0	0.0000
MOL.18723	0.35480	0.87337	78	0	0.0000
MOL.18725	0.33783	1.00819	37	0	0.0000
MOL.18734	0.34779	0.86781	22	20	90.9091
MOL.18735	0.31848	0.83696	172	109	63.3721
MOL.18737	0.36422	0.72863	343	297	86.5889
MOL.18742	0.62179	1.15896	34	0	0.0000
MOL.18743	0.51216	1.33333	21	0	0.0000
MOL.18749	0.34928	0.72039	46	38	82.6087
MOL.18753	0.31587	1.05419	836	0	0.0000
MOL.18755	0.33993	0.94497	799	0	0.0000
MOL.18758	0.32543	0.94878	32	0	0.0000
MOL.18759	0.32403	0.92230	79	0	0.0000
MOL.18761	0.35913	0.77892	197	183	92.8934
MOL.18770	0.33491	0.93722	186	168	90.3226
MOL.18772	0.36679	1.12101	167	0	0.0000
MOL.18774	0.34391	0.70401	57	41	71.9298
MOL.18778	0.28448	0.98550	23	13	56.5217
MOL.18786	0.33422	0.93754	128	126	98.4375
MOL.18788	0.39208	0.69004	49	48	97.9592
MOL.18792	0.32786	0.85168	224	130	58.0357
MOL.18794	0.31259	0.42910	23	0	0.0000
MOL.18798	0.36918	0.84602	582	523	89.8625
MOL.18801	0.30532	0.88116	93	56	60.2151
MOL.18802	0.32945	0.89806	111	0	0.0000
MOL.18808	0.25253	1.10649	25	22	88.0000
MOL.18809	0.29556	0.81046	43	38	88.3721
MOL.18813	0.33876	0.81349	75	68	90.6667
MOL.18814	0.33352	0.91903	713	0	0.0000
MOL.18816	0.32607	0.86621	32	28	87.5000
MOL.18818	0.26115	0.74487	20	14	70.0000
MOL.18819	0.36845	0.85805	159	98	61.6352
MOL.18822	0.34213	0.86657	507	461	90.9270
MOL.18823	0.33531	0.87456	637	606	95.1334
MOL.18825	0.32667	0.74396	64	58	90.6250
MOL.18826	0.32889	0.97005	26	25	96.1538
MOL.18828	0.33994	0.84177	97	88	90.7216
MOL.18830	0.32716	0.99774	28	22	78.5714
MOL.18834	0.34124	0.98420	1024	145	14.1602
MOL.18835	0.33842	0.76622	82	58	70.7317
MOL.18837	0.33154	0.89295	342	109	31.8713
MOL.18838	0.35507	0.89374	555	517	93.1532
MOL.18841	0.32146	0.74756	97	0	0.0000
MOL.18844	0.32319	0.89632	93	0	0.0000
MOL.18847	0.31232	1.01734	46	6	13.0435
MOL.18849	0.49322	1.03090	341	39	11.4370
MOL.18850	0.36512	0.98334	178	125	70.2247
MOL.18851	0.34203	0.91875	458	416	90.8297
MOL.18852	0.39035	1.43346	52	52	100.0000
MOL.18856	0.36426	0.88887	505	454	89.9010
MOL.18857	0.33380	0.97980	39	38	97.4359
MOL.18858	0.32911	1.03031	72	68	94.4444
MOL.18859	0.36507	0.80554	310	254	81.9355
MOL.18860	0.38642	0.92475	117	93	79.4872
MOL.18863	0.31088	1.00431	256	228	89.0625
MOL.18864	0.34717	0.78984	275	234	85.0909
MOL.18868	0.35143	0.75978	167	148	88.6228
MOL.18873	0.30614	1.08106	87	0	0.0000
MOL.18874	0.29439	1.00599	55	0	0.0000
MOL.18876	0.33448	1.00795	372	339	91.1290
MOL.18879	0.30556	1.12833	57	56	98.2456
MOL.18881	0.33649	1.05296	81	74	91.3580
MOL.18882	0.33629	0.93942	848	797	93.9858
MOL.18887	0.32159	0.64965	34	22	64.7059
MOL.18888	0.36255	0.85101	372	316	84.9462
MOL.18891	0.59833	1.03547	54	0	0.0000
MOL.18893	0.31693	0.80461	85	68	80.0000
MOL.18901	0.30819	1.09955	31	23	74.1935
MOL.18908	0.46413	0.79073	55	0	0.0000
MOL.18909	0.32781	0.95846	138	6	4.3478
MOL.18911	0.36875	0.91224	301	2	0.6645
MOL.18912	0.34198	0.88268	218	178	81.6514
MOL.18914	0.36497	0.72872	78	71	91.0256
MOL.18915	0.29322	0.71174	25	4	16.0000
MOL.18916	0.33265	0.77133	311	211	67.8457
MOL.18917	0.34023	0.80788	68	43	63.2353
MOL.18918	0.43153	0.75811	34	23	67.6471
MOL.18922	0.34589	0.79760	161	129	80.1242
MOL.18923	0.30070	0.58377	23	17	73.9130
MOL.18926	0.35325	0.93140	1612	471	29.2184
MOL.18931	0.35566	0.92260	54	54	100.0000
MOL.18934	0.35135	0.92080	216	182	84.2593
MOL.18935	0.34406	0.94989	249	246	98.7952
MOL.18937	0.33922	0.97114	89	23	25.8427
MOL.18939	0.33676	0.80256	333	291	87.3874
MOL.18940	0.31797	0.85638	91	72	79.1209
MOL.18941	0.33387	0.97878	1263	313	24.7823
MOL.18943	0.28489	0.74612	55	47	85.4545
MOL.18947	0.34684	0.82608	154	118	76.6234
MOL.18950	0.51709	1.18556	146	0	0.0000
MOL.18951	0.34938	0.71531	98	76	77.5510
MOL.18958	0.38368	0.73524	22	20	90.9091
MOL.18960	0.32358	0.52453	23	0	0.0000
MOL.18961	0.37779	0.94120	87	72	82.7586
MOL.18962	0.34073	0.57347	25	17	68.0000
MOL.18965	0.34990	1.16554	235	191	81.2766
MOL.18966	0.32920	0.99655	231	205	88.7446
MOL.18972	0.33240	0.86267	91	80	87.9121
MOL.18978	0.34475	0.75958	67	43	64.1791
MOL.18980	0.34308	0.77641	42	30	71.4286
MOL.18981	0.35340	0.77582	465	421	90.5376
MOL.18983	0.31129	1.01582	48	30	62.5000
MOL.18985	0.33710	0.54867	34	6	17.6471
MOL.18987	0.40076	0.60757	114	87	76.3158
MOL.18991	0.31953	0.88098	38	28	73.6842
MOL.18994	0.32272	0.97332	113	112	99.1150
MOL.18995	0.36916	0.88617	258	257	99.6124
MOL.18996	0.35417	0.78668	150	139	92.6667
MOL.18999	0.37341	1.01537	255	250	98.0392
MOL.19000	0.34691	1.15051	57	57	100.0000
MOL.19001	0.32570	0.96237	36	36	100.0000
MOL.19003	0.34231	0.90128	123	109	88.6179
MOL.19004	0.35697	1.26921	98	39	39.7959
MOL.19007	0.34050	0.88591	485	467	96.2887
MOL.19009	0.32926	1.04584	408	233	57.1078
MOL.19012	0.41620	1.03812	47	45	95.7447
MOL.19013	0.34725	0.94045	210	207	98.5714
MOL.19016	0.33744	0.87684	42	8	19.0476
MOL.19018	0.36013	1.06004	369	351	95.1220
MOL.19019	0.34133	0.83408	381	194	50.9186
MOL.19022	0.48693	1.08775	78	0	0.0000
MOL.19025	0.31290	0.79185	36	35	97.2222
MOL.19026	0.33105	0.76326	77	64	83.1169
MOL.19029	0.34206	0.78135	58	38	65.5172
MOL.19031	0.30753	0.96761	77	43	55.8442
MOL.19032	0.35639	0.75734	57	45	78.9474
MOL.19033	0.34113	0.90792	32	18	56.2500
MOL.19037	0.38503	1.02607	35	0	0.0000
MOL.19039	0.35377	0.97175	46	46	100.0000
MOL.19040	0.35680	0.83483	751	732	97.4700
MOL.19043	0.32254	0.62584	25	0	0.0000
MOL.19049	0.38845	0.72202	53	44	83.0189
MOL.19050	0.36288	0.88223	117	116	99.1453
MOL.19051	0.32669	0.88373	51	43	84.3137
MOL.19057	0.35270	0.79202	32	28	87.5000
MOL.19059	0.34532	1.04538	181	171	94.4751
MOL.19060	0.35370	0.95762	113	107	94.6903
MOL.19067	0.32237	1.19418	40	0	0.0000
MOL.19068	0.33537	0.96800	136	116	85.2941
MOL.19071	0.32206	1.13594	100	0	0.0000
MOL.19078	0.35682	1.02167	44	24	54.5455
MOL.19081	0.32508	0.84771	320	256	80.0000
MOL.19084	0.32360	0.85496	183	177	96.7213
MOL.19088	0.33010	0.82969	95	87	91.5789
MOL.19090	0.34883	0.88403	1166	1	0.0858
MOL.19094	0.33824	0.91567	621	356	57.3269
MOL.19095	0.32842	0.77249	149	124	83.2215
MOL.19104	0.33333	0.54383	35	24	68.5714
MOL.19105	0.34480	0.90525	216	208	96.2963
MOL.19107	0.33449	1.05823	1439	90	6.2543
MOL.19108	0.34548	0.92796	284	280	98.5915
MOL.19109	0.33906	0.97490	70	7	10.0000
MOL.19116	0.32464	0.89649	237	210	88.6076
MOL.19117	0.35074	1.00861	1261	75	5.9477
MOL.19118	0.33261	0.80244	39	36	92.3077
MOL.19120	0.31857	0.52053	57	31	54.3860
MOL.19121	0.36368	0.84019	433	359	82.9099
MOL.19126	0.35068	0.41249	29	19	65.5172
MOL.19128	0.34431	0.88547	1508	517	34.2838
MOL.19129	0.36138	0.93254	414	385	92.9952
MOL.19131	0.35550	0.85050	378	366	96.8254
MOL.19134	0.44495	0.86755	27	16	59.2593
MOL.19142	0.32660	1.09616	171	166	97.0760
MOL.19143	0.34979	0.93533	836	764	91.3876
MOL.19144	0.34542	1.01830	294	289	98.2993
MOL.19159	0.35408	1.04676	72	71	98.6111
MOL.19160	0.33806	0.94387	80	79	98.7500
MOL.19165	0.32933	0.97291	230	1	0.4348
MOL.19166	0.33080	1.08197	252	126	50.0000
MOL.19168	0.33270	0.81245	207	0	0.0000
MOL.19173	0.36520	0.73014	148	140	94.5946
MOL.19174	0.31522	0.57599	25	21	84.0000
MOL.19176	0.33842	0.94328	100	99	99.0000
MOL.19182	0.33889	1.08811	39	3	7.6923
MOL.19186	0.32596	0.94964	184	0	0.0000
MOL.19187	0.33621	0.86661	61	41	67.2131
MOL.19195	0.38977	0.52321	657	329	50.0761
MOL.19198	0.34683	1.09207	61	0	0.0000
MOL.19202	0.54679	1.02540	90	0	0.0000
MOL.19203	0.34163	0.76130	189	169	89.4180
MOL.19205	0.37178	0.94579	703	641	91.1807
MOL.19210	0.34300	1.02985	476	0	0.0000
MOL.19213	0.35418	0.84686	144	139	96.5278
MOL.19216	0.36550	1.02888	47	46	97.8723
MOL.19217	0.33829	0.67880	77	73	94.8052
MOL.19218	0.33025	0.83700	99	97	97.9798
MOL.19222	0.34281	0.87102	516	463	89.7287
MOL.19225	0.30460	0.86807	20	19	95.0000
MOL.19229	0.38269	0.97223	51	48	94.1176
MOL.19230	0.36497	0.87299	36	3	8.3333
MOL.19231	0.40870	0.76426	201	189	94.0299
MOL.19233	0.34096	0.94977	105	99	94.2857
MOL.19234	0.34804	0.98640	802	211	26.3092
MOL.19235	0.32685	1.08340	79	72	91.1392
MOL.19238	0.33953	0.87392	126	43	34.1270
MOL.19241	0.35595	0.76954	164	100	60.9756
MOL.19243	0.34823	1.80293	234	0	0.0000
MOL.19246	0.34566	0.97428	2706	0	0.0000
MOL.19247	0.33690	0.87598	42	1	2.3810
MOL.19248	0.31785	0.94666	150	111	74.0000
MOL.19249	0.38191	0.57319	452	263	58.1858
MOL.19250	0.41721	0.58649	21	18	85.7143
MOL.19252	0.33587	0.95947	101	0	0.0000
MOL.19255	0.59588	1.10280	61	0	0.0000
MOL.19263	0.35024	1.00859	85	0	0.0000
MOL.19269	0.33965	0.81784	264	191	72.3485
MOL.19272	0.34750	1.08463	26	24	92.3077
MOL.19275	0.33121	1.02723	298	231	77.5168
MOL.19276	0.32854	1.00218	145	138	95.1724
MOL.19277	0.30621	1.08860	66	60	90.9091
MOL.19279	0.38215	0.92462	59	36	61.0169
MOL.19280	0.35717	0.98340	273	225	82.4176
MOL.19285	0.35294	0.89113	553	494	89.3309
MOL.19286	0.35145	0.78354	156	121	77.5641
MOL.19287	0.33965	0.88136	418	405	96.8900
MOL.19288	0.34730	0.89272	426	416	97.6526
MOL.19289	0.34082	0.88366	415	369	88.9157
MOL.19292	0.34916	0.69311	133	109	81.9549
MOL.19293	0.32122	1.08702	27	23	85.1852
MOL.19294	0.29844	1.21077	147	117	79.5918
MOL.19297	0.32726	1.01784	254	9	3.5433
MOL.19308	0.36434	0.96774	212	0	0.0000
MOL.19314	0.36730	0.76686	87	59	67.8161
MOL.19316	0.35536	0.78335	507	328	64.6943
MOL.19322	0.29875	0.75404	36	13	36.1111
MOL.19323	0.35799	0.84405	253	227	89.7233
MOL.19325	0.33750	0.93223	25	0	0.0000
MOL.19326	0.36475	0.76232	455	425	93.4066
MOL.19328	0.32003	0.68855	120	75	62.5000
MOL.19333	0.33948	0.82583	173	138	79.7688
MOL.19334	0.34861	0.78687	451	427	94.6785
MOL.19347	0.40005	0.68729	120	110	91.6667
MOL.19348	0.36273	0.85817	41	0	0.0000
MOL.19349	0.32694	0.79076	747	475	63.5877
MOL.19350	0.31011	1.22630	99	0	0.0000
MOL.19352	0.37033	0.64911	25	17	68.0000
MOL.19354	0.59316	1.27457	30	0	0.0000
MOL.19358	0.34633	0.80448	343	273	79.5918
MOL.19359	0.33658	1.01676	85	0	0.0000
MOL.19360	0.33063	1.02444	460	0	0.0000
MOL.19363	0.34795	0.88153	142	0	0.0000
MOL.19368	0.33618	1.08281	1207	38	3.1483
MOL.19370	0.34949	1.00899	730	0	0.0000
MOL.19372	0.36674	0.74812	40	27	67.5000
MOL.19378	0.33989	1.08747	63	0	0.0000
MOL.19385	0.33809	0.92496	237	160	67.5105
MOL.19391	0.33091	0.62743	53	38	71.6981
MOL.19394	0.33104	0.62006	79	55	69.6203
MOL.19406	0.33638	0.89111	855	109	12.7485
MOL.19410	0.34467	0.83510	78	73	93.5897
MOL.19411	0.36491	0.83249	550	391	71.0909
MOL.19412	0.33700	0.86117	37	28	75.6757
MOL.19413	0.35887	0.88243	91	54	59.3407
MOL.19420	0.34467	1.17964	34	30	88.2353
MOL.19421	0.39148	1.04002	99	98	98.9899
MOL.19424	0.42857	0.91467	34	0	0.0000
MOL.19429	0.32310	1.04591	200	0	0.0000
MOL.19430	0.36981	0.80458	135	0	0.0000
MOL.19434	0.36985	0.97257	69	0	0.0000
MOL.19435	0.35045	0.91503	310	0	0.0000
MOL.19439	0.38521	1.26903	136	0	0.0000
MOL.19444	0.33904	1.00707	80	47	58.7500
MOL.19445	0.35961	1.01909	210	200	95.2381
MOL.19448	0.34769	0.76466	179	89	49.7207
MOL.19452	0.35948	0.75369	23	0	0.0000
MOL.19454	0.37981	0.88571	648	61	9.4136
MOL.19464	0.40867	0.55540	41	35	85.3659
MOL.19465	0.39420	0.85569	200	167	83.5000
MOL.19466	0.33977	1.03813	217	0	0.0000
MOL.19469	0.34633	0.91355	125	0	0.0000
MOL.19471	0.35125	0.86605	235	215	91.4894
MOL.19473	0.36234	0.82142	274	243	88.6861
MOL.19474	0.34646	0.90038	233	198	84.9785
MOL.19475	0.40306	1.03870	45	9	20.0000
MOL.19477	0.35169	0.92790	182	150	82.4176
MOL.19478	0.35380	1.00726	32	20	62.5000
MOL.19479	0.36051	0.84457	337	244	72.4036
MOL.19483	0.32965	0.84204	31	0	0.0000
MOL.19484	0.34014	0.89993	168	76	45.2381
MOL.19488	0.36606	0.88034	192	132	68.7500
MOL.19489	0.29170	0.77637	44	0	0.0000
MOL.19496	0.33032	0.95032	342	0	0.0000
MOL.19505	0.31278	1.15914	86	0	0.0000
MOL.19507	0.34919	0.74896	70	63	90.0000
MOL.19519	0.51131	1.87642	27	0	0.0000
MOL.19525	0.34054	0.80757	188	175	93.0851
MOL.19529	0.34754	0.92003	149	110	73.8255
MOL.19535	0.36003	0.81114	184	154	83.6957
MOL.19537	0.34417	0.92998	769	0	0.0000
MOL.19543	0.36212	0.87404	205	187	91.2195
MOL.19551	0.34211	0.85984	177	62	35.0282
MOL.19552	0.35464	0.66909	491	416	84.7251
MOL.19553	0.34707	0.91668	57	52	91.2281
MOL.19559	0.33651	1.17007	71	0	0.0000
MOL.19560	0.35423	0.85081	142	0	0.0000
MOL.19566	0.29965	0.90763	120	0	0.0000
MOL.19568	0.33934	0.96070	191	0	0.0000
MOL.19570	0.42814	0.95174	361	0	0.0000
MOL.19571	0.42867	0.97384	35	0	0.0000
MOL.19576	0.29897	0.67764	61	8	13.1148
MOL.19577	0.35584	0.67617	45	0	0.0000
MOL.19578	0.27412	0.96146	146	126	86.3014
MOL.19582	0.31761	0.69716	24	22	91.6667
MOL.19583	0.33064	0.76288	69	67	97.1014
MOL.19594	0.35683	0.61050	21	10	47.6190
MOL.19598	0.30095	0.61456	43	35	81.3953
MOL.19602	0.32489	0.67423	58	47	81.0345
MOL.19604	0.32991	0.72400	65	45	69.2308
MOL.19605	0.34257	0.80470	107	100	93.4579
MOL.19609	0.32744	0.87400	22	22	100.0000
MOL.19610	0.36736	0.84861	27	18	66.6667
MOL.19614	0.36427	0.78810	60	0	0.0000
MOL.19615	0.33151	0.89318	658	0	0.0000
MOL.19616	0.32799	0.83445	150	0	0.0000
MOL.19617	0.33276	1.00147	197	0	0.0000
MOL.19624	0.34834	0.64785	32	19	59.3750
MOL.19625	0.33428	0.91795	188	0	0.0000
MOL.19627	0.32966	0.86723	276	108	39.1304
MOL.19629	0.35128	0.89596	436	0	0.0000
MOL.19630	0.33872	0.92146	350	0	0.0000
MOL.19636	0.34663	0.95321	194	0	0.0000
MOL.19637	0.30051	0.77150	81	71	87.6543
MOL.19642	0.35590	1.14191	32	29	90.6250
MOL.19643	0.39279	0.84524	59	10	16.9492
MOL.19645	0.32442	0.96750	421	0	0.0000
MOL.19650	0.35581	0.79927	23	3	13.0435
MOL.19651	0.34539	0.81727	333	262	78.6787
MOL.19652	0.34432	0.89197	121	96	79.3388
MOL.19653	0.48191	0.51059	39	0	0.0000
MOL.19654	0.39403	0.76923	35	0	0.0000
MOL.19660	0.31270	0.99007	280	0	0.0000
MOL.19662	0.33031	0.95234	292	0	0.0000
MOL.19668	0.55432	0.97705	76	0	0.0000
MOL.19670	0.31569	0.83055	156	144	92.3077
MOL.19672	0.33847	0.95302	1001	0	0.0000
MOL.19677	0.31217	1.03556	29	10	34.4828
MOL.19678	0.30019	0.95545	49	42	85.7143
MOL.19679	0.32924	0.57219	36	23	63.8889
MOL.19682	0.31051	0.76073	24	21	87.5000
MOL.19685	0.32530	0.77362	147	0	0.0000
MOL.19688	0.32561	0.90381	111	90	81.0811
MOL.19693	0.37658	0.58865	40	36	90.0000
MOL.19704	0.33641	0.88254	123	44	35.7724
MOL.19706	0.32830	0.80460	28	6	21.4286
MOL.19707	0.34169	0.92693	102	94	92.1569
MOL.19708	0.32293	0.98025	97	85	87.6289
MOL.19710	0.36403	0.81621	46	36	78.2609
MOL.19725	0.35781	0.87552	109	69	63.3028
MOL.19726	0.39646	0.85673	274	48	17.5182
MOL.19727	0.47431	0.77741	29	16	55.1724
MOL.19728	0.33824	0.76292	37	0	0.0000
MOL.19732	0.35055	0.70293	33	0	0.0000
MOL.19738	0.34806	0.90142	38	35	92.1053
MOL.19744	0.33953	0.89237	85	66	77.6471
MOL.19752	0.32940	0.70805	68	56	82.3529
MOL.19753	0.33736	0.84684	200	152	76.0000
MOL.19754	0.37132	0.73563	87	68	78.1609
MOL.19756	0.39883	0.74218	200	164	82.0000
MOL.19763	0.32303	0.94827	46	44	95.6522
MOL.19765	0.33613	0.77234	31	19	61.2903
MOL.19766	0.34558	0.83314	99	97	97.9798
MOL.19772	0.33096	0.90736	53	51	96.2264
MOL.19773	0.34682	0.94570	198	181	91.4141
MOL.19776	0.33392	0.92096	60	0	0.0000
MOL.19779	0.33867	0.79997	56	0	0.0000
MOL.19783	0.35891	1.01527	133	0	0.0000
MOL.19785	0.32558	0.80076	36	0	0.0000
MOL.19786	0.32991	0.95948	351	158	45.0142
MOL.19790	0.32496	0.76659	185	145	78.3784
MOL.19792	0.32613	0.95019	80	0	0.0000
MOL.19795	0.32426	0.80171	89	77	86.5169
MOL.19796	0.34785	0.83172	164	100	60.9756
MOL.19798	0.28879	0.76362	45	36	80.0000
MOL.19799	0.31610	0.65541	60	45	75.0000
MOL.19800	0.34491	0.58819	133	92	69.1729
MOL.19801	0.33441	0.98867	3130	130	4.1534
MOL.19805	0.32647	0.84890	133	0	0.0000
MOL.19808	0.33244	0.90410	891	267	29.9663
MOL.19811	0.36892	0.79390	177	169	95.4802
MOL.19823	0.34344	0.82278	442	419	94.7964
MOL.19826	0.32191	0.66690	23	0	0.0000
MOL.19827	0.32491	0.93716	368	0	0.0000
MOL.19831	0.37265	0.81596	325	308	94.7692
MOL.19833	0.29823	0.80874	143	117	81.8182
MOL.19834	0.35692	0.52152	27	19	70.3704
MOL.19839	0.28548	0.92267	22	22	100.0000
MOL.19840	0.30040	0.82367	207	184	88.8889
MOL.19842	0.31638	0.84201	28	14	50.0000
MOL.19846	0.33501	1.19087	43	25	58.1395
MOL.19852	0.40366	0.53074	75	69	92.0000
MOL.19855	0.36074	0.79383	34	22	64.7059
MOL.19856	0.32858	1.18251	98	68	69.3878
MOL.19857	0.31625	0.74717	42	19	45.2381
MOL.19858	0.29681	0.70356	37	27	72.9730
MOL.19860	0.35045	0.89424	136	104	76.4706
MOL.19861	0.31185	0.90652	410	282	68.7805
MOL.19863	0.33478	0.81502	87	63	72.4138
MOL.19874	0.32156	1.02551	1453	0	0.0000
MOL.19879	0.35014	0.61002	33	24	72.7273
MOL.19880	0.34549	0.80194	61	52	85.2459
MOL.19884	0.32213	0.91365	160	0	0.0000
MOL.19888	0.33358	0.87052	261	0	0.0000
MOL.19891	0.33407	0.85303	48	0	0.0000
MOL.19894	0.35066	0.96843	567	0	0.0000
MOL.19897	0.32845	1.01842	578	0	0.0000
MOL.19898	0.33514	0.82419	68	0	0.0000
MOL.19901	0.38922	0.79232	363	156	42.9752
MOL.19902	0.35254	0.77247	48	47	97.9167
MOL.19904	0.34838	0.89408	20	12	60.0000
MOL.19912	0.29533	0.69601	44	0	0.0000
MOL.19920	0.28986	0.53194	38	36	94.7368
MOL.19923	0.32273	0.96856	1245	0	0.0000
MOL.19925	0.35205	1.22165	40	0	0.0000
MOL.19929	0.32916	0.96273	324	0	0.0000
MOL.19930	0.35285	0.91001	262	0	0.0000
MOL.19931	0.34473	0.88284	879	0	0.0000
MOL.19935	0.34143	0.93111	74	66	89.1892
MOL.19938	0.33724	0.73753	103	88	85.4369
MOL.19947	0.32534	1.05059	515	0	0.0000
MOL.19948	0.29094	0.92715	147	0	0.0000
MOL.19951	0.30269	0.86221	78	1	1.2821
MOL.19952	0.35789	1.00475	126	78	61.9048
MOL.19957	0.33437	0.93147	50	28	56.0000
MOL.19962	0.32863	0.96798	739	148	20.0271
MOL.19967	0.32340	0.99710	255	0	0.0000
MOL.19973	0.30914	1.30130	108	0	0.0000
MOL.19975	0.33031	1.10461	250	0	0.0000
MOL.19986	0.32060	0.95518	1581	0	0.0000
MOL.19991	0.39303	0.73513	66	59	89.3939
MOL.19995	0.32360	0.96543	1682	0	0.0000
MOL.20000	0.34347	0.77383	77	72	93.5065
MOL.20001	0.34080	0.86221	53	48	90.5660
MOL.20006	0.33247	0.58696	42	40	95.2381
MOL.20010	0.32655	0.98366	1322	0	0.0000
MOL.20014	0.35443	0.86133	119	118	99.1597
MOL.20015	0.34007	0.88813	527	1	0.1898
MOL.20016	0.34857	0.87359	207	183	88.4058
MOL.20018	0.38739	1.14618	35	31	88.5714
MOL.20021	0.34464	0.91651	111	111	100.0000
MOL.20027	0.32819	0.98841	669	0	0.0000
MOL.20030	0.32670	1.00956	293	0	0.0000
MOL.20033	0.37831	0.56158	30	20	66.6667
MOL.20034	0.33484	0.52093	61	46	75.4098
MOL.20035	0.34385	0.89625	93	75	80.6452
MOL.20036	0.34552	0.72001	21	13	61.9048
MOL.20037	0.39207	0.79493	181	145	80.1105
MOL.20039	0.30126	1.01447	22	13	59.0909
MOL.20040	0.36149	0.67926	31	19	61.2903
MOL.20043	0.38889	0.73603	47	17	36.1702
MOL.20045	0.31363	0.79433	168	128	76.1905
MOL.20048	0.34323	0.71623	39	37	94.8718
MOL.20049	0.33509	0.84434	326	299	91.7178
MOL.20050	0.36998	0.75992	22	22	100.0000
MOL.20056	0.32937	0.87151	46	38	82.6087
MOL.20060	0.33551	0.93168	372	5	1.3441
MOL.20062	0.33478	0.80510	83	73	87.9518
MOL.20063	0.31580	0.90304	175	167	95.4286
MOL.20066	0.33243	0.70255	573	536	93.5428
MOL.20068	0.33214	1.05808	286	9	3.1469
MOL.20071	0.32569	0.90904	893	557	62.3740
MOL.20077	0.33412	0.83881	452	428	94.6903
MOL.20080	0.33652	0.71294	217	190	87.5576
MOL.20088	0.30202	0.81438	39	34	87.1795
MOL.20089	0.35534	0.97501	121	0	0.0000
MOL.20090	0.30712	1.01868	61	0	0.0000
MOL.20092	0.29264	1.28931	55	0	0.0000
MOL.20094	0.30656	1.24076	85	0	0.0000
MOL.20095	0.36573	1.13636	64	0	0.0000
MOL.20096	0.32370	1.26006	122	0	0.0000
MOL.20103	0.29623	1.10050	34	0	0.0000
MOL.20105	0.29156	0.94411	145	29	20.0000
MOL.20107	0.32792	1.19947	111	0	0.0000
MOL.20111	0.33572	0.87082	108	106	98.1481
MOL.20113	0.35881	0.70185	116	115	99.1379
MOL.20114	0.29577	0.83884	41	35	85.3659
MOL.20115	0.31112	0.85244	54	51	94.4444
MOL.20118	0.32739	0.98596	190	10	5.2632
MOL.20120	0.35109	0.76163	70	42	60.0000
MOL.20123	0.32847	0.89875	120	72	60.0000
MOL.20130	0.33017	0.76354	138	135	97.8261
MOL.20134	0.29050	0.79447	21	0	0.0000
MOL.20135	0.32245	1.01072	645	0	0.0000
MOL.20139	0.31635	0.95243	76	0	0.0000
MOL.20141	0.33045	0.91336	24	0	0.0000
MOL.20142	0.33816	0.88356	826	623	75.4237
MOL.20143	0.31640	1.03327	433	0	0.0000
MOL.20144	0.31768	0.65644	25	0	0.0000
MOL.20158	0.30552	1.00710	20	0	0.0000
MOL.20160	0.36628	0.85862	46	0	0.0000
MOL.20162	0.32492	0.96237	76	0	0.0000
MOL.20167	0.31890	0.93548	211	0	0.0000
MOL.20168	0.32095	1.11983	767	0	0.0000
MOL.20170	0.35459	0.74085	21	0	0.0000
MOL.20176	0.33132	0.95644	225	0	0.0000
MOL.20178	0.47822	0.49750	28	0	0.0000
MOL.20182	0.33409	0.74646	42	41	97.6190
MOL.20188	0.36871	0.74575	41	40	97.5610
MOL.20189	0.33423	0.74593	387	377	97.4160
MOL.20197	0.40114	0.86090	85	58	68.2353
MOL.20203	0.27177	0.78414	27	25	92.5926
MOL.20204	0.29442	0.81759	24	24	100.0000
MOL.20210	0.26446	0.98213	50	1	2.0000
MOL.20212	0.33567	0.90629	48	44	91.6667
MOL.20214	0.32037	0.77447	377	346	91.7772
MOL.20215	0.42078	1.03822	58	58	100.0000
MOL.20216	0.30303	0.93218	60	58	96.6667
MOL.20218	0.35509	1.04230	146	140	95.8904
MOL.20219	0.32686	0.69426	30	25	83.3333
MOL.20220	0.28215	0.55996	26	15	57.6923
MOL.20227	0.33043	0.66008	54	53	98.1481
MOL.20229	0.30907	0.80574	21	19	90.4762
MOL.20230	0.41015	1.09635	55	54	98.1818
MOL.20231	0.30474	0.83916	167	144	86.2275
MOL.20235	0.33182	0.93464	489	14	2.8630
MOL.20238	0.32073	0.89100	20	18	90.0000
MOL.20240	0.30907	0.86213	87	74	85.0575
MOL.20242	0.31736	0.96898	161	0	0.0000
MOL.20244	0.31693	0.85911	268	215	80.2239
MOL.20248	0.35326	0.90369	90	0	0.0000
MOL.20254	0.30645	0.99535	305	0	0.0000
MOL.20259	0.31435	0.94604	49	0	0.0000
MOL.20261	0.35235	0.75790	39	36	92.3077
MOL.20262	0.31987	0.73574	48	35	72.9167
MOL.20263	0.34778	0.90067	185	0	0.0000
MOL.20270	0.34493	0.99919	412	23	5.5825
MOL.20277	0.33755	0.95803	819	0	0.0000
MOL.20281	0.33270	0.88927	111	93	83.7838
MOL.20286	0.33549	0.82828	30	12	40.0000
MOL.20289	0.31880	0.82145	221	154	69.6833
MOL.20290	0.33931	0.96736	102	65	63.7255
MOL.20292	0.33305	0.97040	513	0	0.0000
MOL.20294	0.32666	1.02754	1159	0	0.0000
MOL.20295	0.32183	0.92892	632	76	12.0253
MOL.20296	0.34833	1.04718	285	272	95.4386
MOL.20297	0.29733	0.82456	31	31	100.0000
MOL.20298	0.33924	0.89893	501	471	94.0120
MOL.20299	0.35361	0.66556	97	91	93.8144
MOL.20300	0.34074	0.93329	37	34	91.8919
MOL.20302	0.33574	0.95302	29	26	89.6552
MOL.20309	0.34349	0.69199	95	54	56.8421
MOL.20312	0.31702	0.99318	533	3	0.5629
MOL.20320	0.32561	1.19074	3805	0	0.0000
MOL.20323	0.33209	1.05590	310	15	4.8387
MOL.20325	0.35504	0.91743	67	37	55.2239
MOL.20326	0.31010	0.94167	29	25	86.2069
MOL.20327	0.33821	0.82057	105	91	86.6667
MOL.20329	0.34820	0.86327	541	0	0.0000
MOL.20330	0.30888	0.94099	38	31	81.5789
MOL.20332	0.31451	0.65489	32	22	68.7500
MOL.20333	0.29655	0.93563	22	22	100.0000
MOL.20338	0.35892	1.01707	182	0	0.0000
MOL.20339	0.35199	1.07433	611	0	0.0000
MOL.20340	0.37093	1.06868	43	0	0.0000
MOL.20344	0.32794	0.94377	103	1	0.9709
MOL.20345	0.36455	1.14884	48	0	0.0000
MOL.20348	0.32857	1.01066	328	0	0.0000
MOL.20350	0.32194	0.98045	172	0	0.0000
MOL.20351	0.32397	1.01665	652	0	0.0000
MOL.20354	0.33432	0.83842	237	0	0.0000
MOL.20356	0.34565	0.71758	45	0	0.0000
MOL.20360	0.37342	1.20227	33	22	66.6667
MOL.20361	0.34032	0.86706	264	223	84.4697
MOL.20363	0.33333	0.98128	115	87	75.6522
MOL.20364	0.29704	1.00912	46	44	95.6522
MOL.20367	0.33542	0.81259	140	130	92.8571
MOL.20376	0.33541	0.85596	143	122	85.3147
MOL.20383	0.41667	1.03739	35	0	0.0000
MOL.20384	0.33011	0.73814	49	45	91.8367
MOL.20392	0.35129	0.76196	109	98	89.9083
MOL.20395	0.34979	0.89395	1176	241	20.4932
MOL.20404	0.36060	0.77548	107	0	0.0000
MOL.20406	0.34758	0.89747	301	0	0.0000
MOL.20407	0.33720	0.88713	374	0	0.0000
MOL.20424	0.36319	0.88671	28	0	0.0000
MOL.20425	0.40176	0.97769	434	0	0.0000
MOL.20428	0.31677	1.27974	46	0	0.0000
MOL.20430	0.34209	0.84481	152	125	82.2368
MOL.20431	0.32798	0.81889	134	123	91.7910
MOL.20432	0.49095	1.39278	37	0	0.0000
MOL.20440	0.34446	0.84665	171	170	99.4152
MOL.20448	0.30427	0.82802	70	65	92.8571
MOL.20449	0.34359	0.82371	198	184	92.9293
MOL.20452	0.34514	0.91770	593	54	9.1062
MOL.20459	0.33673	0.85554	32	32	100.0000
MOL.20460	0.33744	0.78839	50	44	88.0000
MOL.20461	0.30191	0.87698	28	14	50.0000
MOL.20462	0.31907	0.63509	78	56	71.7949
MOL.20468	0.44304	0.87066	65	0	0.0000
MOL.20474	0.32659	0.99804	119	92	77.3109
MOL.20475	0.31107	0.85441	37	0	0.0000
MOL.20476	0.34074	0.88104	1047	1003	95.7975
MOL.20482	0.32287	0.75631	56	37	66.0714
MOL.20484	0.34960	0.91777	357	109	30.5322
MOL.20487	0.31472	0.77965	27	24	88.8889
MOL.20488	0.34951	0.76401	72	68	94.4444
MOL.20493	0.32559	0.95810	97	87	89.6907
MOL.20495	0.35124	0.85899	598	509	85.1171
MOL.20496	0.33865	0.70572	72	66	91.6667
MOL.20499	0.34761	0.71870	42	39	92.8571
MOL.20512	0.33327	0.77647	36	34	94.4444
MOL.20513	0.28235	0.76783	24	22	91.6667
MOL.20514	0.31843	0.78380	103	97	94.1748
MOL.20515	0.29934	0.89393	408	0	0.0000
MOL.20517	0.31268	0.92254	77	0	0.0000
MOL.20522	0.35477	0.68833	134	127	94.7761
MOL.20524	0.33258	0.92073	2903	473	16.2935
MOL.20532	0.40270	1.23089	73	0	0.0000
MOL.20536	0.31375	0.72695	29	0	0.0000
MOL.20538	0.31803	0.98840	198	0	0.0000
MOL.20539	0.33398	0.75717	318	283	88.9937
MOL.20541	0.35713	1.22524	307	0	0.0000
MOL.20544	0.32684	0.74468	316	222	70.2532
MOL.20545	0.33136	0.87020	439	174	39.6355
MOL.20546	0.33528	0.89910	186	149	80.1075
MOL.20549	0.29927	1.23722	60	59	98.3333
MOL.20553	0.39463	1.11447	21	0	0.0000
MOL.20564	0.27936	0.96718	36	0	0.0000
MOL.20568	0.33611	0.88901	90	0	0.0000
MOL.20570	0.33361	1.04738	206	0	0.0000
MOL.20571	0.32444	0.86126	32	31	96.8750
MOL.20572	0.33548	0.82088	123	118	95.9350
MOL.20573	0.38718	0.67148	27	26	96.2963
MOL.20574	0.30507	0.69109	310	286	92.2581
MOL.20582	0.33851	0.80099	505	366	72.4752
MOL.20584	0.34845	0.82476	93	76	81.7204
MOL.20587	0.32105	0.85842	447	0	0.0000
MOL.20594	0.33890	0.99253	198	0	0.0000
MOL.20599	0.33910	0.92854	678	54	7.9646
MOL.20601	0.43286	1.07227	68	0	0.0000
MOL.20602	0.36757	0.85949	29	29	100.0000
MOL.20607	0.34009	0.98878	276	0	0.0000
MOL.20611	0.31625	0.98862	75	0	0.0000
MOL.20613	0.32950	1.68716	38	0	0.0000
MOL.20616	0.30827	0.86589	38	32	84.2105
MOL.20620	0.33006	0.72205	98	59	60.2041
MOL.20622	0.31170	0.91667	180	173	96.1111
MOL.20627	0.34323	0.71148	100	59	59.0000
MOL.20628	0.34392	0.84307	247	243	98.3806
MOL.20630	0.32686	0.78673	69	50	72.4638
MOL.20632	0.32327	1.06127	188	0	0.0000
MOL.20633	0.32879	0.95411	218	0	0.0000
MOL.20634	0.34699	0.87984	629	0	0.0000
MOL.20641	0.32386	0.83887	364	346	95.0549
MOL.20645	0.32822	0.76970	47	42	89.3617
MOL.20646	0.32228	0.69451	55	36	65.4545
MOL.20648	0.34919	0.68072	41	35	85.3659
MOL.20653	0.32258	0.77225	46	34	73.9130
MOL.20657	0.34623	0.77739	55	0	0.0000
MOL.20659	0.33182	0.82483	78	0	0.0000
MOL.20660	0.51994	0.90173	87	0	0.0000
MOL.20669	0.35393	0.83665	37	0	0.0000
MOL.20670	0.42402	1.33101	83	0	0.0000
MOL.20672	0.62075	0.86030	446	0	0.0000
MOL.20673	0.36969	1.15359	27	0	0.0000
MOL.20675	0.37377	1.17829	71	0	0.0000
MOL.20686	0.33730	0.78149	376	328	87.2340
MOL.20694	0.33025	0.90902	72	0	0.0000
MOL.20695	0.33731	0.96109	490	293	59.7959
MOL.20698	0.32477	0.90759	400	0	0.0000
MOL.20700	0.31955	0.90466	189	172	91.0053
MOL.20707	0.33914	0.71958	36	25	69.4444
MOL.20710	0.33234	0.75699	155	132	85.1613
MOL.20717	0.32478	1.02231	21	20	95.2381
MOL.20718	0.32100	0.78432	74	72	97.2973
MOL.20720	0.32325	0.63931	60	40	66.6667
MOL.20722	0.32839	0.90357	388	0	0.0000
MOL.20723	0.33387	0.85534	398	257	64.5729
MOL.20725	0.34422	0.82892	199	169	84.9246
MOL.20727	0.31925	0.98477	1404	1	0.0712
MOL.20728	0.29365	0.70762	56	33	58.9286
MOL.20730	0.30758	0.63216	82	57	69.5122
MOL.20732	0.33632	0.69083	20	18	90.0000
MOL.20740	0.32466	0.68005	90	72	80.0000
MOL.20744	0.27434	0.78806	39	24	61.5385
MOL.20746	0.33613	0.96764	859	61	7.1013
MOL.20750	0.33247	0.95926	844	0	0.0000
MOL.20752	0.33053	0.95312	979	0	0.0000
MOL.20757	0.32432	0.93273	988	0	0.0000
MOL.20760	0.31644	0.94649	140	0	0.0000
MOL.20763	0.31905	0.85715	74	50	67.5676
MOL.20766	0.29170	0.68505	29	25	86.2069
MOL.20767	0.32477	0.93168	219	0	0.0000
MOL.20769	0.30457	0.61043	152	83	54.6053
MOL.20771	0.32674	0.95107	690	0	0.0000
MOL.20774	0.34734	0.70940	178	163	91.5730
MOL.20776	0.33975	0.72508	58	54	93.1034
MOL.20777	0.37052	1.71130	42	37	88.0952
MOL.20780	0.29087	0.84575	82	78	95.1220
MOL.20781	0.27318	1.07300	36	33	91.6667
MOL.20782	0.27730	0.91918	35	33	94.2857
MOL.20784	0.33362	0.97155	230	17	7.3913
MOL.20787	0.31482	0.75684	216	181	83.7963
MOL.20791	0.32145	0.97416	1605	0	0.0000
MOL.20799	0.39824	1.10588	128	0	0.0000
MOL.20803	0.33734	0.66862	84	78	92.8571
MOL.20806	0.31452	0.63637	46	35	76.0870
MOL.20812	0.33279	0.95417	1062	53	4.9906
MOL.20816	0.24436	0.74804	29	19	65.5172
MOL.20817	0.32718	0.94048	730	27	3.6986
MOL.20819	0.32450	0.98234	1337	0	0.0000
MOL.20826	0.33175	0.80613	54	31	57.4074
MOL.20830	0.45377	1.24355	163	0	0.0000
MOL.20831	0.33900	0.94090	241	0	0.0000
MOL.20833	0.30876	0.59826	40	28	70.0000
MOL.20839	0.28855	1.08528	42	40	95.2381
MOL.20842	0.33768	0.78335	507	477	94.0828
MOL.20844	0.31127	0.87686	174	153	87.9310
MOL.20845	0.34654	0.97217	73	0	0.0000
MOL.20849	0.37434	0.68645	22	0	0.0000
MOL.20850	0.32553	0.89590	39	0	0.0000
MOL.20851	0.32929	0.96633	28	0	0.0000
MOL.20854	0.33231	0.89798	368	0	0.0000
MOL.20855	0.29937	0.77078	30	0	0.0000
MOL.20860	0.31476	0.91802	160	0	0.0000
MOL.20863	0.31978	1.44350	95	0	0.0000
MOL.20868	0.32889	0.70465	35	28	80.0000
MOL.20869	0.35805	1.29304	58	0	0.0000
MOL.20874	0.33331	0.94720	542	0	0.0000
MOL.20880	0.36612	0.84079	27	27	100.0000
MOL.20881	0.38400	0.80696	22	20	90.9091
MOL.20884	0.33956	0.74969	660	493	74.6970
MOL.20892	0.35380	0.66404	265	252	95.0943
MOL.20894	0.33541	0.84794	235	0	0.0000
MOL.20896	0.33577	0.84773	451	408	90.4656
MOL.20900	0.32594	0.97257	256	0	0.0000
MOL.20907	0.31831	0.98085	110	0	0.0000
MOL.20911	0.32317	0.95555	654	0	0.0000
MOL.20916	0.34762	1.01010	97	72	74.2268
MOL.20920	0.32043	0.69056	38	21	55.2632
MOL.20925	0.30892	0.77304	61	31	50.8197
MOL.20926	0.35043	0.79582	95	85	89.4737
MOL.20927	0.36020	0.73619	116	88	75.8621
MOL.20928	0.37059	0.66690	155	131	84.5161
MOL.20930	0.37155	0.64666	74	40	54.0541
MOL.20934	0.51166	1.05421	147	103	70.0680
MOL.20935	0.34206	0.77150	21	21	100.0000
MOL.20952	0.35194	0.80530	249	109	43.7751
MOL.20953	0.28415	1.16226	73	71	97.2603
MOL.20955	0.28062	0.89100	26	5	19.2308
MOL.20956	0.33446	0.75793	36	32	88.8889
MOL.20958	0.33394	0.86020	389	300	77.1208
MOL.20961	0.34291	0.58938	33	26	78.7879
MOL.20963	0.33201	0.82043	90	0	0.0000
MOL.20966	0.32259	0.93113	59	0	0.0000
MOL.20969	0.33203	0.99204	26	0	0.0000
MOL.20970	0.38008	1.05053	38	0	0.0000
MOL.20971	0.33463	0.90240	109	0	0.0000
MOL.20974	0.33053	0.95714	2446	0	0.0000
MOL.20975	0.32072	0.96406	387	0	0.0000
MOL.20979	0.32185	1.20300	98	97	98.9796
MOL.20981	0.36273	0.89949	59	58	98.3051
MOL.20982	0.30548	0.64735	41	38	92.6829
MOL.20983	0.32767	0.71592	95	82	86.3158
MOL.20984	0.29225	0.91259	123	116	94.3089
MOL.20985	0.32702	0.83633	242	205	84.7107
MOL.20988	0.33517	0.95514	782	0	0.0000
MOL.20993	0.59532	1.10730	58	0	0.0000
MOL.20995	0.31422	0.56008	49	0	0.0000
MOL.20997	0.37171	0.92478	109	0	0.0000
MOL.20998	0.37387	0.97345	170	0	0.0000
MOL.21005	0.33802	0.87025	46	42	91.3043
MOL.21008	0.33706	0.62221	24	23	95.8333
MOL.21009	0.35581	0.79821	59	59	100.0000
MOL.21010	0.31475	0.72664	25	23	92.0000
MOL.21011	0.31562	0.71149	120	101	84.1667
MOL.21020	0.37708	0.93682	20	0	0.0000
MOL.21023	0.34997	0.97440	253	0	0.0000
MOL.21025	0.38877	1.20861	183	2	1.0929
MOL.21027	0.41017	0.90374	42	0	0.0000
MOL.21030	0.32963	0.81607	358	0	0.0000
MOL.21034	0.32727	0.85370	63	0	0.0000
MOL.21046	0.35274	0.93276	360	0	0.0000
MOL.21068	0.32488	0.86954	383	0	0.0000
MOL.21073	0.31492	0.93303	135	0	0.0000
MOL.21074	0.30250	0.73685	26	21	80.7692
MOL.21075	0.32317	0.59088	120	89	74.1667
MOL.21077	0.33997	0.80559	68	66	97.0588
MOL.21081	0.33252	0.92402	551	0	0.0000
MOL.21083	0.32951	0.90195	1043	242	23.2023
MOL.21085	0.30601	1.08021	20	15	75.0000
MOL.21088	0.27895	0.81657	89	75	84.2697
MOL.21089	0.32773	0.87412	34	28	82.3529
MOL.21095	0.31009	0.82161	197	184	93.4010
MOL.21097	0.33432	0.81967	199	183	91.9598
MOL.21099	0.32750	0.80598	25	22	88.0000
MOL.21100	0.32663	0.89775	207	130	62.8019
MOL.21101	0.36222	0.79057	424	354	83.4906
MOL.21111	0.36187	1.03260	1062	12	1.1299
MOL.21112	0.50752	0.76087	63	55	87.3016
MOL.21113	0.40490	0.94385	104	40	38.4615
MOL.21116	0.32543	0.75242	300	182	60.6667
MOL.21123	0.32788	1.01170	306	0	0.0000
MOL.21125	0.33118	0.85025	31	0	0.0000
MOL.21126	0.33632	0.77925	167	151	90.4192
MOL.21129	0.34939	1.00784	109	0	0.0000
MOL.21130	0.32914	1.02385	175	112	64.0000
MOL.21136	0.32266	0.88140	231	0	0.0000
MOL.21138	0.34351	0.82227	56	0	0.0000
MOL.21139	0.31455	0.70797	42	0	0.0000
MOL.21140	0.34868	0.82224	459	426	92.8105
MOL.21148	0.34831	1.28774	86	0	0.0000
MOL.21150	0.32483	0.95647	915	0	0.0000
MOL.21155	0.33226	0.90685	999	0	0.0000
MOL.21158	0.37126	0.38770	29	28	96.5517
MOL.21159	0.29943	1.28100	35	35	100.0000
MOL.21160	0.38067	0.92240	28	28	100.0000
MOL.21180	0.33035	0.96081	1255	0	0.0000
MOL.21182	0.32549	0.95563	786	0	0.0000
MOL.21183	0.33310	0.95432	981	0	0.0000
MOL.21186	0.31845	0.90769	43	0	0.0000
MOL.21187	0.32363	0.73639	86	0	0.0000
MOL.21195	0.32593	1.00020	1505	1	0.0664
MOL.21196	0.30908	0.94018	257	0	0.0000
MOL.21203	0.35344	0.95187	72	0	0.0000
MOL.21205	0.31940	0.92951	454	95	20.9251
MOL.21210	0.28949	0.76071	41	36	87.8049
MOL.21211	0.33592	0.83446	251	197	78.4861
MOL.21215	0.35297	0.83377	125	114	91.2000
MOL.21216	0.31861	0.95649	59	57	96.6102
MOL.21218	0.32485	0.90761	771	23	2.9831
MOL.21221	0.38008	1.08777	54	0	0.0000
MOL.21224	0.37188	0.96045	448	374	83.4821
MOL.21227	0.31437	0.82326	268	152	56.7164
MOL.21229	0.34937	0.78744	93	88	94.6237
MOL.21230	0.31224	0.78119	359	202	56.2674
MOL.21232	0.33135	0.97520	227	0	0.0000
MOL.21236	0.35040	0.66736	28	0	0.0000
MOL.21237	0.29012	0.90449	37	0	0.0000
MOL.21241	0.37775	0.96813	78	63	80.7692
MOL.21242	0.34684	0.91209	223	204	91.4798
MOL.21244	0.32046	1.08958	34	27	79.4118
MOL.21246	0.33607	0.92376	72	62	86.1111
MOL.21252	0.33237	0.94700	164	0	0.0000
MOL.21256	0.32960	1.68556	20	0	0.0000
MOL.21259	0.32581	0.92033	272	247	90.8088
MOL.21260	0.33801	0.89939	175	0	0.0000
MOL.21269	0.48633	1.16152	35	0	0.0000
MOL.21270	0.32056	0.89158	191	0	0.0000
MOL.21271	0.32797	0.73544	122	0	0.0000
MOL.21274	0.36454	0.81608	201	142	70.6468
MOL.21276	0.34109	0.89239	690	97	14.0580
MOL.21278	0.31765	0.89025	65	45	69.2308
MOL.21280	0.33515	0.82928	113	97	85.8407
MOL.21289	0.34459	0.85455	348	335	96.2644
MOL.21291	0.26679	0.90143	72	64	88.8889
MOL.21292	0.32684	0.68904	148	127	85.8108
MOL.21293	0.29821	0.75364	41	29	70.7317
MOL.21294	0.33416	0.98826	1206	25	2.0730
MOL.21299	0.33685	0.78258	22	22	100.0000
MOL.21303	0.33561	0.94485	341	42	12.3167
MOL.21304	0.30936	0.80856	295	108	36.6102
MOL.21307	0.31752	0.83191	39	35	89.7436
MOL.21309	0.31936	0.63775	31	27	87.0968
MOL.21310	0.35133	0.87544	164	162	98.7805
MOL.21311	0.32690	0.95761	90	83	92.2222
MOL.21313	0.33311	0.83518	137	91	66.4234
MOL.21315	0.33211	0.86879	146	68	46.5753
MOL.21318	0.32960	0.71882	211	202	95.7346
MOL.21319	0.33502	0.79455	28	28	100.0000
MOL.21320	0.33894	0.91624	73	72	98.6301
MOL.21321	0.32400	0.76142	346	317	91.6185
MOL.21325	0.38748	0.72632	155	139	89.6774
MOL.21327	0.34074	0.82777	523	489	93.4990
MOL.21329	0.31518	0.77948	852	763	89.5540
MOL.21333	0.30539	1.00327	82	0	0.0000
MOL.21340	0.28969	0.79195	48	45	93.7500
MOL.21342	0.31732	0.78695	477	400	83.8574
MOL.21344	0.34087	0.81987	197	194	98.4772
MOL.21350	0.32319	0.97687	1837	1	0.0544
MOL.21354	0.34710	0.79793	768	734	95.5729
MOL.21356	0.32294	0.94790	80	0	0.0000
MOL.21359	0.32685	0.95354	887	0	0.0000
MOL.21360	0.33430	0.69859	64	52	81.2500
MOL.21366	0.34345	0.83679	311	234	75.2412
MOL.21367	0.33278	1.01710	1234	0	0.0000
MOL.21374	0.31215	0.98779	212	0	0.0000
MOL.21375	0.32244	0.84589	129	0	0.0000
MOL.21378	0.32130	0.93696	319	0	0.0000
MOL.21379	0.27458	1.10419	85	0	0.0000
MOL.21380	0.33206	0.86425	707	0	0.0000
MOL.21383	0.32549	1.08132	54	0	0.0000
MOL.21388	0.36060	0.88476	110	0	0.0000
MOL.21392	0.33101	1.03426	26	0	0.0000
MOL.21393	0.30658	1.06634	281	0	0.0000
MOL.21399	0.29439	0.96444	53	45	84.9057
MOL.21400	0.30582	0.79097	114	90	78.9474
MOL.21401	0.31622	0.71275	128	92	71.8750
MOL.21402	0.33723	0.61726	151	104	68.8742
MOL.21404	0.33180	0.82947	194	161	82.9897
MOL.21407	0.34640	0.94535	245	40	16.3265
MOL.21411	0.27840	0.70085	50	44	88.0000
MOL.21412	0.33418	0.95953	607	102	16.8040
MOL.21415	0.32674	0.87347	259	255	98.4556
MOL.21422	0.34622	0.84266	71	61	85.9155
MOL.21424	0.33322	0.95921	32	20	62.5000
MOL.21425	0.33875	0.81119	170	163	95.8824
MOL.21428	0.32272	0.58712	36	25	69.4444
MOL.21429	0.45910	0.60863	205	174	84.8780
MOL.21430	0.32081	0.72689	79	68	86.0759
MOL.21442	0.32904	1.01974	3433	0	0.0000
MOL.21447	0.31140	0.89623	24	24	100.0000
MOL.21451	0.31914	0.99357	66	0	0.0000
MOL.21453	0.35115	0.78967	183	168	91.8033
MOL.21454	0.33102	0.79207	51	50	98.0392
MOL.21456	0.30769	0.81855	23	23	100.0000
MOL.21457	0.33894	0.56952	36	34	94.4444
MOL.21458	0.33426	1.02234	2175	54	2.4828
MOL.21460	0.33370	1.08654	1653	0	0.0000
MOL.21462	0.42705	1.48342	70	0	0.0000
MOL.21463	0.33579	1.06492	952	0	0.0000
MOL.21464	0.32546	0.86393	292	224	76.7123
MOL.21465	0.26813	0.65797	29	2	6.8966
MOL.21466	0.31133	0.90560	127	112	88.1890
MOL.21469	0.32545	1.03332	1689	0	0.0000
MOL.21478	0.28976	0.80750	53	51	96.2264
MOL.21484	0.36303	0.63215	148	120	81.0811
MOL.21494	0.32528	1.28456	52	35	67.3077
MOL.21495	0.30231	0.71986	94	69	73.4043
MOL.21503	0.32736	0.69693	26	23	88.4615
MOL.21504	0.32992	0.88070	261	232	88.8889
MOL.21506	0.35217	0.82223	760	1	0.1316
MOL.21515	0.32421	0.97812	2449	1	0.0408
MOL.21521	0.26914	0.88493	61	0	0.0000
MOL.21522	0.41860	1.04941	26	0	0.0000
MOL.21523	0.43619	1.10513	22	0	0.0000
MOL.21534	0.31506	0.78522	60	45	75.0000
MOL.21539	0.32537	0.67966	30	29	96.6667
MOL.21547	0.35553	0.79130	423	382	90.3073
MOL.21553	0.32114	0.83130	60	57	95.0000
MOL.21554	0.31073	0.71116	29	12	41.3793
MOL.21555	0.28917	0.86772	63	61	96.8254
MOL.21556	0.31074	1.00731	20	14	70.0000
MOL.21558	0.31269	0.93353	90	68	75.5556
MOL.21559	0.34572	0.84960	178	173	97.1910
MOL.21561	0.33062	0.77721	36	36	100.0000
MOL.21562	0.33049	0.88627	32	0	0.0000
MOL.21568	0.33885	0.76091	313	265	84.6645
MOL.21569	0.30430	0.56829	51	50	98.0392
MOL.21571	0.32654	1.12384	62	59	95.1613
MOL.21572	0.33605	0.81395	131	127	96.9466
MOL.21573	0.26637	0.70677	31	28	90.3226
MOL.21574	0.33728	0.98468	1281	369	28.8056
MOL.21584	0.32002	0.97153	1630	21	1.2883
MOL.21594	0.35305	0.91508	99	86	86.8687
MOL.21595	0.33625	0.99342	219	60	27.3973
MOL.21597	0.31378	0.60267	101	51	50.4950
MOL.21598	0.34201	0.79704	67	34	50.7463
MOL.21599	0.34856	0.79927	317	308	97.1609
MOL.21602	0.29724	0.67801	29	27	93.1034
MOL.21608	0.33761	0.62251	30	26	86.6667
MOL.21612	0.33838	0.72395	273	271	99.2674
MOL.21615	0.28667	0.35024	27	23	85.1852
MOL.21616	0.29920	0.86464	42	42	100.0000
MOL.21620	0.34542	0.62636	29	28	96.5517
MOL.21625	0.33080	0.80252	109	23	21.1009
MOL.21626	0.33690	0.83659	110	102	92.7273
MOL.21636	0.31852	0.87513	120	86	71.6667
MOL.21639	0.34889	0.94133	937	0	0.0000
MOL.21643	0.38776	0.63550	228	0	0.0000
MOL.21644	0.28776	0.92441	52	52	100.0000
MOL.21645	0.28383	0.86043	42	41	97.6190
MOL.21646	0.34925	1.20619	70	67	95.7143
MOL.21648	0.33892	0.86645	377	102	27.0557
MOL.21649	0.31475	0.75712	37	19	51.3514
MOL.21654	0.32714	1.00606	36	0	0.0000
MOL.21656	0.45632	0.57459	40	0	0.0000
MOL.21660	0.34508	0.84839	24	20	83.3333
MOL.21662	0.32903	0.95609	407	322	79.1155
MOL.21676	0.30698	0.70586	48	43	89.5833
MOL.21677	0.32839	0.96159	91	44	48.3516
MOL.21685	0.39742	0.96817	58	0	0.0000
MOL.21687	0.33222	0.93311	82	0	0.0000
MOL.21688	0.32106	1.02991	711	0	0.0000
MOL.21689	0.31026	1.09127	294	285	96.9388
MOL.21698	0.31138	0.81192	45	40	88.8889
MOL.21699	0.32902	0.83358	83	62	74.6988
MOL.21710	0.31900	0.91341	88	86	97.7273
MOL.21711	0.29770	1.38502	84	83	98.8095
MOL.21716	0.35463	0.86992	209	204	97.6077
MOL.21719	0.32726	1.11823	255	236	92.5490
MOL.21722	0.34888	0.94829	55	39	70.9091
MOL.21729	0.35820	0.74367	334	273	81.7365
MOL.21738	0.35075	0.79998	105	79	75.2381
MOL.21739	0.27703	0.83314	47	32	68.0851
MOL.21744	0.35304	0.86282	858	309	36.0140
MOL.21748	0.35055	0.88963	254	236	92.9134
MOL.21757	0.34960	0.85169	846	795	93.9716
MOL.21758	0.30998	0.88028	49	35	71.4286
MOL.21760	0.29617	0.70816	102	71	69.6078
MOL.21761	0.38109	0.81952	30	15	50.0000
MOL.21763	0.33369	0.98412	176	0	0.0000
MOL.21765	0.33047	0.88236	113	104	92.0354
MOL.21771	0.32560	0.95194	1414	2	0.1414
MOL.21773	0.35505	0.85633	138	96	69.5652
MOL.21776	0.28265	1.19593	49	42	85.7143
MOL.21777	0.42559	0.43237	24	20	83.3333
MOL.21780	0.34508	0.76800	260	224	86.1538
MOL.21781	0.33519	0.78972	94	93	98.9362
MOL.21782	0.36678	0.86227	26	2	7.6923
MOL.21785	0.31448	1.15412	78	75	96.1538
MOL.21788	0.31817	0.92321	41	38	92.6829
MOL.21790	0.34616	0.84320	449	436	97.1047
MOL.21793	0.31782	0.90217	101	74	73.2673
MOL.21794	0.31323	0.84927	31	18	58.0645
MOL.21798	0.34085	0.87120	513	459	89.4737
MOL.21803	0.36947	0.98448	318	308	96.8553
MOL.21806	0.36478	0.85230	125	0	0.0000
MOL.21808	0.34402	0.84374	65	17	26.1538
MOL.21812	0.32665	0.89716	83	72	86.7470
MOL.21816	0.31552	0.90405	32	24	75.0000
MOL.21818	0.36875	0.49267	21	17	80.9524
MOL.21819	0.34634	0.44873	33	28	84.8485
MOL.21820	0.44848	0.87853	30	29	96.6667
MOL.21822	0.34617	0.94913	162	0	0.0000
MOL.21824	0.34410	0.76633	96	76	79.1667
MOL.21825	0.33431	0.76033	93	71	76.3441
MOL.21826	0.35838	1.12926	69	49	71.0145
MOL.21827	0.32448	0.98926	197	171	86.8020
MOL.21830	0.32964	0.78848	50	44	88.0000
MOL.21832	0.37045	0.85774	35	33	94.2857
MOL.21834	0.35446	0.84689	168	153	91.0714
MOL.21836	0.33885	0.94742	245	0	0.0000
MOL.21837	0.34768	0.96025	20	0	0.0000
MOL.21838	0.43122	1.50968	26	0	0.0000
MOL.21852	0.34180	0.86991	197	0	0.0000
MOL.21854	0.33044	0.91357	1195	129	10.7950
MOL.21857	0.33953	0.82323	151	125	82.7815
MOL.21858	0.33129	0.93959	348	237	68.1034
MOL.21861	0.31503	0.82616	158	132	83.5443
MOL.21868	0.30114	0.95777	33	32	96.9697
MOL.21870	0.33872	0.81662	503	480	95.4274
MOL.21871	0.34634	0.63873	44	44	100.0000
MOL.21873	0.32989	0.89178	966	44	4.5549
MOL.21875	0.33073	0.67579	165	137	83.0303
MOL.21876	0.27296	1.11613	38	24	63.1579
MOL.21877	0.34895	0.93296	1071	821	76.6573
MOL.21879	0.29640	1.19845	138	0	0.0000
MOL.21880	0.32178	0.94020	28	19	67.8571
MOL.21883	0.36161	0.59699	264	199	75.3788
MOL.21886	0.38078	1.01974	38	35	92.1053
MOL.21887	0.32233	0.74636	185	152	82.1622
MOL.21889	0.36472	0.54766	231	205	88.7446
MOL.21899	0.32341	0.71149	104	0	0.0000
MOL.21904	0.31270	0.92286	574	0	0.0000
MOL.21906	0.32252	0.95602	729	28	3.8409
MOL.21909	0.47267	0.92782	33	0	0.0000
MOL.21916	0.33145	0.96438	504	0	0.0000
MOL.21920	0.35123	0.83215	278	262	94.2446
MOL.21922	0.35719	0.59762	35	34	97.1429
MOL.21926	0.31722	0.78264	40	34	85.0000
MOL.21928	0.31976	0.69842	55	47	85.4545
MOL.21929	0.32878	0.85718	349	20	5.7307
MOL.21931	0.26660	0.87009	47	38	80.8511
MOL.21933	0.27613	1.14969	65	59	90.7692
MOL.21934	0.33785	0.93500	905	251	27.7348
MOL.21936	0.34807	0.84727	33	31	93.9394
MOL.21938	0.29752	0.80037	22	17	77.2727
MOL.21941	0.34765	1.02187	27	12	44.4444
MOL.21942	0.39116	0.96538	76	0	0.0000
MOL.21943	0.32260	0.90834	256	0	0.0000
MOL.21944	0.34284	0.87451	182	0	0.0000
MOL.21946	0.37742	0.71448	370	335	90.5405
MOL.21947	0.33587	0.67083	41	36	87.8049
MOL.21951	0.34984	0.67571	217	190	87.5576
MOL.21953	0.29587	0.83804	27	23	85.1852
MOL.21957	0.31364	0.74324	35	27	77.1429
MOL.21959	0.33055	0.82998	102	90	88.2353
MOL.21969	0.33056	0.98082	659	0	0.0000
MOL.21971	0.36717	0.90772	95	63	66.3158
MOL.21974	0.41183	1.05712	41	0	0.0000
MOL.21975	0.32445	1.04345	101	0	0.0000
MOL.21976	0.45276	0.71923	20	0	0.0000
MOL.21980	0.31528	1.07484	58	0	0.0000
MOL.21981	0.32229	0.95136	43	0	0.0000
MOL.21982	0.35223	1.28008	178	0	0.0000
MOL.21989	0.51307	1.01557	50	0	0.0000
MOL.21994	0.35979	1.06111	116	99	85.3448
MOL.21997	0.42457	2.16149	29	0	0.0000
MOL.22001	0.36505	1.08065	58	0	0.0000
MOL.22004	0.29164	1.14619	45	32	71.1111
MOL.22012	0.33305	0.97966	48	24	50.0000
MOL.22021	0.35355	0.75918	123	116	94.3089
MOL.22036	0.34568	0.82811	117	110	94.0171
MOL.22040	0.31734	0.83409	31	30	96.7742
MOL.22041	0.34484	0.84211	319	299	93.7304
MOL.22042	0.31828	0.71677	185	160	86.4865
MOL.22044	0.31702	0.91205	92	54	58.6957
MOL.22046	0.32760	0.88915	481	448	93.1393
MOL.22047	0.33770	0.75747	34	34	100.0000
MOL.22048	0.30721	0.88039	30	29	96.6667
MOL.22050	0.29309	0.82673	68	52	76.4706
MOL.22051	0.35461	0.85216	423	0	0.0000
MOL.22054	0.33288	0.91769	119	0	0.0000
MOL.22057	0.38870	0.89413	43	0	0.0000
MOL.22061	0.33952	0.85184	186	80	43.0108
MOL.22067	0.38684	1.14983	48	0	0.0000
MOL.22069	0.42770	1.16055	26	26	100.0000
MOL.22070	0.29124	0.82049	54	41	75.9259
MOL.22071	0.32259	0.86996	91	48	52.7473
MOL.22073	0.34613	0.84915	372	351	94.3548
MOL.22081	0.32311	0.90340	183	0	0.0000
MOL.22084	0.54455	1.14420	59	0	0.0000
MOL.22087	0.36251	0.93785	42	26	61.9048
MOL.22092	0.38694	0.54579	35	26	74.2857
MOL.22098	0.34272	0.85561	35	33	94.2857
MOL.22099	0.31682	0.88840	152	129	84.8684
MOL.22100	0.34530	0.69968	167	153	91.6168
MOL.22101	0.34114	0.79899	173	165	95.3757
MOL.22109	0.33153	0.90561	61	53	86.8852
MOL.22110	0.33146	0.89998	44	39	88.6364
MOL.22112	0.32383	0.78997	37	26	70.2703
MOL.22113	0.34861	1.13572	31	30	96.7742
MOL.22115	0.35680	0.79181	548	476	86.8613
MOL.22122	0.32188	0.96456	2591	0	0.0000
MOL.22128	0.27902	1.11820	29	0	0.0000
MOL.22129	0.33680	1.01544	830	0	0.0000
MOL.22132	0.30426	0.91373	91	90	98.9011
MOL.22137	0.33381	0.88465	28	24	85.7143
MOL.22141	0.33175	0.70628	55	54	98.1818
MOL.22143	0.33723	0.85692	21	0	0.0000
MOL.22144	0.32908	1.06784	61	0	0.0000
MOL.22146	0.32479	0.92602	208	0	0.0000
MOL.22147	0.26433	1.04935	47	0	0.0000
MOL.22149	0.32875	0.90361	126	111	88.0952
MOL.22150	0.31719	0.95419	107	0	0.0000
MOL.22152	0.33721	0.87879	201	0	0.0000
MOL.22156	0.32161	0.99144	378	4	1.0582
MOL.22162	0.31411	1.00995	76	0	0.0000
MOL.22166	0.29591	0.87293	37	35	94.5946
MOL.22168	0.34611	0.84635	354	292	82.4859
MOL.22171	0.29469	0.63906	23	20	86.9565
MOL.22172	0.32532	0.98466	1240	195	15.7258
MOL.22175	0.32594	0.94073	1049	0	0.0000
MOL.22180	0.31795	0.92666	200	0	0.0000
MOL.22181	0.35217	1.11737	63	0	0.0000
MOL.22182	0.36624	0.83825	67	65	97.0149
MOL.22184	0.33525	0.86940	121	44	36.3636
MOL.22188	0.36616	0.94181	49	49	100.0000
MOL.22189	0.41910	1.39137	23	22	95.6522
MOL.22190	0.33394	0.97394	128	127	99.2188
MOL.22193	0.32973	0.74589	88	0	0.0000
MOL.22195	0.29980	0.73153	20	19	95.0000
MOL.22196	0.32382	0.69210	26	25	96.1538
MOL.22197	0.36228	0.66619	58	52	89.6552
MOL.22198	0.33955	0.83415	366	356	97.2678
MOL.22200	0.32238	0.71209	207	180	86.9565
MOL.22201	0.32803	1.04865	1257	281	22.3548
MOL.22205	0.31220	0.79205	168	62	36.9048
MOL.22207	0.30435	0.70620	24	2	8.3333
MOL.22209	0.32626	1.00246	26	0	0.0000
MOL.22218	0.23731	1.99780	51	0	0.0000
MOL.22219	0.34597	1.08574	131	0	0.0000
MOL.22223	0.33382	0.87116	67	0	0.0000
MOL.22224	0.34725	0.97098	35	0	0.0000
MOL.22225	0.32403	1.00358	566	0	0.0000
MOL.22229	0.36751	1.02134	181	122	67.4033
MOL.22232	0.31928	0.75269	97	95	97.9381
MOL.22233	0.33716	0.91174	23	23	100.0000
MOL.22236	0.31917	0.79758	48	43	89.5833
MOL.22239	0.33451	0.88868	576	183	31.7708
MOL.22242	0.31289	0.49568	29	19	65.5172
MOL.22245	0.32317	0.72937	160	130	81.2500
MOL.22256	0.31920	0.96077	148	45	30.4054
MOL.22257	0.32698	0.60344	22	13	59.0909
MOL.22258	0.40901	1.05538	25	13	52.0000
MOL.22259	0.31961	0.57588	45	33	73.3333
MOL.22261	0.41028	0.73989	30	0	0.0000
MOL.22263	0.31985	0.96062	467	0	0.0000
MOL.22272	0.31877	0.93767	85	85	100.0000
MOL.22273	0.27389	0.63019	23	21	91.3043
MOL.22274	0.32215	0.91713	1055	36	3.4123
MOL.22276	0.31596	0.98743	71	0	0.0000
MOL.22277	0.33557	0.78090	115	89	77.3913
MOL.22278	0.31126	1.03548	93	0	0.0000
MOL.22281	0.30427	0.80205	101	86	85.1485
MOL.22283	0.31224	0.74345	283	232	81.9788
MOL.22285	0.32599	0.93692	115	114	99.1304
MOL.22286	0.33165	1.02886	148	146	98.6486
MOL.22287	0.35676	0.61355	154	154	100.0000
MOL.22290	0.32369	1.06208	284	0	0.0000
MOL.22292	0.31970	1.26299	21	20	95.2381
MOL.22293	0.29888	0.90245	120	103	85.8333
MOL.22294	0.32642	0.73089	128	119	92.9688
MOL.22296	0.33312	0.66462	99	84	84.8485
MOL.22298	0.33207	0.90470	526	511	97.1483
MOL.22300	0.33505	0.85626	316	307	97.1519
MOL.22302	0.34461	0.74458	101	0	0.0000
MOL.22303	0.35566	0.72015	34	30	88.2353
MOL.22314	0.31554	0.98179	3150	0	0.0000
MOL.22315	0.29875	0.82972	65	0	0.0000
MOL.22317	0.34768	0.90010	207	143	69.0821
MOL.22319	0.32281	0.98070	60	30	50.0000
MOL.22321	0.34002	0.76388	38	0	0.0000
MOL.22323	0.32579	1.00163	411	0	0.0000
MOL.22326	0.34414	0.72768	89	77	86.5169
MOL.22329	0.34197	1.31631	37	37	100.0000
MOL.22330	0.32951	0.78520	24	23	95.8333
MOL.22331	0.31579	1.03887	54	53	98.1481
MOL.22332	0.35777	0.91697	20	20	100.0000
MOL.22338	0.33816	0.75733	88	86	97.7273
MOL.22339	0.33041	0.91738	93	93	100.0000
MOL.22345	0.36215	0.93219	262	242	92.3664
MOL.22349	0.34329	0.79254	182	151	82.9670
MOL.22352	0.31150	0.62509	51	0	0.0000
MOL.22358	0.35191	0.91263	25	21	84.0000
MOL.22359	0.35512	0.88668	349	294	84.2407
MOL.22361	0.32889	0.79558	215	193	89.7674
MOL.22362	0.33561	0.93020	136	80	58.8235
MOL.22364	0.28551	0.73175	21	20	95.2381
MOL.22365	0.33605	0.71486	88	73	82.9545
MOL.22366	0.31523	0.70951	60	55	91.6667
MOL.22372	0.34926	1.01394	523	216	41.3002
MOL.22374	0.29300	0.87069	128	110	85.9375
MOL.22375	0.32718	0.95518	1166	121	10.3774
MOL.22376	0.31159	1.08540	71	0	0.0000
MOL.22378	0.31454	0.93014	764	163	21.3351
MOL.22381	0.36376	0.83703	94	90	95.7447
MOL.22382	0.33760	0.99501	279	258	92.4731
MOL.22384	0.29581	0.71249	42	39	92.8571
MOL.22386	0.32734	0.96285	673	0	0.0000
MOL.22388	0.30873	0.93047	259	0	0.0000
MOL.22392	0.36652	0.97714	24	0	0.0000
MOL.22394	0.31182	0.95675	23	22	95.6522
MOL.22395	0.35084	0.75033	238	216	90.7563
MOL.22396	0.39515	1.36833	144	0	0.0000
MOL.22398	0.31972	0.88182	219	187	85.3881
MOL.22406	0.33119	0.73814	115	82	71.3043
MOL.22410	0.34271	1.02646	172	0	0.0000
MOL.22413	0.33433	0.88673	207	138	66.6667
MOL.22415	0.31160	1.08117	31	31	100.0000
MOL.22426	0.31721	1.78544	23	0	0.0000
MOL.22430	0.33245	0.79778	361	311	86.1496
MOL.22435	0.33916	0.95331	81	0	0.0000
MOL.22436	0.29639	0.78830	146	0	0.0000
MOL.22439	0.33700	0.76222	76	56	73.6842
MOL.22440	0.35099	1.21219	55	0	0.0000
MOL.22445	0.33064	0.94016	4134	0	0.0000
MOL.22453	0.33155	0.98168	341	0	0.0000
MOL.22456	0.33023	0.76542	173	169	97.6879
MOL.22457	0.32099	0.77957	154	57	37.0130
MOL.22458	0.33547	0.72968	32	23	71.8750
MOL.22465	0.30951	0.79046	66	18	27.2727
MOL.22468	0.31321	0.72207	41	21	51.2195
MOL.22469	0.32835	0.81781	362	46	12.7072
MOL.22472	0.34889	0.62397	88	57	64.7727
MOL.22484	0.32244	0.71622	182	132	72.5275
MOL.22486	0.27789	0.86617	32	27	84.3750
MOL.22494	0.31715	0.79388	126	0	0.0000
MOL.22499	0.33084	0.92253	3885	0	0.0000
MOL.22510	0.36191	0.72382	97	0	0.0000
MOL.22513	0.33341	0.96493	58	43	74.1379
MOL.22514	0.32181	0.85385	317	0	0.0000
MOL.22515	0.32931	0.86550	1166	132	11.3208
MOL.22517	0.44633	0.85437	23	0	0.0000
MOL.22518	0.36720	1.11714	31	14	45.1613
MOL.22521	0.33942	0.60423	98	70	71.4286
MOL.22526	0.32964	0.77069	123	99	80.4878
MOL.22527	0.34253	0.78348	24	21	87.5000
MOL.22534	0.36805	0.95290	495	6	1.2121
MOL.22541	0.33312	0.79476	299	1	0.3344
MOL.22545	0.34719	0.79616	21	0	0.0000
MOL.22549	0.35996	0.75399	65	0	0.0000
MOL.22550	0.29263	0.78200	75	0	0.0000
MOL.22552	0.31883	1.39469	25	0	0.0000
MOL.22553	0.33363	0.93719	998	0	0.0000
MOL.22557	0.32864	0.92465	322	0	0.0000
MOL.22579	0.33637	0.85851	154	49	31.8182
MOL.22583	0.33642	0.83329	573	469	81.8499
MOL.22586	0.39702	0.78848	144	142	98.6111
MOL.22588	0.32074	1.10065	27	26	96.2963
MOL.22589	0.32491	0.99366	2947	6	0.2036
MOL.22605	0.34842	0.89575	54	0	0.0000
MOL.22606	0.33967	0.90388	100	0	0.0000
MOL.22613	0.34128	0.85717	106	94	88.6792
MOL.22614	0.32242	0.74757	218	188	86.2385
MOL.22619	0.32558	0.69895	109	96	88.0734
MOL.22624	0.32984	0.94720	1006	0	0.0000
MOL.22628	0.33679	0.82821	94	92	97.8723
MOL.22630	0.34402	0.90423	866	802	92.6097
MOL.22638	0.33574	0.97090	685	0	0.0000
MOL.22640	0.32972	0.95079	2476	0	0.0000
MOL.22655	0.32787	0.99278	863	0	0.0000
MOL.22656	0.32628	0.99914	561	0	0.0000
MOL.22664	0.31791	0.97461	919	0	0.0000
MOL.22669	0.35111	0.66392	118	92	77.9661
MOL.22672	0.30073	0.64167	121	92	76.0331
MOL.22673	0.33681	0.81847	275	231	84.0000
MOL.22675	0.46236	1.07865	90	0	0.0000
MOL.22676	0.33174	0.74522	91	78	85.7143
MOL.22677	0.31602	1.12683	119	0	0.0000
MOL.22679	0.29606	1.00197	55	26	47.2727
MOL.22680	0.32211	0.63305	53	42	79.2453
MOL.22684	0.35161	0.68941	149	129	86.5772
MOL.22687	0.33910	0.86005	113	92	81.4159
MOL.22688	0.34657	0.95433	147	146	99.3197
MOL.22693	0.32680	0.95554	528	3	0.5682
MOL.22697	0.32871	0.97573	3007	151	5.0216
MOL.22699	0.32285	0.85443	353	337	95.4674
MOL.22700	0.33239	0.86492	59	51	86.4407
MOL.22702	0.32557	0.80868	339	303	89.3805
MOL.22704	0.32576	0.61220	29	28	96.5517
MOL.22712	0.37067	0.68766	102	100	98.0392
MOL.22715	0.32461	1.00264	1151	148	12.8584
MOL.22719	0.36395	1.03040	20	19	95.0000
MOL.22722	0.37922	0.97504	58	55	94.8276
MOL.22724	0.31455	0.74988	130	110	84.6154
MOL.22726	0.33591	0.86045	28	0	0.0000
MOL.22727	0.32948	0.80016	304	262	86.1842
MOL.22729	0.32533	0.79588	42	34	80.9524
MOL.22730	0.31933	0.76508	156	128	82.0513
MOL.22731	0.33599	0.78035	238	223	93.6975
MOL.22732	0.32015	0.77062	46	42	91.3043
MOL.22733	0.35083	1.00037	570	101	17.7193
MOL.22734	0.33559	0.73078	522	473	90.6130
MOL.22737	0.37463	0.67099	59	55	93.2203
MOL.22742	0.31974	0.76820	86	73	84.8837
MOL.22743	0.28919	0.60483	40	36	90.0000
MOL.22745	0.32455	0.83946	82	72	87.8049
MOL.22746	0.34104	0.83050	758	734	96.8338
MOL.22752	0.34102	1.00132	230	0	0.0000
MOL.22760	0.32893	0.86434	222	178	80.1802
MOL.22761	0.32927	0.93990	931	33	3.5446
MOL.22769	0.32553	0.90035	39	34	87.1795
MOL.22772	0.30720	0.94206	28	25	89.2857
MOL.22775	0.33245	0.81942	189	151	79.8942
MOL.22777	0.41227	0.90642	160	136	85.0000
MOL.22778	0.32562	0.67690	24	22	91.6667
MOL.22779	0.29740	0.87785	40	32	80.0000
MOL.22780	0.33705	0.92659	2188	405	18.5101
MOL.22781	0.33624	0.88896	152	141	92.7632
MOL.22782	0.33131	0.81692	23	10	43.4783
MOL.22783	0.34029	0.73501	573	224	39.0925
MOL.22789	0.32786	0.90507	634	198	31.2303
MOL.22792	0.33470	0.97018	513	91	17.7388
MOL.22795	0.34626	0.80523	153	148	96.7320
MOL.22796	0.41300	0.78132	150	134	89.3333
MOL.22797	0.34074	0.82025	533	509	95.4972
MOL.22800	0.32804	0.88578	68	63	92.6471
MOL.22801	0.30834	0.92619	96	90	93.7500
MOL.22805	0.33738	0.71384	49	35	71.4286
MOL.22806	0.32461	0.76104	220	170	77.2727
MOL.22808	0.30665	0.80667	20	16	80.0000
MOL.22809	0.31692	1.18553	26	24	92.3077
MOL.22810	0.34479	1.00475	311	306	98.3923
MOL.22813	0.35001	0.85254	338	329	97.3373
MOL.22817	0.32679	1.07570	156	5	3.2051
MOL.22818	0.32573	0.97200	1152	297	25.7812
MOL.22822	0.33256	0.76298	78	77	98.7179
MOL.22823	0.33492	1.04039	526	0	0.0000
MOL.22826	0.31603	0.69727	53	22	41.5094
MOL.22828	0.31077	0.73918	334	234	70.0599
MOL.22829	0.32283	0.99294	780	0	0.0000
MOL.22833	0.29026	1.33523	21	21	100.0000
MOL.22841	0.32170	1.00820	575	0	0.0000
MOL.22842	0.33118	0.73038	93	80	86.0215
MOL.22843	0.36533	0.99549	25	24	96.0000
MOL.22844	0.32375	0.97157	100	15	15.0000
MOL.22846	0.34371	0.90874	67	52	77.6119
MOL.22866	0.34459	0.97739	411	0	0.0000
MOL.22868	0.31456	0.62019	26	20	76.9231
MOL.22870	0.31832	0.70038	24	0	0.0000
MOL.22871	0.33282	1.11647	184	0	0.0000
MOL.22873	0.32003	0.60132	55	44	80.0000
MOL.22874	0.35292	0.70254	48	29	60.4167
MOL.22875	0.34130	0.78505	29	29	100.0000
MOL.22881	0.33030	0.99488	893	433	48.4882
MOL.22883	0.30388	0.79266	187	104	55.6150
MOL.22889	0.32537	0.97558	1409	16	1.1356
MOL.22892	0.32539	0.98497	201	0	0.0000
MOL.22893	0.31995	0.92737	695	113	16.2590
MOL.22899	0.33324	0.91289	139	81	58.2734
MOL.22900	0.33220	0.90553	81	0	0.0000
MOL.22908	0.35813	0.77094	28	27	96.4286
MOL.22914	0.33006	1.08266	1340	11	0.8209
MOL.22918	0.32847	0.81683	67	0	0.0000
MOL.22919	0.45570	2.14383	35	0	0.0000
MOL.22921	0.33408	1.06978	1054	75	7.1157
MOL.22935	0.32309	0.95015	652	0	0.0000
MOL.22937	0.30515	0.99567	207	0	0.0000
MOL.22938	0.32782	1.06947	1076	0	0.0000
MOL.22941	0.32998	1.06197	721	0	0.0000
MOL.22943	0.31880	0.93993	50	50	100.0000
MOL.22946	0.34155	0.59033	61	60	98.3607
MOL.22948	0.31450	0.87325	269	0	0.0000
MOL.22949	0.32294	1.04124	173	0	0.0000
MOL.22952	0.31187	0.67233	27	12	44.4444
MOL.22955	0.35713	0.83935	159	156	98.1132
MOL.22958	0.44538	0.80603	20	10	50.0000
MOL.22961	0.33249	0.82260	128	111	86.7188
MOL.22963	0.32030	0.78848	200	169	84.5000
MOL.22967	0.32262	0.97606	500	2	0.4000
MOL.22968	0.33228	0.96476	50	0	0.0000
MOL.22971	0.32841	0.95759	1153	0	0.0000
MOL.22977	0.31955	0.76716	89	49	55.0562
MOL.22984	0.32208	0.86817	53	0	0.0000
MOL.22985	0.30989	1.13768	32	0	0.0000
MOL.22986	0.33165	0.83474	846	829	97.9905
MOL.22992	0.29623	0.71951	90	44	48.8889
MOL.22993	0.37717	0.76945	24	16	66.6667
MOL.22996	0.35612	0.87502	652	582	89.2638
MOL.22997	0.30526	0.95832	53	51	96.2264
MOL.22999	0.46437	1.28272	76	0	0.0000
MOL.23000	0.25373	1.64561	21	0	0.0000
MOL.23001	0.26908	1.26236	23	0	0.0000
MOL.23003	0.36742	1.21632	71	0	0.0000
MOL.23004	0.42702	0.87597	44	0	0.0000
MOL.23006	0.30870	0.72423	43	30	69.7674
MOL.23008	0.32721	0.95722	1649	96	5.8217
MOL.23013	0.32841	0.91054	189	186	98.4127
MOL.23017	0.37147	0.69833	56	49	87.5000
MOL.23018	0.32628	0.78561	194	134	69.0722
MOL.23019	0.36453	0.80062	61	53	86.8852
MOL.23022	0.39202	0.69268	28	24	85.7143
MOL.23024	0.50226	0.45254	56	0	0.0000
MOL.23027	0.48665	0.58323	28	0	0.0000
MOL.23028	0.49435	0.62576	31	0	0.0000
MOL.23029	0.38812	0.71917	53	0	0.0000
MOL.23030	0.32518	0.98631	102	70	68.6275
MOL.23031	0.33302	0.84195	124	44	35.4839
MOL.23034	0.34848	0.80000	29	28	96.5517
MOL.23037	0.42828	0.98900	37	33	89.1892
MOL.23040	0.26636	1.64103	27	0	0.0000
MOL.23041	0.28102	1.16407	35	0	0.0000
MOL.23042	0.32443	0.98208	2524	0	0.0000
MOL.23053	0.28755	0.81261	29	23	79.3103
MOL.23055	0.33947	1.00504	1181	0	0.0000
MOL.23056	0.36466	0.72441	234	158	67.5214
MOL.23061	0.32329	0.96311	557	10	1.7953
MOL.23063	0.31008	0.97309	65	52	80.0000
MOL.23070	0.28799	0.97151	40	40	100.0000
MOL.23072	0.29066	1.20255	53	53	100.0000
MOL.23073	0.36634	0.89884	39	38	97.4359
MOL.23074	0.32245	1.07043	57	57	100.0000
MOL.23075	0.30546	1.19017	68	68	100.0000
MOL.23076	0.33519	0.80401	310	299	96.4516
MOL.23077	0.32174	0.75184	282	235	83.3333
MOL.23078	0.33153	0.81726	75	52	69.3333
MOL.23080	0.35597	0.66881	29	24	82.7586
MOL.23084	0.44510	1.10455	37	0	0.0000
MOL.23088	0.34490	1.07557	24	0	0.0000
MOL.23090	0.35551	1.03817	128	0	0.0000
MOL.23095	0.31138	1.27016	43	0	0.0000
MOL.23097	0.33131	0.96275	1645	0	0.0000
MOL.23105	0.35035	0.76784	150	148	98.6667
MOL.23106	0.32940	0.89089	261	0	0.0000
MOL.23116	0.34619	0.64399	22	15	68.1818
MOL.23118	0.30903	0.63445	115	104	90.4348
MOL.23119	0.27332	0.78823	21	17	80.9524
MOL.23121	0.30155	0.90365	149	95	63.7584
MOL.23126	0.28398	0.64580	51	42	82.3529
MOL.23128	0.36328	0.57937	61	55	90.1639
MOL.23135	0.33029	0.77893	48	48	100.0000
MOL.23139	0.34588	1.14636	43	0	0.0000
MOL.23141	0.29951	0.78919	36	16	44.4444
MOL.23144	0.32233	0.77475	295	268	90.8475
MOL.23145	0.36298	0.97175	81	0	0.0000
MOL.23152	0.33639	0.81050	25	14	56.0000
MOL.23153	0.39744	0.79674	50	41	82.0000
MOL.23154	0.50950	1.09992	23	0	0.0000
MOL.23162	0.32663	0.62810	86	73	84.8837
MOL.23163	0.32125	0.73088	26	23	88.4615
MOL.23165	0.35174	0.74871	99	89	89.8990
MOL.23168	0.34837	1.02347	95	45	47.3684
MOL.23176	0.29412	0.96394	27	27	100.0000
MOL.23178	0.34116	0.93348	699	83	11.8741
MOL.23180	0.32391	0.74624	215	115	53.4884
MOL.23188	0.35642	0.65535	91	0	0.0000
MOL.23190	0.33659	0.92701	62	0	0.0000
MOL.23195	0.33855	0.70994	24	21	87.5000
MOL.23203	0.36064	0.63087	24	0	0.0000
MOL.23204	0.38298	0.68408	20	0	0.0000
MOL.23211	0.33076	1.00726	61	0	0.0000
MOL.23214	0.34438	0.83820	398	312	78.3920
MOL.23218	0.37994	1.03943	66	63	95.4545
MOL.23219	0.28022	0.67590	24	9	37.5000
MOL.23220	0.35475	0.66821	30	6	20.0000
MOL.23222	0.37014	1.26224	98	0	0.0000
MOL.23224	0.32783	0.86493	94	0	0.0000
MOL.23232	0.32343	0.95084	230	24	10.4348
MOL.23236	0.37400	1.13533	177	169	95.4802
MOL.23240	0.35144	0.72329	364	348	95.6044
MOL.23242	0.33903	0.95410	40	4	10.0000
MOL.23244	0.31372	0.92659	162	143	88.2716
MOL.23248	0.32929	0.89305	345	317	91.8841
MOL.23252	0.36397	0.86931	132	98	74.2424
MOL.23260	0.31521	0.99599	158	2	1.2658
MOL.23268	0.33278	1.06420	110	0	0.0000
MOL.23270	0.34541	0.77222	360	0	0.0000
MOL.23272	0.32955	0.89729	274	0	0.0000
MOL.23275	0.33763	0.91613	113	87	76.9912
MOL.23285	0.33910	0.79940	123	106	86.1789
MOL.23288	0.34677	0.92024	34	25	73.5294
MOL.23290	0.33912	0.64408	36	35	97.2222
MOL.23291	0.37003	0.93515	346	327	94.5087
MOL.23299	0.37625	0.72632	67	61	91.0448
MOL.23300	0.30382	1.09205	35	0	0.0000
MOL.23301	0.26763	0.63204	22	1	4.5455
MOL.23303	0.34157	1.21762	20	7	35.0000
MOL.23306	0.31469	0.86162	100	49	49.0000
MOL.23307	0.32565	0.68947	88	70	79.5455
MOL.23324	0.34741	0.91159	123	79	64.2276
MOL.23325	0.33538	1.10964	156	147	94.2308
MOL.23326	0.34490	0.83433	22	17	77.2727
MOL.23327	0.33020	0.89280	33	27	81.8182
MOL.23329	0.33314	0.67388	69	60	86.9565
MOL.23330	0.31832	0.88798	76	58	76.3158
MOL.23334	0.33824	1.00928	208	0	0.0000
MOL.23338	0.35185	0.66457	84	50	59.5238
MOL.23339	0.30893	0.95844	69	57	82.6087
MOL.23341	0.35665	0.88640	142	98	69.0141
MOL.23345	0.35093	0.72582	212	134	63.2075
MOL.23346	0.30064	0.86284	44	33	75.0000
MOL.23347	0.38091	0.29473	42	26	61.9048
MOL.23348	0.33994	0.90359	98	67	68.3673
MOL.23350	0.35600	0.84444	136	46	33.8235
MOL.23351	0.37052	0.73344	39	32	82.0513
MOL.23352	0.34106	0.88851	70	49	70.0000
MOL.23353	0.33792	0.76649	189	152	80.4233
MOL.23358	0.40814	1.08486	55	19	34.5455
MOL.23363	0.32607	0.84926	23	6	26.0870
MOL.23364	0.33914	0.90703	477	380	79.6646
MOL.23366	0.33603	0.86063	30	28	93.3333
MOL.23367	0.36018	0.65859	51	44	86.2745
MOL.23368	0.32168	0.95283	90	62	68.8889
MOL.23369	0.34373	0.98844	163	119	73.0061
MOL.23370	0.32805	1.12014	724	0	0.0000
MOL.23373	0.34787	1.05793	86	0	0.0000
MOL.23380	0.34136	0.82680	76	62	81.5789
MOL.23381	0.35013	0.81954	320	301	94.0625
MOL.23382	0.37995	0.82517	383	346	90.3394
MOL.23384	0.31056	0.84423	71	67	94.3662
MOL.23388	0.33839	0.83908	164	151	92.0732
MOL.23389	0.33582	0.85940	42	31	73.8095
MOL.23396	0.32155	0.96427	1447	19	1.3131
MOL.23400	0.33394	0.93981	69	60	86.9565
MOL.23401	0.32288	0.77726	72	58	80.5556
MOL.23402	0.33400	0.66660	99	46	46.4646
MOL.23408	0.34909	1.17502	43	30	69.7674
MOL.23409	0.42466	0.84609	40	34	85.0000
MOL.23412	0.38349	0.89993	104	85	81.7308
MOL.23418	0.28395	0.67829	33	16	48.4848
MOL.23428	0.30217	0.65534	40	37	92.5000
MOL.23429	0.34866	0.93600	619	589	95.1535
MOL.23432	0.29015	0.98503	71	65	91.5493
MOL.23433	0.35210	0.90517	191	167	87.4346
MOL.23444	0.31884	0.86550	96	68	70.8333
MOL.23446	0.35005	0.85793	120	105	87.5000
MOL.23447	0.32023	0.95853	443	271	61.1738
MOL.23449	0.36442	0.89420	495	450	90.9091
MOL.23452	0.34411	1.01061	374	0	0.0000
MOL.23453	0.34810	0.83649	249	198	79.5181
MOL.23455	0.35028	0.75173	186	177	95.1613
MOL.23457	0.31451	0.82753	42	39	92.8571
MOL.23463	0.33143	1.01436	361	326	90.3047
MOL.23470	0.35996	0.92546	119	0	0.0000
MOL.23475	0.33522	0.63874	41	39	95.1220
MOL.23476	0.33426	0.58592	30	27	90.0000
MOL.23478	0.34810	0.86130	212	197	92.9245
MOL.23479	0.33048	1.01231	36	28	77.7778
MOL.23484	0.34063	0.77349	42	39	92.8571
MOL.23485	0.34499	1.00468	188	178	94.6809
MOL.23502	0.31917	0.89408	203	127	62.5616
MOL.23509	0.32712	0.97953	161	12	7.4534
MOL.23510	0.33907	0.93836	121	106	87.6033
MOL.23514	0.31467	1.04790	109	105	96.3303
MOL.23515	0.38358	0.78821	545	523	95.9633
MOL.23516	0.38960	0.81972	110	108	98.1818
MOL.23517	0.34456	1.35516	123	120	97.5610
MOL.23519	0.34134	0.96691	2004	205	10.2295
MOL.23522	0.33298	0.82000	30	30	100.0000
MOL.23523	0.33394	0.88514	81	52	64.1975
MOL.23524	0.34664	0.87432	88	74	84.0909
MOL.23528	0.32814	0.96000	244	117	47.9508
MOL.23535	0.32707	0.82773	55	40	72.7273
MOL.23537	0.33417	0.94314	1384	381	27.5289
MOL.23540	0.31755	0.91993	189	0	0.0000
MOL.23548	0.35162	0.83172	190	91	47.8947
MOL.23555	0.34198	0.81261	28	24	85.7143
MOL.23557	0.37040	0.82735	67	45	67.1642
MOL.23560	0.36249	0.79420	1239	1131	91.2833
MOL.23566	0.33973	1.03271	41	0	0.0000
MOL.23569	0.34088	0.52515	255	236	92.5490
MOL.23570	0.32181	0.86065	852	801	94.0141
MOL.23572	0.35142	0.87503	378	356	94.1799
MOL.23574	0.32244	0.86154	378	328	86.7725
MOL.23576	0.34871	0.82271	124	121	97.5806
MOL.23584	0.32807	1.05560	770	66	8.5714
MOL.23586	0.33821	0.98221	73	67	91.7808
MOL.23588	0.38291	0.59749	275	251	91.2727
MOL.23600	0.33400	0.75251	37	27	72.9730
MOL.23606	0.32306	0.88369	52	47	90.3846
MOL.23607	0.32628	0.75514	62	60	96.7742
MOL.23608	0.38008	0.89200	212	182	85.8491
MOL.23609	0.35104	0.92540	38	36	94.7368
MOL.23613	0.33485	1.00563	2472	0	0.0000
MOL.23615	0.33646	1.03495	2274	0	0.0000
MOL.23616	0.31734	0.92278	116	85	73.2759
MOL.23619	0.32885	0.88021	69	64	92.7536
MOL.23622	0.31301	0.95226	130	125	96.1538
MOL.23623	0.33903	0.94490	36	36	100.0000
MOL.23632	0.34545	0.57239	39	33	84.6154
MOL.23634	0.35179	0.93240	77	76	98.7013
MOL.23639	0.32272	0.70793	167	141	84.4311
MOL.23641	0.34189	0.80120	230	195	84.7826
MOL.23642	0.33961	0.92632	138	105	76.0870
MOL.23651	0.47243	0.86010	90	89	98.8889
MOL.23652	0.35738	0.69323	147	146	99.3197
MOL.23654	0.31777	0.99889	1530	1	0.0654
MOL.23661	0.33178	1.02342	1188	0	0.0000
MOL.23665	0.32785	0.85904	289	280	96.8858
MOL.23669	0.32842	0.72724	50	41	82.0000
MOL.23670	0.34902	0.69293	146	119	81.5068
MOL.23671	0.35044	0.74241	125	125	100.0000
MOL.23672	0.39251	0.86922	129	127	98.4496
MOL.23676	0.30498	0.75660	43	31	72.0930
MOL.23677	0.33376	0.62009	23	19	82.6087
MOL.23680	0.32077	0.86301	579	361	62.3489
MOL.23681	0.32302	0.83217	154	45	29.2208
MOL.23683	0.32892	0.96939	1672	519	31.0407
MOL.23685	0.32292	0.83313	43	41	95.3488
MOL.23686	0.33333	0.78379	135	103	76.2963
MOL.23690	0.28877	0.91541	31	0	0.0000
MOL.23692	0.33323	0.92960	40	38	95.0000
MOL.23697	0.33273	0.85945	76	59	77.6316
MOL.23698	0.60540	0.98179	52	0	0.0000
MOL.23700	0.34223	0.90060	199	178	89.4472
MOL.23702	0.37403	0.99636	35	35	100.0000
MOL.23703	0.33632	0.86382	169	110	65.0888
MOL.23704	0.33895	0.76857	30	27	90.0000
MOL.23708	0.32781	0.97789	285	33	11.5789
MOL.23710	0.30863	0.71864	62	1	1.6129
MOL.23711	0.34801	0.88845	41	0	0.0000
MOL.23712	0.33156	1.02166	158	133	84.1772
MOL.23713	0.32584	0.79721	31	28	90.3226
MOL.23714	0.33797	0.82151	46	44	95.6522
MOL.23715	0.37357	1.07593	23	20	86.9565
MOL.23716	0.28719	0.94477	222	182	81.9820
MOL.23718	0.30564	0.89462	131	83	63.3588
MOL.23724	0.33436	0.85430	42	38	90.4762
MOL.23729	0.34433	0.72392	23	21	91.3043
MOL.23731	0.33482	0.95213	288	257	89.2361
MOL.23732	0.35153	0.86125	66	36	54.5455
MOL.23733	0.30935	0.78638	193	159	82.3834
MOL.23734	0.36704	0.85870	226	220	97.3451
MOL.23736	0.34391	0.87252	310	266	85.8065
MOL.23738	0.34495	0.86805	119	117	98.3193
MOL.23739	0.41216	0.85802	48	0	0.0000
MOL.23740	0.32184	1.02534	226	0	0.0000
MOL.23742	0.32431	1.14091	288	0	0.0000
MOL.23744	0.34151	1.00432	1964	376	19.1446
MOL.23752	0.32181	0.64520	64	42	65.6250
MOL.23753	0.34034	0.84714	140	134	95.7143
MOL.23754	0.30372	0.94106	71	66	92.9577
MOL.23755	0.38595	0.85174	223	179	80.2691
MOL.23762	0.34616	0.90773	61	43	70.4918
MOL.23767	0.37164	0.91144	241	176	73.0290
MOL.23770	0.33429	0.84177	154	139	90.2597
MOL.23772	0.40130	0.55907	24	24	100.0000
MOL.23776	0.35257	0.83890	936	898	95.9402
MOL.23780	0.27426	0.82995	87	74	85.0575
MOL.23781	0.33871	0.57842	81	79	97.5309
MOL.23783	0.34660	1.22167	36	35	97.2222
MOL.23784	0.36746	1.08281	37	37	100.0000
MOL.23785	0.35295	0.90345	136	1	0.7353
MOL.23796	0.28714	1.11270	30	30	100.0000
MOL.23798	0.35013	0.92259	456	416	91.2281
MOL.23801	0.53414	0.90619	111	0	0.0000
MOL.23802	0.54484	0.93554	80	0	0.0000
MOL.23804	0.33989	0.94588	101	0	0.0000
MOL.23806	0.33145	0.97116	102	0	0.0000
MOL.23807	0.32329	0.97343	77	0	0.0000
MOL.23808	0.34493	0.81098	88	0	0.0000
MOL.23811	0.34452	0.79569	92	82	89.1304
MOL.23813	0.34241	0.78528	190	173	91.0526
MOL.23816	0.38502	0.62068	27	24	88.8889
MOL.23817	0.54525	0.90421	59	0	0.0000
MOL.23819	0.31652	0.75240	122	72	59.0164
MOL.23820	0.32310	1.07642	121	117	96.6942
MOL.23821	0.32544	0.89858	46	38	82.6087
MOL.23822	0.32486	0.66308	196	136	69.3878
MOL.23823	0.33148	0.61007	28	7	25.0000
MOL.23835	0.31245	0.95317	92	88	95.6522
MOL.23839	0.36057	0.88971	127	116	91.3386
MOL.23843	0.32204	0.85500	42	37	88.0952
MOL.23844	0.32313	0.85450	35	32	91.4286
MOL.23846	0.37739	0.89265	62	56	90.3226
MOL.23847	0.35229	0.91651	160	147	91.8750
MOL.23848	0.33950	0.78699	64	59	92.1875
MOL.23852	0.34405	0.84200	119	0	0.0000
MOL.23853	0.32231	0.87580	274	241	87.9562
MOL.23860	0.33716	0.94945	348	62	17.8161
MOL.23864	0.35472	0.83772	115	94	81.7391
MOL.23865	0.33833	0.73174	60	0	0.0000
MOL.23866	0.34210	0.88494	431	400	92.8074
MOL.23873	0.25180	0.90776	24	11	45.8333
MOL.23880	0.33235	0.98152	2644	0	0.0000
MOL.23886	0.33327	0.86516	103	64	62.1359
MOL.23888	0.30423	0.95043	91	79	86.8132
MOL.23889	0.34788	0.83111	195	179	91.7949
MOL.23895	0.35301	0.98561	96	0	0.0000
MOL.23896	0.33595	0.76698	164	131	79.8780
MOL.23897	0.31282	0.80465	98	73	74.4898
MOL.23899	0.34733	1.14503	56	54	96.4286
MOL.23903	0.35016	0.98870	259	235	90.7336
MOL.23904	0.30468	0.87401	84	70	83.3333
MOL.23905	0.33417	0.91813	792	411	51.8939
MOL.23909	0.34655	0.99102	70	62	88.5714
MOL.23914	0.33480	0.92805	338	0	0.0000
MOL.23915	0.33126	0.96758	1206	69	5.7214
MOL.23917	0.28405	1.40935	24	23	95.8333
MOL.23918	0.27303	1.23561	54	49	90.7407
MOL.23919	0.31685	1.06254	165	156	94.5455
MOL.23920	0.42864	0.47265	896	0	0.0000
MOL.23922	0.32529	0.94751	753	724	96.1487
MOL.23925	0.33976	1.18658	189	0	0.0000
MOL.23926	0.31290	1.15120	99	0	0.0000
MOL.23927	0.35480	0.83584	97	0	0.0000
MOL.23928	0.34661	1.35063	136	0	0.0000
MOL.23929	0.38731	1.01898	160	0	0.0000
MOL.23930	0.35886	0.91551	38	0	0.0000
MOL.23935	0.32477	0.86992	53	50	94.3396
MOL.23938	0.33013	0.90116	283	0	0.0000
MOL.23940	0.35623	0.83434	128	104	81.2500
MOL.23941	0.33903	0.82723	49	42	85.7143
MOL.23943	0.33241	1.12671	270	231	85.5556
MOL.23944	0.36029	1.19910	226	205	90.7080
MOL.23946	0.34198	0.81581	34	0	0.0000
MOL.23952	0.34158	0.72127	88	80	90.9091
MOL.23954	0.34972	0.95767	204	200	98.0392
MOL.23956	0.31766	0.64661	44	0	0.0000
MOL.23958	0.33454	0.94047	1676	0	0.0000
MOL.23963	0.37021	0.84596	359	356	99.1643
MOL.23964	0.39590	0.82561	22	10	45.4545
MOL.23965	0.33146	0.97919	703	114	16.2162
MOL.23967	0.30979	0.76490	71	48	67.6056
MOL.23969	0.35536	0.87306	31	23	74.1935
MOL.23974	0.33582	0.96687	1308	438	33.4862
MOL.23978	0.38782	1.04364	45	10	22.2222
MOL.23982	0.32255	1.01678	37	0	0.0000
MOL.23986	0.32433	0.98651	597	0	0.0000
MOL.23988	0.33099	0.72776	38	18	47.3684
MOL.23993	0.34216	0.92853	40	8	20.0000
MOL.23995	0.28142	0.82733	44	3	6.8182
MOL.23996	0.32055	0.96728	23	5	21.7391
MOL.23997	0.33570	0.77060	123	91	73.9837
MOL.24003	0.32582	0.92608	245	203	82.8571
MOL.24008	0.34245	0.99355	186	0	0.0000
MOL.24010	0.31901	0.70331	36	36	100.0000
MOL.24011	0.35516	0.89098	137	130	94.8905
MOL.24012	0.43282	1.16369	233	0	0.0000
MOL.24013	0.34190	0.80182	56	52	92.8571
MOL.24014	0.32959	1.13369	96	93	96.8750
MOL.24017	0.49635	1.00892	332	0	0.0000
MOL.24018	0.32853	0.82227	89	64	71.9101
MOL.24019	0.25018	2.04247	39	36	92.3077
MOL.24020	0.35671	0.94998	246	202	82.1138
MOL.24022	0.31897	0.89435	54	54	100.0000
MOL.24031	0.50613	1.22518	24	23	95.8333
MOL.24032	0.35799	1.11681	31	30	96.7742
MOL.24038	0.35881	0.83875	94	74	78.7234
MOL.24044	0.34359	0.82976	147	138	93.8776
MOL.24052	0.36466	0.90419	24	17	70.8333
MOL.24057	0.33588	0.94569	91	62	68.1319
MOL.24059	0.36837	0.85869	84	68	80.9524
MOL.24060	0.33787	0.94226	592	581	98.1419
MOL.24061	0.34074	0.66952	62	51	82.2581
MOL.24064	0.34424	0.80534	35	35	100.0000
MOL.24069	0.28843	0.98849	42	25	59.5238
MOL.24071	0.34631	0.81116	24	16	66.6667
MOL.24072	0.35814	1.24541	95	83	87.3684
MOL.24076	0.33068	1.06851	20	20	100.0000
MOL.24077	0.35483	1.23351	121	118	97.5207
MOL.24078	0.34443	0.99132	222	198	89.1892
MOL.24080	0.32321	1.21598	69	0	0.0000
MOL.24085	0.32528	1.00601	205	0	0.0000
MOL.24095	0.33816	0.87820	122	117	95.9016
MOL.24101	0.33634	0.87187	3953	1426	36.0739
MOL.24104	0.33456	1.06036	244	243	99.5902
MOL.24106	0.33190	0.77501	525	471	89.7143
MOL.24108	0.33321	0.96400	836	0	0.0000
MOL.24111	0.37824	0.91596	99	96	96.9697
MOL.24113	0.33932	0.78729	519	449	86.5125
MOL.24114	0.34527	0.84312	1482	1390	93.7922
MOL.24121	0.38185	0.61561	255	216	84.7059
MOL.24122	0.34428	0.90803	964	134	13.9004
MOL.24125	0.32975	0.90057	60	0	0.0000
MOL.24126	0.33234	0.77416	168	65	38.6905
MOL.24127	0.31146	0.83615	104	78	75.0000
MOL.24129	0.27089	0.86231	26	16	61.5385
MOL.24130	0.33493	0.93248	153	108	70.5882
MOL.24131	0.33488	0.96866	103	0	0.0000
MOL.24132	0.32268	1.06539	135	0	0.0000
MOL.24133	0.33276	0.79391	163	98	60.1227
MOL.24138	0.33087	0.83533	52	44	84.6154
MOL.24140	0.34294	0.91711	399	256	64.1604
MOL.24144	0.31398	0.85857	229	0	0.0000
MOL.24146	0.33715	0.88479	584	444	76.0274
MOL.24151	0.37000	0.78462	238	222	93.2773
MOL.24158	0.33009	0.99386	89	60	67.4157
MOL.24161	0.33627	0.97294	1498	125	8.3445
MOL.24172	0.31728	0.99190	850	60	7.0588
MOL.24174	0.31397	0.77322	100	40	40.0000
MOL.24177	0.36113	1.39710	177	0	0.0000
MOL.24192	0.33593	0.90619	186	162	87.0968
MOL.24195	0.33898	0.69899	36	36	100.0000
MOL.24201	0.36453	0.90606	99	95	95.9596
MOL.24203	0.32509	0.85283	25	22	88.0000
MOL.24204	0.34865	1.03834	54	0	0.0000
MOL.24207	0.34607	0.68181	73	51	69.8630
MOL.24209	0.31903	0.90652	196	166	84.6939
MOL.24211	0.34681	0.90556	399	0	0.0000
MOL.24212	0.38300	0.87259	96	0	0.0000
MOL.24217	0.32415	0.82125	83	22	26.5060
MOL.24221	0.41329	1.17390	26	14	53.8462
MOL.24223	0.33296	0.76349	41	31	75.6098
MOL.24224	0.33103	0.97611	37	28	75.6757
MOL.24225	0.29365	1.03217	57	53	92.9825
MOL.24226	0.34125	0.93448	891	569	63.8608
MOL.24228	0.35323	0.79233	345	51	14.7826
MOL.24239	0.31183	0.80567	127	69	54.3307
MOL.24249	0.32782	1.01446	84	0	0.0000
MOL.24252	0.39625	0.49033	48	0	0.0000
MOL.24253	0.36027	0.89934	169	0	0.0000
MOL.24258	0.32968	0.94471	49	35	71.4286
MOL.24259	0.40956	0.88529	83	74	89.1566
MOL.24268	0.34236	0.86947	154	145	94.1558
MOL.24275	0.33962	0.93311	297	0	0.0000
MOL.24280	0.32849	1.34287	36	0	0.0000
MOL.24281	0.28892	1.23316	39	0	0.0000
MOL.24284	0.32580	0.91960	122	82	67.2131
MOL.24288	0.31437	1.02013	34	33	97.0588
MOL.24289	0.34575	0.87399	282	275	97.5177
MOL.24290	0.33376	0.91239	75	64	85.3333
MOL.24294	0.30854	1.04023	218	207	94.9541
MOL.24295	0.34343	1.02833	143	63	44.0559
MOL.24296	0.33840	0.80093	97	70	72.1649
MOL.24297	0.33268	0.95630	75	0	0.0000
MOL.24302	0.33068	0.96924	50	49	98.0000
MOL.24303	0.38645	0.85190	65	48	73.8462
MOL.24304	0.43117	1.15546	20	20	100.0000
MOL.24306	0.41384	0.98021	32	31	96.8750
MOL.24308	0.31780	0.91541	29	20	68.9655
MOL.24316	0.34011	1.29685	88	63	71.5909
MOL.24317	0.28219	0.77386	25	19	76.0000
MOL.24320	0.35176	0.84961	22	21	95.4545
MOL.24322	0.37465	0.84501	102	4	3.9216
MOL.24323	0.33444	0.80434	75	61	81.3333
MOL.24325	0.34809	0.87533	114	103	90.3509
MOL.24330	0.34333	0.89370	247	214	86.6397
MOL.24338	0.33898	0.82618	479	382	79.7495
MOL.24340	0.33865	0.98207	839	0	0.0000
MOL.24346	0.35937	0.86476	195	59	30.2564
MOL.24348	0.34940	0.77299	60	0	0.0000
MOL.24349	0.35028	0.77052	90	0	0.0000
MOL.24354	0.37712	1.09598	27	0	0.0000
MOL.24356	0.31805	0.86243	446	353	79.1480
MOL.24359	0.31928	0.98111	66	0	0.0000
MOL.24360	0.29078	1.84560	22	0	0.0000
MOL.24361	0.25079	2.83523	26	0	0.0000
MOL.24362	0.34420	0.87177	25	0	0.0000
MOL.24363	0.38881	1.04546	29	0	0.0000
MOL.24365	0.43924	0.95632	26	0	0.0000
MOL.24368	0.41002	0.67117	81	70	86.4198
MOL.24371	0.33264	0.68090	22	16	72.7273
MOL.24374	0.36866	0.84990	43	37	86.0465
MOL.24375	0.31900	0.69829	24	23	95.8333
MOL.24378	0.31237	1.05046	114	0	0.0000
MOL.24379	0.37562	1.25111	62	0	0.0000
MOL.24380	0.41092	0.98839	29	0	0.0000
MOL.24388	0.32649	0.80139	133	101	75.9398
MOL.24392	0.35294	0.88549	157	149	94.9045
MOL.24395	0.34830	0.93978	20	15	75.0000
MOL.24396	0.38030	0.92237	72	70	97.2222
MOL.24397	0.30374	0.88487	51	43	84.3137
MOL.24400	0.33772	0.95041	128	123	96.0938
MOL.24401	0.34643	0.95505	80	75	93.7500
MOL.24402	0.32612	0.84141	309	287	92.8803
MOL.24403	0.35150	1.12129	274	154	56.2044
MOL.24409	0.36380	0.95462	408	339	83.0882
MOL.24411	0.32660	0.99359	105	100	95.2381
MOL.24414	0.30781	0.84818	131	123	93.8931
MOL.24415	0.42746	0.83218	49	47	95.9184
MOL.24416	0.34479	0.88864	132	126	95.4545
MOL.24419	0.36610	0.94246	405	392	96.7901
MOL.24424	0.34417	1.01583	1269	0	0.0000
MOL.24425	0.34200	0.94584	2229	646	28.9816
MOL.24428	0.60900	0.97551	37	0	0.0000
MOL.24429	0.32689	0.89951	163	105	64.4172
MOL.24430	0.32311	0.94436	47	4	8.5106
MOL.24436	0.38014	0.89241	131	127	96.9466
MOL.24440	0.32471	0.90812	181	6	3.3149
MOL.24446	0.32772	0.68969	37	9	24.3243
MOL.24447	0.32343	1.01985	107	103	96.2617
MOL.24448	0.34316	0.91344	790	202	25.5696
MOL.24449	0.33551	0.82929	272	197	72.4265
MOL.24452	0.35608	0.97433	100	0	0.0000
MOL.24461	0.35761	0.88681	24	0	0.0000
MOL.24463	0.34395	0.46573	25	16	64.0000
MOL.24465	0.44992	0.65869	20	16	80.0000
MOL.24468	0.33354	0.89618	425	384	90.3529
MOL.24469	0.33314	0.87370	83	79	95.1807
MOL.24471	0.31948	1.05836	42	39	92.8571
MOL.24472	0.36277	0.76730	21	19	90.4762
MOL.24481	0.32673	1.00198	20	0	0.0000
MOL.24489	0.39437	1.03066	194	0	0.0000
MOL.24496	0.37895	0.74352	126	115	91.2698
MOL.24501	0.34006	0.74497	34	2	5.8824
MOL.24503	0.34235	0.90755	80	55	68.7500
MOL.24504	0.37280	0.86354	46	39	84.7826
MOL.24506	0.33235	0.94821	446	0	0.0000
MOL.24507	0.31394	1.03884	124	22	17.7419
MOL.24508	0.33324	0.59677	157	57	36.3057
MOL.24513	0.31293	0.78958	64	4	6.2500
MOL.24517	0.37837	1.17289	182	15	8.2418
MOL.24524	0.34365	0.77014	54	0	0.0000
MOL.24526	0.55291	1.21796	160	0	0.0000
MOL.24527	0.32851	0.95650	2435	0	0.0000
MOL.24528	0.33854	0.96361	285	0	0.0000
MOL.24538	0.32974	0.92981	146	0	0.0000
MOL.24549	0.36194	0.77274	31	29	93.5484
MOL.24550	0.32378	0.63339	38	29	76.3158
MOL.24552	0.33588	0.97806	340	180	52.9412
MOL.24557	0.33275	0.90954	61	60	98.3607
MOL.24558	0.39102	0.74618	519	456	87.8613
MOL.24559	0.32588	0.85700	128	93	72.6562
MOL.24560	0.31863	0.93700	35	34	97.1429
MOL.24561	0.33727	0.80004	1736	545	31.3940
MOL.24565	0.34943	0.91943	126	0	0.0000
MOL.24566	0.34230	0.96285	77	0	0.0000
MOL.24567	0.33542	1.10058	79	0	0.0000
MOL.24568	0.33106	0.93187	255	0	0.0000
MOL.24569	0.33609	0.99118	128	0	0.0000
MOL.24570	0.33957	0.86091	41	0	0.0000
MOL.24576	0.34658	0.95555	373	0	0.0000
MOL.24579	0.50852	0.90980	20	0	0.0000
MOL.24584	0.33806	0.87677	181	0	0.0000
MOL.24585	0.35315	0.76080	33	0	0.0000
MOL.24586	0.33242	1.05840	149	0	0.0000
MOL.24594	0.31136	1.11631	33	0	0.0000
MOL.24595	0.31518	1.31904	84	0	0.0000
MOL.24596	0.33636	0.89675	74	0	0.0000
MOL.24602	0.44018	0.88498	163	0	0.0000
MOL.24609	0.28391	0.91785	33	31	93.9394
MOL.24610	0.30802	0.60161	161	128	79.5031
MOL.24611	0.33255	1.00567	436	2	0.4587
MOL.24612	0.30634	0.87104	77	0	0.0000
MOL.24613	0.31721	0.88456	723	262	36.2379
MOL.24618	0.33772	0.76755	41	22	53.6585
MOL.24621	0.32666	0.72226	110	110	100.0000
MOL.24626	0.33280	0.96520	2840	128	4.5070
MOL.24631	0.32098	0.89272	460	0	0.0000
MOL.24635	0.31766	0.77059	391	0	0.0000
MOL.24638	0.33869	0.64139	34	30	88.2353
MOL.24639	0.36490	0.60964	23	16	69.5652
MOL.24640	0.32946	0.72632	84	54	64.2857
MOL.24641	0.30862	0.56474	48	14	29.1667
MOL.24642	0.31165	0.88230	152	84	55.2632
MOL.24643	0.31452	1.02324	489	6	1.2270
MOL.24644	0.34494	0.52046	40	27	67.5000
MOL.24645	0.34680	0.60991	27	15	55.5556
MOL.24651	0.32870	1.01068	439	0	0.0000
MOL.24655	0.33551	0.90289	160	13	8.1250
MOL.24668	0.35164	0.71815	41	33	80.4878
MOL.24670	0.33615	0.72310	237	204	86.0759
MOL.24673	0.31862	0.86424	36	0	0.0000
MOL.24675	0.31541	0.92884	830	0	0.0000
MOL.24679	0.32180	0.90315	357	0	0.0000
MOL.24680	0.31805	1.03592	77	0	0.0000
MOL.24683	0.36033	0.78961	30	8	26.6667
MOL.24689	0.32438	1.00410	2503	0	0.0000
MOL.24700	0.27656	0.76885	27	21	77.7778
MOL.24704	0.45195	0.75476	95	8	8.4211
MOL.24715	0.30347	0.75337	63	58	92.0635
MOL.24719	0.31635	0.82407	481	416	86.4865
MOL.24727	0.28176	0.76455	24	18	75.0000
MOL.24729	0.32185	0.90134	92	0	0.0000
MOL.24732	0.31742	0.62047	244	230	94.2623
MOL.24735	0.60811	0.96490	30	0	0.0000
MOL.24742	0.30944	0.77855	255	242	94.9020
MOL.24746	0.34508	0.79064	32	19	59.3750
MOL.24748	0.33410	0.89385	412	281	68.2039
MOL.24752	0.31899	0.78941	310	278	89.6774
MOL.24753	0.33271	0.75474	91	84	92.3077
MOL.24755	0.35611	0.77342	57	55	96.4912
MOL.24756	0.35052	0.48218	29	25	86.2069
MOL.24757	0.31859	0.65886	169	157	92.8994
MOL.24758	0.31438	0.75508	53	43	81.1321
MOL.24763	0.32792	0.68236	425	420	98.8235
MOL.24766	0.43765	1.03382	42	0	0.0000
MOL.24767	0.31154	0.81682	232	57	24.5690
MOL.24770	0.33234	0.71798	135	104	77.0370
MOL.24771	0.36009	0.42581	76	16	21.0526
MOL.24772	0.31284	1.02582	81	0	0.0000
MOL.24782	0.31352	1.05858	73	0	0.0000
MOL.24783	0.31280	0.70281	87	85	97.7011
MOL.24784	0.32393	0.99937	4256	96	2.2556
MOL.24789	0.33887	1.18644	90	0	0.0000
MOL.24796	0.43355	0.61674	75	72	96.0000
MOL.24797	0.32326	0.94952	128	118	92.1875
MOL.24799	0.35955	0.73635	156	143	91.6667
MOL.24803	0.34937	0.92513	96	96	100.0000
MOL.24805	0.34600	0.58754	32	32	100.0000
MOL.24806	0.31282	0.78731	276	264	95.6522
MOL.24809	0.30640	0.78913	27	16	59.2593
MOL.24814	0.32566	0.73472	257	229	89.1051
MOL.24831	0.32745	0.91172	92	90	97.8261
MOL.24833	0.31446	0.98179	196	0	0.0000
MOL.24837	0.31741	0.97933	592	0	0.0000
MOL.24842	0.29410	0.71466	54	45	83.3333
MOL.24852	0.31180	1.06559	307	0	0.0000
MOL.24853	0.36751	1.06955	137	0	0.0000
MOL.24859	0.32415	1.00468	1066	0	0.0000
MOL.24861	0.34195	0.82567	45	0	0.0000
MOL.24865	0.31087	0.50183	22	16	72.7273
MOL.24869	0.31956	0.90927	798	50	6.2657
MOL.24871	0.31962	0.82680	143	135	94.4056
MOL.24874	0.34090	0.82459	84	81	96.4286
MOL.24876	0.34187	0.71760	152	150	98.6842
MOL.24883	0.30447	1.06946	443	0	0.0000
MOL.24884	0.32223	0.99877	436	0	0.0000
MOL.24889	0.31614	0.94418	1690	0	0.0000
MOL.24896	0.32236	0.69894	61	61	100.0000
MOL.24898	0.29095	0.84788	20	17	85.0000
MOL.24899	0.29097	0.89662	43	41	95.3488
MOL.24900	0.31562	1.13465	49	0	0.0000
MOL.24903	0.32652	0.88222	672	412	61.3095
MOL.24904	0.33892	1.20155	107	101	94.3925
MOL.24911	0.32773	0.76205	197	147	74.6193
MOL.24913	0.31016	0.95105	2197	92	4.1875
MOL.24914	0.33306	0.88975	23	16	69.5652
MOL.24925	0.34070	0.64556	28	28	100.0000
MOL.24926	0.32112	0.64937	27	27	100.0000
MOL.24928	0.32240	0.88166	436	426	97.7064
MOL.24929	0.33495	0.69169	250	178	71.2000
MOL.24930	0.31492	0.99595	824	0	0.0000
MOL.24940	0.31215	0.80082	229	197	86.0262
MOL.24943	0.32690	1.00714	1978	98	4.9545
MOL.24949	0.31658	1.04349	161	0	0.0000
MOL.24950	0.43778	1.10093	36	0	0.0000
MOL.24965	0.35804	0.80841	41	5	12.1951
MOL.24967	0.42627	0.79846	143	139	97.2028
MOL.24969	0.36900	0.69687	272	254	93.3824
MOL.24971	0.30654	0.96715	132	9	6.8182
MOL.24972	0.32513	0.95625	83	0	0.0000
MOL.24973	0.31889	1.00117	1920	35	1.8229
MOL.24975	0.31633	0.99312	170	0	0.0000
MOL.24976	0.29505	0.67395	39	28	71.7949
MOL.24978	0.31213	0.56173	34	33	97.0588
MOL.24980	0.32512	0.88456	484	56	11.5702
MOL.24986	0.31376	0.91427	410	45	10.9756
MOL.24987	0.33863	0.54637	181	179	98.8950
MOL.24988	0.30767	0.68892	119	105	88.2353
MOL.24993	0.30663	0.86479	100	4	4.0000
MOL.24997	0.32112	0.94195	688	0	0.0000
MOL.24999	0.32447	0.92681	131	0	0.0000
MOL.25001	0.31683	0.99044	503	178	35.3877
MOL.25006	0.31578	0.61719	22	10	45.4545
MOL.25007	0.30413	0.90091	122	0	0.0000
MOL.25009	0.31611	0.50645	21	19	90.4762
MOL.25010	0.30103	0.60021	224	195	87.0536
MOL.25016	0.30480	1.00898	94	0	0.0000
MOL.25017	0.32913	1.00059	714	37	5.1821
MOL.25020	0.35347	1.60137	22	22	100.0000
MOL.25024	0.34332	0.69211	111	67	60.3604
MOL.25029	0.33206	0.68732	54	53	98.1481
MOL.25030	0.31704	0.75668	38	35	92.1053
MOL.25031	0.34074	0.55324	34	34	100.0000
MOL.25034	0.31731	0.65740	137	132	96.3504
MOL.25037	0.31562	0.77132	231	206	89.1775
MOL.25044	0.32130	0.86472	169	128	75.7396
MOL.25048	0.29699	0.72004	125	110	88.0000
MOL.25049	0.31795	1.04665	66	0	0.0000
MOL.25050	0.31467	0.94170	148	0	0.0000
MOL.25051	0.31252	1.04222	381	0	0.0000
MOL.25052	0.33588	1.21860	36	0	0.0000
MOL.25053	0.33380	0.93549	191	0	0.0000
MOL.25054	0.33333	1.15364	20	0	0.0000
MOL.25055	0.33160	1.02827	579	0	0.0000
MOL.25061	0.32784	0.91870	959	2	0.2086
MOL.25064	0.30576	0.69725	109	91	83.4862
MOL.25068	0.28809	0.88641	297	5	1.6835
MOL.25073	0.32948	0.93211	67	0	0.0000
MOL.25076	0.29852	1.03078	129	0	0.0000
MOL.25080	0.32164	1.15725	107	25	23.3645
MOL.25081	0.40897	1.02150	69	5	7.2464
MOL.25082	0.31725	0.91741	362	281	77.6243
MOL.25086	0.30187	0.67591	20	17	85.0000
MOL.25088	0.31509	0.78575	247	236	95.5466
MOL.25090	0.32141	0.67068	240	223	92.9167
MOL.25091	0.31210	0.97473	37	0	0.0000
MOL.25096	0.31316	0.99685	99	73	73.7374
MOL.25097	0.30531	0.99717	433	408	94.2263
MOL.25100	0.35041	0.71609	281	198	70.4626
MOL.25102	0.31938	0.85957	77	66	85.7143
MOL.25103	0.32050	1.11300	40	39	97.5000
MOL.25113	0.31585	0.88705	580	80	13.7931
MOL.25114	0.29314	0.62913	107	86	80.3738
MOL.25119	0.31146	0.96971	398	0	0.0000
MOL.25124	0.31675	0.65967	37	36	97.2973
MOL.25125	0.30859	0.97883	128	0	0.0000
MOL.25127	0.31679	0.98303	28	0	0.0000
MOL.25128	0.32362	0.99883	623	0	0.0000
MOL.25130	0.29943	0.81283	162	25	15.4321
MOL.25131	0.37520	0.70427	98	79	80.6122
MOL.25133	0.31282	0.58465	188	144	76.5957
MOL.25135	0.30591	0.70922	199	4	2.0101
MOL.25142	0.30842	0.95411	714	4	0.5602
MOL.25147	0.30713	0.99678	561	0	0.0000
MOL.25148	0.31739	0.89854	30	0	0.0000
MOL.25150	0.43325	0.79441	81	0	0.0000
MOL.25157	0.35595	0.89455	36	0	0.0000
MOL.25160	0.30336	1.10170	107	0	0.0000
MOL.25162	0.31864	0.94235	36	0	0.0000
MOL.25166	0.34810	0.85298	91	78	85.7143
MOL.25167	0.31510	0.80271	527	475	90.1328
MOL.25169	0.32095	0.77111	1004	985	98.1076
MOL.25174	0.31104	0.78616	188	165	87.7660
MOL.25178	0.32298	0.76824	61	56	91.8033
MOL.25180	0.33093	0.48493	22	11	50.0000
MOL.25184	0.32042	1.13840	206	0	0.0000
MOL.25192	0.31725	0.63826	25	24	96.0000
MOL.25197	0.32722	0.66721	27	3	11.1111
MOL.25200	0.31843	0.64715	20	0	0.0000
MOL.25206	0.33078	1.01546	421	0	0.0000
MOL.25207	0.30644	0.89463	92	80	86.9565
MOL.25211	0.32540	0.95254	36	33	91.6667
MOL.25212	0.27929	0.55293	22	20	90.9091
MOL.25216	0.33338	1.03728	145	0	0.0000
MOL.25224	0.57868	0.97806	47	0	0.0000
MOL.25225	0.30390	0.65926	22	9	40.9091
MOL.25226	0.32164	0.57959	61	60	98.3607
MOL.25231	0.32232	0.64498	280	228	81.4286
MOL.25233	0.30728	0.91259	120	19	15.8333
MOL.25235	0.34356	0.95506	639	78	12.2066
MOL.25237	0.31242	1.03249	1461	0	0.0000
MOL.25239	0.30776	1.00746	141	0	0.0000
MOL.25242	0.32389	0.66728	88	73	82.9545
MOL.25244	0.30762	0.87749	113	106	93.8053
MOL.25245	0.30374	0.73065	49	46	93.8776
MOL.25246	0.33279	0.94606	48	46	95.8333
MOL.25247	0.31537	0.70890	246	214	86.9919
MOL.25255	0.29976	0.73590	20	19	95.0000
MOL.25262	0.30695	0.94921	453	23	5.0773
MOL.25266	0.34065	0.49331	35	35	100.0000
MOL.25267	0.31279	0.69060	238	234	98.3193
MOL.25276	0.29533	0.62078	42	18	42.8571
MOL.25277	0.30578	0.76836	37	17	45.9459
MOL.25279	0.34581	0.98058	68	66	97.0588
MOL.25280	0.33278	1.81230	60	60	100.0000
MOL.25285	0.31314	1.00489	766	16	2.0888
MOL.25288	0.32933	0.94795	254	88	34.6457
MOL.25289	0.32349	0.61882	41	36	87.8049
MOL.25290	0.31674	0.78460	26	16	61.5385
MOL.25291	0.29979	1.11226	485	0	0.0000
MOL.25301	0.31808	0.73713	65	57	87.6923
MOL.25305	0.31928	0.89943	386	165	42.7461
MOL.25306	0.30783	0.98952	318	0	0.0000
MOL.25307	0.26441	1.37111	42	0	0.0000
MOL.25311	0.30934	1.19277	49	0	0.0000
MOL.25314	0.30210	1.06133	133	0	0.0000
MOL.25318	0.29148	1.15073	423	23	5.4374
MOL.25321	0.31875	1.03467	41	0	0.0000
MOL.25326	0.33032	0.65937	137	115	83.9416
MOL.25337	0.31021	0.89192	158	10	6.3291
MOL.25344	0.31268	0.71572	34	11	32.3529
MOL.25346	0.34755	0.92451	31	0	0.0000
MOL.25348	0.29981	0.72400	40	36	90.0000
MOL.25349	0.32300	0.64256	68	44	64.7059
MOL.25363	0.32816	0.76788	670	519	77.4627
MOL.25365	0.30772	0.78437	82	78	95.1220
MOL.25366	0.32062	0.79249	610	333	54.5902
MOL.25371	0.34580	0.89305	143	88	61.5385
MOL.25372	0.35559	0.83585	80	49	61.2500
MOL.25375	0.30263	0.66780	85	76	89.4118
MOL.25378	0.31064	0.97947	673	23	3.4175
MOL.25381	0.31571	1.04471	1715	82	4.7813
MOL.25384	0.30423	0.79988	211	204	96.6825
MOL.25389	0.29993	0.65701	200	168	84.0000
MOL.25390	0.26512	0.44436	20	17	85.0000
MOL.25396	0.30584	1.04756	232	1	0.4310
MOL.25400	0.29564	1.08121	56	0	0.0000
MOL.25403	0.30723	1.04504	713	0	0.0000
MOL.25407	0.29908	0.76441	24	22	91.6667
MOL.25411	0.29726	0.64837	38	29	76.3158
MOL.25414	0.31828	0.79909	75	62	82.6667
MOL.25415	0.32791	1.18323	43	0	0.0000
MOL.25417	0.32820	1.00290	644	0	0.0000
MOL.25423	0.31370	0.57008	39	24	61.5385
MOL.25426	0.30151	0.94784	27	27	100.0000
MOL.25427	0.31160	0.89810	162	138	85.1852
MOL.25430	0.31374	0.79958	32	32	100.0000
MOL.25431	0.31485	0.98289	1786	0	0.0000
MOL.25434	0.29926	1.05942	75	0	0.0000
MOL.25436	0.30421	0.88513	130	118	90.7692
MOL.25441	0.29324	0.76825	42	33	78.5714
MOL.25443	0.34275	0.73058	93	87	93.5484
MOL.25446	0.29645	0.61508	32	19	59.3750
MOL.25450	0.30337	0.99792	342	40	11.6959
MOL.25451	0.30481	1.04021	112	0	0.0000
MOL.25452	0.30388	1.05528	866	10	1.1547
MOL.25453	0.29022	0.79685	37	34	91.8919
MOL.25458	0.31467	1.01882	1097	12	1.0939
MOL.25463	0.33501	0.77852	40	0	0.0000
MOL.25464	0.32190	0.73335	321	265	82.5545
MOL.25465	0.30803	0.85959	31	0	0.0000
MOL.25466	0.29194	1.16557	319	0	0.0000
MOL.25467	0.28220	1.01198	70	0	0.0000
MOL.25469	0.35161	0.77761	166	151	90.9639
MOL.25471	0.33571	0.95186	248	0	0.0000
MOL.25475	0.31280	1.00080	794	0	0.0000
MOL.25478	0.34794	0.77937	45	39	86.6667
MOL.25480	0.34141	1.52605	20	20	100.0000
MOL.25482	0.32286	0.65973	72	70	97.2222
MOL.25484	0.31359	0.95630	675	8	1.1852
MOL.25486	0.32208	0.78305	27	9	33.3333
MOL.25491	0.31095	1.07101	2092	0	0.0000
MOL.25493	0.31525	1.02757	29	0	0.0000
MOL.25494	0.30833	0.65846	49	39	79.5918
MOL.25499	0.31127	0.63434	42	30	71.4286
MOL.25500	0.34006	0.89963	34	0	0.0000
MOL.25502	0.35268	0.87712	176	0	0.0000
MOL.25503	0.29157	0.81295	87	82	94.2529
MOL.25504	0.30415	0.67182	57	36	63.1579
MOL.25505	0.32955	1.07977	243	5	2.0576
MOL.25507	0.29997	0.84001	41	39	95.1220
MOL.25510	0.27353	1.22258	49	43	87.7551
MOL.25511	0.31832	0.71306	61	57	93.4426
MOL.25520	0.30465	0.92679	30	29	96.6667
MOL.25527	0.30752	1.05142	271	49	18.0812
MOL.25528	0.29838	0.77498	158	153	96.8354
MOL.25529	0.31193	0.95266	765	75	9.8039
MOL.25534	0.30547	0.73789	91	87	95.6044
MOL.25537	0.31022	0.72216	28	28	100.0000
MOL.25538	0.36209	1.07210	68	18	26.4706
MOL.25539	0.31736	0.94291	51	42	82.3529
MOL.25541	0.32508	0.95599	117	0	0.0000
MOL.25544	0.31498	0.97452	252	0	0.0000
MOL.25550	0.32970	0.90058	49	0	0.0000
MOL.25551	0.31589	0.99970	54	0	0.0000
MOL.25555	0.29342	0.98910	47	0	0.0000
MOL.25560	0.32706	0.69633	22	18	81.8182
MOL.25562	0.33022	0.91425	24	0	0.0000
MOL.25563	0.31662	0.86332	118	0	0.0000
MOL.25565	0.29393	0.98608	34	0	0.0000
MOL.25566	0.32268	1.01098	52	0	0.0000
MOL.25567	0.40874	1.03357	33	0	0.0000
MOL.25569	0.30221	1.05005	113	0	0.0000
MOL.25573	0.30874	0.84441	133	127	95.4887
MOL.25574	0.30092	1.03497	569	117	20.5624
MOL.25583	0.31948	0.77439	94	75	79.7872
MOL.25584	0.39738	0.68621	58	49	84.4828
MOL.25585	0.32901	0.67716	169	123	72.7811
MOL.25588	0.31338	0.65299	249	223	89.5582
MOL.25592	0.34405	1.40691	21	0	0.0000
MOL.25593	0.31726	1.03122	202	0	0.0000
MOL.25594	0.30853	1.01957	552	0	0.0000
MOL.25598	0.38381	1.11499	29	0	0.0000
MOL.25600	0.32333	0.98296	150	0	0.0000
MOL.25601	0.32349	0.83221	645	250	38.7597
MOL.25605	0.31762	0.98548	33	0	0.0000
MOL.25606	0.29980	0.74578	212	185	87.2642
MOL.25611	0.31838	1.04186	221	0	0.0000
MOL.25623	0.31875	0.91641	144	20	13.8889
MOL.25627	0.37500	0.36581	34	34	100.0000
MOL.25629	0.32357	0.71987	427	389	91.1007
MOL.25631	0.33171	0.97124	271	0	0.0000
MOL.25635	0.29532	0.97849	68	63	92.6471
MOL.25636	0.33807	0.99877	541	0	0.0000
MOL.25637	0.32711	0.89831	39	0	0.0000
MOL.25648	0.31335	1.01926	644	0	0.0000
MOL.25658	0.32576	1.00759	231	0	0.0000
MOL.25661	0.32637	0.64835	134	130	97.0149
MOL.25663	0.33247	0.85846	133	96	72.1805
MOL.25667	0.34077	0.81076	243	224	92.1811
MOL.25670	0.31922	0.87581	57	55	96.4912
MOL.25675	0.39247	0.61374	122	35	28.6885
MOL.25679	0.32706	0.86217	396	323	81.5657
MOL.25680	0.29010	0.71162	39	36	92.3077
MOL.25684	0.31138	0.93849	221	0	0.0000
MOL.25685	0.31069	0.96384	254	136	53.5433
MOL.25689	0.31579	1.46075	25	0	0.0000
MOL.25691	0.32548	0.84852	92	0	0.0000
MOL.25694	0.31689	0.91390	23	15	65.2174
MOL.25696	0.32525	0.76989	20	20	100.0000
MOL.25702	0.32018	0.98357	1472	6	0.4076
MOL.25708	0.32309	0.82302	116	81	69.8276
MOL.25713	0.32840	0.71302	422	289	68.4834
MOL.25717	0.27342	0.72125	143	121	84.6154
MOL.25722	0.32319	0.95115	1143	120	10.4987
MOL.25723	0.31687	0.97579	1081	0	0.0000
MOL.25724	0.30062	0.76167	187	179	95.7219
MOL.25729	0.35977	0.81189	231	93	40.2597
MOL.25733	0.33173	0.99207	2654	292	11.0023
MOL.25747	0.31827	0.96641	120	2	1.6667
MOL.25751	0.34080	0.80368	657	602	91.6286
MOL.25753	0.25800	0.53351	33	32	96.9697
MOL.25754	0.30079	0.87265	33	0	0.0000
MOL.25755	0.31772	1.01588	601	18	2.9950
MOL.25766	0.31219	0.92723	2151	0	0.0000
MOL.25767	0.30714	0.85820	133	34	25.5639
MOL.25769	0.32698	0.71688	27	15	55.5556
MOL.25771	0.33358	0.69652	105	104	99.0476
MOL.25777	0.32157	0.88842	82	34	41.4634
MOL.25781	0.34010	1.17169	21	0	0.0000
MOL.25784	0.34303	1.05828	176	0	0.0000
MOL.25786	0.42958	1.31312	43	0	0.0000
MOL.25793	0.25842	0.93574	30	0	0.0000
MOL.25796	0.33417	1.00686	1624	0	0.0000
MOL.25803	0.31740	1.03415	445	0	0.0000
MOL.25806	0.33989	0.66209	165	158	95.7576
MOL.25809	0.31676	1.00070	1453	0	0.0000
MOL.25814	0.28552	0.96210	54	0	0.0000
MOL.25817	0.32133	0.63148	23	23	100.0000
MOL.25819	0.32147	0.78461	83	67	80.7229
MOL.25827	0.31919	0.96370	1810	0	0.0000
MOL.25831	0.32808	0.87461	426	0	0.0000
MOL.25833	0.32205	0.76637	23	0	0.0000
MOL.25835	0.34433	0.78655	297	287	96.6330
MOL.25839	0.26904	0.77568	51	47	92.1569
MOL.25841	0.31858	0.85709	489	260	53.1697
MOL.25846	0.30608	0.81932	55	0	0.0000
MOL.25850	0.40465	0.60165	58	0	0.0000
MOL.25857	0.31565	0.73101	105	0	0.0000
MOL.25866	0.32022	0.86391	83	0	0.0000
MOL.25886	0.35723	1.05258	133	0	0.0000
MOL.25892	0.31100	0.80413	96	0	0.0000
MOL.25895	0.28902	1.47732	32	0	0.0000
MOL.25902	0.31568	1.13763	255	0	0.0000
MOL.25909	0.26429	0.58893	32	0	0.0000
MOL.25933	0.40686	0.88605	25	0	0.0000
MOL.25934	0.36046	1.11991	22	0	0.0000
MOL.25936	0.35649	1.00389	46	0	0.0000
MOL.25942	0.33337	0.74078	88	71	80.6818
MOL.25957	0.39805	0.75598	239	0	0.0000
MOL.25965	0.31466	0.76636	158	127	80.3797
MOL.25966	0.31311	0.63349	55	40	72.7273
