gene	gc	cpg_oe	n_cpg	n_conf	pct_conf
gene_MP000004	0.33401	1.01866	58	46	79.3103
gene_MP000013	0.31363	1.02150	78	58	74.3590
gene_MP000043	0.30921	1.16203	125	0	0.0000
gene_MP000055	0.32275	0.88235	30	30	100.0000
gene_MP000088	0.32939	1.56674	1270	0	0.0000
gene_MP000098	0.35891	1.36739	73	0	0.0000
gene_MP000119	0.35557	1.32578	5223	0	0.0000
gene_MP000147	0.35405	1.26117	740	542	73.2432
gene_MP000170	0.35557	1.32578	815	580	71.1656
gene_MP000177	0.32291	0.96786	212	155	73.1132
gene_MP000197	0.33592	1.09263	226	0	0.0000
gene_MP000201	0.32000	0.82470	87	20	22.9885
gene_MP000207	0.33426	1.37956	3033	128	4.2202
gene_MP000230	0.32724	0.96181	165	143	86.6667
gene_MP000241	0.30514	1.16961	48	37	77.0833
gene_MP000242	0.30167	1.12441	64	41	64.0625
gene_MP000243	0.32005	0.68593	44	37	84.0909
gene_MP000244	0.32303	0.74748	48	39	81.2500
gene_MP000252	0.29590	1.04142	226	163	72.1239
gene_MP000255	0.44667	1.39285	128	96	75.0000
gene_MP000256	0.33069	1.52208	152	129	84.8684
gene_MP000257	0.30916	1.31539	87	61	70.1149
gene_MP000290	0.39756	1.12679	190	0	0.0000
gene_MP000302	0.52031	1.94566	1965	1	0.0509
gene_MP000303	0.35297	1.28152	142	131	92.2535
gene_MP000325	0.32078	1.29554	155	134	86.4516
gene_MP000330	0.36047	0.90577	70	50	71.4286
gene_MP000331	0.31945	1.14295	189	140	74.0741
gene_MP000347	0.31717	1.06099	201	146	72.6368
gene_MP000358	0.34200	1.02531	106	72	67.9245
gene_MP000362	0.36694	1.34336	164	129	78.6585
gene_MP000367	0.36724	1.05904	311	303	97.4277
gene_MP000372	0.42372	1.30488	119	75	63.0252
gene_MP000384	0.34303	1.27069	318	73	22.9560
gene_MP000388	0.31974	1.17163	161	115	71.4286
gene_MP000394	0.28472	0.98258	125	102	81.6000
gene_MP000396	0.35756	1.11089	169	109	64.4970
gene_MP000399	0.31930	1.14903	170	144	84.7059
gene_MP000403	0.36772	1.24016	154	124	80.5195
gene_MP000442	0.33768	1.13325	307	185	60.2606
gene_MP000451	0.46536	1.23338	71	47	66.1972
gene_MP000454	0.34015	1.30955	1180	275	23.3051
gene_MP000473	0.37050	1.36583	191	135	70.6806
gene_MP000483	0.30186	1.13762	231	210	90.9091
gene_MP000498	0.38047	1.37920	99	0	0.0000
gene_MP000514	0.33474	1.18429	579	382	65.9758
gene_MP000522	0.33339	1.31770	1210	721	59.5868
gene_MP000524	0.36040	1.29363	526	519	98.6692
gene_MP000559	0.37766	1.29043	1085	173	15.9447
gene_MP000564	0.31590	1.18113	875	193	22.0571
gene_MP000570	0.35775	1.14472	242	201	83.0579
gene_MP000587	0.30583	1.22323	630	12	1.9048
gene_MP000590	0.31833	1.23601	3161	0	0.0000
gene_MP000596	0.33086	1.57569	2785	141	5.0628
gene_MP000616	0.31729	1.19400	1352	160	11.8343
gene_MP000622	0.32546	0.94161	149	141	94.6309
gene_MP000636	0.32551	1.10713	336	0	0.0000
gene_MP000650	0.31806	1.22102	55	49	89.0909
gene_MP000663	0.34218	1.17321	62	21	33.8710
gene_MP000664	0.32458	1.17095	2761	0	0.0000
gene_MP000666	0.31861	1.02461	71	0	0.0000
gene_MP000674	0.34595	1.13525	437	389	89.0160
gene_MP000675	0.40045	1.19317	552	325	58.8768
gene_MP000686	0.34032	1.14495	627	214	34.1308
gene_MP000700	0.36110	1.47213	1304	220	16.8712
gene_MP000711	0.32300	1.27029	515	107	20.7767
gene_MP000720	0.35979	1.51885	878	103	11.7312
gene_MP000766	0.30956	0.99832	191	153	80.1047
gene_MP000774	0.36369	1.61418	29	25	86.2069
gene_MP000798	0.36157	1.52279	89	37	41.5730
gene_MP000808	0.34378	1.17084	181	106	58.5635
gene_MP000822	0.32546	1.54131	412	0	0.0000
gene_MP000846	0.37178	1.05995	429	392	91.3753
gene_MP000868	0.34381	1.39209	782	7	0.8951
gene_MP000887	0.33441	1.19110	1470	286	19.4558
gene_MP000890	0.34381	1.39209	13927	473	3.3963
gene_MP000923	0.33769	1.12666	285	0	0.0000
gene_MP000971	0.34482	1.19841	549	375	68.3060
gene_MP000981	0.35340	1.11340	857	660	77.0128
gene_MP000995	0.34070	1.16729	412	346	83.9806
gene_MP001004	0.38640	1.25089	380	362	95.2632
gene_MP001021	0.29251	1.25206	209	171	81.8182
gene_MP001065	0.34014	1.22798	111	101	90.9910
gene_MP001084	0.32041	1.47919	4888	0	0.0000
gene_MP001091	0.32427	1.53165	559	0	0.0000
gene_MP001170	0.32367	1.40652	1763	0	0.0000
gene_MP001210	0.32230	1.42119	530	100	18.8679
gene_MP001216	0.32671	1.28726	1218	116	9.5238
gene_MP001219	0.36253	1.27259	323	303	93.8080
gene_MP001224	0.33176	1.35410	891	232	26.0382
gene_MP001235	0.30999	0.99477	481	327	67.9834
gene_MP001270	0.31333	1.11307	137	101	73.7226
gene_MP001296	0.31986	1.04154	211	169	80.0948
gene_MP001302	0.28671	0.94249	828	161	19.4444
gene_MP001317	0.31722	1.31587	991	0	0.0000
gene_MP001337	0.32666	1.19632	145	36	24.8276
gene_MP001354	0.34621	1.29818	597	494	82.7471
gene_MP001389	0.37949	1.00171	652	594	91.1043
gene_MP001412	0.35396	1.23217	179	168	93.8547
gene_MP001443	0.34014	1.22798	168	154	91.6667
gene_MP001445	0.59986	1.14710	147	57	38.7755
gene_MP001456	0.34125	1.13076	97	90	92.7835
gene_MP001503	0.59614	1.12680	150	74	49.3333
gene_MP001521	0.30379	1.18272	244	185	75.8197
gene_MP001558	0.35429	1.23144	400	381	95.2500
gene_MP001566	0.30101	1.04367	84	66	78.5714
gene_MP001568	0.40000	1.42867	34	32	94.1176
gene_MP001586	0.33884	0.98772	99	0	0.0000
gene_MP001591	0.28890	0.99844	81	64	79.0123
gene_MP001597	0.31492	1.17175	2020	0	0.0000
gene_MP001601	0.51106	1.12601	93	0	0.0000
gene_MP001606	0.32113	1.29672	191	0	0.0000
gene_MP001630	0.52692	1.33163	48	0	0.0000
gene_MP001634	0.32562	1.34785	542	0	0.0000
gene_MP001637	0.39158	1.35664	58	31	53.4483
gene_MP001649	0.40896	1.13779	163	145	88.9571
gene_MP001650	0.33669	1.09631	181	137	75.6906
gene_MP001651	0.45337	1.10484	70	70	100.0000
gene_MP001652	0.35097	1.19230	34	18	52.9412
gene_MP001653	0.35055	1.00539	25	15	60.0000
gene_MP001670	0.40769	1.24971	163	117	71.7791
gene_MP001725	0.31627	1.24531	20	17	85.0000
gene_MP001727	0.32643	1.03807	98	91	92.8571
gene_MP001728	0.60000	1.33862	52	0	0.0000
gene_MP001729	0.60860	1.02556	44	0	0.0000
gene_MP001731	0.40826	1.24571	54	29	53.7037
gene_MP001732	0.36654	0.87541	46	27	58.6957
gene_MP001734	0.35223	0.92919	31	26	83.8710
gene_MP001736	0.38927	1.11612	37	37	100.0000
gene_MP001746	0.30901	0.68215	37	35	94.5946
gene_MP001758	0.51117	1.76490	1151	0	0.0000
gene_MP001766	0.34192	1.11358	65	30	46.1538
gene_MP001771	0.36686	1.16937	278	73	26.2590
gene_MP001834	0.28883	0.86285	212	158	74.5283
gene_MP001844	0.36417	1.61691	4063	12	0.2953
gene_MP001845	0.36247	0.99311	246	185	75.2033
gene_MP001848	0.29722	0.58835	23	0	0.0000
gene_MP001857	0.33433	1.11460	62	38	61.2903
gene_MP001869	0.31033	0.95676	25	22	88.0000
gene_MP001884	0.38316	1.64496	70	59	84.2857
gene_MP001886	0.30999	1.06921	65	0	0.0000
gene_MP001890	0.33503	1.32827	88	83	94.3182
gene_MP001898	0.37098	1.09466	54	40	74.0741
gene_MP001904	0.32508	1.16998	91	19	20.8791
gene_MP001908	0.34315	1.12788	206	183	88.8350
gene_MP001909	0.32756	1.10694	188	171	90.9574
gene_MP001910	0.34100	1.25940	339	306	90.2655
gene_MP001913	0.34617	1.08007	63	35	55.5556
gene_MP001914	0.31331	1.21585	40	27	67.5000
gene_MP001919	0.36660	1.06760	153	110	71.8954
gene_MP001928	0.29754	0.92053	81	62	76.5432
gene_MP001931	0.32453	1.30579	26	26	100.0000
gene_MP001936	0.34643	1.27225	32	7	21.8750
gene_MP001938	0.35111	1.54417	1722	0	0.0000
gene_MP001947	0.35216	1.45499	269	200	74.3494
gene_MP001960	0.35120	1.14113	147	129	87.7551
gene_MP001961	0.32758	1.17702	384	2	0.5208
gene_MP001963	0.37516	1.05615	87	0	0.0000
gene_MP001969	0.33260	1.39750	2843	0	0.0000
gene_MP001980	0.36549	1.18280	269	211	78.4387
gene_MP001985	0.30712	1.25193	268	239	89.1791
gene_MP001991	0.32101	1.02836	60	56	93.3333
gene_MP002002	0.30238	0.85699	34	28	82.3529
gene_MP002004	0.33297	1.03486	156	144	92.3077
gene_MP002006	0.35975	1.16774	30	30	100.0000
gene_MP002007	0.34229	0.86399	97	92	94.8454
gene_MP002012	0.31435	0.99145	217	184	84.7926
gene_MP002016	0.33299	0.96367	287	215	74.9129
gene_MP002017	0.30560	1.02150	110	74	67.2727
gene_MP002041	0.34848	1.01403	418	389	93.0622
gene_MP002046	0.27759	1.18429	27	11	40.7407
gene_MP002047	0.33839	1.21605	160	94	58.7500
gene_MP002066	0.32456	0.97719	68	32	47.0588
gene_MP002077	0.27132	1.71797	53	12	22.6415
gene_MP002083	0.34208	1.22121	286	138	48.2517
gene_MP002086	0.34916	1.00743	280	186	66.4286
gene_MP002094	0.32409	1.05620	381	235	61.6798
gene_MP002097	0.32475	0.82618	44	26	59.0909
gene_MP002098	0.35825	1.15107	2583	1872	72.4739
gene_MP002101	0.32765	1.14437	200	113	56.5000
gene_MP002107	0.69425	1.20240	127	0	0.0000
gene_MP002122	0.36084	0.98056	109	77	70.6422
gene_MP002127	0.31125	1.19777	94	65	69.1489
gene_MP002169	0.30990	0.87170	72	58	80.5556
gene_MP002174	0.33180	1.16342	292	272	93.1507
gene_MP002177	0.30452	0.65402	22	21	95.4545
gene_MP002183	0.37716	1.65866	276	194	70.2899
gene_MP002187	0.33172	1.04369	20	16	80.0000
gene_MP002213	0.34952	0.84764	73	62	84.9315
gene_MP002219	0.30807	0.94727	82	37	45.1220
gene_MP002222	0.41232	1.12732	163	4	2.4540
gene_MP002224	0.34456	1.13720	394	0	0.0000
gene_MP002230	0.34259	1.06271	129	1	0.7752
gene_MP002236	0.54035	1.13976	71	37	52.1127
gene_MP002244	0.42995	1.46851	63	23	36.5079
gene_MP002246	0.32004	1.37436	62	58	93.5484
gene_MP002260	0.34396	0.91471	110	103	93.6364
gene_MP002267	0.51724	1.49340	78	24	30.7692
gene_MP002275	0.30331	1.36000	34	31	91.1765
gene_MP002277	0.40058	1.47097	20	20	100.0000
gene_MP002285	0.69619	1.40246	44	0	0.0000
gene_MP002300	0.35326	0.91238	88	88	100.0000
gene_MP002312	0.33019	1.38276	990	97	9.7980
gene_MP002315	0.38841	2.08022	81	81	100.0000
gene_MP002329	0.32754	0.90489	113	86	76.1062
gene_MP002333	0.33572	1.35283	234	186	79.4872
gene_MP002337	0.33900	1.04824	519	0	0.0000
gene_MP002354	0.36998	1.43628	79	67	84.8101
gene_MP002366	0.32702	1.16493	1183	330	27.8952
gene_MP002374	0.33910	1.09196	65	55	84.6154
gene_MP002389	0.32108	0.90066	37	27	72.9730
gene_MP002411	0.33406	1.16714	285	222	77.8947
gene_MP002422	0.34817	1.11043	173	166	95.9538
gene_MP002424	0.35068	1.06634	211	194	91.9431
gene_MP002436	0.34129	1.22438	891	0	0.0000
gene_MP002451	0.34834	1.49956	1381	0	0.0000
gene_MP002456	0.41379	1.53488	22	13	59.0909
gene_MP002465	0.37156	1.06180	210	203	96.6667
gene_MP002468	0.32795	0.96655	48	46	95.8333
gene_MP002469	0.32744	1.42618	58	37	63.7931
gene_MP002472	0.32941	1.22955	2537	0	0.0000
gene_MP002491	0.53502	1.56431	362	281	77.6243
gene_MP002500	0.32128	1.09545	193	138	71.5026
gene_MP002502	0.36237	1.06419	30	30	100.0000
gene_MP002508	0.34762	1.07812	101	88	87.1287
gene_MP002525	0.32005	1.27445	83	0	0.0000
gene_MP002537	0.30975	1.22627	96	76	79.1667
gene_MP002564	0.48824	1.22073	37	34	91.8919
gene_MP002566	0.32097	1.20758	210	156	74.2857
gene_MP002569	0.34146	1.32948	1517	0	0.0000
gene_MP002576	0.31138	1.08401	47	22	46.8085
gene_MP002578	0.32148	1.02252	92	75	81.5217
gene_MP002587	0.34584	1.10702	26	14	53.8462
gene_MP002589	0.32686	1.24551	132	123	93.1818
gene_MP002597	0.41103	1.14076	62	38	61.2903
gene_MP002598	0.33094	1.26925	1069	40	3.7418
gene_MP002604	0.48177	1.46286	32	22	68.7500
gene_MP002614	0.33232	1.02538	65	40	61.5385
gene_MP002617	0.33852	1.65101	29	27	93.1034
gene_MP002673	0.34305	1.52597	117	102	87.1795
gene_MP002679	0.34504	0.86066	52	41	78.8462
gene_MP002692	0.36824	1.21475	154	125	81.1688
gene_MP002693	0.35465	1.22847	392	76	19.3878
gene_MP002734	0.34685	1.17795	55	36	65.4545
gene_MP002736	0.33497	0.86672	163	132	80.9816
gene_MP002741	0.53363	0.95247	46	0	0.0000
gene_MP002751	0.35694	1.09972	368	323	87.7717
gene_MP002763	0.31739	1.02856	56	46	82.1429
gene_MP002794	0.64972	1.26926	93	0	0.0000
gene_MP002827	0.38007	0.94906	228	178	78.0702
gene_MP002833	0.34991	1.13056	286	273	95.4545
gene_MP002839	0.34398	1.05873	589	462	78.4380
gene_MP002848	0.33202	0.83397	29	16	55.1724
gene_MP002851	0.35633	1.04726	91	56	61.5385
gene_MP002853	0.38265	1.58056	5125	0	0.0000
gene_MP002858	0.38451	1.29722	33	17	51.5152
gene_MP002872	0.39186	1.33448	80	74	92.5000
gene_MP002878	0.35670	1.01275	130	105	80.7692
gene_MP002881	0.32653	1.39673	34	23	67.6471
gene_MP002882	0.34358	1.20657	275	0	0.0000
gene_MP002886	0.33395	0.97700	59	50	84.7458
gene_MP002908	0.35362	1.22639	90	85	94.4444
gene_MP002910	0.33036	1.19526	219	191	87.2146
gene_MP002932	0.54556	1.11678	71	31	43.6620
gene_MP002945	0.64382	1.17471	181	93	51.3812
gene_MP002946	0.33333	1.18937	25	14	56.0000
gene_MP002954	0.33697	1.06832	86	74	86.0465
gene_MP002965	0.35757	1.09596	188	154	81.9149
gene_MP002974	0.37668	1.17912	171	121	70.7602
gene_MP002978	0.31372	1.20979	64	24	37.5000
gene_MP002986	0.34667	1.13619	174	0	0.0000
gene_MP002995	0.30720	0.86739	59	31	52.5424
gene_MP002997	0.30055	1.14758	117	37	31.6239
gene_MP003051	0.57274	1.21387	85	36	42.3529
gene_MP003055	0.34739	1.19514	91	54	59.3407
gene_MP003106	0.31582	1.09537	21	0	0.0000
gene_MP003125	0.37366	1.10823	249	238	95.5823
gene_MP003131	0.32320	1.14610	308	0	0.0000
gene_MP003136	0.33401	1.41643	71	0	0.0000
gene_MP003137	0.26056	1.39464	33	27	81.8182
gene_MP003142	0.31960	0.72727	26	0	0.0000
gene_MP003150	0.37631	1.32528	183	181	98.9071
gene_MP003169	0.36014	1.06217	68	47	69.1176
gene_MP003181	0.32404	1.07902	58	49	84.4828
gene_MP003186	0.34087	1.02744	277	178	64.2599
gene_MP003192	0.34043	0.77652	20	10	50.0000
gene_MP003202	0.31230	0.97389	102	52	50.9804
gene_MP003204	0.33592	1.17163	76	0	0.0000
gene_MP003219	0.33193	1.31920	303	256	84.4884
gene_MP003224	0.31894	1.26372	923	0	0.0000
gene_MP003226	0.31395	1.06689	127	121	95.2756
gene_MP003247	0.32694	1.19848	327	4	1.2232
gene_MP003248	0.30926	1.13314	138	0	0.0000
gene_MP003256	0.41889	1.17608	224	0	0.0000
gene_MP003261	0.32159	1.16986	579	167	28.8428
gene_MP003277	0.35989	1.11836	157	119	75.7962
gene_MP003303	0.32803	1.07895	65	0	0.0000
gene_MP003309	0.36332	0.97326	131	119	90.8397
gene_MP003341	0.40054	1.68737	99	85	85.8586
gene_MP003348	0.38060	1.54794	45	42	93.3333
gene_MP003362	0.31799	1.06415	267	206	77.1536
gene_MP003363	0.36173	1.27652	1057	271	25.6386
gene_MP003369	0.37375	1.37380	142	80	56.3380
gene_MP003371	0.34598	1.28923	260	232	89.2308
gene_MP003373	0.38756	1.29327	21	21	100.0000
gene_MP003378	0.32186	1.75622	51	36	70.5882
gene_MP003382	0.33885	1.26070	297	238	80.1347
gene_MP003389	0.26959	1.43425	33	31	93.9394
gene_MP003399	0.31925	1.15911	61	41	67.2131
gene_MP003404	0.45652	1.77398	89	83	93.2584
gene_MP003416	0.34797	1.39401	2914	23	0.7893
gene_MP003424	0.35413	1.22856	313	268	85.6230
gene_MP003425	0.47119	1.70037	1695	0	0.0000
gene_MP003431	0.45473	1.41299	71	32	45.0704
gene_MP003432	0.37561	1.22302	62	62	100.0000
gene_MP003435	0.29585	1.27845	78	0	0.0000
gene_MP003436	0.34771	1.20397	27	19	70.3704
gene_MP003439	0.32774	1.03414	52	31	59.6154
gene_MP003442	0.35180	1.35615	1561	0	0.0000
gene_MP003459	0.34652	1.37021	1378	0	0.0000
gene_MP003467	0.29048	0.96936	27	24	88.8889
gene_MP003471	0.33777	1.30866	4012	5	0.1246
gene_MP003473	0.44891	1.06542	32	4	12.5000
gene_MP003493	0.34797	1.39401	339	296	87.3156
gene_MP003494	0.28321	0.84656	37	24	64.8649
gene_MP003507	0.36648	1.28387	78	69	88.4615
gene_MP003514	0.59318	1.27000	42	9	21.4286
gene_MP003527	0.34982	1.06356	110	105	95.4545
gene_MP003532	0.30126	1.18207	53	29	54.7170
gene_MP003533	0.35392	1.07398	208	122	58.6538
gene_MP003570	0.33073	1.20368	674	0	0.0000
gene_MP003588	0.72638	1.28411	156	66	42.3077
gene_MP003595	0.31957	1.19544	187	134	71.6578
gene_MP003602	0.38756	1.29327	46	46	100.0000
gene_MP003610	0.37924	1.27922	202	0	0.0000
gene_MP003611	0.41369	1.23510	37	0	0.0000
gene_MP003614	0.33956	1.30506	858	218	25.4079
gene_MP003628	0.34026	1.03102	53	36	67.9245
gene_MP003629	0.35381	1.30164	356	213	59.8315
gene_MP003641	0.34935	1.40653	774	0	0.0000
gene_MP003650	0.35123	1.08387	128	102	79.6875
gene_MP003652	0.34107	1.21893	24	13	54.1667
gene_MP003667	0.35626	1.37854	124	97	78.2258
gene_MP003669	0.51896	1.28839	93	0	0.0000
gene_MP003691	0.37975	1.07403	283	274	96.8198
gene_MP003706	0.30727	0.86331	185	143	77.2973
gene_MP003713	0.33913	1.37164	2933	98	3.3413
gene_MP003725	0.34656	1.21666	224	194	86.6071
gene_MP003734	0.28614	0.80968	22	16	72.7273
gene_MP003749	0.31531	0.81489	125	100	80.0000
gene_MP003750	0.30862	1.16977	161	145	90.0621
gene_MP003751	0.35262	1.15434	214	202	94.3925
gene_MP003754	0.38880	1.32988	119	75	63.0252
gene_MP003759	0.34443	1.79537	32	15	46.8750
gene_MP003766	0.34344	1.33635	364	349	95.8791
gene_MP003775	0.40731	1.36689	904	139	15.3761
gene_MP003780	0.33180	1.10080	106	73	68.8679
gene_MP003804	0.30063	0.84882	24	18	75.0000
gene_MP003808	0.43049	1.22693	38	3	7.8947
gene_MP003817	0.38756	1.29327	203	186	91.6256
gene_MP003827	0.34717	1.11283	83	57	68.6747
gene_MP003833	0.40196	1.52321	137	0	0.0000
gene_MP003838	0.28889	1.05720	107	92	85.9813
gene_MP003849	0.34918	1.33302	72	25	34.7222
gene_MP003864	0.39762	1.28230	149	124	83.2215
gene_MP003890	0.30924	0.93587	42	31	73.8095
gene_MP003894	0.34642	1.49416	1849	0	0.0000
gene_MP003901	0.32143	1.17413	163	0	0.0000
gene_MP003906	0.32766	0.99171	228	175	76.7544
gene_MP003907	0.41526	1.90482	147	89	60.5442
gene_MP003908	0.30805	1.31503	81	0	0.0000
gene_MP003910	0.34781	1.07839	246	165	67.0732
gene_MP003912	0.38192	1.34373	52	37	71.1538
gene_MP003916	0.36485	1.09378	163	144	88.3436
gene_MP003918	0.33920	1.41730	1374	0	0.0000
gene_MP003947	0.59350	0.98531	32	7	21.8750
gene_MP003952	0.30932	1.02848	154	134	87.0130
gene_MP003966	0.35326	1.12663	294	248	84.3537
gene_MP003975	0.30547	1.10272	40	19	47.5000
gene_MP003991	0.30102	1.23982	44	25	56.8182
gene_MP003994	0.43154	1.16027	93	67	72.0430
gene_MP003996	0.29424	1.04503	42	35	83.3333
gene_MP004040	0.65486	1.38728	113	33	29.2035
gene_MP004044	0.54000	0.97561	32	13	40.6250
gene_MP004057	0.35952	1.05210	214	203	94.8598
gene_MP004065	0.35145	0.93260	98	70	71.4286
gene_MP004070	0.52694	0.97492	80	0	0.0000
gene_MP004072	0.42968	1.66431	148	109	73.6486
gene_MP004086	0.36513	1.20393	81	60	74.0741
gene_MP004107	0.58674	1.04213	46	5	10.8696
gene_MP004109	0.31399	1.17903	39	36	92.3077
gene_MP004117	0.34221	1.15840	126	104	82.5397
gene_MP004119	0.30906	0.93609	114	95	83.3333
gene_MP004131	0.30745	1.09402	107	78	72.8972
gene_MP004146	0.34479	1.28980	493	342	69.3712
gene_MP004167	0.33080	1.36671	305	0	0.0000
gene_MP004184	0.33870	1.08170	386	110	28.4974
gene_MP004200	0.28945	1.11467	90	0	0.0000
gene_MP004244	0.36433	1.03450	516	289	56.0078
gene_MP004260	0.30169	1.26154	334	0	0.0000
gene_MP004273	0.31969	1.00190	105	85	80.9524
gene_MP004305	0.32131	1.15084	123	0	0.0000
gene_MP004331	0.36758	1.04965	88	76	86.3636
gene_MP004367	0.33095	1.04067	361	271	75.0693
gene_MP004374	0.34036	1.10770	30	25	83.3333
gene_MP004385	0.30324	1.43546	115	0	0.0000
gene_MP004390	0.34773	1.03701	323	309	95.6656
gene_MP004391	0.37723	1.01247	355	315	88.7324
gene_MP004397	0.35269	1.22466	652	575	88.1902
gene_MP004405	0.30925	0.81712	25	22	88.0000
gene_MP004406	0.34528	1.13494	167	135	80.8383
gene_MP004413	0.32899	1.31328	1815	152	8.3747
gene_MP004430	0.34042	1.21799	82	53	64.6341
gene_MP004443	0.32390	1.25495	4164	0	0.0000
gene_MP004467	0.42942	1.73268	109	54	49.5413
gene_MP004474	0.31383	0.92270	65	55	84.6154
gene_MP004476	0.30924	1.14926	499	431	86.3727
gene_MP004482	0.33412	1.34787	2321	241	10.3835
gene_MP004483	0.33652	1.27351	1363	59	4.3287
gene_MP004488	0.31872	1.41345	545	0	0.0000
gene_MP004510	0.31501	1.07405	206	174	84.4660
gene_MP004531	0.35196	1.24525	426	330	77.4648
gene_MP004552	0.26822	1.06813	70	0	0.0000
gene_MP004557	0.30494	0.95369	127	89	70.0787
gene_MP004559	0.36635	0.83735	54	54	100.0000
gene_MP004562	0.33511	1.42531	1436	0	0.0000
gene_MP004569	0.31611	0.99516	92	70	76.0870
gene_MP004572	0.31539	1.31598	1019	55	5.3974
gene_MP004577	0.35675	1.56898	327	0	0.0000
gene_MP004587	0.35349	1.48233	170	130	76.4706
gene_MP004590	0.36333	0.88825	150	134	89.3333
gene_MP004592	0.31751	1.15781	437	224	51.2586
gene_MP004598	0.34183	1.43991	1456	0	0.0000
gene_MP004603	0.31126	1.09597	419	336	80.1909
gene_MP004609	0.31113	0.77224	37	25	67.5676
gene_MP004610	0.30913	1.26857	89	64	71.9101
gene_MP004630	0.33720	1.21886	170	0	0.0000
gene_MP004653	0.32569	1.29715	117	112	95.7265
gene_MP004659	0.34103	1.48443	71	43	60.5634
gene_MP004667	0.32605	1.34240	2057	0	0.0000
gene_MP004674	0.31372	1.10180	769	53	6.8921
gene_MP004677	0.42127	1.78569	1186	39	3.2884
gene_MP004678	0.38398	1.35813	90	80	88.8889
gene_MP004682	0.38451	1.44527	75	66	88.0000
gene_MP004686	0.30588	1.10199	64	47	73.4375
gene_MP004693	0.33643	1.19348	301	0	0.0000
gene_MP004701	0.35276	1.03861	194	168	86.5979
gene_MP004735	0.34353	1.31224	3707	334	9.0100
gene_MP004770	0.32605	1.34240	2058	60	2.9155
gene_MP004792	0.36874	1.04311	103	99	96.1165
gene_MP004800	0.34057	1.05213	36	36	100.0000
gene_MP004845	0.40897	0.76307	116	97	83.6207
gene_MP004881	0.57132	1.31091	273	0	0.0000
gene_MP004889	0.34411	1.22841	84	84	100.0000
gene_MP004890	0.34015	1.32027	894	212	23.7136
gene_MP004937	0.47439	0.76737	38	0	0.0000
gene_MP004969	0.31283	1.21634	74	55	74.3243
gene_MP004970	0.33558	1.28881	3209	0	0.0000
gene_MP005058	0.35314	1.18173	55	0	0.0000
gene_MP005075	0.33396	1.30229	772	73	9.4560
gene_MP005082	0.30132	1.03155	166	96	57.8313
gene_MP005085	0.31068	1.35563	489	419	85.6851
gene_MP005098	0.33904	1.27139	898	652	72.6058
gene_MP005127	0.32545	1.15144	221	136	61.5385
gene_MP005134	0.33737	1.00510	317	67	21.1356
gene_MP005140	0.29682	1.08569	64	42	65.6250
gene_MP005144	0.29043	1.16865	23	9	39.1304
gene_MP005189	0.32175	0.86894	153	135	88.2353
gene_MP005191	0.32177	1.23385	797	275	34.5044
gene_MP005232	0.32552	1.39376	307	0	0.0000
gene_MP005259	0.33810	1.11132	202	176	87.1287
gene_MP005261	0.33918	1.34359	3455	0	0.0000
gene_MP005265	0.34457	1.14610	463	16	3.4557
gene_MP005266	0.33522	1.39649	999	0	0.0000
gene_MP005278	0.27419	0.94429	44	44	100.0000
gene_MP005300	0.36275	1.03736	210	203	96.6667
gene_MP005334	0.31477	1.31849	1420	0	0.0000
gene_MP005345	0.33343	1.24958	118	110	93.2203
gene_MP005388	0.31579	1.08652	351	85	24.2165
gene_MP005394	0.34162	1.35138	375	49	13.0667
gene_MP005411	0.33138	1.38880	892	31	3.4753
gene_MP005437	0.33823	1.30021	58	46	79.3103
gene_MP005465	0.28491	1.21989	205	121	59.0244
gene_MP005486	0.35059	1.23109	48	23	47.9167
gene_MP005489	0.36490	1.57733	2510	140	5.5777
gene_MP005520	0.34256	1.46547	750	265	35.3333
gene_MP005523	0.31276	1.55193	281	262	93.2384
gene_MP005574	0.40906	1.06246	135	24	17.7778
gene_MP005582	0.33960	0.94902	144	0	0.0000
gene_MP005603	0.33552	0.97742	481	345	71.7256
gene_MP005618	0.34561	1.38743	150	140	93.3333
gene_MP005669	0.31380	0.93743	271	221	81.5498
gene_MP005688	0.33857	1.26019	195	142	72.8205
gene_MP005693	0.46256	1.57639	58	26	44.8276
gene_MP005706	0.40595	1.81361	235	235	100.0000
gene_MP005711	0.33653	1.35189	220	187	85.0000
gene_MP005733	0.32688	1.19640	423	406	95.9811
gene_MP005735	0.32449	1.34263	424	103	24.2925
gene_MP005738	0.67831	1.38919	152	50	32.8947
gene_MP005766	0.33752	1.26284	143	118	82.5175
gene_MP005779	0.36950	1.11988	199	169	84.9246
gene_MP005782	0.33333	0.76228	20	20	100.0000
gene_MP005794	0.33522	1.39649	1876	256	13.6461
gene_MP005797	0.31260	1.01753	85	62	72.9412
gene_MP005798	0.33524	1.08692	139	123	88.4892
gene_MP005801	0.33488	1.14519	34	30	88.2353
gene_MP005807	0.33641	1.34978	598	403	67.3913
gene_MP005877	0.32488	1.10160	304	157	51.6447
gene_MP005884	0.34181	0.96249	86	78	90.6977
gene_MP005923	0.34968	1.24934	1310	198	15.1145
gene_MP005927	0.33807	1.37944	1878	36	1.9169
gene_MP005930	0.33665	1.35349	686	51	7.4344
gene_MP005932	0.34043	0.97563	203	190	93.5961
gene_MP005936	0.32300	0.88839	41	0	0.0000
gene_MP005955	0.43336	1.38199	81	80	98.7654
gene_MP005966	0.30123	0.78975	29	28	96.5517
gene_MP005981	0.31573	1.28818	3321	0	0.0000
gene_MP006018	0.33139	1.35716	138	23	16.6667
gene_MP006023	0.34932	1.25113	21	19	90.4762
gene_MP006025	0.33085	1.60512	2781	0	0.0000
gene_MP006039	0.63693	0.99117	81	34	41.9753
gene_MP006071	0.35402	1.01210	348	278	79.8851
gene_MP006110	0.58399	0.87532	56	3	5.3571
gene_MP006113	0.31414	1.30896	1641	0	0.0000
gene_MP006139	0.33970	1.09094	260	247	95.0000
gene_MP006142	0.32305	1.39121	405	36	8.8889
gene_MP006162	0.32868	1.30604	2291	0	0.0000
gene_MP006202	0.35039	0.79102	37	22	59.4595
gene_MP006206	0.32374	1.25267	1967	171	8.6934
gene_MP006261	0.35048	1.31533	2988	0	0.0000
gene_MP006278	0.32778	1.12201	689	356	51.6691
gene_MP006292	0.30567	1.12611	170	97	57.0588
gene_MP006302	0.44778	1.71086	354	0	0.0000
gene_MP006331	0.29992	1.01209	21	12	57.1429
gene_MP006355	0.33908	1.02200	85	83	97.6471
gene_MP006361	0.33475	1.29033	1739	0	0.0000
gene_MP006367	0.32020	1.14178	155	110	70.9677
gene_MP006387	0.33586	1.14706	166	130	78.3133
gene_MP006398	0.67657	1.43348	205	44	21.4634
gene_MP006418	0.30573	1.01193	125	114	91.2000
gene_MP006480	0.30991	1.35800	309	268	86.7314
gene_MP006507	0.31723	1.16883	230	200	86.9565
gene_MP006509	0.32470	1.20358	78	0	0.0000
gene_MP006512	0.34069	1.08419	352	297	84.3750
gene_MP006582	0.33416	1.21340	108	82	75.9259
gene_MP006584	0.33100	1.11500	245	173	70.6122
gene_MP006587	0.27021	0.85702	52	52	100.0000
gene_MP006622	0.35056	1.09301	131	8	6.1069
gene_MP006623	0.35293	1.12213	187	148	79.1444
gene_MP006664	0.35293	1.12213	301	39	12.9568
gene_MP006768	0.35093	1.07032	131	130	99.2366
gene_MP006782	0.34599	1.36615	1796	312	17.3719
gene_MP006811	0.30913	1.26857	68	58	85.2941
gene_MP006868	0.33671	1.19071	750	290	38.6667
gene_MP006878	0.34914	1.25483	156	110	70.5128
gene_MP006879	0.34987	1.20687	21	13	61.9048
gene_MP006881	0.30948	1.07154	91	78	85.7143
gene_MP006883	0.32044	0.99035	582	430	73.8832
gene_MP006886	0.32456	1.40277	2680	0	0.0000
gene_MP006940	0.30353	0.88378	83	79	95.1807
gene_MP006953	0.28159	0.80914	53	41	77.3585
gene_MP006957	0.33841	1.08849	139	128	92.0863
gene_MP006963	0.33184	1.35064	3378	126	3.7300
gene_MP006966	0.30221	1.20593	2949	0	0.0000
gene_MP006974	0.35131	1.37267	475	0	0.0000
gene_MP006980	0.34267	1.35776	2515	0	0.0000
gene_MP006983	0.35197	1.27946	35	0	0.0000
gene_MP006990	0.35552	1.40008	4623	305	6.5974
gene_MP007007	0.35980	0.98624	289	244	84.4291
gene_MP007013	0.60220	1.43681	270	170	62.9630
gene_MP007026	0.37389	1.41849	208	194	93.2692
gene_MP007029	0.33125	1.15102	392	304	77.5510
gene_MP007031	0.33392	1.32101	3448	870	25.2320
gene_MP007037	0.29100	0.92406	203	140	68.9655
gene_MP007058	0.34097	1.34652	6408	0	0.0000
gene_MP007060	0.32888	0.98490	279	260	93.1900
gene_MP007064	0.32864	1.37411	1503	90	5.9880
gene_MP007068	0.32462	1.18056	51	50	98.0392
gene_MP007072	0.32574	1.14796	346	316	91.3295
gene_MP007075	0.35722	1.03409	330	208	63.0303
gene_MP007077	0.33316	1.36134	1255	6	0.4781
gene_MP007082	0.35831	0.96530	148	140	94.5946
gene_MP007085	0.33276	1.07214	191	162	84.8168
gene_MP007089	0.31576	0.92399	38	18	47.3684
gene_MP007098	0.33787	1.20048	1765	286	16.2040
gene_MP007101	0.34252	0.91685	35	13	37.1429
gene_MP007104	0.57443	1.62095	342	0	0.0000
gene_MP007107	0.57404	1.63116	344	0	0.0000
gene_MP007115	0.33596	1.22057	384	351	91.4062
gene_MP007134	0.34997	1.09987	56	45	80.3571
gene_MP007139	0.56979	1.35512	362	0	0.0000
gene_MP007154	0.32313	1.31163	255	214	83.9216
gene_MP007158	0.41834	1.39746	54	54	100.0000
gene_MP007186	0.31810	1.22390	979	151	15.4239
gene_MP007217	0.35616	1.16142	621	565	90.9823
gene_MP007224	0.36282	1.17297	163	120	73.6196
gene_MP007255	0.37060	1.14142	787	706	89.7078
gene_MP007260	0.33843	1.25216	886	5	0.5643
gene_MP007270	0.31260	1.01753	227	197	86.7841
gene_MP007275	0.34049	1.39695	93	77	82.7957
gene_MP007280	0.42160	1.70080	191	0	0.0000
gene_MP007281	0.36018	1.16742	2132	416	19.5122
gene_MP007282	0.32461	1.10568	210	126	60.0000
gene_MP007284	0.33912	1.35204	923	103	11.1593
gene_MP007298	0.34521	1.42875	273	12	4.3956
gene_MP007312	0.31975	1.07057	26	7	26.9231
gene_MP007325	0.34635	1.27024	119	101	84.8739
gene_MP007348	0.33296	1.26775	1107	567	51.2195
gene_MP007355	0.31968	1.20711	423	287	67.8487
gene_MP007357	0.33296	1.26775	60	0	0.0000
gene_MP007370	0.32200	1.06689	252	234	92.8571
gene_MP007404	0.31975	1.07057	199	178	89.4472
gene_MP007436	0.29135	0.97981	57	47	82.4561
gene_MP007437	0.32940	1.05300	218	0	0.0000
gene_MP007439	0.34062	1.19246	280	260	92.8571
gene_MP007463	0.34222	1.22042	37	0	0.0000
gene_MP007464	0.33026	1.04351	386	323	83.6788
gene_MP007467	0.37626	1.03258	605	544	89.9174
gene_MP007481	0.36585	0.96555	233	226	96.9957
gene_MP007482	0.32589	1.39715	2451	0	0.0000
gene_MP007600	0.38292	1.13373	419	372	88.7828
gene_MP007618	0.33848	1.14228	998	0	0.0000
gene_MP007642	0.34877	1.30238	887	649	73.1680
gene_MP007655	0.34797	1.19021	117	105	89.7436
gene_MP007658	0.33783	1.27884	3342	32	0.9575
gene_MP007662	0.34200	1.04744	127	111	87.4016
gene_MP007665	0.36054	1.04209	134	95	70.8955
gene_MP007673	0.33083	1.24305	138	104	75.3623
gene_MP007674	0.32996	1.34698	735	610	82.9932
gene_MP007676	0.34084	1.17355	628	418	66.5605
gene_MP007803	0.26840	1.10801	454	210	46.2555
gene_MP007809	0.32632	0.94141	37	32	86.4865
gene_MP007813	0.34067	1.18067	974	919	94.3532
gene_MP007835	0.31623	1.27861	161	130	80.7453
gene_MP007839	0.34581	1.35975	360	199	55.2778
gene_MP007844	0.34250	1.32592	187	31	16.5775
gene_MP007899	0.32843	1.14399	33	25	75.7576
gene_MP007901	0.29167	1.37047	764	0	0.0000
gene_MP007916	0.34232	1.10911	235	0	0.0000
gene_MP007920	0.38199	1.23865	105	100	95.2381
gene_MP007923	0.32881	1.47330	234	0	0.0000
gene_MP007966	0.34292	1.28686	1025	0	0.0000
gene_MP007981	0.33559	1.04650	322	270	83.8509
gene_MP008003	0.38021	1.36937	38	22	57.8947
gene_MP008028	0.34540	1.12686	212	155	73.1132
gene_MP008031	0.39065	1.10051	370	0	0.0000
gene_MP008040	0.35755	1.01834	158	128	81.0127
gene_MP008100	0.27637	1.04533	155	121	78.0645
gene_MP008147	0.31202	1.30538	1736	0	0.0000
gene_MP008199	0.35655	1.22689	1227	664	54.1157
gene_MP008233	0.38848	1.52744	213	170	79.8122
gene_MP008296	0.36627	1.09602	1248	0	0.0000
gene_MP008438	0.54817	1.31367	127	0	0.0000
gene_MP008484	0.43937	1.39213	292	265	90.7534
gene_MP008531	0.33775	1.15534	238	0	0.0000
gene_MP008668	0.34433	1.22623	626	547	87.3802
gene_MP008675	0.46213	1.43129	128	125	97.6562
gene_MP008686	0.45218	1.39590	21	21	100.0000
gene_MP008689	0.32073	0.97677	37	27	72.9730
gene_MP008691	0.38226	1.43303	159	6	3.7736
gene_MP008695	0.34420	1.03907	144	129	89.5833
gene_MP008716	0.31561	0.84639	116	109	93.9655
gene_MP008718	0.34400	0.94912	431	214	49.6520
gene_MP008724	0.34609	1.22400	804	458	56.9652
gene_MP008739	0.32517	1.30262	4658	0	0.0000
gene_MP008746	0.34854	0.90212	194	171	88.1443
gene_MP008763	0.31877	0.94486	86	79	91.8605
gene_MP008777	0.35461	1.29663	4220	625	14.8104
gene_MP008779	0.38226	1.43303	111	111	100.0000
gene_MP008800	0.35005	1.27058	1009	429	42.5173
gene_MP008802	0.29245	1.07681	49	41	83.6735
gene_MP008818	0.37068	1.05376	114	110	96.4912
gene_MP008838	0.35118	0.83393	36	27	75.0000
gene_MP008869	0.34310	1.20373	125	0	0.0000
gene_MP008872	0.35000	1.55414	1407	1	0.0711
gene_MP008875	0.34202	1.43375	8564	0	0.0000
gene_MP008878	0.37105	0.95961	94	79	84.0426
gene_MP008895	0.34452	1.31491	2435	0	0.0000
gene_MP008902	0.34279	1.53177	20	11	55.0000
gene_MP008904	0.37389	1.41849	84	57	67.8571
gene_MP008906	0.32252	1.52042	58	45	77.5862
gene_MP008927	0.33795	1.35050	971	0	0.0000
gene_MP008950	0.35005	1.27058	2316	561	24.2228
gene_MP008951	0.35555	1.17021	448	266	59.3750
gene_MP008956	0.37327	1.04899	37	0	0.0000
gene_MP008966	0.31811	1.26983	1399	0	0.0000
gene_MP008979	0.33880	1.13667	106	0	0.0000
gene_MP009005	0.39001	1.28588	41	0	0.0000
gene_MP009050	0.35674	1.37244	645	608	94.2636
gene_MP009054	0.30367	1.12380	386	326	84.4560
gene_MP009056	0.33044	1.07077	242	65	26.8595
gene_MP009064	0.33970	0.96418	208	169	81.2500
gene_MP009087	0.33735	1.01860	254	205	80.7087
gene_MP009088	0.35853	1.27804	539	131	24.3043
gene_MP009097	0.31079	1.01974	201	121	60.1990
gene_MP009125	0.38245	1.43294	88	82	93.1818
gene_MP009138	0.33078	0.99126	159	83	52.2013
gene_MP009141	0.31853	1.13890	277	63	22.7437
gene_MP009148	0.35272	1.49656	3967	0	0.0000
gene_MP009179	0.32924	1.27738	68	49	72.0588
gene_MP009180	0.37180	1.34364	1169	56	4.7904
gene_MP009207	0.29237	1.02003	76	38	50.0000
gene_MP009208	0.34908	1.17316	91	66	72.5275
gene_MP009218	0.32619	1.15896	399	0	0.0000
gene_MP009224	0.54970	1.61638	137	0	0.0000
gene_MP009234	0.54874	1.61081	137	0	0.0000
gene_MP009236	0.36719	1.78699	50	44	88.0000
gene_MP009257	0.33767	1.04884	124	24	19.3548
gene_MP009270	0.34436	1.08380	435	403	92.6437
gene_MP009282	0.45559	1.25393	259	0	0.0000
gene_MP009284	0.45635	1.26885	207	0	0.0000
gene_MP009312	0.44567	1.30492	53	0	0.0000
gene_MP009314	0.42031	2.04824	76	61	80.2632
gene_MP009316	0.34701	1.28333	511	0	0.0000
gene_MP009329	0.32924	1.27738	853	745	87.3388
gene_MP009333	0.34739	1.28460	283	76	26.8551
gene_MP009343	0.33880	1.13667	780	0	0.0000
gene_MP009377	0.30072	1.22252	149	121	81.2081
gene_MP009385	0.32890	1.45731	902	11	1.2195
gene_MP009420	0.33843	1.25216	95	9	9.4737
gene_MP009428	0.33676	1.01730	200	144	72.0000
gene_MP009474	0.51304	1.01884	72	0	0.0000
gene_MP009486	0.32530	1.25267	352	183	51.9886
gene_MP009489	0.35897	1.00230	34	1	2.9412
gene_MP009499	0.32353	1.40544	3017	20	0.6629
gene_MP009524	0.36459	1.17042	1080	970	89.8148
gene_MP009540	0.33175	1.28897	394	309	78.4264
gene_MP009552	0.34479	1.28980	539	452	83.8590
gene_MP009576	0.32777	1.20023	1146	233	20.3316
gene_MP009597	0.33843	1.25216	702	2	0.2849
gene_MP009632	0.31341	1.22699	40	31	77.5000
gene_MP009637	0.32365	1.15345	2239	0	0.0000
gene_MP009644	0.40815	1.31913	87	62	71.2644
gene_MP009671	0.35904	1.42356	2099	0	0.0000
gene_MP009680	0.37543	1.39030	768	101	13.1510
gene_MP009712	0.37680	1.05612	47	0	0.0000
gene_MP009749	0.32837	1.42732	729	56	7.6818
gene_MP009839	0.33523	1.35436	66	0	0.0000
gene_MP009859	0.34712	1.17273	1055	0	0.0000
gene_MP009885	0.30047	0.89616	385	230	59.7403
gene_MP009890	0.30102	1.18295	316	0	0.0000
gene_MP009920	0.41829	1.19965	43	43	100.0000
gene_MP009958	0.36638	1.25521	199	170	85.4271
gene_MP010037	0.33379	1.21325	965	0	0.0000
gene_MP010050	0.30600	0.93111	185	104	56.2162
gene_MP010052	0.33423	1.12512	175	156	89.1429
gene_MP010065	0.35744	1.10337	108	100	92.5926
gene_MP010086	0.37347	1.18314	554	100	18.0505
gene_MP010101	0.51702	1.72133	446	336	75.3363
gene_MP010122	0.31776	1.34666	752	0	0.0000
gene_MP010157	0.36488	1.04243	30	24	80.0000
gene_MP010283	0.31440	1.04704	85	64	75.2941
gene_MP010366	0.34067	1.23880	44	0	0.0000
gene_MP010371	0.30448	0.94070	58	32	55.1724
gene_MP010375	0.31907	1.11867	120	96	80.0000
gene_MP010379	0.31746	1.27150	119	0	0.0000
gene_MP010387	0.37487	1.31577	43	31	72.0930
gene_MP010393	0.39431	1.15457	74	71	95.9459
gene_MP010400	0.41839	1.12371	123	0	0.0000
gene_MP010402	0.59115	0.83435	64	0	0.0000
gene_MP010405	0.35630	1.62187	126	67	53.1746
gene_MP010417	0.30006	1.03741	119	96	80.6723
gene_MP010434	0.31069	1.09504	21	9	42.8571
gene_MP010481	0.67143	1.03850	49	11	22.4490
gene_MP010490	0.41569	1.00385	126	95	75.3968
gene_MP010518	0.35585	1.13097	415	12	2.8916
gene_MP010529	0.30203	1.18220	287	9	3.1359
gene_MP010533	0.41086	1.28706	46	10	21.7391
gene_MP010534	0.38486	0.94345	22	9	40.9091
gene_MP010549	0.32257	1.22090	352	0	0.0000
gene_MP010554	0.50275	1.04498	24	0	0.0000
gene_MP010560	0.41386	1.04376	40	0	0.0000
gene_MP010567	0.30430	0.83409	48	36	75.0000
gene_MP010570	0.45137	1.26636	59	36	61.0169
gene_MP010588	0.32857	1.26968	361	107	29.6399
gene_MP010638	0.35888	0.77762	33	26	78.7879
gene_MP010647	0.39861	1.05707	90	58	64.4444
gene_MP010668	0.35583	1.10666	36	0	0.0000
gene_MP010673	0.32635	1.00107	82	77	93.9024
gene_MP010677	0.70341	1.27375	61	0	0.0000
gene_MP010697	0.44639	1.18610	27	0	0.0000
gene_MP010700	0.34440	1.25562	84	70	83.3333
gene_MP010702	0.35595	0.81518	26	26	100.0000
gene_MP010706	0.34659	1.41224	49	22	44.8980
gene_MP010709	0.30472	0.92698	103	74	71.8447
gene_MP010712	0.32110	1.34426	78	62	79.4872
gene_MP010721	0.44272	1.58480	561	54	9.6257
gene_MP010731	0.32758	0.93987	127	103	81.1024
gene_MP010735	0.32941	1.44868	106	106	100.0000
gene_MP010745	0.37711	1.10658	253	85	33.5968
gene_MP010763	0.64097	1.58354	867	0	0.0000
gene_MP010768	0.37234	1.30142	21	21	100.0000
gene_MP010770	0.45437	1.77542	578	81	14.0138
gene_MP010774	0.45304	1.35162	138	0	0.0000
gene_MP010785	0.37360	0.96238	63	63	100.0000
gene_MP010786	0.32829	1.51275	950	0	0.0000
gene_MP010790	0.36774	1.83829	116	94	81.0345
gene_MP010791	0.33365	1.15858	474	0	0.0000
gene_MP010792	0.48252	1.23776	84	0	0.0000
gene_MP010800	0.48778	1.19293	63	0	0.0000
gene_MP010804	0.34614	1.00170	128	73	57.0312
gene_MP010824	0.52795	1.20000	40	0	0.0000
gene_MP010828	0.31659	1.18403	71	0	0.0000
gene_MP010831	0.39206	1.40354	217	0	0.0000
gene_MP010846	0.71041	1.27696	100	0	0.0000
gene_MP010849	0.30464	1.13838	2856	4	0.1401
gene_MP010943	0.70343	1.22102	123	0	0.0000
gene_MP010950	0.30960	1.33926	208	0	0.0000
gene_MP010981	0.29947	1.05123	40	0	0.0000
gene_MP010991	0.31901	0.99803	117	108	92.3077
gene_MP010995	0.33256	1.24723	730	222	30.4110
gene_MP011004	0.33227	1.65451	128	116	90.6250
gene_MP011012	0.34428	0.88266	98	84	85.7143
gene_MP011024	0.34233	1.32000	2833	171	6.0360
gene_MP011030	0.30099	0.84006	46	15	32.6087
gene_MP011035	0.32648	1.10820	119	81	68.0672
gene_MP011037	0.34398	1.03572	21	20	95.2381
gene_MP011040	0.34324	1.00979	58	43	74.1379
gene_MP011041	0.31813	1.10526	68	24	35.2941
gene_MP011043	0.37282	1.51037	1778	200	11.2486
gene_MP011046	0.31306	1.34903	1833	0	0.0000
gene_MP011059	0.31388	1.12220	169	158	93.4911
gene_MP011060	0.35541	1.19846	84	84	100.0000
gene_MP011067	0.32530	1.52870	310	262	84.5161
gene_MP011070	0.31370	1.15477	206	150	72.8155
gene_MP011079	0.30947	1.36736	1167	0	0.0000
gene_MP011086	0.36163	1.02554	252	151	59.9206
gene_MP011088	0.34022	1.15210	305	0	0.0000
gene_MP011090	0.31956	1.05779	178	135	75.8427
gene_MP011120	0.33856	1.19788	41	23	56.0976
gene_MP011153	0.36364	1.09254	282	250	88.6525
gene_MP011155	0.30754	0.93573	44	38	86.3636
gene_MP011156	0.29065	1.09820	87	74	85.0575
gene_MP011157	0.33317	1.29745	75	66	88.0000
gene_MP011174	0.40460	0.94442	52	29	55.7692
gene_MP011185	0.38314	1.25150	174	140	80.4598
gene_MP011235	0.35730	1.49741	276	232	84.0580
gene_MP011236	0.34701	1.16519	403	334	82.8784
gene_MP011249	0.76561	1.28681	230	0	0.0000
gene_MP011265	0.36290	1.03201	239	0	0.0000
gene_MP011267	0.33285	1.19435	1431	0	0.0000
gene_MP011277	0.36294	1.34186	213	106	49.7653
gene_MP011282	0.77391	1.10526	33	0	0.0000
gene_MP011287	0.43358	1.03448	212	0	0.0000
gene_MP011288	0.32197	1.17350	24	4	16.6667
gene_MP011292	0.51603	1.57776	131	73	55.7252
gene_MP011298	0.36174	1.16761	173	122	70.5202
gene_MP011302	0.39145	1.53000	34	16	47.0588
gene_MP011303	0.33232	1.46182	186	164	88.1720
gene_MP011320	0.33954	1.58319	44	34	77.2727
gene_MP011340	0.33759	1.06991	183	133	72.6776
gene_MP011350	0.33363	1.57726	49	36	73.4694
gene_MP011353	0.48045	1.73749	141	102	72.3404
gene_MP011358	0.30831	1.38289	44	44	100.0000
gene_MP011392	0.36180	1.12516	31	20	64.5161
gene_MP011401	0.31459	0.80568	34	0	0.0000
gene_MP011406	0.42545	1.45219	304	209	68.7500
gene_MP011436	0.39438	1.32249	56	0	0.0000
gene_MP011478	0.29213	1.36745	50	19	38.0000
gene_MP011485	0.48006	1.60388	64	29	45.3125
gene_MP011487	0.34429	0.90709	30	22	73.3333
gene_MP011526	0.29002	1.22416	46	27	58.6957
gene_MP011540	0.37061	1.29806	33	32	96.9697
gene_MP011548	0.54684	1.31494	46	16	34.7826
gene_MP011557	0.28728	0.95177	25	22	88.0000
gene_MP011571	0.49807	1.32346	39	39	100.0000
gene_MP011577	0.34464	1.12968	169	123	72.7811
gene_MP011599	0.41170	1.53869	60	58	96.6667
gene_MP011602	0.34886	1.03764	165	136	82.4242
gene_MP011607	0.44501	1.17083	102	64	62.7451
gene_MP011611	0.45780	1.70646	90	46	51.1111
gene_MP011613	0.31892	1.13754	1094	0	0.0000
gene_MP011614	0.32473	1.02319	102	67	65.6863
gene_MP011621	0.32552	0.77464	39	12	30.7692
gene_MP011637	0.35956	1.23088	181	149	82.3204
gene_MP011646	0.36876	1.35989	71	68	95.7746
gene_MP011653	0.33957	1.04260	183	148	80.8743
gene_MP011660	0.27035	1.32007	24	17	70.8333
gene_MP011666	0.32330	0.99263	80	56	70.0000
gene_MP011679	0.37708	1.68581	21	10	47.6190
gene_MP011680	0.35558	1.13161	829	130	15.6815
gene_MP011684	0.32075	1.00369	80	68	85.0000
gene_MP011701	0.30827	0.87460	58	49	84.4828
gene_MP011702	0.31563	1.23212	871	18	2.0666
gene_MP011706	0.35821	0.98312	120	75	62.5000
gene_MP011711	0.42941	1.69026	80	70	87.5000
gene_MP011712	0.35250	0.88652	98	96	97.9592
gene_MP011722	0.35327	0.74045	78	42	53.8462
gene_MP011726	0.33787	1.17668	180	84	46.6667
gene_MP011740	0.33177	1.24545	51	25	49.0196
gene_MP011744	0.28712	0.91456	192	129	67.1875
gene_MP011746	0.34967	1.07919	466	0	0.0000
gene_MP011790	0.38833	1.51750	142	92	64.7887
gene_MP011792	0.34251	1.15234	136	83	61.0294
gene_MP011805	0.44306	1.04432	209	0	0.0000
gene_MP011806	0.40741	0.98795	33	30	90.9091
gene_MP011816	0.32272	0.98800	184	122	66.3043
gene_MP011837	0.37547	1.38977	217	0	0.0000
gene_MP011844	0.32930	1.27915	74	39	52.7027
gene_MP011858	0.29409	1.16222	48	47	97.9167
gene_MP011869	0.33305	1.11048	108	87	80.5556
gene_MP011870	0.40711	1.10704	58	26	44.8276
gene_MP011871	0.37113	1.25911	172	110	63.9535
gene_MP011879	0.47760	1.27315	75	0	0.0000
gene_MP011880	0.44692	0.99451	87	39	44.8276
gene_MP011882	0.45335	1.58788	173	72	41.6185
gene_MP011885	0.43122	1.54233	54	54	100.0000
gene_MP011896	0.34587	1.34712	66	58	87.8788
gene_MP011898	0.34790	1.02568	58	45	77.5862
gene_MP011900	0.39349	1.05405	104	0	0.0000
gene_MP011908	0.33888	1.08488	348	272	78.1609
gene_MP011930	0.37398	1.27315	43	9	20.9302
gene_MP011948	0.34078	1.19558	73	51	69.8630
gene_MP011955	0.38368	1.12720	34	0	0.0000
gene_MP011962	0.31212	1.15174	22	12	54.5455
gene_MP011965	0.33231	1.33047	59	31	52.5424
gene_MP012002	0.30926	1.27776	2533	0	0.0000
gene_MP012006	0.38707	1.15547	168	136	80.9524
gene_MP012045	0.33185	1.27031	449	0	0.0000
gene_MP012057	0.35320	1.50522	441	60	13.6054
gene_MP012078	0.64527	1.14757	145	39	26.8966
gene_MP012083	0.30000	1.13220	94	15	15.9574
gene_MP012099	0.32750	1.15291	427	105	24.5902
gene_MP012105	0.38730	0.87136	78	71	91.0256
gene_MP012155	0.30833	0.87755	21	10	47.6190
gene_MP012173	0.34680	1.00554	39	31	79.4872
gene_MP012190	0.29589	1.12236	64	20	31.2500
gene_MP012196	0.42068	1.51350	414	0	0.0000
gene_MP012202	0.36583	1.42015	999	312	31.2312
gene_MP012206	0.33244	1.06323	44	35	79.5455
gene_MP012207	0.30906	1.31988	1676	0	0.0000
gene_MP012219	0.51266	1.00287	31	0	0.0000
gene_MP012250	0.34746	1.20845	599	0	0.0000
gene_MP012305	0.47712	1.13534	96	0	0.0000
gene_MP012308	0.34940	0.95268	155	0	0.0000
gene_MP012310	0.32601	1.20341	295	0	0.0000
gene_MP012316	0.33223	0.90040	157	120	76.4331
gene_MP012340	0.30425	1.41023	70	59	84.2857
gene_MP012344	0.30432	1.18325	98	75	76.5306
gene_MP012349	0.51062	1.79000	258	180	69.7674
gene_MP012351	0.37047	1.14516	144	0	0.0000
gene_MP012367	0.31545	1.20537	527	0	0.0000
gene_MP012404	0.56944	0.81649	37	0	0.0000
gene_MP012418	0.50310	1.01672	51	0	0.0000
gene_MP012426	0.37531	1.32205	721	43	5.9639
gene_MP012457	0.55030	1.07056	64	0	0.0000
gene_MP012466	0.39329	1.86216	590	0	0.0000
gene_MP012480	0.35920	1.82235	61	61	100.0000
gene_MP012482	0.32420	1.38590	108	48	44.4444
gene_MP012485	0.45073	1.11470	31	5	16.1290
gene_MP012492	0.35362	1.37055	11408	0	0.0000
gene_MP012493	0.28587	0.86889	48	37	77.0833
gene_MP012498	0.34880	1.31338	23	19	82.6087
gene_MP012515	0.30742	1.11651	1302	482	37.0200
gene_MP012526	0.37301	1.15687	214	211	98.5981
gene_MP012536	0.29438	0.95850	63	43	68.2540
gene_MP012540	0.32752	1.44137	65	56	86.1538
gene_MP012553	0.31885	0.95891	83	73	87.9518
gene_MP012558	0.35886	1.19223	35	35	100.0000
gene_MP012563	0.40241	1.16534	43	27	62.7907
gene_MP012566	0.31722	0.92348	48	0	0.0000
gene_MP012589	0.28155	1.10107	73	46	63.0137
gene_MP012603	0.30087	1.30207	91	60	65.9341
gene_MP012609	0.36842	1.32187	100	91	91.0000
gene_MP012611	0.35563	1.41079	1314	198	15.0685
gene_MP012618	0.34272	1.34933	312	220	70.5128
gene_MP012636	0.29021	0.80568	79	63	79.7468
gene_MP012637	0.30067	0.94703	60	32	53.3333
gene_MP012639	0.31091	1.54447	29	24	82.7586
gene_MP012648	0.34224	1.33358	45	0	0.0000
gene_MP012654	0.32585	1.00295	249	173	69.4779
gene_MP012659	0.39266	1.30547	38	9	23.6842
gene_MP012674	0.28959	1.04908	90	49	54.4444
gene_MP012694	0.34252	1.02465	184	161	87.5000
gene_MP012699	0.30508	0.95157	46	33	71.7391
gene_MP012704	0.33955	1.31102	79	77	97.4684
gene_MP012722	0.34405	1.01270	148	119	80.4054
gene_MP012725	0.37112	0.98184	77	15	19.4805
gene_MP012738	0.39557	1.26292	69	60	86.9565
gene_MP012740	0.36207	1.04706	129	126	97.6744
gene_MP012742	0.32528	1.01403	52	33	63.4615
gene_MP012746	0.30810	0.78931	28	2	7.1429
gene_MP012765	0.33649	1.10607	122	97	79.5082
gene_MP012768	0.36881	1.14483	58	54	93.1034
gene_MP012769	0.42887	0.93899	59	4	6.7797
gene_MP012778	0.31469	1.22397	75	0	0.0000
gene_MP012784	0.38192	1.34769	63	57	90.4762
gene_MP012785	0.36593	1.41952	77	50	64.9351
gene_MP012805	0.31242	1.13397	310	173	55.8065
gene_MP012810	0.40832	0.97679	69	43	62.3188
gene_MP012820	0.33231	0.85943	161	125	77.6398
gene_MP012821	0.31190	1.30994	33	25	75.7576
gene_MP012829	0.30541	1.43716	3265	0	0.0000
gene_MP012833	0.46605	1.51579	81	70	86.4198
gene_MP012849	0.33771	1.16035	322	223	69.2547
gene_MP012850	0.33687	1.35248	2194	0	0.0000
gene_MP012863	0.51240	1.09936	26	0	0.0000
gene_MP012877	0.30839	1.07875	51	49	96.0784
gene_MP012882	0.31519	1.18112	791	455	57.5221
gene_MP012884	0.31326	1.37160	406	242	59.6059
gene_MP012906	0.32112	1.01278	120	77	64.1667
gene_MP012907	0.38433	1.19695	619	125	20.1939
gene_MP012917	0.36877	1.47711	871	810	92.9966
gene_MP012920	0.43742	0.74436	27	9	33.3333
gene_MP012939	0.38727	1.52277	218	198	90.8257
gene_MP012941	0.28692	0.97465	182	169	92.8571
gene_MP012948	0.30371	1.08765	119	104	87.3950
gene_MP012966	0.33400	1.27323	335	244	72.8358
gene_MP012967	0.35422	1.09033	270	71	26.2963
gene_MP012977	0.63226	0.93939	43	0	0.0000
gene_MP012995	0.36243	1.24454	152	147	96.7105
gene_MP013001	0.34833	1.13466	256	169	66.0156
gene_MP013004	0.37469	0.56861	24	9	37.5000
gene_MP013023	0.32457	0.94789	112	72	64.2857
gene_MP013040	0.36172	1.48174	99	0	0.0000
gene_MP013058	0.33428	1.01070	467	341	73.0193
gene_MP013085	0.37588	1.06826	42	24	57.1429
gene_MP013102	0.34409	1.16901	437	60	13.7300
gene_MP013108	0.26834	1.23029	21	19	90.4762
gene_MP013112	0.32292	0.90117	27	14	51.8519
gene_MP013120	0.36854	1.38973	194	189	97.4227
gene_MP013139	0.33425	1.14480	23	16	69.5652
gene_MP013162	0.51621	1.01431	81	0	0.0000
gene_MP013189	0.36614	1.09193	328	276	84.1463
gene_MP013215	0.41876	1.40981	108	58	53.7037
gene_MP013225	0.32849	1.26441	90	61	67.7778
gene_MP013227	0.31004	0.56207	29	25	86.2069
gene_MP013237	0.67647	1.37374	80	0	0.0000
gene_MP013252	0.37836	1.58237	1227	184	14.9959
gene_MP013253	0.32397	1.12819	149	116	77.8523
gene_MP013281	0.37110	1.45475	53	52	98.1132
gene_MP013285	0.32593	1.07430	148	71	47.9730
gene_MP013337	0.36648	1.57504	329	308	93.6170
gene_MP013350	0.33682	1.33311	2646	128	4.8375
gene_MP013391	0.40158	1.17955	78	61	78.2051
gene_MP013403	0.40720	1.54860	85	54	63.5294
gene_MP013412	0.32309	1.33243	298	0	0.0000
gene_MP013445	0.32821	1.21536	587	0	0.0000
gene_MP013495	0.30693	0.93169	44	25	56.8182
gene_MP013524	0.35305	1.14039	55	17	30.9091
gene_MP013540	0.34223	1.32029	2768	0	0.0000
gene_MP013543	0.44905	1.87034	257	190	73.9300
gene_MP013554	0.42955	1.94000	26	25	96.1538
gene_MP013557	0.34224	1.32029	620	0	0.0000
gene_MP013564	0.37484	1.22522	935	32	3.4225
gene_MP013567	0.35711	1.14649	188	0	0.0000
gene_MP013577	0.39638	1.58990	87	86	98.8506
gene_MP013590	0.32730	1.43570	37	35	94.5946
gene_MP013591	0.56385	1.06631	50	28	56.0000
gene_MP013617	0.34621	1.11145	274	250	91.2409
gene_MP013621	0.43902	1.02025	145	117	80.6897
gene_MP013634	0.37144	1.64295	213	0	0.0000
gene_MP013657	0.34284	1.06446	35	30	85.7143
gene_MP013677	0.36982	1.27207	122	99	81.1475
gene_MP013727	0.38219	1.26236	205	141	68.7805
gene_MP013744	0.41185	1.67629	494	0	0.0000
gene_MP013770	0.36498	1.49852	40	37	92.5000
gene_MP013773	0.35362	1.37055	8944	0	0.0000
gene_MP013787	0.31513	1.21832	70	28	40.0000
gene_MP013789	0.33240	1.16644	2933	0	0.0000
gene_MP013797	0.29440	1.17001	69	39	56.5217
gene_MP013829	0.77391	1.10526	23	7	30.4348
gene_MP013891	0.34859	1.11555	558	439	78.6738
gene_MP013906	0.35476	0.99000	215	0	0.0000
gene_MP013909	0.30084	1.22783	167	160	95.8084
gene_MP013929	0.49161	1.46945	121	82	67.7686
gene_MP013938	0.40428	1.16007	51	51	100.0000
gene_MP013950	0.33675	1.41306	82	65	79.2683
gene_MP013983	0.35116	1.19377	355	0	0.0000
gene_MP013989	0.34503	1.04388	259	131	50.5792
gene_MP014041	0.32548	1.16481	414	360	86.9565
gene_MP014052	0.32039	1.49786	203	146	71.9212
gene_MP014085	0.31973	1.31464	599	81	13.5225
gene_MP014088	0.33794	1.20288	241	181	75.1037
gene_MP014102	0.31867	1.27368	66	64	96.9697
gene_MP014140	0.36311	1.48679	5273	385	7.3013
gene_MP014144	0.37452	1.04308	190	157	82.6316
gene_MP014162	0.51333	1.12432	66	29	43.9394
gene_MP014167	0.29088	1.04033	151	120	79.4702
gene_MP014185	0.35416	1.33377	703	632	89.9004
gene_MP014188	0.30744	1.33284	810	7	0.8642
gene_MP014204	0.32646	0.89978	137	127	92.7007
gene_MP014212	0.32928	1.41313	2885	62	2.1490
gene_MP014222	0.34401	1.08264	50	29	58.0000
gene_MP014225	0.31899	1.52639	636	0	0.0000
gene_MP014271	0.30744	1.33284	120	38	31.6667
gene_MP014274	0.33477	1.11647	65	54	83.0769
gene_MP014284	0.30441	1.38026	107	31	28.9720
gene_MP014293	0.46880	0.79295	25	0	0.0000
gene_MP014300	0.31015	1.14769	227	115	50.6608
gene_MP014301	0.35599	1.24236	162	0	0.0000
gene_MP014312	0.56560	1.33124	60	60	100.0000
gene_MP014343	0.35760	1.03280	94	0	0.0000
gene_MP014350	0.37027	1.15044	154	0	0.0000
gene_MP014365	0.32273	1.23176	5251	0	0.0000
gene_MP014382	0.49642	1.05102	33	0	0.0000
gene_MP014429	0.33010	1.33110	116	106	91.3793
gene_MP014443	0.36915	0.92192	426	102	23.9437
gene_MP014462	0.29467	1.18699	616	0	0.0000
gene_MP014482	0.32679	1.05093	427	368	86.1827
gene_MP014492	0.30827	1.16194	77	37	48.0519
gene_MP014566	0.30029	0.99247	298	230	77.1812
gene_MP014600	0.28988	0.97397	21	20	95.2381
gene_MP014602	0.32628	1.18169	196	24	12.2449
gene_MP014621	0.33706	1.11730	131	99	75.5725
gene_MP014627	0.31868	1.41383	182	0	0.0000
gene_MP014632	0.34681	1.29683	359	328	91.3649
gene_MP014641	0.34366	1.53728	1235	0	0.0000
gene_MP014646	0.35109	1.13038	514	69	13.4241
gene_MP014647	0.33711	1.33225	208	34	16.3462
gene_MP014691	0.31218	1.32033	149	125	83.8926
gene_MP014719	0.31552	1.13018	150	108	72.0000
gene_MP014735	0.31130	0.94248	240	133	55.4167
gene_MP014737	0.31082	1.16448	867	0	0.0000
gene_MP014745	0.34408	1.08954	35	19	54.2857
gene_MP014747	0.34927	0.93099	129	107	82.9457
gene_MP014749	0.32857	1.20791	596	243	40.7718
gene_MP014759	0.33524	1.29734	451	84	18.6253
gene_MP014803	0.36286	1.04517	359	282	78.5515
gene_MP014807	0.33965	1.18709	130	102	78.4615
gene_MP014813	0.32048	1.07843	347	225	64.8415
gene_MP014818	0.37082	0.77894	20	0	0.0000
gene_MP014851	0.30727	1.35992	1175	0	0.0000
gene_MP014860	0.29738	0.83981	216	163	75.4630
gene_MP014878	0.31070	1.13817	85	0	0.0000
gene_MP014913	0.32918	1.28856	133	132	99.2481
gene_MP014922	0.35736	1.03185	42	0	0.0000
gene_MP014952	0.33245	1.30885	203	29	14.2857
gene_MP015005	0.32703	1.26715	147	0	0.0000
gene_MP015024	0.38716	1.48832	1132	66	5.8304
gene_MP015026	0.35335	1.26504	84	83	98.8095
gene_MP015048	0.32236	1.29267	2673	0	0.0000
gene_MP015057	0.35269	1.09976	274	159	58.0292
gene_MP015068	0.31649	1.02157	130	100	76.9231
gene_MP015071	0.36589	1.29320	398	42	10.5528
gene_MP015119	0.32488	0.92946	87	76	87.3563
gene_MP015134	0.29404	1.04248	34	25	73.5294
gene_MP015154	0.34592	1.43272	7519	0	0.0000
gene_MP015166	0.39337	1.14071	129	97	75.1938
gene_MP015168	0.37691	1.42029	312	94	30.1282
gene_MP015179	0.38158	1.00837	25	0	0.0000
gene_MP015185	0.27348	0.74525	57	52	91.2281
gene_MP015214	0.36012	1.16334	588	508	86.3946
gene_MP015221	0.33917	1.12987	62	18	29.0323
gene_MP015244	0.41458	1.29798	354	0	0.0000
gene_MP015274	0.33917	1.12987	155	0	0.0000
gene_MP015285	0.48485	0.92128	66	48	72.7273
gene_MP015293	0.30168	1.11236	34	26	76.4706
gene_MP015309	0.31037	1.11950	367	0	0.0000
gene_MP015440	0.31964	1.03530	35	27	77.1429
gene_MP015443	0.31790	1.21518	216	179	82.8704
gene_MP015504	0.34946	1.23649	151	128	84.7682
gene_MP015557	0.33223	1.12029	263	0	0.0000
gene_MP015558	0.34652	1.28225	392	0	0.0000
gene_MP015563	0.33942	0.94291	101	9	8.9109
gene_MP015567	0.31511	1.13887	377	124	32.8912
gene_MP015603	0.33072	1.31224	241	165	68.4647
gene_MP015604	0.35053	1.22357	237	131	55.2743
gene_MP015606	0.30293	1.13618	537	141	26.2570
gene_MP015618	0.31660	1.04533	182	122	67.0330
gene_MP015640	0.33104	1.23606	518	164	31.6602
gene_MP015646	0.34053	1.15716	275	247	89.8182
gene_MP015706	0.35576	1.29661	315	12	3.8095
gene_MP015718	0.33791	1.14511	720	580	80.5556
gene_MP015724	0.34805	1.20501	28	0	0.0000
gene_MP015726	0.30069	1.18295	582	227	39.0034
gene_MP015733	0.41578	0.92716	27	0	0.0000
gene_MP015734	0.30432	0.79634	103	87	84.4660
gene_MP015736	0.29458	0.96925	136	33	24.2647
gene_MP015737	0.35536	1.29019	447	294	65.7718
gene_MP015740	0.33104	1.23606	1797	463	25.7652
gene_MP015759	0.29313	0.78996	26	25	96.1538
gene_MP015774	0.35536	1.29019	624	566	90.7051
gene_MP015790	0.34917	1.22084	433	409	94.4573
gene_MP015814	0.32194	1.30207	1577	0	0.0000
gene_MP015817	0.35696	1.12668	43	24	55.8140
gene_MP015827	0.32744	1.24299	516	0	0.0000
gene_MP015895	0.32158	1.30999	288	0	0.0000
gene_MP015900	0.43232	1.05538	174	6	3.4483
gene_MP015903	0.29249	1.13216	148	104	70.2703
gene_MP015907	0.35034	1.15607	381	0	0.0000
gene_MP015916	0.33945	1.00878	220	159	72.2727
gene_MP015917	0.35581	1.07698	238	183	76.8908
gene_MP015937	0.31822	1.10422	38	0	0.0000
gene_MP015944	0.31976	1.12779	104	83	79.8077
gene_MP015984	0.35947	1.14860	991	0	0.0000
gene_MP015988	0.31257	1.50345	152	100	65.7895
gene_MP015997	0.36777	1.17545	299	249	83.2776
gene_MP016029	0.35470	1.26906	65	20	30.7692
gene_MP016033	0.33346	1.31921	2243	1	0.0446
gene_MP016034	0.44056	0.87643	519	0	0.0000
gene_MP016074	0.36008	1.06220	308	88	28.5714
gene_MP016104	0.33568	0.76461	52	47	90.3846
gene_MP016106	0.37704	1.44238	1841	16	0.8691
gene_MP016115	0.33353	1.12192	431	347	80.5104
gene_MP016123	0.36253	1.35593	542	17	3.1365
gene_MP016124	0.33603	0.99444	180	120	66.6667
gene_MP016127	0.35750	1.47134	1296	29	2.2377
gene_MP016131	0.35470	1.26906	243	0	0.0000
gene_MP016132	0.49853	1.61564	34	0	0.0000
gene_MP016146	0.33744	1.31597	275	0	0.0000
gene_MP016162	0.35283	1.22120	136	127	93.3824
gene_MP016179	0.32441	1.02323	26	21	80.7692
gene_MP016196	0.34712	1.13395	413	0	0.0000
gene_MP016198	0.36623	1.01531	433	424	97.9215
gene_MP016215	0.35470	1.26906	1555	0	0.0000
gene_MP016221	0.35722	1.38322	528	0	0.0000
gene_MP016259	0.41605	1.05807	176	0	0.0000
gene_MP016264	0.33850	0.99444	147	116	78.9116
gene_MP016289	0.31570	1.43108	281	59	20.9964
gene_MP016299	0.32217	1.13276	972	264	27.1605
gene_MP016300	0.32378	1.02008	41	41	100.0000
gene_MP016306	0.30716	0.92498	69	60	86.9565
gene_MP016308	0.30559	1.36620	910	0	0.0000
gene_MP016318	0.36131	0.77658	94	78	82.9787
gene_MP016371	0.32587	1.38197	316	265	83.8608
gene_MP016373	0.39696	0.96673	235	186	79.1489
gene_MP016392	0.31981	1.04798	255	118	46.2745
gene_MP016397	0.31852	1.24595	422	0	0.0000
gene_MP016400	0.38771	1.00225	31	0	0.0000
gene_MP016420	0.33255	1.25578	812	541	66.6256
gene_MP016476	0.34145	1.25513	764	0	0.0000
gene_MP016495	0.32311	0.85539	151	134	88.7417
gene_MP016500	0.34066	1.21953	607	564	92.9160
gene_MP016509	0.34681	0.99274	132	0	0.0000
gene_MP016554	0.34435	1.06752	262	197	75.1908
gene_MP016614	0.40696	0.84034	25	12	48.0000
gene_MP016683	0.34576	1.17680	209	184	88.0383
gene_MP016728	0.33011	0.97869	139	93	66.9065
gene_MP016733	0.33589	1.06202	347	326	93.9481
gene_MP016741	0.37879	1.10000	20	0	0.0000
gene_MP016788	0.33966	1.42724	36	24	66.6667
gene_MP016802	0.38710	0.96262	125	112	89.6000
gene_MP016868	0.63057	1.32423	186	0	0.0000
gene_MP016888	0.41534	1.10634	54	26	48.1481
gene_MP016889	0.33047	1.02910	88	83	94.3182
gene_MP016913	0.35261	1.35326	75	46	61.3333
gene_MP016941	0.37169	1.15092	39	0	0.0000
gene_MP016945	0.33854	1.21706	134	119	88.8060
gene_MP016955	0.30182	1.15084	46	0	0.0000
gene_MP016982	0.35911	1.19085	703	0	0.0000
gene_MP017001	0.33742	1.24068	288	284	98.6111
gene_MP017061	0.33562	0.94858	179	113	63.1285
gene_MP017066	0.37292	0.97707	135	107	79.2593
gene_MP017070	0.36581	1.12553	69	0	0.0000
gene_MP017073	0.34107	1.16101	423	5	1.1820
gene_MP017121	0.40961	1.02161	41	0	0.0000
gene_MP017142	0.29836	1.16225	143	78	54.5455
gene_MP017148	0.30376	1.29525	451	0	0.0000
gene_MP017169	0.33452	1.22650	280	0	0.0000
gene_MP017195	0.35727	1.03054	44	0	0.0000
gene_MP017208	0.34550	1.21574	1174	18	1.5332
gene_MP017249	0.45440	0.81297	27	15	55.5556
gene_MP017314	0.31503	1.03155	33	31	93.9394
gene_MP017335	0.34711	1.13965	171	0	0.0000
gene_MP017337	0.34232	1.09710	628	9	1.4331
gene_MP017347	0.32854	1.33042	746	371	49.7319
gene_MP017393	0.30065	0.97686	27	26	96.2963
gene_MP017395	0.36960	1.18502	240	115	47.9167
gene_MP017403	0.35506	1.38444	4077	0	0.0000
gene_MP017424	0.49640	0.74732	115	0	0.0000
gene_MP017465	0.34115	1.21316	43	0	0.0000
gene_MP017467	0.34034	1.28789	195	0	0.0000
gene_MP017514	0.35109	1.26245	48	0	0.0000
gene_MP017566	0.39325	0.87637	43	35	81.3953
gene_MP017580	0.34558	1.27437	206	191	92.7184
gene_MP017607	0.32763	1.03616	296	214	72.2973
gene_MP017653	0.32650	1.30972	356	0	0.0000
gene_MP017667	0.38650	1.11736	27	0	0.0000
gene_MP017681	0.38537	1.42969	291	278	95.5326
gene_MP017697	0.34693	1.26337	750	479	63.8667
gene_MP017698	0.33786	1.20315	1197	0	0.0000
gene_MP017700	0.33887	1.34648	198	23	11.6162
gene_MP017729	0.33594	1.22658	1204	401	33.3056
gene_MP017757	0.35589	1.10623	245	193	78.7755
gene_MP017760	0.35113	1.17255	245	218	88.9796
gene_MP017761	0.36007	1.26854	25	25	100.0000
gene_MP017769	0.36108	1.11359	58	0	0.0000
gene_MP017785	0.38971	0.94416	70	0	0.0000
gene_MP017803	0.63323	1.15187	105	0	0.0000
gene_MP017855	0.34558	1.27437	1001	241	24.0759
gene_MP017871	0.37441	1.49001	1840	153	8.3152
gene_MP017901	0.33556	1.24664	1691	93	5.4997
gene_MP017903	0.35722	1.38322	4296	475	11.0568
gene_MP017922	0.56798	1.38676	51	7	13.7255
gene_MP017924	0.37175	1.43775	4134	0	0.0000
gene_MP017983	0.33729	1.25425	1201	577	48.0433
gene_MP018026	0.36897	1.07835	40	40	100.0000
gene_MP018029	0.31017	0.96534	132	73	55.3030
gene_MP018099	0.33341	1.25514	740	11	1.4865
gene_MP018136	0.32323	0.85508	31	31	100.0000
gene_MP018149	0.33333	1.40842	323	297	91.9505
gene_MP018177	0.34080	1.41398	1511	65	4.3018
gene_MP018192	0.33341	1.25514	722	0	0.0000
gene_MP018196	0.33538	1.26679	754	0	0.0000
gene_MP018213	0.32488	1.09965	347	0	0.0000
gene_MP018234	0.35598	1.16551	52	50	96.1538
gene_MP018259	0.47082	1.31506	56	0	0.0000
gene_MP018311	0.33600	1.13469	3412	632	18.5229
gene_MP018316	0.47778	1.32667	29	0	0.0000
gene_MP018323	0.30612	1.23594	34	11	32.3529
gene_MP018324	0.43116	1.73570	50	41	82.0000
gene_MP000006	0.36937	1.39628	154	106	68.8312
gene_MP000060	0.35194	1.24626	494	395	79.9595
gene_MP000092	0.35985	1.36595	199	0	0.0000
gene_MP000094	0.35875	1.34726	63	0	0.0000
gene_MP000169	0.37850	1.25156	68	33	48.5294
gene_MP000187	0.55703	0.86186	74	0	0.0000
gene_MP000205	0.35337	1.18949	334	285	85.3293
gene_MP000253	0.36954	1.38205	1377	1041	75.5991
gene_MP000276	0.32471	1.10428	168	130	77.3810
gene_MP000287	0.33628	1.05234	88	62	70.4545
gene_MP000300	0.35728	1.31924	247	213	86.2348
gene_MP000316	0.30960	0.96126	60	46	76.6667
gene_MP000321	0.47842	1.50634	116	88	75.8621
gene_MP000323	0.39818	1.81491	353	0	0.0000
gene_MP000333	0.35480	1.39092	3621	0	0.0000
gene_MP000338	0.37793	1.37202	223	175	78.4753
gene_MP000340	0.38559	1.05348	127	101	79.5276
gene_MP000343	0.34094	1.39888	4378	162	3.7003
gene_MP000354	0.34327	1.70218	51	40	78.4314
gene_MP000357	0.33240	1.15503	158	138	87.3418
gene_MP000393	0.39175	1.33006	298	263	88.2550
gene_MP000405	0.38991	1.66194	378	0	0.0000
gene_MP000413	0.38525	1.06151	526	469	89.1635
gene_MP000430	0.47704	0.84824	43	0	0.0000
gene_MP000438	0.38185	1.32612	59	47	79.6610
gene_MP000440	0.35370	1.16914	528	396	75.0000
gene_MP000449	0.36029	1.26855	366	312	85.2459
gene_MP000463	0.32438	1.08791	178	0	0.0000
gene_MP000493	0.30871	1.10603	1175	455	38.7234
gene_MP000539	0.42904	1.85703	352	105	29.8295
gene_MP000542	0.36960	1.63723	1701	143	8.4068
gene_MP000548	0.43074	1.86313	136	0	0.0000
gene_MP000605	0.32471	1.10428	478	418	87.4477
gene_MP000642	0.33346	1.33800	98	83	84.6939
gene_MP000680	0.32664	1.17047	233	179	76.8240
gene_MP000722	0.34324	1.24897	2082	534	25.6484
gene_MP000746	0.40644	1.15243	594	47	7.9125
gene_MP000765	0.46390	1.30602	91	78	85.7143
gene_MP000840	0.42862	0.71520	194	0	0.0000
gene_MP000850	0.36527	1.26043	645	404	62.6357
gene_MP000854	0.29996	1.35105	2254	0	0.0000
gene_MP000895	0.35998	1.37488	96	57	59.3750
gene_MP000904	0.36004	1.29807	304	278	91.4474
gene_MP000945	0.40286	1.45976	844	356	42.1801
gene_MP000970	0.32229	1.05968	64	0	0.0000
gene_MP000973	0.35252	1.10787	734	689	93.8692
gene_MP001015	0.38370	1.07805	359	334	93.0362
gene_MP001087	0.35730	1.38349	751	677	90.1465
gene_MP001125	0.34109	0.99724	204	174	85.2941
gene_MP001134	0.36531	1.03407	146	134	91.7808
gene_MP001149	0.39335	1.01709	113	75	66.3717
gene_MP001155	0.36725	1.05013	189	95	50.2646
gene_MP001181	0.38082	1.33367	62	0	0.0000
gene_MP001194	0.34263	1.24656	132	0	0.0000
gene_MP001201	0.38202	1.19185	72	9	12.5000
gene_MP001203	0.37560	1.14230	270	195	72.2222
gene_MP001241	0.39574	1.50300	589	473	80.3056
gene_MP001304	0.33724	1.27056	1375	0	0.0000
gene_MP001312	0.32138	1.15589	276	59	21.3768
gene_MP001340	0.34135	1.45582	162	137	84.5679
gene_MP001382	0.39219	1.28663	617	360	58.3468
gene_MP001415	0.31705	1.37314	1154	309	26.7764
gene_MP001448	0.32764	1.23978	2682	11	0.4101
gene_MP001483	0.36126	1.07674	67	0	0.0000
gene_MP001490	0.36129	1.08999	801	0	0.0000
gene_MP001491	0.34847	1.46614	2088	522	25.0000
gene_MP001499	0.36047	1.18004	571	540	94.5709
gene_MP001526	0.44169	1.24367	74	40	54.0541
gene_MP001543	0.40851	1.37233	57	34	59.6491
gene_MP001561	0.72021	1.20311	179	0	0.0000
gene_MP001563	0.70215	1.14528	151	0	0.0000
gene_MP001577	0.45736	1.77043	71	71	100.0000
gene_MP001596	0.34481	1.24234	283	244	86.2191
gene_MP001612	0.46359	1.10804	84	83	98.8095
gene_MP001621	0.41346	1.22725	60	60	100.0000
gene_MP001644	0.32989	0.82927	36	34	94.4444
gene_MP001648	0.40636	1.32737	92	0	0.0000
gene_MP001675	0.32512	1.47420	33	19	57.5758
gene_MP001693	0.38512	1.49093	50	22	44.0000
gene_MP001703	0.36695	1.04313	25	25	100.0000
gene_MP001747	0.33411	1.15590	1741	275	15.7955
gene_MP001748	0.32789	1.06013	69	43	62.3188
gene_MP001773	0.34273	1.33120	1521	0	0.0000
gene_MP001776	0.39448	1.10793	187	0	0.0000
gene_MP001781	0.37533	1.34461	5350	178	3.3271
gene_MP001787	0.34496	1.08324	21	0	0.0000
gene_MP001790	0.35076	0.99628	56	0	0.0000
gene_MP001832	0.35644	1.07934	241	208	86.3071
gene_MP001851	0.37645	1.06363	136	122	89.7059
gene_MP001855	0.40244	1.34139	578	528	91.3495
gene_MP001889	0.38811	1.37408	415	373	89.8795
gene_MP001903	0.31625	1.30917	4098	0	0.0000
gene_MP001920	0.36291	1.49820	568	500	88.0282
gene_MP001940	0.35039	1.30286	454	411	90.5286
gene_MP001944	0.35484	1.34653	39	37	94.8718
gene_MP001987	0.34711	1.22323	44	38	86.3636
gene_MP001993	0.37529	1.25746	57	0	0.0000
gene_MP001997	0.50672	1.79918	232	179	77.1552
gene_MP002013	0.36942	1.15282	186	138	74.1935
gene_MP002023	0.33994	1.17247	80	0	0.0000
gene_MP002037	0.33674	1.24959	326	0	0.0000
gene_MP002043	0.34291	0.86195	60	0	0.0000
gene_MP002060	0.32857	1.13038	220	173	78.6364
gene_MP002071	0.31779	1.38330	240	172	71.6667
gene_MP002109	0.36838	1.18606	230	93	40.4348
gene_MP002111	0.33288	1.08329	22	22	100.0000
gene_MP002149	0.36314	1.13539	137	133	97.0803
gene_MP002155	0.37664	1.14004	336	0	0.0000
gene_MP002166	0.32478	1.23620	1494	0	0.0000
gene_MP002207	0.35475	1.22754	372	321	86.2903
gene_MP002208	0.40261	1.29222	293	213	72.6962
gene_MP002324	0.44086	1.37065	141	141	100.0000
gene_MP002334	0.60481	1.16550	31	3	9.6774
gene_MP002356	0.56013	1.18517	58	16	27.5862
gene_MP002359	0.33241	1.23230	715	0	0.0000
gene_MP002372	0.32794	1.24789	1607	0	0.0000
gene_MP002384	0.43519	1.49134	39	39	100.0000
gene_MP002395	0.34270	1.33338	174	144	82.7586
gene_MP002428	0.39292	1.77043	123	119	96.7480
gene_MP002435	0.30993	1.22312	2869	1	0.0349
gene_MP002444	0.36671	1.32728	347	338	97.4063
gene_MP002447	0.34039	1.86376	169	125	73.9645
gene_MP002462	0.45515	1.58581	160	146	91.2500
gene_MP002486	0.33531	1.25719	125	98	78.4000
gene_MP002493	0.33212	1.23976	327	185	56.5749
gene_MP002494	0.34449	1.28508	255	84	32.9412
gene_MP002506	0.35940	1.11308	515	443	86.0194
gene_MP002514	0.38191	0.95680	116	92	79.3103
gene_MP002520	0.33630	1.21753	472	361	76.4831
gene_MP002523	0.31538	1.27451	24	20	83.3333
gene_MP002533	0.33821	1.10307	226	190	84.0708
gene_MP002534	0.39573	1.15399	247	210	85.0202
gene_MP002542	0.34401	1.28699	499	327	65.5311
gene_MP002548	0.36412	0.95832	89	71	79.7753
gene_MP002553	0.34088	1.15341	413	267	64.6489
gene_MP002653	0.34245	1.05513	243	196	80.6584
gene_MP002660	0.31585	1.03910	1625	273	16.8000
gene_MP002663	0.36269	1.31259	77	68	88.3117
gene_MP002674	0.33027	1.39258	318	241	75.7862
gene_MP002678	0.34303	1.39818	67	58	86.5672
gene_MP002686	0.36082	1.21836	50	39	78.0000
gene_MP002694	0.37094	1.09795	408	0	0.0000
gene_MP002701	0.35527	1.21703	966	843	87.2671
gene_MP002706	0.32711	0.97184	267	145	54.3071
gene_MP002740	0.34128	1.46519	974	0	0.0000
gene_MP002746	0.33762	0.82488	53	0	0.0000
gene_MP002747	0.34902	1.05692	90	62	68.8889
gene_MP002748	0.36336	1.23557	572	518	90.5594
gene_MP002821	0.38550	1.12727	235	207	88.0851
gene_MP002823	0.34489	1.14810	37	32	86.4865
gene_MP002843	0.63611	1.24313	181	0	0.0000
gene_MP002898	0.31556	1.33579	1239	94	7.5868
gene_MP002902	0.34859	1.34714	345	258	74.7826
gene_MP002915	0.57046	1.04943	63	21	33.3333
gene_MP002937	0.49049	1.28365	77	77	100.0000
gene_MP002957	0.33783	1.04090	46	37	80.4348
gene_MP002971	0.31994	1.04800	136	112	82.3529
gene_MP002983	0.34031	1.00278	61	61	100.0000
gene_MP003009	0.43031	1.04787	27	9	33.3333
gene_MP003058	0.37147	1.30065	87	60	68.9655
gene_MP003062	0.40630	1.57913	391	63	16.1125
gene_MP003066	0.42015	1.84796	66	62	93.9394
gene_MP003071	0.39286	1.38007	70	20	28.5714
gene_MP003074	0.33312	1.18154	205	177	86.3415
gene_MP003085	0.34010	1.07018	122	95	77.8689
gene_MP003162	0.37509	1.35794	137	137	100.0000
gene_MP003164	0.39944	1.45139	81	73	90.1235
gene_MP003183	0.35832	1.08939	167	140	83.8323
gene_MP003188	0.34848	1.23556	443	0	0.0000
gene_MP003206	0.34063	1.00825	28	23	82.1429
gene_MP003209	0.38657	1.38108	302	206	68.2119
gene_MP003216	0.34095	1.19540	147	141	95.9184
gene_MP003217	0.34095	1.19540	147	144	97.9592
gene_MP003305	0.33254	1.33831	1427	413	28.9418
gene_MP003311	0.52682	1.20435	126	0	0.0000
gene_MP003331	0.36971	0.99277	208	179	86.0577
gene_MP003335	0.37391	1.23225	519	476	91.7148
gene_MP003339	0.32002	0.84916	111	95	85.5856
gene_MP003345	0.45019	1.21397	95	0	0.0000
gene_MP003355	0.55807	1.32196	109	61	55.9633
gene_MP003396	0.37500	0.96987	23	16	69.5652
gene_MP003400	0.42471	1.55972	54	47	87.0370
gene_MP003447	0.30685	1.30356	805	0	0.0000
gene_MP003482	0.39426	2.03608	74	74	100.0000
gene_MP003488	0.38266	1.51870	278	232	83.4532
gene_MP003517	0.33093	1.47098	4082	0	0.0000
gene_MP003518	0.28245	1.60534	39	35	89.7436
gene_MP003520	0.35327	1.35098	1003	0	0.0000
gene_MP003541	0.38254	1.46095	549	454	82.6958
gene_MP003543	0.48103	1.77169	375	349	93.0667
gene_MP003549	0.36598	1.16747	23	0	0.0000
gene_MP003556	0.34595	1.01494	81	67	82.7160
gene_MP003560	0.35968	1.19127	153	130	84.9673
gene_MP003578	0.33376	1.81554	39	29	74.3590
gene_MP003579	0.33746	1.10546	145	82	56.5517
gene_MP003598	0.38727	1.35687	47	38	80.8511
gene_MP003600	0.32917	1.18307	53	27	50.9434
gene_MP003620	0.29196	0.96188	37	22	59.4595
gene_MP003632	0.30061	1.30435	57	50	87.7193
gene_MP003637	0.34503	0.94406	24	7	29.1667
gene_MP003645	0.33314	1.14374	219	172	78.5388
gene_MP003661	0.35507	1.02159	256	211	82.4219
gene_MP003670	0.55442	1.20273	27	0	0.0000
gene_MP003681	0.46064	1.40518	127	76	59.8425
gene_MP003707	0.36944	1.47649	302	294	97.3510
gene_MP003710	0.35757	0.97206	134	121	90.2985
gene_MP003711	0.41523	1.20115	36	35	97.2222
gene_MP003721	0.34393	1.58330	88	82	93.1818
gene_MP003722	0.36462	1.12996	338	269	79.5858
gene_MP003761	0.33180	1.31528	1456	0	0.0000
gene_MP003762	0.35748	1.32288	314	269	85.6688
gene_MP003763	0.32485	1.22330	465	0	0.0000
gene_MP003765	0.34490	1.24270	66	59	89.3939
gene_MP003771	0.41233	1.84719	99	57	57.5758
gene_MP003777	0.39130	1.58285	186	185	99.4624
gene_MP003778	0.34029	1.16301	105	90	85.7143
gene_MP003779	0.33148	1.17593	504	81	16.0714
gene_MP003781	0.34614	1.13109	503	357	70.9742
gene_MP003832	0.42598	1.25046	55	40	72.7273
gene_MP003837	0.36702	1.81093	152	123	80.9211
gene_MP003839	0.34670	1.32013	163	150	92.0245
gene_MP003852	0.36416	1.38342	1327	0	0.0000
gene_MP003853	0.34047	1.05569	333	255	76.5766
gene_MP003865	0.28466	1.82616	20	9	45.0000
gene_MP003882	0.35676	0.98764	326	150	46.0123
gene_MP003905	0.42179	1.77953	85	41	48.2353
gene_MP003920	0.31033	1.73560	113	91	80.5310
gene_MP003922	0.32433	1.21706	1231	101	8.2047
gene_MP003961	0.38151	1.12957	72	59	81.9444
gene_MP003965	0.35040	1.02155	79	55	69.6203
gene_MP003967	0.69637	0.97383	36	0	0.0000
gene_MP004003	0.34390	1.20895	806	0	0.0000
gene_MP004018	0.39006	1.08662	72	45	62.5000
gene_MP004021	0.34843	1.33035	48	32	66.6667
gene_MP004038	0.36904	1.15131	199	0	0.0000
gene_MP004048	0.51466	1.44213	267	208	77.9026
gene_MP004053	0.32879	1.28320	2978	2	0.0672
gene_MP004068	0.34732	1.23959	466	432	92.7039
gene_MP004082	0.30552	1.39072	57	47	82.4561
gene_MP004099	0.32072	1.48012	1397	0	0.0000
gene_MP004100	0.48165	0.85820	32	32	100.0000
gene_MP004102	0.48233	0.80676	30	30	100.0000
gene_MP004104	0.28859	1.02381	37	27	72.9730
gene_MP004108	0.50094	1.18581	117	89	76.0684
gene_MP004112	0.33963	1.06181	163	0	0.0000
gene_MP004126	0.34918	1.19234	427	387	90.6323
gene_MP004136	0.40436	1.62140	90	87	96.6667
gene_MP004232	0.28825	1.39377	49	45	91.8367
gene_MP004236	0.34551	1.14573	405	209	51.6049
gene_MP004242	0.34890	1.10037	225	177	78.6667
gene_MP004249	0.34405	1.32360	1576	246	15.6091
gene_MP004256	0.33964	1.35145	353	317	89.8017
gene_MP004262	0.32983	1.15953	1756	0	0.0000
gene_MP004264	0.35796	1.26019	285	0	0.0000
gene_MP004266	0.34682	1.08769	38	34	89.4737
gene_MP004276	0.34023	1.19623	1443	36	2.4948
gene_MP004278	0.39929	1.36955	84	83	98.8095
gene_MP004282	0.38063	1.30123	362	290	80.1105
gene_MP004337	0.34072	1.19048	124	82	66.1290
gene_MP004407	0.38324	1.05512	54	52	96.2963
gene_MP004446	0.30151	1.20563	916	0	0.0000
gene_MP004479	0.37208	1.06119	237	0	0.0000
gene_MP004484	0.36782	1.30510	1158	338	29.1883
gene_MP004543	0.34169	1.22764	1567	934	59.6043
gene_MP004546	0.35964	1.34590	102	94	92.1569
gene_MP004556	0.34625	1.70686	64	64	100.0000
gene_MP004571	0.40189	1.40397	234	208	88.8889
gene_MP004575	0.33046	1.26411	1804	0	0.0000
gene_MP004580	0.35595	1.45401	365	356	97.5342
gene_MP004608	0.34758	1.23174	305	196	64.2623
gene_MP004631	0.33487	1.20697	2592	0	0.0000
gene_MP004633	0.32682	1.18159	20	17	85.0000
gene_MP004634	0.38278	1.17514	152	130	85.5263
gene_MP004699	0.36514	1.36669	125	104	83.2000
gene_MP004777	0.31514	1.33998	150	0	0.0000
gene_MP004781	0.42534	1.43984	484	436	90.0826
gene_MP004782	0.32811	1.14073	748	223	29.8128
gene_MP004785	0.36788	1.03579	24	5	20.8333
gene_MP004793	0.38079	1.22656	49	43	87.7551
gene_MP004823	0.35607	1.11972	257	0	0.0000
gene_MP004824	0.30392	1.17527	52	39	75.0000
gene_MP004830	0.32478	1.09128	479	0	0.0000
gene_MP004868	0.46977	1.42805	203	203	100.0000
gene_MP004919	0.32823	1.19057	182	118	64.8352
gene_MP004927	0.33222	0.97431	322	270	83.8509
gene_MP004953	0.34318	1.19923	87	0	0.0000
gene_MP005001	0.35048	1.27601	599	0	0.0000
gene_MP005030	0.32595	1.10731	155	0	0.0000
gene_MP005094	0.37176	1.34126	256	223	87.1094
gene_MP005153	0.45798	1.30350	170	0	0.0000
gene_MP005166	0.35592	2.16363	247	236	95.5466
gene_MP005195	0.31946	1.13790	410	0	0.0000
gene_MP005217	0.33007	1.16708	156	146	93.5897
gene_MP005239	0.38285	1.33303	72	0	0.0000
gene_MP005254	0.35844	1.05503	520	473	90.9615
gene_MP005296	0.35017	1.22280	161	147	91.3043
gene_MP005322	0.33294	1.25716	175	0	0.0000
gene_MP005326	0.30863	1.26258	440	0	0.0000
gene_MP005346	0.31106	1.24811	130	0	0.0000
gene_MP005416	0.37101	1.36160	67	58	86.5672
gene_MP005438	0.32670	1.21779	4995	0	0.0000
gene_MP005449	0.33819	1.27638	388	176	45.3608
gene_MP005461	0.36206	1.38153	2106	57	2.7066
gene_MP005468	0.33580	1.22573	517	0	0.0000
gene_MP005493	0.39184	1.69295	218	218	100.0000
gene_MP005519	0.37846	1.33942	2226	147	6.6038
gene_MP005527	0.37971	1.54130	42	39	92.8571
gene_MP005537	0.63240	1.27237	43	0	0.0000
gene_MP005558	0.30862	1.32323	335	0	0.0000
gene_MP005592	0.31715	1.22617	500	0	0.0000
gene_MP005609	0.33632	1.53283	53	45	84.9057
gene_MP005619	0.35604	1.36395	208	180	86.5385
gene_MP005635	0.31235	1.22602	1415	0	0.0000
gene_MP005637	0.32163	1.36843	385	0	0.0000
gene_MP005665	0.35032	1.17730	73	65	89.0411
gene_MP005682	0.38136	1.24440	405	137	33.8272
gene_MP005695	0.33790	1.31317	410	320	78.0488
gene_MP005703	0.34081	1.39842	161	0	0.0000
gene_MP005714	0.31716	1.17169	741	0	0.0000
gene_MP005725	0.35441	1.21831	896	91	10.1562
gene_MP005754	0.35337	1.18949	438	310	70.7763
gene_MP005806	0.42456	1.25835	411	287	69.8297
gene_MP005819	0.46962	1.52432	35	35	100.0000
gene_MP005832	0.39278	1.34771	37	34	91.8919
gene_MP005853	0.34890	1.12046	319	0	0.0000
gene_MP005861	0.35022	1.21392	27	24	88.8889
gene_MP005888	0.33197	1.29534	25	25	100.0000
gene_MP005892	0.33197	1.29534	623	265	42.5361
gene_MP005909	0.36446	1.11525	218	0	0.0000
gene_MP005910	0.29388	1.03815	38	28	73.6842
gene_MP005948	0.39278	1.34771	271	255	94.0959
gene_MP005954	0.50889	1.63352	95	94	98.9474
gene_MP005972	0.41311	1.53596	46	45	97.8261
gene_MP005982	0.34090	1.35815	3497	443	12.6680
gene_MP006011	0.30543	1.30069	2639	0	0.0000
gene_MP006035	0.32749	1.42437	148	139	93.9189
gene_MP006061	0.33118	1.37001	20	20	100.0000
gene_MP006077	0.33648	1.34129	158	149	94.3038
gene_MP006157	0.36130	1.18161	165	161	97.5758
gene_MP006184	0.33125	1.27425	1603	0	0.0000
gene_MP006188	0.37953	1.36815	31	27	87.0968
gene_MP006195	0.36831	1.19168	308	297	96.4286
gene_MP006197	0.34399	1.13160	119	116	97.4790
gene_MP006216	0.34516	0.95187	95	88	92.6316
gene_MP006263	0.31159	1.19579	342	0	0.0000
gene_MP006373	0.45853	1.40774	231	210	90.9091
gene_MP006468	0.33966	1.27469	220	103	46.8182
gene_MP006475	0.34741	1.26500	1983	65	3.2779
gene_MP006531	0.36163	1.03136	588	520	88.4354
gene_MP006536	0.34495	1.56265	136	112	82.3529
gene_MP006538	0.37241	0.99051	195	156	80.0000
gene_MP006597	0.31112	1.24791	5212	0	0.0000
gene_MP006694	0.36942	1.17885	419	400	95.4654
gene_MP006736	0.34736	1.56359	48	38	79.1667
gene_MP006744	0.32350	1.31752	233	0	0.0000
gene_MP006751	0.34306	1.20133	241	159	65.9751
gene_MP006762	0.33764	1.60751	70	47	67.1429
gene_MP006788	0.36626	1.26108	423	357	84.3972
gene_MP006800	0.41180	1.30523	95	0	0.0000
gene_MP006829	0.36162	1.37490	604	0	0.0000
gene_MP006840	0.34259	1.13034	358	212	59.2179
gene_MP006846	0.39222	1.18423	466	321	68.8841
gene_MP006864	0.41007	1.55581	46	0	0.0000
gene_MP006892	0.36954	1.39756	1159	5	0.4314
gene_MP006932	0.34948	1.44039	25	13	52.0000
gene_MP006965	0.38538	1.08920	111	110	99.0991
gene_MP006971	0.34815	1.65066	136	124	91.1765
gene_MP006977	0.31828	1.22152	71	59	83.0986
gene_MP006984	0.36108	1.26876	297	196	65.9933
gene_MP007062	0.37789	1.26289	401	362	90.2743
gene_MP007086	0.37354	1.28698	543	470	86.5562
gene_MP007137	0.33975	1.18243	2227	17	0.7634
gene_MP007176	0.34045	1.29216	484	218	45.0413
gene_MP007240	0.35187	1.42427	3836	101	2.6330
gene_MP007246	0.35596	1.05011	396	335	84.5960
gene_MP007248	0.34228	1.26386	20	0	0.0000
gene_MP007266	0.34960	1.51790	613	609	99.3475
gene_MP007272	0.34145	1.06144	34	14	41.1765
gene_MP007277	0.30371	1.20288	63	36	57.1429
gene_MP007288	0.34228	1.26386	1321	928	70.2498
gene_MP007313	0.36465	1.11182	367	274	74.6594
gene_MP007419	0.37850	1.25156	735	609	82.8571
gene_MP007495	0.38880	1.24510	40	13	32.5000
gene_MP007570	0.36514	1.36669	542	495	91.3284
gene_MP007654	0.34345	0.96911	225	153	68.0000
gene_MP007671	0.38337	1.43654	404	345	85.3960
gene_MP007826	0.38051	1.48666	861	811	94.1928
gene_MP007866	0.35107	1.28313	810	666	82.2222
gene_MP007871	0.31812	1.20353	63	62	98.4127
gene_MP007943	0.33748	1.38364	4531	72	1.5891
gene_MP007967	0.34518	1.13171	1100	397	36.0909
gene_MP007968	0.42674	1.55117	501	501	100.0000
gene_MP007971	0.31915	1.23676	654	0	0.0000
gene_MP007989	0.32882	1.09446	159	142	89.3082
gene_MP008007	0.34468	1.29825	753	0	0.0000
gene_MP008008	0.33110	1.12699	353	314	88.9518
gene_MP008009	0.33630	1.25529	125	0	0.0000
gene_MP008026	0.32960	1.30822	235	198	84.2553
gene_MP008042	0.34597	1.12752	724	585	80.8011
gene_MP008045	0.39730	1.63594	548	528	96.3504
gene_MP008076	0.31265	1.27225	62	0	0.0000
gene_MP008097	0.35213	1.07688	673	551	81.8722
gene_MP008126	0.38906	0.93373	136	99	72.7941
gene_MP008182	0.32272	1.10879	21	14	66.6667
gene_MP008214	0.34310	1.27657	2766	0	0.0000
gene_MP008316	0.35551	1.28387	2768	344	12.4277
gene_MP008331	0.36266	1.17036	107	103	96.2617
gene_MP008414	0.46109	1.16056	42	0	0.0000
gene_MP008421	0.33518	0.98962	105	72	68.5714
gene_MP008443	0.35551	1.28387	983	475	48.3215
gene_MP008467	0.32083	1.38983	157	147	93.6306
gene_MP008473	0.36491	1.10549	296	284	95.9459
gene_MP008489	0.45580	1.13897	289	0	0.0000
gene_MP008554	0.40656	1.28644	314	0	0.0000
gene_MP008556	0.32308	1.30137	6519	0	0.0000
gene_MP008560	0.40191	0.99796	25	22	88.0000
gene_MP008567	0.36398	1.28898	1806	76	4.2082
gene_MP008577	0.32925	1.27211	763	124	16.2516
gene_MP008592	0.36291	1.53438	100	91	91.0000
gene_MP008598	0.32496	1.29152	160	0	0.0000
gene_MP008609	0.34924	1.11121	458	0	0.0000
gene_MP008622	0.34990	1.28490	515	368	71.4563
gene_MP008624	0.31928	1.33602	328	260	79.2683
gene_MP008634	0.33045	1.25794	1395	0	0.0000
gene_MP008673	0.34364	1.36910	2409	99	4.1096
gene_MP008692	0.34387	1.47638	385	353	91.6883
gene_MP008697	0.33680	1.04194	366	259	70.7650
gene_MP008737	0.35748	1.22139	609	0	0.0000
gene_MP008757	0.37933	1.62607	40	36	90.0000
gene_MP008766	0.34791	1.21931	164	0	0.0000
gene_MP008830	0.35754	1.16921	380	237	62.3684
gene_MP008831	0.43613	1.20031	117	103	88.0342
gene_MP008845	0.40303	0.97561	26	4	15.3846
gene_MP008883	0.29289	1.02824	237	104	43.8819
gene_MP008953	0.32616	1.30281	889	0	0.0000
gene_MP009013	0.37735	1.25367	508	230	45.2756
gene_MP009044	0.43546	1.09211	30	0	0.0000
gene_MP009047	0.33628	1.00173	96	0	0.0000
gene_MP009071	0.35002	1.20046	321	274	85.3583
gene_MP009085	0.30618	0.99991	32	31	96.8750
gene_MP009101	0.38880	1.24510	166	163	98.1928
gene_MP009105	0.32620	1.51174	1349	0	0.0000
gene_MP009119	0.35865	1.43305	653	607	92.9556
gene_MP009146	0.33578	1.33718	446	0	0.0000
gene_MP009192	0.36623	1.19716	924	848	91.7749
gene_MP009203	0.54483	1.54404	297	244	82.1549
gene_MP009219	0.33164	1.17460	870	108	12.4138
gene_MP009230	0.54970	1.60853	377	0	0.0000
gene_MP009240	0.37926	1.15734	354	0	0.0000
gene_MP009279	0.45810	1.26885	265	0	0.0000
gene_MP009285	0.45685	1.27097	264	0	0.0000
gene_MP009289	0.45635	1.26885	205	0	0.0000
gene_MP009357	0.34513	1.26539	204	0	0.0000
gene_MP009369	0.32771	1.14094	1706	365	21.3951
gene_MP009382	0.41709	1.46617	37	19	51.3514
gene_MP009409	0.32662	1.16963	2085	36	1.7266
gene_MP009535	0.36447	1.14952	337	309	91.6914
gene_MP009625	0.32799	1.21651	358	0	0.0000
gene_MP009685	0.34631	1.17876	244	174	71.3115
gene_MP009711	0.33231	1.41995	4581	0	0.0000
gene_MP009732	0.35126	1.52496	2390	133	5.5649
gene_MP009796	0.34310	1.54309	808	19	2.3515
gene_MP009826	0.31265	1.38052	586	485	82.7645
gene_MP009829	0.35861	1.32697	553	1	0.1808
gene_MP009887	0.36019	1.37280	632	590	93.3544
gene_MP009892	0.36434	1.31440	672	634	94.3452
gene_MP009963	0.33130	1.26343	1298	0	0.0000
gene_MP009982	0.32664	1.40807	157	0	0.0000
gene_MP010049	0.34582	1.13571	395	330	83.5443
gene_MP010062	0.36370	1.15528	637	480	75.3532
gene_MP010071	0.36178	1.09650	901	0	0.0000
gene_MP010105	0.29789	1.39554	110	0	0.0000
gene_MP010218	0.37757	1.32210	92	90	97.8261
gene_MP010222	0.30445	1.18533	915	0	0.0000
gene_MP010264	0.36063	1.20977	710	553	77.8873
gene_MP010326	0.34278	1.48125	122	119	97.5410
gene_MP010344	0.31803	1.34969	935	0	0.0000
gene_MP010389	0.53142	1.28092	169	0	0.0000
gene_MP010418	0.47322	1.64084	168	141	83.9286
gene_MP010425	0.41828	1.16233	55	46	83.6364
gene_MP010430	0.35751	1.21387	60	32	53.3333
gene_MP010495	0.35988	1.92963	65	60	92.3077
gene_MP010542	0.32704	1.44999	24	24	100.0000
gene_MP010543	0.48130	1.55059	108	103	95.3704
gene_MP010586	0.36753	1.39954	170	148	87.0588
gene_MP010609	0.32650	1.27127	390	238	61.0256
gene_MP010620	0.65812	0.92382	35	0	0.0000
gene_MP010661	0.39368	1.63523	51	48	94.1176
gene_MP010685	0.35747	1.18882	172	137	79.6512
gene_MP010701	0.37703	1.58925	167	61	36.5269
gene_MP010750	0.37849	1.19315	374	0	0.0000
gene_MP010754	0.33874	1.07785	190	31	16.3158
gene_MP010793	0.35391	1.02121	190	0	0.0000
gene_MP010814	0.33530	1.16180	320	0	0.0000
gene_MP010843	0.31636	1.27045	200	62	31.0000
gene_MP010917	0.76442	1.23253	53	0	0.0000
gene_MP010972	0.33872	1.08510	327	0	0.0000
gene_MP011002	0.77542	1.26019	132	0	0.0000
gene_MP011007	0.41903	1.70143	52	47	90.3846
gene_MP011018	0.32816	1.31371	362	0	0.0000
gene_MP011039	0.35869	1.16888	120	118	98.3333
gene_MP011084	0.32897	1.24203	333	253	75.9760
gene_MP011094	0.40988	1.98244	91	88	96.7033
gene_MP011128	0.34115	1.20892	1435	114	7.9443
gene_MP011132	0.36791	1.31497	373	0	0.0000
gene_MP011139	0.35652	1.20781	468	363	77.5641
gene_MP011160	0.39193	1.28620	93	58	62.3656
gene_MP011176	0.32187	1.14532	1765	223	12.6346
gene_MP011197	0.35875	1.25592	265	259	97.7358
gene_MP011198	0.57939	1.41663	113	65	57.5221
gene_MP011199	0.35026	1.40295	66	51	77.2727
gene_MP011201	0.36139	0.92953	110	104	94.5455
gene_MP011209	0.34818	1.37259	647	99	15.3014
gene_MP011251	0.34742	0.98809	109	0	0.0000
gene_MP011294	0.46691	1.64791	99	99	100.0000
gene_MP011297	0.34491	1.10453	188	139	73.9362
gene_MP011343	0.30385	1.32891	43	26	60.4651
gene_MP011381	0.66741	1.27746	26	26	100.0000
gene_MP011400	0.47904	1.28810	31	31	100.0000
gene_MP011419	0.38536	1.92107	37	32	86.4865
gene_MP011440	0.28978	1.08009	39	33	84.6154
gene_MP011454	0.35313	1.19490	557	7	1.2567
gene_MP011456	0.32868	1.39346	88	68	77.2727
gene_MP011458	0.34224	1.08234	342	232	67.8363
gene_MP011467	0.35944	1.74369	40	28	70.0000
gene_MP011494	0.35445	1.22714	219	186	84.9315
gene_MP011504	0.37333	1.74333	136	136	100.0000
gene_MP011522	0.33350	1.26575	69	60	86.9565
gene_MP011533	0.39708	1.70350	41	35	85.3659
gene_MP011534	0.38084	1.30704	229	205	89.5197
gene_MP011555	0.41351	1.46675	99	41	41.4141
gene_MP011579	0.36929	1.47169	100	87	87.0000
gene_MP011592	0.68392	1.27016	133	0	0.0000
gene_MP011619	0.33895	1.27580	113	105	92.9204
gene_MP011655	0.37325	1.66262	109	81	74.3119
gene_MP011691	0.31125	1.08569	762	0	0.0000
gene_MP011700	0.38667	1.57288	21	21	100.0000
gene_MP011708	0.43439	1.18359	104	12	11.5385
gene_MP011714	0.34467	1.10312	250	162	64.8000
gene_MP011716	0.31675	1.12664	142	94	66.1972
gene_MP011723	0.43875	1.22785	68	35	51.4706
gene_MP011724	0.39295	1.33441	38	34	89.4737
gene_MP011787	0.34370	1.13587	182	160	87.9121
gene_MP011803	0.35516	1.52710	189	159	84.1270
gene_MP011827	0.48412	0.85664	54	50	92.5926
gene_MP011834	0.31322	1.12211	728	0	0.0000
gene_MP011857	0.37613	1.54626	28	26	92.8571
gene_MP011874	0.34972	1.00649	82	65	79.2683
gene_MP011875	0.41408	1.53143	56	36	64.2857
gene_MP011892	0.44093	1.37833	95	94	98.9474
gene_MP011925	0.34299	1.45940	2049	26	1.2689
gene_MP011934	0.48449	1.17948	29	12	41.3793
gene_MP011951	0.36262	0.96944	194	166	85.5670
gene_MP011961	0.33067	1.25199	4126	0	0.0000
gene_MP011972	0.34953	1.32159	39	15	38.4615
gene_MP011976	0.35373	1.03716	29	0	0.0000
gene_MP011996	0.38501	1.10070	32	0	0.0000
gene_MP012052	0.30018	1.21557	1859	0	0.0000
gene_MP012053	0.30843	1.35114	1887	0	0.0000
gene_MP012056	0.35428	1.05112	223	190	85.2018
gene_MP012059	0.35035	1.66836	35	16	45.7143
gene_MP012079	0.42111	1.65163	269	116	43.1227
gene_MP012087	0.47901	1.46844	92	39	42.3913
gene_MP012102	0.36369	0.93881	156	123	78.8462
gene_MP012110	0.31593	1.32787	63	63	100.0000
gene_MP012113	0.33035	0.82232	35	27	77.1429
gene_MP012149	0.34522	1.30697	24	16	66.6667
gene_MP012178	0.38008	1.82857	32	19	59.3750
gene_MP012200	0.34083	1.26631	592	92	15.5405
gene_MP012224	0.36489	1.45002	132	24	18.1818
gene_MP012242	0.39444	1.52975	111	85	76.5766
gene_MP012290	0.32988	1.27095	71	67	94.3662
gene_MP012296	0.33124	1.83064	224	160	71.4286
gene_MP012307	0.34319	1.37636	76	0	0.0000
gene_MP012317	0.35138	1.49892	263	39	14.8289
gene_MP012318	0.40205	1.25552	74	64	86.4865
gene_MP012319	0.35193	1.46544	23	0	0.0000
gene_MP012352	0.67791	1.40993	244	163	66.8033
gene_MP012356	0.37175	1.43125	195	180	92.3077
gene_MP012362	0.47836	1.37078	67	0	0.0000
gene_MP012365	0.33209	1.44361	170	39	22.9412
gene_MP012370	0.44283	1.25706	127	0	0.0000
gene_MP012373	0.40123	1.14365	330	257	77.8788
gene_MP012462	0.33377	1.22024	207	0	0.0000
gene_MP012475	0.43975	1.61865	163	131	80.3681
gene_MP012531	0.35307	0.84015	164	131	79.8780
gene_MP012534	0.34096	1.12499	203	157	77.3399
gene_MP012601	0.33193	1.34115	901	630	69.9223
gene_MP012646	0.33836	1.44380	276	220	79.7101
gene_MP012649	0.33915	1.16720	246	219	89.0244
gene_MP012661	0.42248	1.57637	173	169	97.6879
gene_MP012776	0.42262	0.98667	37	0	0.0000
gene_MP012792	0.32925	1.14368	378	0	0.0000
gene_MP012798	0.35067	1.43418	195	174	89.2308
gene_MP012799	0.34786	1.20123	210	173	82.3810
gene_MP012808	0.42427	1.32252	114	114	100.0000
gene_MP012832	0.34992	0.87366	65	58	89.2308
gene_MP012893	0.31505	1.26499	131	98	74.8092
gene_MP012923	0.32960	0.99613	316	186	58.8608
gene_MP012987	0.46788	1.63604	368	289	78.5326
gene_MP013027	0.43717	1.70426	92	91	98.9130
gene_MP013028	0.33538	1.00554	179	110	61.4525
gene_MP013029	0.37358	0.95286	155	143	92.2581
gene_MP013033	0.32102	1.12318	106	60	56.6038
gene_MP013036	0.34592	1.32889	879	400	45.5063
gene_MP013038	0.35789	1.36394	232	194	83.6207
gene_MP013043	0.36632	1.48581	47	47	100.0000
gene_MP013048	0.35408	1.10600	224	189	84.3750
gene_MP013056	0.53184	1.28365	24	0	0.0000
gene_MP013057	0.28062	1.12735	24	22	91.6667
gene_MP013061	0.32003	1.32121	189	0	0.0000
gene_MP013063	0.71981	0.74675	20	0	0.0000
gene_MP013077	0.59241	1.32622	141	98	69.5035
gene_MP013078	0.30776	1.35426	441	0	0.0000
gene_MP013082	0.32943	1.09114	106	68	64.1509
gene_MP013083	0.35115	1.29707	95	93	97.8947
gene_MP013123	0.36061	1.16654	437	345	78.9474
gene_MP013125	0.36683	1.55442	729	632	86.6941
gene_MP013130	0.33392	1.34364	1443	334	23.1462
gene_MP013142	0.36071	1.50532	400	378	94.5000
gene_MP013148	0.32178	1.76078	46	38	82.6087
gene_MP013149	0.39236	1.86588	77	47	61.0390
gene_MP013152	0.31573	1.06657	381	0	0.0000
gene_MP013171	0.32563	1.10689	57	25	43.8596
gene_MP013219	0.40909	1.14548	675	530	78.5185
gene_MP013238	0.31368	1.02416	135	104	77.0370
gene_MP013264	0.34307	1.06362	723	0	0.0000
gene_MP013299	0.38095	1.68929	275	261	94.9091
gene_MP013303	0.38462	1.55548	86	65	75.5814
gene_MP013359	0.43661	1.31519	88	0	0.0000
gene_MP013364	0.42447	1.12134	100	85	85.0000
gene_MP013449	0.37395	0.92611	27	19	70.3704
gene_MP013494	0.32536	1.22980	922	0	0.0000
gene_MP013544	0.35368	1.26507	151	131	86.7550
gene_MP013580	0.31975	1.38400	118	89	75.4237
gene_MP013583	0.32249	1.23336	267	127	47.5655
gene_MP013613	0.34610	1.46140	90	75	83.3333
gene_MP013650	0.49543	1.39937	111	93	83.7838
gene_MP013656	0.34998	1.19026	2357	83	3.5214
gene_MP013664	0.32899	1.41748	3756	0	0.0000
gene_MP013673	0.47949	1.04212	70	0	0.0000
gene_MP013678	0.37550	1.62726	57	42	73.6842
gene_MP013692	0.34047	1.14037	281	253	90.0356
gene_MP013707	0.32524	1.79207	165	133	80.6061
gene_MP013711	0.28015	0.97481	30	0	0.0000
gene_MP013763	0.45463	1.41688	76	47	61.8421
gene_MP013810	0.33066	1.56252	82	79	96.3415
gene_MP013813	0.35693	1.24110	900	0	0.0000
gene_MP013879	0.35693	1.24110	532	164	30.8271
gene_MP013881	0.38095	1.48170	21	21	100.0000
gene_MP013931	0.37107	1.31545	223	0	0.0000
gene_MP013999	0.32767	1.32833	6072	0	0.0000
gene_MP014000	0.32087	1.07980	118	104	88.1356
gene_MP014037	0.33504	1.19643	309	259	83.8188
gene_MP014093	0.34391	1.33821	1201	0	0.0000
gene_MP014094	0.45576	1.32521	189	0	0.0000
gene_MP014099	0.35628	1.21927	394	244	61.9289
gene_MP014128	0.32908	1.31397	1502	0	0.0000
gene_MP014199	0.38590	1.75225	73	68	93.1507
gene_MP014211	0.32546	1.10822	216	0	0.0000
gene_MP014215	0.32319	1.82274	37	35	94.5946
gene_MP014229	0.34786	1.20103	369	62	16.8022
gene_MP014232	0.43451	1.33914	100	98	98.0000
gene_MP014254	0.35011	1.29522	388	123	31.7010
gene_MP014265	0.29682	1.63520	112	0	0.0000
gene_MP014292	0.34753	1.37392	1045	692	66.2201
gene_MP014333	0.34738	1.31277	170	162	95.2941
gene_MP014371	0.32071	1.29112	1417	0	0.0000
gene_MP014399	0.69244	1.26193	170	94	55.2941
gene_MP014417	0.37409	1.60979	308	247	80.1948
gene_MP014426	0.34917	1.18124	214	127	59.3458
gene_MP014434	0.34636	1.37577	227	133	58.5903
gene_MP014452	0.40361	2.11157	62	61	98.3871
gene_MP014476	0.31954	1.25262	2795	0	0.0000
gene_MP014572	0.34394	1.56127	23	22	95.6522
gene_MP014630	0.36193	1.22070	239	233	97.4895
gene_MP014636	0.47251	1.51082	495	0	0.0000
gene_MP014643	0.35602	1.15681	301	257	85.3821
gene_MP014645	0.46671	1.79143	451	403	89.3570
gene_MP014648	0.43759	1.71805	340	331	97.3529
gene_MP014651	0.35698	1.38238	845	762	90.1775
gene_MP014715	0.39685	1.29369	33	15	45.4545
gene_MP014763	0.42520	1.32210	75	71	94.6667
gene_MP014777	0.34147	1.43736	266	169	63.5338
gene_MP014814	0.36992	0.79219	20	0	0.0000
gene_MP014890	0.40096	1.22676	41	27	65.8537
gene_MP014896	0.30511	1.28344	5216	0	0.0000
gene_MP014931	0.34867	1.39993	37	29	78.3784
gene_MP014934	0.35671	1.36729	144	133	92.3611
gene_MP014983	0.32799	1.12811	418	336	80.3828
gene_MP015015	0.33716	1.31780	3173	10	0.3152
gene_MP015034	0.46593	1.40609	82	0	0.0000
gene_MP015074	0.30310	1.32350	708	0	0.0000
gene_MP015077	0.32779	1.11736	157	133	84.7134
gene_MP015108	0.32506	1.14084	426	381	89.4366
gene_MP015140	0.34856	1.22020	284	226	79.5775
gene_MP015146	0.39555	1.54011	111	105	94.5946
gene_MP015207	0.38058	1.43968	86	62	72.0930
gene_MP015212	0.35508	1.24796	391	357	91.3043
gene_MP015343	0.34509	1.01169	35	20	57.1429
gene_MP015373	0.29262	1.19276	235	0	0.0000
gene_MP015385	0.34375	1.19643	782	7	0.8951
gene_MP015400	0.37470	1.38154	182	0	0.0000
gene_MP015423	0.36952	1.42709	121	105	86.7769
gene_MP015426	0.32071	1.29112	611	194	31.7512
gene_MP015469	0.30754	1.43317	67	63	94.0299
gene_MP015474	0.31034	1.20959	58	42	72.4138
gene_MP015495	0.34142	1.25145	219	112	51.1416
gene_MP015502	0.37309	1.21038	223	113	50.6726
gene_MP015508	0.36556	1.50568	1789	149	8.3287
gene_MP015519	0.33331	1.32980	910	0	0.0000
gene_MP015528	0.34473	1.10914	79	31	39.2405
gene_MP015561	0.79085	1.27728	21	0	0.0000
gene_MP015592	0.36302	1.45938	101	76	75.2475
gene_MP015624	0.31106	1.28315	1050	0	0.0000
gene_MP015663	0.34314	1.25215	1085	0	0.0000
gene_MP015669	0.30492	1.09474	26	16	61.5385
gene_MP015677	0.38444	1.29025	323	243	75.2322
gene_MP015771	0.36413	1.21203	482	468	97.0954
gene_MP015815	0.35570	1.16808	424	340	80.1887
gene_MP015875	0.33873	0.89763	229	0	0.0000
gene_MP015897	0.36299	1.11311	164	107	65.2439
gene_MP015930	0.38557	1.18306	45	45	100.0000
gene_MP016008	0.47256	1.36685	114	0	0.0000
gene_MP016015	0.47390	1.33529	21	0	0.0000
gene_MP016058	0.40643	1.32811	87	0	0.0000
gene_MP016282	0.33467	1.14007	326	53	16.2577
gene_MP016340	0.39267	1.51164	346	318	91.9075
gene_MP016367	0.35363	1.35791	101	101	100.0000
gene_MP016416	0.35699	1.32105	500	430	86.0000
gene_MP016421	0.35458	1.50416	65	48	73.8462
gene_MP016427	0.35272	1.13037	177	151	85.3107
gene_MP016460	0.37431	1.42670	667	630	94.4528
gene_MP016479	0.35853	1.13423	553	16	2.8933
gene_MP016493	0.33771	1.22713	205	163	79.5122
gene_MP016581	0.33820	1.35993	1738	0	0.0000
gene_MP016619	0.40549	0.87778	28	0	0.0000
gene_MP016634	0.33422	1.18337	217	34	15.6682
gene_MP016642	0.33840	1.33143	365	256	70.1370
gene_MP016688	0.34754	1.35533	956	622	65.0628
gene_MP016783	0.33432	1.18343	82	73	89.0244
gene_MP016853	0.31573	1.06657	234	0	0.0000
gene_MP016883	0.31803	1.16539	240	0	0.0000
gene_MP016884	0.34502	1.67039	45	42	93.3333
gene_MP016885	0.39789	1.46376	454	398	87.6652
gene_MP016920	0.33550	1.08475	178	163	91.5730
gene_MP016992	0.40348	1.30159	228	212	92.9825
gene_MP017077	0.40562	1.36453	212	211	99.5283
gene_MP017097	0.30918	1.29815	4481	110	2.4548
gene_MP017112	0.34038	1.27806	112	106	94.6429
gene_MP017116	0.40857	1.02677	41	0	0.0000
gene_MP017170	0.36270	1.08857	28	0	0.0000
gene_MP017194	0.36162	1.18668	68	40	58.8235
gene_MP017255	0.32276	1.27087	1795	0	0.0000
gene_MP017345	0.36748	1.46114	723	590	81.6044
gene_MP017402	0.36155	1.33776	102	52	50.9804
gene_MP017482	0.35525	0.92172	69	0	0.0000
gene_MP017578	0.44302	1.25462	48	48	100.0000
gene_MP017589	0.51630	1.25873	140	34	24.2857
gene_MP017601	0.37500	1.26983	102	93	91.1765
gene_MP017609	0.37146	1.31283	94	77	81.9149
gene_MP017616	0.32533	1.55089	92	0	0.0000
gene_MP017642	0.37360	1.48023	69	49	71.0145
gene_MP017645	0.35858	1.18082	304	78	25.6579
gene_MP017702	0.35611	1.43102	430	363	84.4186
gene_MP017738	0.38321	1.38607	379	371	97.8892
gene_MP017739	0.32425	1.30416	3478	32	0.9201
gene_MP017809	0.31678	1.07712	996	686	68.8755
gene_MP017854	0.36333	1.29601	76	57	75.0000
gene_MP017926	0.42184	1.61781	22	18	81.8182
gene_MP017928	0.34323	1.33544	2486	0	0.0000
gene_MP017956	0.36777	1.55222	243	209	86.0082
gene_MP018071	0.35673	1.28951	527	435	82.5427
gene_MP018108	0.33820	1.35993	1112	0	0.0000
gene_MP018113	0.37495	1.22473	834	798	95.6835
gene_MP018128	0.36025	1.14108	402	330	82.0896
gene_MP018129	0.36675	1.79047	66	52	78.7879
gene_MP018198	0.33412	1.30668	1656	70	4.2271
gene_MP018241	0.42691	1.57222	115	114	99.1304
gene_MP018254	0.47082	1.31506	34	0	0.0000
gene_MP018256	0.47082	1.31506	45	0	0.0000
gene_MP018327	0.34367	1.13166	347	318	91.6427
gene_MP000021	0.37322	1.33033	578	543	93.9446
gene_MP000065	0.33035	1.31559	228	188	82.4561
gene_MP000076	0.39214	1.06508	711	0	0.0000
gene_MP000108	0.35897	1.35234	196	0	0.0000
gene_MP000111	0.35798	1.36790	197	0	0.0000
gene_MP000129	0.34131	1.20312	89	0	0.0000
gene_MP000229	0.35139	1.13995	231	217	93.9394
gene_MP000292	0.32821	1.32348	5151	0	0.0000
gene_MP000299	0.48374	1.12607	82	59	71.9512
gene_MP000310	0.32988	1.26264	2275	85	3.7363
gene_MP000348	0.35740	1.92733	51	39	76.4706
gene_MP000373	0.31165	1.27478	22	5	22.7273
gene_MP000417	0.50294	1.24210	40	18	45.0000
gene_MP000422	0.37518	1.13799	112	100	89.2857
gene_MP000444	0.36518	1.14839	358	161	44.9721
gene_MP000468	0.33650	1.16246	260	214	82.3077
gene_MP000477	0.57917	1.52183	183	149	81.4208
gene_MP000479	0.34382	1.05164	147	121	82.3129
gene_MP000487	0.52003	1.32081	109	56	51.3761
gene_MP000496	0.34498	1.21534	63	24	38.0952
gene_MP000497	0.34498	1.21534	38	31	81.5789
gene_MP000499	0.34498	1.21534	607	570	93.9044
gene_MP000511	0.35136	1.14828	85	50	58.8235
gene_MP000571	0.33653	1.33597	197	171	86.8020
gene_MP000599	0.36061	1.04716	228	121	53.0702
gene_MP000617	0.33117	1.32587	7274	89	1.2235
gene_MP000681	0.32805	1.41397	340	218	64.1176
gene_MP000701	0.33651	1.11736	633	473	74.7235
gene_MP000703	0.37743	1.15539	375	358	95.4667
gene_MP000723	0.33176	1.35427	1486	0	0.0000
gene_MP000769	0.38188	1.31805	1791	246	13.7353
gene_MP000782	0.35585	1.13412	206	188	91.2621
gene_MP000812	0.33913	1.27741	131	109	83.2061
gene_MP000894	0.31898	1.24869	5534	232	4.1923
gene_MP000934	0.36079	1.18072	701	320	45.6491
gene_MP000966	0.35911	1.12541	1469	318	21.6474
gene_MP001064	0.34919	1.45019	1570	1446	92.1019
gene_MP001173	0.35550	1.14386	300	286	95.3333
gene_MP001176	0.36820	1.52751	1609	369	22.9335
gene_MP001179	0.37486	1.35810	132	0	0.0000
gene_MP001186	0.37580	1.33504	50	0	0.0000
gene_MP001214	0.34069	1.34089	701	618	88.1598
gene_MP001226	0.34603	1.20587	2953	454	15.3742
gene_MP001325	0.33111	1.14402	3300	178	5.3939
gene_MP001343	0.33934	1.36596	7424	55	0.7408
gene_MP001371	0.33141	1.19704	169	96	56.8047
gene_MP001380	0.34001	1.49762	1863	0	0.0000
gene_MP001398	0.38777	1.31144	746	535	71.7158
gene_MP001471	0.31481	1.46476	209	161	77.0335
gene_MP001509	0.42160	1.52350	118	59	50.0000
gene_MP001517	0.42500	1.50581	120	113	94.1667
gene_MP001554	0.40134	1.08079	904	0	0.0000
gene_MP001560	0.45553	1.72965	140	89	63.5714
gene_MP001562	0.32256	1.25281	983	0	0.0000
gene_MP001578	0.31651	1.31620	194	0	0.0000
gene_MP001667	0.33252	1.16344	171	131	76.6082
gene_MP001689	0.52332	1.17797	46	16	34.7826
gene_MP001726	0.34759	1.18089	331	248	74.9245
gene_MP001755	0.33176	1.35427	418	326	77.9904
gene_MP001779	0.33901	1.02544	136	0	0.0000
gene_MP001793	0.33498	1.18183	356	0	0.0000
gene_MP001892	0.30066	1.38171	2733	0	0.0000
gene_MP001948	0.36628	1.53590	1193	88	7.3764
gene_MP002049	0.36697	1.28292	61	48	78.6885
gene_MP002100	0.36407	1.31520	90	75	83.3333
gene_MP002132	0.44518	1.30872	165	92	55.7576
gene_MP002142	0.34183	1.22667	66	61	92.4242
gene_MP002157	0.37044	0.91739	122	48	39.3443
gene_MP002173	0.32400	1.22893	149	141	94.6309
gene_MP002186	0.31398	1.43598	62	53	85.4839
gene_MP002195	0.44663	0.97831	59	37	62.7119
gene_MP002214	0.29089	1.37196	46	44	95.6522
gene_MP002217	0.33808	1.31706	304	284	93.4211
gene_MP002235	0.34899	1.37860	78	60	76.9231
gene_MP002258	0.36195	1.52357	3253	0	0.0000
gene_MP002266	0.40914	1.22707	47	23	48.9362
gene_MP002269	0.62435	1.25841	51	51	100.0000
gene_MP002281	0.37490	1.67030	72	45	62.5000
gene_MP002299	0.57953	1.29409	133	0	0.0000
gene_MP002327	0.40003	1.38623	426	369	86.6197
gene_MP002352	0.34982	1.20177	229	206	89.9563
gene_MP002369	0.33075	1.19544	29	18	62.0690
gene_MP002370	0.42914	1.75667	850	46	5.4118
gene_MP002410	0.36240	1.25967	63	53	84.1270
gene_MP002420	0.34368	1.39657	308	269	87.3377
gene_MP002433	0.40085	0.95234	27	13	48.1481
gene_MP002437	0.42829	1.60897	37	37	100.0000
gene_MP002445	0.34229	1.47920	72	72	100.0000
gene_MP002446	0.38100	1.31315	134	124	92.5373
gene_MP002454	0.32827	1.37223	2225	0	0.0000
gene_MP002458	0.31634	1.03876	64	51	79.6875
gene_MP002461	0.31748	1.34145	164	131	79.8780
gene_MP002464	0.40537	1.84965	393	0	0.0000
gene_MP002467	0.32025	0.95273	23	12	52.1739
gene_MP002478	0.36216	0.89754	118	91	77.1186
gene_MP002479	0.33119	1.31780	22	10	45.4545
gene_MP002512	0.32844	1.37667	1343	0	0.0000
gene_MP002517	0.35518	1.12324	180	0	0.0000
gene_MP002530	0.35923	1.29560	149	148	99.3289
gene_MP002551	0.34424	1.43329	201	118	58.7065
gene_MP002555	0.40391	1.83482	176	137	77.8409
gene_MP002571	0.35327	1.15527	238	144	60.5042
gene_MP002581	0.42391	1.49501	109	90	82.5688
gene_MP002590	0.39719	1.11519	419	380	90.6921
gene_MP002603	0.34388	1.50973	42	25	59.5238
gene_MP002618	0.37434	1.00265	153	136	88.8889
gene_MP002635	0.47575	1.50025	91	69	75.8242
gene_MP002637	0.35612	1.39103	86	74	86.0465
gene_MP002650	0.33771	1.28440	533	171	32.0826
gene_MP002659	0.38917	1.68232	62	59	95.1613
gene_MP002669	0.31498	1.13358	24	23	95.8333
gene_MP002698	0.56180	1.10133	23	0	0.0000
gene_MP002700	0.34177	1.27618	1000	0	0.0000
gene_MP002702	0.37257	1.40777	45	33	73.3333
gene_MP002708	0.34945	1.25556	179	126	70.3911
gene_MP002712	0.33868	1.19780	122	90	73.7705
gene_MP002713	0.32233	1.16307	138	99	71.7391
gene_MP002727	0.49065	1.24509	32	10	31.2500
gene_MP002764	0.33132	1.07470	102	75	73.5294
gene_MP002818	0.32409	1.29340	124	86	69.3548
gene_MP002836	0.30875	1.18655	70	65	92.8571
gene_MP002841	0.31665	0.98401	69	0	0.0000
gene_MP002845	0.38952	1.44468	302	258	85.4305
gene_MP002879	0.38896	1.57685	93	74	79.5699
gene_MP002916	0.41894	1.28054	35	18	51.4286
gene_MP002919	0.31265	1.29345	1942	0	0.0000
gene_MP002950	0.35352	1.19739	407	265	65.1106
gene_MP002966	0.32871	1.06583	278	12	4.3165
gene_MP002968	0.39652	1.12533	28	25	89.2857
gene_MP002984	0.44671	1.30678	115	56	48.6957
gene_MP003000	0.42864	1.39482	139	83	59.7122
gene_MP003057	0.35161	1.63855	47	42	89.3617
gene_MP003098	0.47967	1.06082	75	0	0.0000
gene_MP003138	0.52989	1.38718	379	0	0.0000
gene_MP003165	0.61623	1.32933	115	33	28.6957
gene_MP003167	0.37870	1.22066	236	222	94.0678
gene_MP003174	0.34318	1.41144	98	85	86.7347
gene_MP003182	0.31974	1.22661	359	308	85.7939
gene_MP003184	0.73389	1.44951	209	0	0.0000
gene_MP003185	0.31307	1.38835	44	33	75.0000
gene_MP003187	0.32684	1.35226	150	90	60.0000
gene_MP003191	0.34912	1.22516	335	107	31.9403
gene_MP003222	0.49288	1.47941	346	0	0.0000
gene_MP003259	0.36621	1.18477	293	272	92.8328
gene_MP003264	0.33319	1.28402	242	0	0.0000
gene_MP003269	0.39058	1.51830	167	75	44.9102
gene_MP003292	0.33157	1.91360	50	50	100.0000
gene_MP003321	0.33425	1.42539	2300	0	0.0000
gene_MP003324	0.37963	1.02303	169	99	58.5799
gene_MP003343	0.34567	1.47671	275	257	93.4545
gene_MP003359	0.32805	1.37955	7890	18	0.2281
gene_MP003402	0.34167	1.29799	83	0	0.0000
gene_MP003411	0.45583	1.22465	54	0	0.0000
gene_MP003412	0.33723	1.08562	29	23	79.3103
gene_MP003426	0.34192	1.56098	186	126	67.7419
gene_MP003433	0.36135	1.77176	52	50	96.1538
gene_MP003446	0.33648	1.21573	280	258	92.1429
gene_MP003449	0.35765	1.06191	322	246	76.3975
gene_MP003450	0.30851	0.93570	88	49	55.6818
gene_MP003457	0.37670	1.43964	270	218	80.7407
gene_MP003465	0.36492	1.52173	54	19	35.1852
gene_MP003468	0.32049	1.23584	286	226	79.0210
gene_MP003509	0.37215	1.24630	333	15	4.5045
gene_MP003544	0.72449	1.19449	138	9	6.5217
gene_MP003546	0.33494	1.07683	158	0	0.0000
gene_MP003584	0.37576	1.37572	231	213	92.2078
gene_MP003604	0.34612	1.19187	269	0	0.0000
gene_MP003613	0.32286	1.08237	210	150	71.4286
gene_MP003622	0.30202	1.08928	108	84	77.7778
gene_MP003630	0.31607	1.91439	44	35	79.5455
gene_MP003635	0.37664	1.18556	22	0	0.0000
gene_MP003651	0.37811	1.18732	411	307	74.6959
gene_MP003660	0.33714	1.23275	224	0	0.0000
gene_MP003708	0.33529	1.22241	187	167	89.3048
gene_MP003723	0.59746	1.42593	200	136	68.0000
gene_MP003745	0.41512	1.31550	91	46	50.5495
gene_MP003788	0.47475	1.61413	55	55	100.0000
gene_MP003800	0.35140	1.45936	300	223	74.3333
gene_MP003840	0.43670	1.50616	39	0	0.0000
gene_MP003858	0.39983	1.31159	63	63	100.0000
gene_MP003866	0.33393	1.08886	34	0	0.0000
gene_MP003867	0.36516	1.15580	318	288	90.5660
gene_MP003950	0.36255	0.98853	27	25	92.5926
gene_MP003990	0.36248	1.45035	33	19	57.5758
gene_MP004035	0.40385	1.26096	131	131	100.0000
gene_MP004036	0.36736	1.25905	439	382	87.0159
gene_MP004047	0.32265	1.26422	78	71	91.0256
gene_MP004071	0.51307	0.95218	20	0	0.0000
gene_MP004097	0.35768	1.31729	218	195	89.4495
gene_MP004114	0.33783	1.48990	97	87	89.6907
gene_MP004219	0.35889	1.28928	248	242	97.5806
gene_MP004230	0.34356	1.22431	537	432	80.4469
gene_MP004332	0.34650	1.23939	603	575	95.3566
gene_MP004349	0.35300	1.43008	410	388	94.6341
gene_MP004403	0.40923	1.66533	66	44	66.6667
gene_MP004410	0.45193	1.12773	53	28	52.8302
gene_MP004503	0.34694	1.35752	78	77	98.7179
gene_MP004518	0.33986	1.12490	118	80	67.7966
gene_MP004526	0.39882	1.84243	246	239	97.1545
gene_MP004545	0.35780	1.15617	121	115	95.0413
gene_MP004558	0.32843	1.18712	456	383	83.9912
gene_MP004638	0.37744	1.13131	84	0	0.0000
gene_MP004666	0.37058	1.38344	82	62	75.6098
gene_MP004668	0.31656	0.97954	151	0	0.0000
gene_MP004774	0.31463	1.40882	3701	0	0.0000
gene_MP004799	0.33771	1.42518	130	111	85.3846
gene_MP004803	0.31539	1.08975	317	163	51.4196
gene_MP004808	0.60461	1.00868	115	0	0.0000
gene_MP004936	0.71306	1.19209	248	168	67.7419
gene_MP005027	0.44778	1.40745	946	0	0.0000
gene_MP005079	0.32917	1.14241	475	0	0.0000
gene_MP005091	0.52818	1.48995	282	231	81.9149
gene_MP005115	0.38488	0.96258	193	0	0.0000
gene_MP005128	0.34492	1.28813	280	207	73.9286
gene_MP005156	0.45861	1.29971	36	0	0.0000
gene_MP005157	0.45861	1.29971	36	0	0.0000
gene_MP005279	0.34566	1.40998	328	274	83.5366
gene_MP005295	0.49255	1.20397	78	32	41.0256
gene_MP005423	0.40635	1.41955	442	388	87.7828
gene_MP005425	0.34991	1.17482	93	72	77.4194
gene_MP005466	0.31567	1.35466	1357	0	0.0000
gene_MP005467	0.33549	1.31011	106	0	0.0000
gene_MP005555	0.33931	1.31698	979	0	0.0000
gene_MP005601	0.31894	1.12420	82	0	0.0000
gene_MP005639	0.36350	1.44916	191	123	64.3979
gene_MP005661	0.40914	1.40911	316	312	98.7342
gene_MP005734	0.31032	1.11080	225	122	54.2222
gene_MP005791	0.38055	1.28769	148	148	100.0000
gene_MP005796	0.42233	1.38749	1013	1008	99.5064
gene_MP005799	0.33365	1.18515	44	8	18.1818
gene_MP005802	0.35526	1.22428	192	171	89.0625
gene_MP005834	0.31293	1.30784	1414	2	0.1414
gene_MP005848	0.34183	1.29925	263	188	71.4829
gene_MP005875	0.31365	1.41795	422	340	80.5687
gene_MP005946	0.37797	1.28635	212	163	76.8868
gene_MP005962	0.36774	1.33670	203	199	98.0296
gene_MP005983	0.35405	1.17592	744	379	50.9409
gene_MP006100	0.31578	1.17566	43	0	0.0000
gene_MP006106	0.31677	1.17828	3758	0	0.0000
gene_MP006186	0.30714	1.24664	2638	0	0.0000
gene_MP006200	0.34233	1.26235	302	254	84.1060
gene_MP006256	0.35794	1.08131	236	233	98.7288
gene_MP006267	0.36264	1.17727	96	87	90.6250
gene_MP006493	0.32657	1.22610	1157	651	56.2662
gene_MP006501	0.34790	1.70315	483	172	35.6108
gene_MP006554	0.34168	1.18043	702	517	73.6467
gene_MP006626	0.31385	1.36764	4701	0	0.0000
gene_MP006660	0.32494	1.11653	433	389	89.8383
gene_MP006677	0.34648	1.35327	1273	281	22.0738
gene_MP006707	0.29933	1.49274	617	545	88.3306
gene_MP006761	0.35780	1.15617	56	35	62.5000
gene_MP006764	0.30746	1.17192	234	219	93.5897
gene_MP006781	0.34544	1.02815	385	234	60.7792
gene_MP006792	0.45549	1.26093	159	0	0.0000
gene_MP006793	0.45549	1.26093	159	0	0.0000
gene_MP006809	0.31069	1.21920	259	226	87.2587
gene_MP006873	0.32451	0.95320	179	149	83.2402
gene_MP006884	0.32451	0.95320	24	22	91.6667
gene_MP006907	0.32973	1.21805	1144	253	22.1154
gene_MP006970	0.30210	1.78864	286	260	90.9091
gene_MP006991	0.32451	0.95320	564	428	75.8865
gene_MP007022	0.34627	1.24200	321	264	82.2430
gene_MP007024	0.35927	1.21163	114	103	90.3509
gene_MP007044	0.34263	1.19669	628	544	86.6242
gene_MP007061	0.31446	1.29625	3806	129	3.3894
gene_MP007111	0.57404	1.63116	103	0	0.0000
gene_MP007121	0.32389	1.40606	739	600	81.1908
gene_MP007123	0.32550	1.50647	480	0	0.0000
gene_MP007148	0.34712	1.16843	210	197	93.8095
gene_MP007159	0.37549	1.47664	2568	632	24.6106
gene_MP007163	0.35071	1.38940	1484	656	44.2049
gene_MP007232	0.31904	1.43064	36	33	91.6667
gene_MP007235	0.33821	1.76983	153	142	92.8105
gene_MP007332	0.36389	1.24358	467	175	37.4732
gene_MP007365	0.34264	1.25552	90	65	72.2222
gene_MP007381	0.38072	1.10932	97	0	0.0000
gene_MP007399	0.36486	1.25863	515	81	15.7282
gene_MP007664	0.31343	1.11264	35	0	0.0000
gene_MP007682	0.34920	1.30783	306	118	38.5621
gene_MP007796	0.32881	1.07549	226	171	75.6637
gene_MP007817	0.34762	1.09382	91	68	74.7253
gene_MP007838	0.35975	1.32316	692	3	0.4335
gene_MP007879	0.33394	1.13760	47	47	100.0000
gene_MP007927	0.34755	1.08981	608	416	68.4211
gene_MP007976	0.32463	1.23162	6355	0	0.0000
gene_MP008022	0.32532	1.10120	86	74	86.0465
gene_MP008043	0.33011	1.43014	1505	359	23.8538
gene_MP008135	0.43532	1.67014	127	123	96.8504
gene_MP008281	0.31581	1.21475	97	67	69.0722
gene_MP008286	0.35291	1.21858	216	199	92.1296
gene_MP008317	0.35139	1.23990	2098	322	15.3480
gene_MP008323	0.36262	1.30612	1099	327	29.7543
gene_MP008357	0.39043	1.38968	137	127	92.7007
gene_MP008371	0.45592	1.24977	20	0	0.0000
gene_MP008372	0.45592	1.24977	20	0	0.0000
gene_MP008393	0.30714	1.24664	202	0	0.0000
gene_MP008427	0.37346	1.42430	306	207	67.6471
gene_MP008430	0.36916	1.32919	243	169	69.5473
gene_MP008433	0.36350	1.44916	167	158	94.6108
gene_MP008465	0.37398	1.41385	70	60	85.7143
gene_MP008474	0.37487	1.41834	6341	0	0.0000
gene_MP008475	0.37061	1.51184	1918	103	5.3702
gene_MP008476	0.30714	1.24664	610	0	0.0000
gene_MP008477	0.33793	1.28198	4031	108	2.6792
gene_MP008483	0.33193	1.02472	32	0	0.0000
gene_MP008485	0.37487	1.41834	736	0	0.0000
gene_MP008545	0.31471	1.12200	226	0	0.0000
gene_MP008547	0.29088	0.92927	26	26	100.0000
gene_MP008574	0.35244	1.13896	117	109	93.1624
gene_MP008585	0.31367	1.06141	123	102	82.9268
gene_MP008591	0.32422	1.28937	1490	0	0.0000
gene_MP008597	0.31377	1.07701	675	0	0.0000
gene_MP008614	0.54648	1.22943	73	0	0.0000
gene_MP008621	0.33421	1.13415	2009	511	25.4355
gene_MP008645	0.38607	1.33299	355	82	23.0986
gene_MP008676	0.35559	1.05516	209	104	49.7608
gene_MP008680	0.37138	1.48281	220	189	85.9091
gene_MP008701	0.31848	1.06788	295	181	61.3559
gene_MP008711	0.33421	1.13415	199	122	61.3065
gene_MP008723	0.66931	1.20472	51	4	7.8431
gene_MP008734	0.36632	1.28307	45	0	0.0000
gene_MP008782	0.34378	1.30943	512	296	57.8125
gene_MP008890	0.36279	1.46586	67	67	100.0000
gene_MP008933	0.33598	1.17665	129	101	78.2946
gene_MP008934	0.34378	1.30943	106	0	0.0000
gene_MP008944	0.39296	1.31179	792	757	95.5808
gene_MP008955	0.41532	1.30581	125	104	83.2000
gene_MP009021	0.36402	1.29001	525	133	25.3333
gene_MP009028	0.33190	1.18284	984	255	25.9146
gene_MP009031	0.31743	1.28374	6934	145	2.0911
gene_MP009122	0.32451	0.95320	1446	1036	71.6459
gene_MP009223	0.54970	1.61638	70	0	0.0000
gene_MP009225	0.54970	1.61638	114	0	0.0000
gene_MP009264	0.34983	1.63773	116	97	83.6207
gene_MP009287	0.45635	1.26885	44	0	0.0000
gene_MP009293	0.45635	1.26885	48	0	0.0000
gene_MP009308	0.35415	1.43359	1918	197	10.2711
gene_MP009342	0.32712	0.98741	79	46	58.2278
gene_MP009398	0.30030	1.31841	709	0	0.0000
gene_MP009444	0.43572	1.19061	497	29	5.8350
gene_MP009475	0.50913	1.03772	70	0	0.0000
gene_MP009530	0.36074	1.28650	1495	0	0.0000
gene_MP009536	0.33940	1.13674	82	65	79.2683
gene_MP009537	0.31974	1.12872	84	70	83.3333
gene_MP009615	0.31529	1.22086	125	75	60.0000
gene_MP009670	0.32232	1.11081	137	105	76.6423
gene_MP009720	0.32552	0.93277	157	128	81.5287
gene_MP009745	0.30628	1.36154	170	136	80.0000
gene_MP009853	0.31973	1.24146	52	26	50.0000
gene_MP009864	0.33940	1.13674	328	283	86.2805
gene_MP010048	0.32062	1.23863	411	373	90.7543
gene_MP010073	0.36732	1.01430	509	393	77.2102
gene_MP010201	0.33794	1.24321	442	319	72.1719
gene_MP010244	0.35134	1.29966	867	196	22.6067
gene_MP010278	0.34974	1.17454	394	317	80.4569
gene_MP010483	0.39246	1.30792	91	0	0.0000
gene_MP010487	0.35188	1.14241	100	0	0.0000
gene_MP010496	0.33318	1.31517	126	0	0.0000
gene_MP010498	0.60461	1.29241	61	0	0.0000
gene_MP010515	0.35890	1.13160	166	0	0.0000
gene_MP010519	0.37928	1.48311	265	259	97.7358
gene_MP010530	0.39177	1.15507	29	24	82.7586
gene_MP010540	0.35874	1.17078	42	15	35.7143
gene_MP010541	0.41563	0.86679	21	5	23.8095
gene_MP010544	0.32655	1.15041	250	190	76.0000
gene_MP010555	0.36719	1.29987	28	14	50.0000
gene_MP010563	0.34579	1.25225	66	64	96.9697
gene_MP010571	0.35286	1.07045	142	104	73.2394
gene_MP010597	0.36009	1.70146	24	12	50.0000
gene_MP010629	0.42436	1.41176	257	159	61.8677
gene_MP010642	0.32765	1.01539	273	0	0.0000
gene_MP010643	0.34467	1.68087	22	22	100.0000
gene_MP010659	0.58925	1.50568	53	53	100.0000
gene_MP010662	0.39012	1.97240	30	30	100.0000
gene_MP010670	0.39703	1.72884	119	78	65.5462
gene_MP010689	0.65574	0.79879	31	0	0.0000
gene_MP010717	0.32946	1.01625	76	29	38.1579
gene_MP010719	0.31902	1.00185	95	87	91.5789
gene_MP010724	0.41445	1.40373	40	31	77.5000
gene_MP010740	0.33246	1.19569	201	142	70.6468
gene_MP010746	0.32845	1.20263	2279	0	0.0000
gene_MP010765	0.31532	1.26078	4331	0	0.0000
gene_MP010771	0.33873	1.32357	3289	308	9.3645
gene_MP010835	0.50726	1.32585	88	46	52.2727
gene_MP010860	0.61462	1.17090	79	0	0.0000
gene_MP010879	0.36194	1.13956	148	0	0.0000
gene_MP010898	0.48787	0.99146	67	0	0.0000
gene_MP010989	0.34760	1.31410	346	331	95.6647
gene_MP011055	0.40358	1.85718	857	0	0.0000
gene_MP011066	0.28229	2.02862	74	71	95.9459
gene_MP011097	0.32417	1.26977	114	83	72.8070
gene_MP011112	0.36976	2.39854	45	42	93.3333
gene_MP011127	0.31968	1.61447	96	88	91.6667
gene_MP011140	0.31690	1.25676	89	15	16.8539
gene_MP011158	0.80569	1.19827	123	0	0.0000
gene_MP011165	0.35886	1.26790	375	270	72.0000
gene_MP011186	0.33792	1.15712	259	148	57.1429
gene_MP011238	0.41838	1.84762	94	73	77.6596
gene_MP011295	0.64220	0.98020	33	0	0.0000
gene_MP011301	0.37931	1.46465	22	9	40.9091
gene_MP011306	0.31167	1.59603	158	116	73.4177
gene_MP011315	0.35283	1.32002	4302	0	0.0000
gene_MP011325	0.33959	1.71429	83	46	55.4217
gene_MP011345	0.43275	1.74310	145	136	93.7931
gene_MP011362	0.38523	1.39135	115	106	92.1739
gene_MP011365	0.34240	1.25997	62	59	95.1613
gene_MP011366	0.34597	1.10116	271	233	85.9779
gene_MP011384	0.36450	1.34642	33	17	51.5152
gene_MP011389	0.35828	0.88084	142	115	80.9859
gene_MP011399	0.37889	1.05863	183	171	93.4426
gene_MP011402	0.36642	1.37394	1014	173	17.0611
gene_MP011438	0.33741	1.19835	726	63	8.6777
gene_MP011442	0.34643	1.14704	240	215	89.5833
gene_MP011445	0.34650	1.11608	350	309	88.2857
gene_MP011447	0.36268	1.31674	480	93	19.3750
gene_MP011462	0.32607	1.16089	133	116	87.2180
gene_MP011489	0.34575	1.00011	280	210	75.0000
gene_MP011510	0.34083	1.20640	173	0	0.0000
gene_MP011521	0.34404	1.19385	1781	348	19.5396
gene_MP011575	0.35865	1.22693	197	189	95.9391
gene_MP011581	0.32849	1.07283	467	31	6.6381
gene_MP011600	0.33053	1.13367	366	204	55.7377
gene_MP011639	0.33764	1.45027	422	386	91.4692
gene_MP011670	0.38536	1.39590	477	422	88.4696
gene_MP011674	0.34733	1.15360	101	84	83.1683
gene_MP011676	0.34206	1.62459	27	27	100.0000
gene_MP011681	0.34471	0.97124	112	0	0.0000
gene_MP011683	0.35204	1.55262	47	29	61.7021
gene_MP011690	0.58478	1.54668	205	184	89.7561
gene_MP011692	0.37334	1.05302	156	0	0.0000
gene_MP011697	0.39910	1.21944	467	249	53.3191
gene_MP011705	0.35364	1.41464	74	22	29.7297
gene_MP011719	0.37379	1.34368	29	19	65.5172
gene_MP011734	0.33041	1.03496	43	35	81.3953
gene_MP011770	0.31482	1.28456	170	125	73.5294
gene_MP011773	0.34198	1.26676	218	203	93.1193
gene_MP011785	0.35972	1.44502	349	203	58.1662
gene_MP011791	0.34830	1.26861	1780	0	0.0000
gene_MP011804	0.33891	1.35320	3466	90	2.5967
gene_MP011812	0.31108	1.18867	44	31	70.4545
gene_MP011813	0.38561	1.20095	93	83	89.2473
gene_MP011901	0.35258	0.98363	144	101	70.1389
gene_MP011906	0.29774	1.12837	43	30	69.7674
gene_MP011935	0.31631	1.36539	2394	0	0.0000
gene_MP011977	0.39814	1.70463	121	118	97.5207
gene_MP012007	0.36710	0.85528	31	14	45.1613
gene_MP012044	0.38011	1.13746	108	0	0.0000
gene_MP012075	0.33669	1.17571	221	181	81.9005
gene_MP012088	0.62249	1.28564	93	29	31.1828
gene_MP012114	0.57265	1.09710	31	0	0.0000
gene_MP012116	0.40659	1.52963	69	69	100.0000
gene_MP012152	0.33218	1.16960	214	168	78.5047
gene_MP012171	0.31780	1.12459	158	78	49.3671
gene_MP012186	0.68673	1.23639	94	27	28.7234
gene_MP012226	0.48463	1.05072	77	47	61.0390
gene_MP012304	0.31887	1.17976	123	105	85.3659
gene_MP012345	0.36194	1.39303	41	33	80.4878
gene_MP012396	0.35579	1.25911	216	0	0.0000
gene_MP012401	0.30802	1.86846	58	58	100.0000
gene_MP012411	0.36660	1.12009	332	0	0.0000
gene_MP012412	0.33355	1.27699	181	0	0.0000
gene_MP012499	0.45590	1.32675	60	60	100.0000
gene_MP012562	0.35684	1.06162	113	86	76.1062
gene_MP012591	0.40120	1.64606	22	22	100.0000
gene_MP012614	0.35292	1.26240	1301	0	0.0000
gene_MP012617	0.38440	1.14443	269	250	92.9368
gene_MP012623	0.34090	1.43617	281	253	90.0356
gene_MP012640	0.35516	1.62705	60	47	78.3333
gene_MP012669	0.31140	1.13176	29	10	34.4828
gene_MP012701	0.31385	1.27356	274	207	75.5474
gene_MP012713	0.37627	1.64888	79	69	87.3418
gene_MP012734	0.39596	1.50088	37	37	100.0000
gene_MP012745	0.30170	1.28840	24	24	100.0000
gene_MP012762	0.35716	1.29160	165	125	75.7576
gene_MP012804	0.38365	0.98125	109	109	100.0000
gene_MP012825	0.35115	1.37854	172	155	90.1163
gene_MP012830	0.42330	1.25117	97	0	0.0000
gene_MP012853	0.34023	1.21623	204	187	91.6667
gene_MP012865	0.37295	1.70929	62	60	96.7742
gene_MP012922	0.38822	1.24967	31	23	74.1935
gene_MP012931	0.38125	1.15180	278	64	23.0216
gene_MP012960	0.33248	1.08501	164	145	88.4146
gene_MP012971	0.35886	1.05456	261	0	0.0000
gene_MP013030	0.38131	1.05176	120	110	91.6667
gene_MP013031	0.32852	1.02538	193	183	94.8187
gene_MP013045	0.36421	1.60105	42	42	100.0000
gene_MP013073	0.32475	0.93192	32	32	100.0000
gene_MP013106	0.37091	1.70304	32	32	100.0000
gene_MP013134	0.35335	1.21355	147	139	94.5578
gene_MP013145	0.33107	1.16888	32	30	93.7500
gene_MP013165	0.32207	1.36454	177	170	96.0452
gene_MP013177	0.35320	1.26515	418	0	0.0000
gene_MP013212	0.33264	1.35616	950	55	5.7895
gene_MP013222	0.32169	1.09333	157	79	50.3185
gene_MP013228	0.31795	1.74017	102	71	69.6078
gene_MP013251	0.38169	1.03767	81	78	96.2963
gene_MP013254	0.43264	1.68126	198	109	55.0505
gene_MP013258	0.34694	1.33798	144	131	90.9722
gene_MP013263	0.33565	1.43022	532	511	96.0526
gene_MP013289	0.32918	1.34316	213	174	81.6901
gene_MP013353	0.31751	1.64965	28	27	96.4286
gene_MP013376	0.49081	1.44755	109	66	60.5505
gene_MP013493	0.46140	0.90095	27	0	0.0000
gene_MP013582	0.35357	1.32599	692	634	91.6185
gene_MP013587	0.33503	1.31503	55	49	89.0909
gene_MP013608	0.36525	1.27353	645	195	30.2326
gene_MP013625	0.35497	1.29048	92	0	0.0000
gene_MP013670	0.33714	1.44075	31	31	100.0000
gene_MP013768	0.36380	1.92227	138	89	64.4928
gene_MP013782	0.34658	1.58538	341	213	62.4633
gene_MP013822	0.40574	1.66202	321	262	81.6199
gene_MP013828	0.41648	1.64909	25	0	0.0000
gene_MP013832	0.36783	1.37475	62	34	54.8387
gene_MP013852	0.37116	1.46573	482	19	3.9419
gene_MP013859	0.37228	1.17494	194	157	80.9278
gene_MP013875	0.35393	1.32448	713	603	84.5722
gene_MP013916	0.41380	1.70406	349	0	0.0000
gene_MP013928	0.35999	1.15946	401	224	55.8603
gene_MP013958	0.36722	1.04309	404	0	0.0000
gene_MP014043	0.34421	1.33544	1188	106	8.9226
gene_MP014047	0.31569	1.26794	2545	0	0.0000
gene_MP014053	0.30697	1.33167	126	0	0.0000
gene_MP014083	0.32840	1.18751	449	0	0.0000
gene_MP014116	0.34574	1.12900	145	126	86.8966
gene_MP014129	0.69652	1.34155	331	217	65.5589
gene_MP014147	0.33786	1.28481	755	0	0.0000
gene_MP014178	0.33745	1.17800	724	19	2.6243
gene_MP014187	0.35536	1.24167	1556	0	0.0000
gene_MP014191	0.37689	1.05424	148	113	76.3514
gene_MP014253	0.28806	1.02482	24	17	70.8333
gene_MP014277	0.39926	1.39890	285	207	72.6316
gene_MP014281	0.39764	1.45558	423	12	2.8369
gene_MP014307	0.48881	1.39992	299	0	0.0000
gene_MP014308	0.48881	1.39992	282	0	0.0000
gene_MP014329	0.31750	1.27090	1354	0	0.0000
gene_MP014353	0.33854	1.29808	2632	0	0.0000
gene_MP014354	0.48664	1.33345	115	0	0.0000
gene_MP014419	0.32804	1.02238	303	0	0.0000
gene_MP014453	0.42857	1.28342	62	0	0.0000
gene_MP014460	0.32160	1.15566	1033	0	0.0000
gene_MP014490	0.32499	1.22635	300	260	86.6667
gene_MP014491	0.36839	1.21059	460	269	58.4783
gene_MP014507	0.33311	1.05155	399	274	68.6717
gene_MP014605	0.42723	1.95486	57	57	100.0000
gene_MP014631	0.31618	1.23836	5741	0	0.0000
gene_MP014663	0.32195	1.32438	299	0	0.0000
gene_MP014670	0.45593	2.24856	113	0	0.0000
gene_MP014704	0.37129	1.36195	701	247	35.2354
gene_MP014730	0.34105	1.40602	859	0	0.0000
gene_MP014738	0.33084	1.19983	101	95	94.0594
gene_MP014739	0.32824	1.27613	105	47	44.7619
gene_MP014761	0.32503	1.30762	1528	190	12.4346
gene_MP014787	0.35751	1.25076	259	48	18.5328
gene_MP014843	0.31667	1.23841	1954	0	0.0000
gene_MP014858	0.35729	1.42124	1583	912	57.6121
gene_MP015012	0.39060	1.15258	174	12	6.8966
gene_MP015083	0.32591	1.29853	6072	133	2.1904
gene_MP015109	0.53722	1.59942	57	49	85.9649
gene_MP015110	0.33789	1.27078	2224	0	0.0000
gene_MP015124	0.38056	1.26169	1751	0	0.0000
gene_MP015155	0.34858	1.18051	301	0	0.0000
gene_MP015158	0.40702	1.59087	107	99	92.5234
gene_MP015200	0.31476	1.26817	276	224	81.1594
gene_MP015222	0.32794	1.22410	74	54	72.9730
gene_MP015250	0.32415	1.17374	915	0	0.0000
gene_MP015288	0.32840	1.31389	2103	0	0.0000
gene_MP015295	0.36278	1.91345	239	226	94.5607
gene_MP015317	0.41419	1.09866	81	71	87.6543
gene_MP015334	0.33178	1.19540	42	26	61.9048
gene_MP015378	0.51484	1.26313	121	72	59.5041
gene_MP015386	0.37329	1.29577	267	255	95.5056
gene_MP015436	0.56923	1.13952	36	36	100.0000
gene_MP015446	0.31945	1.28482	4089	166	4.0597
gene_MP015463	0.37157	1.40383	272	190	69.8529
gene_MP015487	0.62046	1.41146	711	504	70.8861
gene_MP015501	0.34655	1.15957	678	305	44.9853
gene_MP015559	0.36850	1.14215	518	451	87.0656
gene_MP015571	0.47271	1.06940	81	54	66.6667
gene_MP015586	0.53974	1.57294	96	0	0.0000
gene_MP015643	0.31539	1.27513	5646	40	0.7085
gene_MP015661	0.40022	0.89736	97	0	0.0000
gene_MP015667	0.69708	1.25963	204	0	0.0000
gene_MP015693	0.35343	1.68654	83	0	0.0000
gene_MP015721	0.34417	1.31773	1436	469	32.6602
gene_MP015727	0.38978	1.08226	29	0	0.0000
gene_MP015743	0.38338	1.91812	26	5	19.2308
gene_MP015746	0.45733	1.62207	283	272	96.1131
gene_MP015751	0.37844	0.98550	73	52	71.2329
gene_MP015826	0.32970	1.27543	194	179	92.2680
gene_MP015864	0.32463	1.39924	69	64	92.7536
gene_MP015873	0.35065	1.01504	305	236	77.3770
gene_MP015909	0.33356	1.00425	1417	874	61.6796
gene_MP015920	0.51225	1.61045	46	46	100.0000
gene_MP015951	0.36206	1.82050	89	55	61.7978
gene_MP016089	0.34328	1.74976	36	36	100.0000
gene_MP016159	0.34856	1.39353	505	489	96.8317
gene_MP016277	0.37982	1.23285	188	29	15.4255
gene_MP016278	0.39155	1.11293	53	4	7.5472
gene_MP016385	0.34927	0.92625	40	8	20.0000
gene_MP016470	0.35527	1.06454	400	347	86.7500
gene_MP016689	0.40456	1.25178	762	0	0.0000
gene_MP016705	0.36994	1.20850	233	169	72.5322
gene_MP016734	0.34009	1.18089	773	615	79.5602
gene_MP016740	0.34604	1.21412	606	182	30.0330
gene_MP016820	0.33235	1.18187	76	68	89.4737
gene_MP016823	0.32934	1.39926	117	116	99.1453
gene_MP016837	0.34154	1.45017	1927	62	3.2174
gene_MP016855	0.33839	1.29084	3116	0	0.0000
gene_MP016886	0.31843	1.15394	2154	0	0.0000
gene_MP016997	0.34451	0.98276	60	0	0.0000
gene_MP017044	0.36808	1.23947	403	286	70.9677
gene_MP017105	0.29361	1.14818	581	31	5.3356
gene_MP017119	0.40961	0.99687	40	0	0.0000
gene_MP017173	0.35694	1.38509	457	447	97.8118
gene_MP017295	0.33321	1.33034	611	77	12.6023
gene_MP017308	0.36672	1.77779	209	190	90.9091
gene_MP017341	0.37432	0.97311	34	0	0.0000
gene_MP017470	0.44381	1.60538	90	0	0.0000
gene_MP017517	0.33245	1.23648	297	243	81.8182
gene_MP017575	0.35144	1.22363	591	488	82.5719
gene_MP017598	0.50768	1.64856	359	332	92.4791
gene_MP017603	0.33103	1.22039	275	219	79.6364
gene_MP017661	0.35154	1.14577	46	38	82.6087
gene_MP017692	0.39920	1.50310	180	160	88.8889
gene_MP017732	0.36827	1.27970	1205	0	0.0000
gene_MP017792	0.56272	1.06897	36	0	0.0000
gene_MP017805	0.34679	1.59269	70	63	90.0000
gene_MP018013	0.32148	1.14580	496	0	0.0000
gene_MP018017	0.31678	1.18269	98	0	0.0000
gene_MP000010	0.36258	1.28555	491	175	35.6415
gene_MP000063	0.40597	1.22963	368	358	97.2826
gene_MP000093	0.35875	1.34726	63	0	0.0000
gene_MP000137	0.33855	1.16914	87	0	0.0000
gene_MP000195	0.32628	1.24874	44	34	77.2727
gene_MP000282	0.29592	1.76378	30	23	76.6667
gene_MP000288	0.32421	1.24313	2090	0	0.0000
gene_MP000328	0.33656	1.09178	99	65	65.6566
gene_MP000390	0.46640	1.66204	67	32	47.7612
gene_MP000392	0.34416	1.15243	75	68	90.6667
gene_MP000402	0.36704	1.10547	290	279	96.2069
gene_MP000416	0.35996	1.49457	879	0	0.0000
gene_MP000439	0.35547	1.18714	131	86	65.6489
gene_MP000460	0.36283	1.39977	308	304	98.7013
gene_MP000536	0.36197	1.41681	734	95	12.9428
gene_MP000581	0.39415	1.02689	110	0	0.0000
gene_MP000658	0.36475	0.96749	380	0	0.0000
gene_MP000698	0.33834	1.19728	464	362	78.0172
gene_MP000770	0.35938	1.43292	11364	169	1.4872
gene_MP000805	0.30677	1.45758	37	37	100.0000
gene_MP000880	0.35016	1.16064	308	235	76.2987
gene_MP000885	0.41731	1.50004	1997	63	3.1547
gene_MP000987	0.34257	1.19102	308	284	92.2078
gene_MP001090	0.35996	1.49457	2400	24	1.0000
gene_MP001135	0.38657	0.97749	317	0	0.0000
gene_MP001178	0.37398	1.34073	135	0	0.0000
gene_MP001193	0.34263	1.24656	132	0	0.0000
gene_MP001197	0.39631	1.40586	737	612	83.0393
gene_MP001198	0.32722	1.43413	2132	0	0.0000
gene_MP001306	0.37815	1.10441	183	178	97.2678
gene_MP001310	0.38329	1.13922	642	508	79.1277
gene_MP001407	0.35645	1.16131	1664	1416	85.0962
gene_MP001437	0.33870	1.29588	4271	379	8.8738
gene_MP001466	0.35996	1.49457	129	121	93.7984
gene_MP001542	0.59068	1.17499	142	0	0.0000
gene_MP001643	0.35243	1.01312	144	133	92.3611
gene_MP001646	0.35028	1.30027	233	225	96.5665
gene_MP001709	0.35690	1.56739	59	34	57.6271
gene_MP001713	0.32796	1.30530	244	141	57.7869
gene_MP001730	0.35090	1.24858	776	51	6.5722
gene_MP001777	0.35024	1.72030	1676	0	0.0000
gene_MP001784	0.33877	1.01914	276	0	0.0000
gene_MP001862	0.37080	1.12402	145	128	88.2759
gene_MP001900	0.36049	1.24333	340	179	52.6471
gene_MP001921	0.62600	1.32282	466	0	0.0000
gene_MP001965	0.40412	1.40333	347	325	93.6599
gene_MP001974	0.36306	1.43732	369	9	2.4390
gene_MP002027	0.45518	1.73787	51	45	88.2353
gene_MP002032	0.37565	1.38494	57	21	36.8421
gene_MP002044	0.34728	1.11106	273	219	80.2198
gene_MP002051	0.35020	1.44631	98	76	77.5510
gene_MP002058	0.35629	1.97788	68	51	75.0000
gene_MP002063	0.33207	1.00031	159	157	98.7421
gene_MP002072	0.35057	1.22649	200	163	81.5000
gene_MP002087	0.35703	1.14234	409	384	93.8875
gene_MP002104	0.35296	0.89376	113	97	85.8407
gene_MP002112	0.36551	1.27252	106	96	90.5660
gene_MP002131	0.35471	1.07342	282	244	86.5248
gene_MP002136	0.34309	1.42889	995	0	0.0000
gene_MP002209	0.35985	1.23982	1100	53	4.8182
gene_MP002271	0.34928	1.43841	8324	284	3.4118
gene_MP002321	0.34215	1.03039	299	191	63.8796
gene_MP002331	0.33404	1.27857	117	58	49.5726
gene_MP002360	0.30859	1.43119	26	21	80.7692
gene_MP002393	0.34724	1.29149	2236	199	8.8998
gene_MP002396	0.33573	1.35527	53	42	79.2453
gene_MP002459	0.41959	1.65378	101	101	100.0000
gene_MP002463	0.53140	1.41789	569	443	77.8559
gene_MP002477	0.34211	1.91894	38	33	86.8421
gene_MP002484	0.33548	1.30245	501	62	12.3752
gene_MP002544	0.36990	1.42009	500	475	95.0000
gene_MP002629	0.33149	1.45816	29	0	0.0000
gene_MP002643	0.33871	1.29777	30	24	80.0000
gene_MP002651	0.43914	1.29604	54	0	0.0000
gene_MP002655	0.37353	1.17760	251	217	86.4542
gene_MP002668	0.56996	1.40300	166	166	100.0000
gene_MP002670	0.30754	1.47105	87	73	83.9080
gene_MP002672	0.33993	1.11635	218	199	91.2844
gene_MP002696	0.43497	1.14279	25	9	36.0000
gene_MP002710	0.33355	1.25113	159	143	89.9371
gene_MP002711	0.37824	1.66043	59	56	94.9153
gene_MP002787	0.40862	1.19796	1164	0	0.0000
gene_MP002788	0.33283	1.22039	222	209	94.1441
gene_MP002860	0.33684	1.43022	1061	0	0.0000
gene_MP002861	0.31980	1.52745	1870	0	0.0000
gene_MP002885	0.31810	1.27763	535	0	0.0000
gene_MP002900	0.35756	0.87679	131	110	83.9695
gene_MP002905	0.36726	1.04251	143	136	95.1049
gene_MP002931	0.39579	1.86100	180	147	81.6667
gene_MP002935	0.35699	1.03184	246	0	0.0000
gene_MP002936	0.40605	1.02203	175	0	0.0000
gene_MP002952	0.32598	1.22363	140	108	77.1429
gene_MP002990	0.35752	1.29320	496	472	95.1613
gene_MP003050	0.60541	1.20019	61	0	0.0000
gene_MP003155	0.40453	1.39582	141	124	87.9433
gene_MP003157	0.36194	1.10513	87	69	79.3103
gene_MP003255	0.33098	1.46201	113	85	75.2212
gene_MP003274	0.33638	1.04456	301	242	80.3987
gene_MP003314	0.35240	1.28364	497	431	86.7203
gene_MP003325	0.40240	1.27255	43	33	76.7442
gene_MP003377	0.37304	0.96358	278	0	0.0000
gene_MP003408	0.41349	1.22465	121	44	36.3636
gene_MP003429	0.35247	1.36179	53	37	69.8113
gene_MP003430	0.36230	0.76251	84	60	71.4286
gene_MP003462	0.31427	1.13154	43	24	55.8140
gene_MP003478	0.32084	1.25411	37	25	67.5676
gene_MP003511	0.33930	1.36959	361	270	74.7922
gene_MP003512	0.72865	1.11660	126	0	0.0000
gene_MP003515	0.37244	1.04562	161	40	24.8447
gene_MP003519	0.35751	1.24411	393	250	63.6132
gene_MP003615	0.36419	1.36717	262	16	6.1069
gene_MP003639	0.33216	1.13541	196	122	62.2449
gene_MP003673	0.35696	1.05104	119	100	84.0336
gene_MP003719	0.37793	1.51546	394	386	97.9695
gene_MP003740	0.43553	1.52352	136	109	80.1471
gene_MP003797	0.31820	1.16635	269	243	90.3346
gene_MP003842	0.38592	0.98844	266	210	78.9474
gene_MP003939	0.34865	1.15516	273	0	0.0000
gene_MP003949	0.36661	1.32123	109	86	78.8991
gene_MP003964	0.32311	1.15890	178	159	89.3258
gene_MP003968	0.32762	1.28671	266	197	74.0602
gene_MP003972	0.39223	1.47965	286	257	89.8601
gene_MP004014	0.35926	1.30964	209	180	86.1244
gene_MP004026	0.31628	1.00085	109	89	81.6514
gene_MP004031	0.34230	1.09453	132	112	84.8485
gene_MP004064	0.32938	1.31458	47	42	89.3617
gene_MP004073	0.35520	1.45682	1829	0	0.0000
gene_MP004090	0.33336	1.16763	405	226	55.8025
gene_MP004133	0.36416	1.14183	241	204	84.6473
gene_MP004185	0.35751	1.24411	662	351	53.0211
gene_MP004187	0.32923	1.24446	1657	0	0.0000
gene_MP004190	0.34849	1.32445	703	469	66.7141
gene_MP004207	0.32455	1.10096	355	4	1.1268
gene_MP004224	0.36222	1.33197	1006	209	20.7753
gene_MP004258	0.35490	1.19030	692	0	0.0000
gene_MP004356	0.34010	1.67187	30	23	76.6667
gene_MP004375	0.36258	1.20496	2067	316	15.2879
gene_MP004447	0.38292	1.40759	386	37	9.5855
gene_MP004456	0.37111	1.15407	250	209	83.6000
gene_MP004468	0.34825	1.14510	97	97	100.0000
gene_MP004473	0.41961	1.86056	523	0	0.0000
gene_MP004478	0.33334	1.34751	2849	0	0.0000
gene_MP004555	0.56670	1.24498	108	0	0.0000
gene_MP004651	0.36270	1.14494	552	509	92.2101
gene_MP004683	0.33482	1.03030	84	63	75.0000
gene_MP004825	0.39854	0.99530	258	26	10.0775
gene_MP004841	0.35899	1.28287	350	241	68.8571
gene_MP004849	0.42450	1.47650	70	40	57.1429
gene_MP004855	0.34961	1.10551	303	9	2.9703
gene_MP004897	0.31400	1.33058	23	14	60.8696
gene_MP004961	0.37246	1.09085	201	71	35.3234
gene_MP004999	0.32879	1.33903	4479	0	0.0000
gene_MP005103	0.34930	1.24807	1229	123	10.0081
gene_MP005147	0.36267	1.43351	196	176	89.7959
gene_MP005207	0.46165	1.43992	52	0	0.0000
gene_MP005289	0.40408	1.11441	313	288	92.0128
gene_MP005316	0.32029	1.07367	510	286	56.0784
gene_MP005360	0.35633	1.47529	1974	0	0.0000
gene_MP005455	0.35990	1.31906	1145	697	60.8734
gene_MP005478	0.33287	1.13173	273	260	95.2381
gene_MP005497	0.45475	1.79782	41	40	97.5610
gene_MP005596	0.38702	1.48965	2534	30	1.1839
gene_MP005611	0.35324	1.12876	446	304	68.1614
gene_MP005657	0.36419	1.36717	232	207	89.2241
gene_MP005667	0.35240	1.09340	238	184	77.3109
gene_MP005808	0.38743	1.38172	99	86	86.8687
gene_MP005880	0.34932	1.23858	345	233	67.5362
gene_MP005915	0.56670	1.24498	437	0	0.0000
gene_MP005952	0.35633	1.47529	1662	0	0.0000
gene_MP006001	0.35254	1.28357	1441	158	10.9646
gene_MP006042	0.45077	0.72821	169	0	0.0000
gene_MP006095	0.43641	1.79499	185	159	85.9459
gene_MP006164	0.35286	1.37772	798	499	62.5313
gene_MP006244	0.44352	1.67881	645	633	98.1395
gene_MP006354	0.38172	1.32525	424	383	90.3302
gene_MP006471	0.33759	1.35327	2824	0	0.0000
gene_MP006476	0.38784	1.40543	53	0	0.0000
gene_MP006532	0.39518	1.00249	193	0	0.0000
gene_MP006560	0.35633	1.47529	613	41	6.6884
gene_MP006598	0.33840	1.23100	399	122	30.5764
gene_MP006651	0.32512	1.26770	5335	0	0.0000
gene_MP006666	0.39268	1.14229	134	0	0.0000
gene_MP006695	0.38291	1.40745	662	257	38.8218
gene_MP006734	0.33507	0.90616	88	46	52.2727
gene_MP006741	0.35905	1.04171	111	0	0.0000
gene_MP006745	0.34194	1.30251	275	156	56.7273
gene_MP006763	0.35676	1.34914	48	41	85.4167
gene_MP006774	0.33190	1.26652	48	42	87.5000
gene_MP006805	0.34239	1.30351	3661	41	1.1199
gene_MP006820	0.37684	1.21109	237	0	0.0000
gene_MP006825	0.39964	1.82316	78	61	78.2051
gene_MP006832	0.32160	1.42441	263	246	93.5361
gene_MP006939	0.61603	1.57249	410	0	0.0000
gene_MP007051	0.34838	1.31669	7401	357	4.8237
gene_MP007088	0.34341	1.33270	3618	0	0.0000
gene_MP007131	0.34156	1.28612	1079	820	75.9963
gene_MP007153	0.32996	1.25153	2273	0	0.0000
gene_MP007274	0.35565	1.21852	727	661	90.9216
gene_MP007304	0.32163	1.38448	260	104	40.0000
gene_MP007316	0.31645	1.23454	250	198	79.2000
gene_MP007318	0.30255	1.18746	233	0	0.0000
gene_MP007394	0.39726	1.34472	213	206	96.7136
gene_MP007412	0.32624	1.24264	40	6	15.0000
gene_MP007435	0.34042	1.33786	226	192	84.9558
gene_MP007443	0.50875	0.84727	139	0	0.0000
gene_MP007484	0.34079	1.02565	304	202	66.4474
gene_MP007627	0.34276	1.17179	767	664	86.5711
gene_MP007632	0.34863	1.27816	166	0	0.0000
gene_MP007640	0.36961	1.25719	735	0	0.0000
gene_MP007678	0.36952	1.30007	58	52	89.6552
gene_MP007705	0.40944	1.71626	622	121	19.4534
gene_MP007708	0.37872	1.13143	281	269	95.7295
gene_MP007746	0.32367	1.25574	130	64	49.2308
gene_MP007875	0.34948	1.64905	237	203	85.6540
gene_MP007925	0.32660	1.08758	1518	174	11.4625
gene_MP008088	0.34068	1.26465	523	473	90.4398
gene_MP008127	0.35235	1.38836	3430	546	15.9184
gene_MP008138	0.36534	1.33318	528	455	86.1742
gene_MP008230	0.36218	1.32276	208	173	83.1731
gene_MP008245	0.34414	1.24762	55	55	100.0000
gene_MP008249	0.34419	1.33958	1612	186	11.5385
gene_MP008251	0.34137	1.24992	530	80	15.0943
gene_MP008347	0.30004	1.28526	1118	0	0.0000
gene_MP008348	0.33211	1.15160	812	0	0.0000
gene_MP008379	0.33680	1.42080	399	379	94.9875
gene_MP008488	0.37825	1.64256	46	39	84.7826
gene_MP008553	0.35058	1.32712	178	146	82.0225
gene_MP008581	0.38266	1.23535	537	196	36.4991
gene_MP008596	0.38606	1.18748	139	130	93.5252
gene_MP008604	0.39207	1.91120	50	50	100.0000
gene_MP008799	0.50828	1.58320	105	0	0.0000
gene_MP008821	0.61502	1.50921	60	60	100.0000
gene_MP008837	0.35074	1.26032	92	83	90.2174
gene_MP008839	0.35074	1.26032	26	26	100.0000
gene_MP008874	0.37257	0.99943	345	332	96.2319
gene_MP008877	0.37257	0.99943	58	58	100.0000
gene_MP008882	0.45619	1.44397	204	181	88.7255
gene_MP008940	0.33818	1.25491	225	26	11.5556
gene_MP008948	0.37618	1.35580	264	152	57.5758
gene_MP008962	0.30687	1.28038	260	0	0.0000
gene_MP008988	0.37257	0.99943	200	192	96.0000
gene_MP009020	0.33818	1.25491	159	145	91.1950
gene_MP009023	0.32460	1.26298	687	323	47.0160
gene_MP009045	0.34239	1.30354	1057	1	0.0946
gene_MP009058	0.32385	1.50636	125	0	0.0000
gene_MP009102	0.39898	1.05850	709	0	0.0000
gene_MP009103	0.35069	1.08553	715	0	0.0000
gene_MP009147	0.32639	1.25246	5701	0	0.0000
gene_MP009242	0.39898	1.05850	4059	0	0.0000
gene_MP009286	0.45610	1.26537	226	0	0.0000
gene_MP009356	0.41205	1.14871	346	341	98.5549
gene_MP009389	0.34264	1.15525	266	233	87.5940
gene_MP009392	0.33731	1.27968	879	639	72.6962
gene_MP009511	0.33084	1.32638	956	201	21.0251
gene_MP009561	0.28972	1.39890	127	65	51.1811
gene_MP009613	0.36253	1.28134	246	219	89.0244
gene_MP009658	0.36111	1.02051	194	162	83.5052
gene_MP009725	0.33084	1.32638	58	0	0.0000
gene_MP009781	0.32337	1.28075	3464	0	0.0000
gene_MP009798	0.33084	1.32638	1496	0	0.0000
gene_MP009850	0.34958	1.59794	79	77	97.4684
gene_MP009897	0.35969	1.81069	145	118	81.3793
gene_MP009957	0.34670	1.24392	1528	644	42.1466
gene_MP009986	0.32332	1.28046	76	0	0.0000
gene_MP010121	0.35447	1.24376	4175	153	3.6647
gene_MP010146	0.37254	1.40755	134	106	79.1045
gene_MP010215	0.34315	1.06153	297	243	81.8182
gene_MP010251	0.31858	1.25908	276	0	0.0000
gene_MP010253	0.32933	1.19411	74	0	0.0000
gene_MP010293	0.35741	1.24698	252	187	74.2063
gene_MP010294	0.32972	1.20170	2902	0	0.0000
gene_MP010347	0.32654	1.25066	907	0	0.0000
gene_MP010403	0.29720	1.38222	117	63	53.8462
gene_MP010415	0.56970	1.22002	98	46	46.9388
gene_MP010522	0.46097	1.02639	104	62	59.6154
gene_MP010531	0.62884	1.05943	44	0	0.0000
gene_MP010568	0.37189	1.04060	966	126	13.0435
gene_MP010587	0.46587	1.23388	39	0	0.0000
gene_MP010614	0.36829	1.37263	38	38	100.0000
gene_MP010632	0.46588	1.25958	29	26	89.6552
gene_MP010665	0.46622	1.51613	85	51	60.0000
gene_MP010692	0.42240	1.33426	44	42	95.4545
gene_MP010713	0.32367	1.17306	1222	0	0.0000
gene_MP010714	0.34130	1.08523	226	0	0.0000
gene_MP010741	0.38541	1.14682	210	204	97.1429
gene_MP010749	0.37030	1.07699	166	164	98.7952
gene_MP010772	0.36067	1.33797	322	0	0.0000
gene_MP010779	0.32556	1.57649	6938	0	0.0000
gene_MP010789	0.41030	1.87624	50	38	76.0000
gene_MP010802	0.55779	1.70202	158	112	70.8861
gene_MP010818	0.31916	1.22204	1956	0	0.0000
gene_MP010848	0.33966	1.03784	260	0	0.0000
gene_MP010942	0.33584	1.38556	1142	0	0.0000
gene_MP010944	0.50330	0.91320	35	0	0.0000
gene_MP010952	0.28376	1.37915	490	0	0.0000
gene_MP010954	0.36562	1.13554	558	498	89.2473
gene_MP010975	0.34111	0.91138	75	68	90.6667
gene_MP010994	0.43763	1.70744	116	102	87.9310
gene_MP011022	0.32436	1.09795	67	51	76.1194
gene_MP011026	0.34669	1.12632	381	0	0.0000
gene_MP011085	0.33420	0.95082	102	76	74.5098
gene_MP011089	0.33255	1.63589	268	249	92.9104
gene_MP011116	0.46771	1.19375	37	0	0.0000
gene_MP011171	0.39054	1.84787	52	52	100.0000
gene_MP011205	0.33082	1.27379	761	0	0.0000
gene_MP011218	0.33353	1.24380	358	305	85.1955
gene_MP011230	0.38579	2.03781	29	29	100.0000
gene_MP011241	0.37660	1.67377	37	26	70.2703
gene_MP011244	0.38055	1.10195	643	23	3.5770
gene_MP011266	0.33911	1.25238	870	787	90.4598
gene_MP011275	0.35442	1.41082	233	0	0.0000
gene_MP011328	0.37538	1.45501	1319	1174	89.0068
gene_MP011372	0.35245	1.05121	399	0	0.0000
gene_MP011380	0.35665	1.12168	129	93	72.0930
gene_MP011393	0.33668	1.13193	150	99	66.0000
gene_MP011397	0.33510	1.15616	177	0	0.0000
gene_MP011421	0.36687	1.40266	86	61	70.9302
gene_MP011433	0.33321	1.14690	83	74	89.1566
gene_MP011496	0.35883	1.14005	102	101	99.0196
gene_MP011527	0.33969	1.19333	489	427	87.3211
gene_MP011530	0.34014	1.56353	226	58	25.6637
gene_MP011544	0.33191	1.32672	4205	273	6.4923
gene_MP011550	0.34964	1.17929	216	196	90.7407
gene_MP011640	0.35341	1.24500	395	256	64.8101
gene_MP011647	0.38486	1.02308	47	47	100.0000
gene_MP011669	0.34133	1.13439	125	114	91.2000
gene_MP011688	0.45161	1.62767	76	73	96.0526
gene_MP011699	0.41279	1.56577	315	221	70.1587
gene_MP011725	0.46089	1.30110	98	0	0.0000
gene_MP011779	0.45066	1.52954	58	10	17.2414
gene_MP011801	0.34023	1.09916	1140	0	0.0000
gene_MP011846	0.38551	1.17081	45	24	53.3333
gene_MP011884	0.47845	1.19171	63	19	30.1587
gene_MP011893	0.35207	1.40718	44	24	54.5455
gene_MP011936	0.33491	1.05583	162	127	78.3951
gene_MP011958	0.33465	1.25080	265	219	82.6415
gene_MP011960	0.32369	1.17359	155	0	0.0000
gene_MP011979	0.34462	1.46198	73	52	71.2329
gene_MP011982	0.40720	1.34013	60	58	96.6667
gene_MP012049	0.39856	0.98258	211	126	59.7156
gene_MP012055	0.30281	1.18489	2568	0	0.0000
gene_MP012068	0.33460	1.39461	237	197	83.1224
gene_MP012070	0.51322	1.22189	81	0	0.0000
gene_MP012084	0.34954	1.48568	54	17	31.4815
gene_MP012098	0.38717	1.28540	42	38	90.4762
gene_MP012100	0.35839	0.92813	113	0	0.0000
gene_MP012112	0.35096	1.28271	404	33	8.1683
gene_MP012157	0.36573	1.19604	88	88	100.0000
gene_MP012167	0.35905	1.04171	127	0	0.0000
gene_MP012177	0.38378	1.39427	266	260	97.7444
gene_MP012184	0.60019	1.21748	115	49	42.6087
gene_MP012205	0.38996	0.87418	43	0	0.0000
gene_MP012209	0.30329	1.18879	33	0	0.0000
gene_MP012291	0.32723	1.58171	50	41	82.0000
gene_MP012505	0.36745	1.20717	166	136	81.9277
gene_MP012509	0.46941	0.90126	54	0	0.0000
gene_MP012514	0.34112	1.19964	161	140	86.9565
gene_MP012516	0.34064	1.32741	1409	1	0.0710
gene_MP012571	0.42555	1.36189	61	40	65.5738
gene_MP012577	0.34266	1.27432	286	185	64.6853
gene_MP012660	0.38968	1.35055	189	146	77.2487
gene_MP012663	0.35476	1.27807	1599	946	59.1620
gene_MP012671	0.58757	1.01696	93	0	0.0000
gene_MP012695	0.35113	1.36099	35	25	71.4286
gene_MP012696	0.45796	1.42116	199	0	0.0000
gene_MP012712	0.35675	0.91558	164	121	73.7805
gene_MP012715	0.35187	1.49118	77	56	72.7273
gene_MP012719	0.37429	1.51995	37	25	67.5676
gene_MP012724	0.36400	1.01650	225	192	85.3333
gene_MP012731	0.33687	1.33589	880	22	2.5000
gene_MP012733	0.36348	1.27752	121	0	0.0000
gene_MP012747	0.33552	1.18703	1334	37	2.7736
gene_MP012760	0.47863	1.51540	223	220	98.6547
gene_MP012761	0.38758	1.89867	42	40	95.2381
gene_MP012782	0.47770	1.09483	100	0	0.0000
gene_MP012788	0.36295	1.03996	424	0	0.0000
gene_MP012811	0.36214	1.25126	244	140	57.3770
gene_MP012881	0.46512	1.45794	61	28	45.9016
gene_MP012888	0.36420	1.40721	158	144	91.1392
gene_MP012898	0.36352	1.22954	279	242	86.7384
gene_MP012909	0.30919	1.59256	48	41	85.4167
gene_MP012955	0.33426	1.46809	96	45	46.8750
gene_MP012978	0.32917	1.18318	205	165	80.4878
gene_MP013000	0.41063	1.29980	34	30	88.2353
gene_MP013014	0.35483	1.17526	446	440	98.6547
gene_MP013046	0.38563	1.09264	166	153	92.1687
gene_MP013087	0.54067	1.33042	99	0	0.0000
gene_MP013088	0.35986	1.43604	3734	620	16.6042
gene_MP013091	0.36175	0.92015	175	97	55.4286
gene_MP013095	0.43082	1.38413	110	98	89.0909
gene_MP013101	0.36173	1.35985	463	68	14.6868
gene_MP013115	0.52197	1.49691	173	0	0.0000
gene_MP013124	0.38111	1.80982	59	58	98.3051
gene_MP013168	0.32863	1.36777	259	226	87.2587
gene_MP013256	0.60787	1.36769	318	238	74.8428
gene_MP013273	0.36963	1.21352	501	484	96.6068
gene_MP013275	0.35344	1.44512	311	268	86.1736
gene_MP013309	0.31087	1.33348	3843	0	0.0000
gene_MP013338	0.28585	1.31821	28	21	75.0000
gene_MP013609	0.32398	1.06615	220	131	59.5455
gene_MP013669	0.35074	1.29944	257	217	84.4358
gene_MP013672	0.30729	1.35136	49	27	55.1020
gene_MP013785	0.39068	1.17503	125	0	0.0000
gene_MP013799	0.31947	1.13605	200	0	0.0000
gene_MP013814	0.30108	1.31585	449	0	0.0000
gene_MP013897	0.38201	0.97719	111	0	0.0000
gene_MP014064	0.45816	1.69549	129	129	100.0000
gene_MP014092	0.35145	1.26430	175	153	87.4286
gene_MP014157	0.33847	1.38768	4601	90	1.9561
gene_MP014270	0.39022	1.06942	44	0	0.0000
gene_MP014285	0.38784	1.27792	259	233	89.9614
gene_MP014486	0.34525	1.37263	228	0	0.0000
gene_MP014545	0.35328	1.31961	99	72	72.7273
gene_MP014554	0.49549	1.31847	53	0	0.0000
gene_MP014555	0.51823	1.17216	30	0	0.0000
gene_MP014672	0.36969	1.08705	472	0	0.0000
gene_MP014698	0.35353	1.48884	4297	327	7.6100
gene_MP014744	0.35130	1.37407	2179	0	0.0000
gene_MP014775	0.32648	1.26949	79	76	96.2025
gene_MP014800	0.32648	1.26949	71	71	100.0000
gene_MP014833	0.37622	1.31343	111	89	80.1802
gene_MP014839	0.38621	1.41103	155	124	80.0000
gene_MP014862	0.39060	1.47799	1082	453	41.8669
gene_MP014883	0.36034	1.57201	66	49	74.2424
gene_MP014977	0.39912	1.62414	192	140	72.9167
gene_MP014978	0.44306	1.26661	30	0	0.0000
gene_MP014999	0.42000	1.45390	70	0	0.0000
gene_MP015003	0.52186	1.26269	94	0	0.0000
gene_MP015045	0.31820	1.22453	5531	0	0.0000
gene_MP015092	0.34963	1.27892	146	116	79.4521
gene_MP015137	0.38460	1.08111	127	52	40.9449
gene_MP015151	0.74658	1.37341	183	62	33.8798
gene_MP015265	0.31172	1.23395	849	292	34.3934
gene_MP015304	0.32920	1.10016	371	154	41.5094
gene_MP015329	0.31861	1.22794	709	0	0.0000
gene_MP015353	0.35271	1.47394	185	179	96.7568
gene_MP015363	0.35160	1.01028	344	301	87.5000
gene_MP015401	0.36508	1.20496	303	249	82.1782
gene_MP015461	0.36313	1.61684	74	23	31.0811
gene_MP015475	0.34446	1.50314	148	142	95.9459
gene_MP015505	0.34446	1.50314	76	75	98.6842
gene_MP015507	0.34446	1.50314	325	301	92.6154
gene_MP015515	0.35646	1.24775	1793	515	28.7228
gene_MP015675	0.35087	1.29678	15865	431	2.7167
gene_MP015731	0.31556	1.25909	1332	0	0.0000
gene_MP015750	0.44444	1.21681	23	23	100.0000
gene_MP015786	0.35978	1.14662	173	158	91.3295
gene_MP015965	0.38121	1.20465	251	79	31.4741
gene_MP016012	0.47390	1.33529	112	0	0.0000
gene_MP016171	0.41705	1.46314	306	0	0.0000
gene_MP016393	0.29462	1.29149	39	30	76.9231
gene_MP016435	0.35191	1.11518	134	0	0.0000
gene_MP016440	0.41926	1.41779	300	300	100.0000
gene_MP016466	0.37330	1.35738	250	222	88.8000
gene_MP016524	0.31796	1.23110	3607	0	0.0000
gene_MP016543	0.40248	0.97269	30	0	0.0000
gene_MP016555	0.31763	1.25806	5364	71	1.3236
gene_MP016562	0.34155	1.25733	528	0	0.0000
gene_MP016567	0.39089	1.24396	382	336	87.9581
gene_MP016579	0.32495	1.23109	1173	0	0.0000
gene_MP016626	0.34739	1.17750	1212	1077	88.8614
gene_MP016726	0.37860	1.34969	68	52	76.4706
gene_MP016765	0.39829	1.41671	1102	521	47.2777
gene_MP016769	0.34895	1.54055	524	478	91.2214
gene_MP016819	0.34412	1.29642	64	54	84.3750
gene_MP016832	0.40800	1.70455	443	362	81.7156
gene_MP016840	0.38685	1.62850	100	98	98.0000
gene_MP016859	0.36149	1.30608	458	143	31.2227
gene_MP016866	0.35605	1.14475	413	271	65.6174
gene_MP016936	0.39428	1.78219	75	71	94.6667
gene_MP017135	0.34473	1.32658	260	210	80.7692
gene_MP017147	0.37896	1.25342	51	46	90.1961
gene_MP017153	0.39079	1.92500	44	12	27.2727
gene_MP017154	0.36654	1.38241	247	193	78.1377
gene_MP017204	0.36633	1.31728	221	189	85.5204
gene_MP017222	0.35763	1.19076	322	197	61.1801
gene_MP017264	0.35018	1.25848	3560	5	0.1404
gene_MP017275	0.37896	1.25342	542	494	91.1439
gene_MP017417	0.32309	1.29604	167	164	98.2036
gene_MP017804	0.35385	1.35555	574	463	80.6620
gene_MP017816	0.44365	1.50433	60	60	100.0000
gene_MP017823	0.34000	1.53951	146	144	98.6301
gene_MP017825	0.35316	1.20966	329	297	90.2736
gene_MP017860	0.31838	1.15570	112	87	77.6786
gene_MP017864	0.34090	1.11874	111	81	72.9730
gene_MP017990	0.34268	1.13150	167	95	56.8862
gene_MP018001	0.34090	1.11874	30	26	86.6667
gene_MP018010	0.32980	1.22109	47	35	74.4681
gene_MP018037	0.36135	1.29752	683	609	89.1654
gene_MP018101	0.35986	1.11757	492	469	95.3252
gene_MP018178	0.34090	1.11874	380	315	82.8947
gene_MP018181	0.38789	1.30833	703	222	31.5789
gene_MP018185	0.51066	1.41714	108	0	0.0000
gene_MP018250	0.47082	1.31506	36	0	0.0000
gene_MP018262	0.36329	1.36618	1722	0	0.0000
gene_MP000011	0.36833	1.41188	2550	499	19.5686
gene_MP000017	0.40530	1.18382	290	229	78.9655
gene_MP000027	0.39351	0.90139	527	0	0.0000
gene_MP000035	0.31097	1.45338	37	27	72.9730
gene_MP000050	0.31547	1.41463	257	189	73.5409
gene_MP000069	0.33729	1.28061	535	492	91.9626
gene_MP000077	0.34228	1.32443	14508	99	0.6824
gene_MP000096	0.35787	1.36029	97	0	0.0000
gene_MP000178	0.33969	1.69002	53	53	100.0000
gene_MP000206	0.33056	1.28582	8451	102	1.2070
gene_MP000211	0.44127	1.10895	51	29	56.8627
gene_MP000214	0.42021	1.32492	32	32	100.0000
gene_MP000228	0.33106	2.24345	79	79	100.0000
gene_MP000272	0.32004	1.21739	272	152	55.8824
gene_MP000280	0.36904	1.25810	360	261	72.5000
gene_MP000289	0.33195	1.26066	2813	0	0.0000
gene_MP000327	0.43683	1.92996	127	125	98.4252
gene_MP000342	0.37240	1.25682	161	117	72.6708
gene_MP000401	0.36054	1.12981	55	41	74.5455
gene_MP000429	0.36890	1.03927	446	401	89.9103
gene_MP000432	0.38335	1.28276	114	70	61.4035
gene_MP000437	0.34530	1.33430	5487	155	2.8249
gene_MP000470	0.33292	1.26313	133	0	0.0000
gene_MP000521	0.40698	1.12486	569	464	81.5466
gene_MP000544	0.36560	1.29496	2040	836	40.9804
gene_MP000604	0.34948	1.35445	1374	31	2.2562
gene_MP000619	0.33508	1.00524	118	87	73.7288
gene_MP000633	0.34228	1.32443	7572	374	4.9392
gene_MP000634	0.37739	1.06274	130	130	100.0000
gene_MP000695	0.33881	1.35361	3675	0	0.0000
gene_MP000734	0.38564	1.46275	323	314	97.2136
gene_MP000759	0.37917	1.39933	405	352	86.9136
gene_MP000792	0.36990	1.40694	34	29	85.2941
gene_MP000795	0.31969	1.13085	326	0	0.0000
gene_MP000821	0.34327	1.33359	192	76	39.5833
gene_MP000845	0.37638	1.03226	416	93	22.3558
gene_MP000855	0.50178	1.45287	513	445	86.7446
gene_MP001044	0.33025	1.03589	171	139	81.2865
gene_MP001050	0.34525	1.48548	49	45	91.8367
gene_MP001059	0.33833	1.03666	236	172	72.8814
gene_MP001118	0.34422	1.21952	208	184	88.4615
gene_MP001148	0.38627	1.14429	545	399	73.2110
gene_MP001167	0.38694	1.14789	212	195	91.9811
gene_MP001249	0.34383	1.22755	1439	208	14.4545
gene_MP001311	0.40144	1.08865	788	0	0.0000
gene_MP001352	0.35041	1.13170	1022	797	77.9843
gene_MP001392	0.31918	1.38050	232	151	65.0862
gene_MP001435	0.37466	1.06547	446	349	78.2511
gene_MP001493	0.38772	1.15531	209	203	97.1292
gene_MP001494	0.45515	1.13353	441	431	97.7324
gene_MP001516	0.38772	1.15531	495	452	91.3131
gene_MP001549	0.39254	1.47842	717	0	0.0000
gene_MP001623	0.33725	1.16723	147	129	87.7551
gene_MP001639	0.49698	1.20590	86	0	0.0000
gene_MP001642	0.43895	1.66011	1098	0	0.0000
gene_MP001679	0.34426	1.10909	28	18	64.2857
gene_MP001682	0.34354	0.93786	132	106	80.3030
gene_MP001717	0.32877	1.04364	138	113	81.8841
gene_MP001735	0.47287	1.45299	94	72	76.5957
gene_MP001752	0.33455	0.94424	87	86	98.8506
gene_MP001770	0.35333	1.04167	29	0	0.0000
gene_MP001783	0.33847	0.99758	202	0	0.0000
gene_MP001838	0.53392	1.22466	144	0	0.0000
gene_MP001957	0.40146	1.82667	20	20	100.0000
gene_MP001989	0.39085	1.36987	654	605	92.5076
gene_MP002000	0.36218	1.04044	158	153	96.8354
gene_MP002024	0.52149	0.97120	23	0	0.0000
gene_MP002025	0.54586	0.96753	29	0	0.0000
gene_MP002034	0.34660	1.40603	219	173	78.9954
gene_MP002050	0.35834	1.20714	444	139	31.3063
gene_MP002056	0.34541	1.33212	173	167	96.5318
gene_MP002062	0.38086	1.05538	171	114	66.6667
gene_MP002130	0.31617	1.24683	840	0	0.0000
gene_MP002148	0.38703	1.05598	203	149	73.3990
gene_MP002158	0.45411	1.12873	23	0	0.0000
gene_MP002178	0.33823	1.17199	121	93	76.8595
gene_MP002188	0.34778	1.36551	220	201	91.3636
gene_MP002191	0.35173	1.34504	496	446	89.9194
gene_MP002194	0.33717	1.19435	2144	262	12.2201
gene_MP002215	0.34123	1.35105	53	45	84.9057
gene_MP002232	0.33457	1.01880	30	27	90.0000
gene_MP002238	0.35306	1.51094	1356	21	1.5487
gene_MP002242	0.38470	1.11128	259	251	96.9112
gene_MP002243	0.37196	1.24743	92	77	83.6957
gene_MP002254	0.31534	1.09631	55	48	87.2727
gene_MP002290	0.32403	1.10902	168	0	0.0000
gene_MP002301	0.35718	1.05489	272	177	65.0735
gene_MP002319	0.33905	1.26361	46	46	100.0000
gene_MP002363	0.34166	1.13788	198	186	93.9394
gene_MP002381	0.31794	1.24191	76	48	63.1579
gene_MP002398	0.32442	1.27270	239	197	82.4268
gene_MP002399	0.32470	1.00189	125	113	90.4000
gene_MP002408	0.50968	1.39703	89	61	68.5393
gene_MP002434	0.33456	1.03661	197	171	86.8020
gene_MP002460	0.34909	1.20241	943	285	30.2227
gene_MP002482	0.30878	1.07567	251	187	74.5020
gene_MP002509	0.34098	1.07283	228	113	49.5614
gene_MP002522	0.28804	0.99009	78	66	84.6154
gene_MP002540	0.36072	1.08730	139	108	77.6978
gene_MP002541	0.36738	1.58232	418	390	93.3014
gene_MP002552	0.36578	1.10916	365	244	66.8493
gene_MP002554	0.37246	1.42851	125	117	93.6000
gene_MP002593	0.36377	1.25137	365	285	78.0822
gene_MP002601	0.30370	1.07806	167	130	77.8443
gene_MP002610	0.53333	1.49383	180	148	82.2222
gene_MP002621	0.40045	1.32915	377	336	89.1247
gene_MP002626	0.35572	1.02003	123	47	38.2114
gene_MP002631	0.31380	0.97527	119	86	72.2689
gene_MP002647	0.33538	0.93709	30	24	80.0000
gene_MP002720	0.33997	1.64577	57	42	73.6842
gene_MP002766	0.36031	1.24972	233	33	14.1631
gene_MP002768	0.33972	1.23011	333	297	89.1892
gene_MP002781	0.61683	1.49804	220	112	50.9091
gene_MP002800	0.39513	1.23529	150	149	99.3333
gene_MP002809	0.32695	0.96145	33	33	100.0000
gene_MP002826	0.39008	1.60951	37	19	51.3514
gene_MP002832	0.33559	1.22511	203	180	88.6700
gene_MP002870	0.35022	1.41289	145	126	86.8966
gene_MP002895	0.35338	1.06909	107	0	0.0000
gene_MP002906	0.39543	0.97026	63	63	100.0000
gene_MP002951	0.58516	1.35884	111	32	28.8288
gene_MP002967	0.29810	1.31777	239	215	89.9582
gene_MP002972	0.51220	1.24145	70	20	28.5714
gene_MP002993	0.55773	1.90628	417	308	73.8609
gene_MP003011	0.38271	1.22850	478	256	53.5565
gene_MP003067	0.31203	1.42143	27	21	77.7778
gene_MP003093	0.45536	1.15976	94	65	69.1489
gene_MP003102	0.76199	1.31627	223	0	0.0000
gene_MP003110	0.33884	1.44040	108	92	85.1852
gene_MP003118	0.33333	0.95937	118	102	86.4407
gene_MP003133	0.35642	1.02026	116	97	83.6207
gene_MP003146	0.33261	1.18486	29	21	72.4138
gene_MP003148	0.35620	1.23139	208	160	76.9231
gene_MP003151	0.37885	1.31995	43	22	51.1628
gene_MP003153	0.33998	1.43872	54	36	66.6667
gene_MP003175	0.36663	1.15840	208	189	90.8654
gene_MP003198	0.42199	1.95149	97	97	100.0000
gene_MP003199	0.34195	1.14584	150	132	88.0000
gene_MP003225	0.32446	1.05716	167	142	85.0299
gene_MP003244	0.36149	1.03532	346	192	55.4913
gene_MP003283	0.32996	1.38338	26	18	69.2308
gene_MP003297	0.33272	1.17294	46	37	80.4348
gene_MP003304	0.34979	1.45363	2858	819	28.6564
gene_MP003312	0.31652	1.29949	583	0	0.0000
gene_MP003320	0.39161	0.82895	230	0	0.0000
gene_MP003323	0.33882	1.34510	1135	0	0.0000
gene_MP003327	0.34392	1.01355	66	40	60.6061
gene_MP003338	0.37062	1.09495	45	34	75.5556
gene_MP003340	0.35729	1.27384	328	297	90.5488
gene_MP003349	0.48276	0.94702	48	25	52.0833
gene_MP003351	0.42997	1.34740	267	216	80.8989
gene_MP003356	0.34859	1.69597	105	86	81.9048
gene_MP003384	0.31429	1.09602	32	21	65.6250
gene_MP003406	0.32661	1.28126	201	194	96.5174
gene_MP003414	0.43143	1.62671	2215	16	0.7223
gene_MP003531	0.35128	1.36106	131	0	0.0000
gene_MP003536	0.40148	1.13599	172	126	73.2558
gene_MP003542	0.35926	1.27414	289	264	91.3495
gene_MP003587	0.37316	1.10455	39	33	84.6154
gene_MP003605	0.32419	1.40629	190	159	83.6842
gene_MP003607	0.71446	1.38766	290	34	11.7241
gene_MP003619	0.43266	1.47768	91	91	100.0000
gene_MP003640	0.30436	1.50745	96	79	82.2917
gene_MP003644	0.32888	1.30328	1413	0	0.0000
gene_MP003646	0.30856	0.98810	25	8	32.0000
gene_MP003657	0.52289	1.34823	201	96	47.7612
gene_MP003664	0.35685	1.32921	3645	242	6.6392
gene_MP003695	0.40287	1.26436	71	71	100.0000
gene_MP003702	0.31382	1.14147	48	37	77.0833
gene_MP003736	0.28639	1.10075	33	33	100.0000
gene_MP003737	0.36709	1.15636	125	0	0.0000
gene_MP003746	0.34642	1.33127	1581	165	10.4364
gene_MP003770	0.42857	1.55097	48	27	56.2500
gene_MP003795	0.36879	1.14464	188	175	93.0851
gene_MP003813	0.30973	1.32739	516	88	17.0543
gene_MP003927	0.32057	0.90538	49	46	93.8776
gene_MP003932	0.48005	1.38668	118	83	70.3390
gene_MP003956	0.51190	1.00550	33	0	0.0000
gene_MP003957	0.64162	1.08703	48	0	0.0000
gene_MP003980	0.30301	1.32974	123	97	78.8618
gene_MP003982	0.61557	0.92318	35	0	0.0000
gene_MP003985	0.61557	0.94713	36	0	0.0000
gene_MP003999	0.37560	1.39276	183	0	0.0000
gene_MP004013	0.36056	1.30262	77	0	0.0000
gene_MP004030	0.35399	1.57844	142	124	87.3239
gene_MP004054	0.34650	1.21594	342	0	0.0000
gene_MP004063	0.35203	1.51678	82	0	0.0000
gene_MP004081	0.31539	1.20982	169	129	76.3314
gene_MP004093	0.48078	1.55967	345	172	49.8551
gene_MP004094	0.31630	1.04510	163	148	90.7975
gene_MP004095	0.34876	1.28509	1639	0	0.0000
gene_MP004111	0.33984	1.04187	157	133	84.7134
gene_MP004141	0.34138	1.29398	3061	134	4.3777
gene_MP004152	0.31975	1.23138	13689	50	0.3653
gene_MP004165	0.50903	1.21240	165	129	78.1818
gene_MP004223	0.35036	1.32906	1124	221	19.6619
gene_MP004259	0.35761	1.43550	7046	294	4.1726
gene_MP004275	0.34729	1.11959	844	780	92.4171
gene_MP004333	0.32725	1.02876	279	239	85.6631
gene_MP004351	0.40033	1.27384	122	72	59.0164
gene_MP004362	0.31429	1.64686	37	24	64.8649
gene_MP004376	0.38701	1.15558	405	9	2.2222
gene_MP004394	0.33606	1.03438	121	87	71.9008
gene_MP004401	0.34058	1.34709	562	113	20.1068
gene_MP004404	0.33605	1.20449	1035	85	8.2126
gene_MP004412	0.36548	1.20539	336	123	36.6071
gene_MP004435	0.35179	1.23778	270	178	65.9259
gene_MP004436	0.35728	1.48121	3874	781	20.1600
gene_MP004525	0.33100	1.29361	917	0	0.0000
gene_MP004627	0.35757	1.42920	741	615	82.9960
gene_MP004635	0.34233	0.97980	303	249	82.1782
gene_MP004660	0.30762	1.29571	788	0	0.0000
gene_MP004672	0.33185	1.25411	155	28	18.0645
gene_MP004783	0.38157	1.26021	136	0	0.0000
gene_MP004865	0.34036	1.27043	1044	119	11.3985
gene_MP004866	0.34174	1.27076	22	22	100.0000
gene_MP004877	0.35796	1.38263	514	451	87.7432
gene_MP004883	0.53808	1.16588	103	0	0.0000
gene_MP004916	0.32833	1.08163	359	0	0.0000
gene_MP004923	0.31651	1.33559	2399	104	4.3351
gene_MP004932	0.38157	1.26021	546	182	33.3333
gene_MP004938	0.37834	1.12965	309	259	83.8188
gene_MP004973	0.57899	1.47747	140	74	52.8571
gene_MP004977	0.33773	1.16402	84	80	95.2381
gene_MP004990	0.32068	1.37140	162	34	20.9877
gene_MP005033	0.36305	1.15361	1153	0	0.0000
gene_MP005034	0.30445	1.20699	269	0	0.0000
gene_MP005044	0.33078	1.16252	619	254	41.0339
gene_MP005132	0.36135	1.47779	163	98	60.1227
gene_MP005143	0.35924	1.06748	260	219	84.2308
gene_MP005159	0.45861	1.29971	180	0	0.0000
gene_MP005205	0.39128	1.56884	124	113	91.1290
gene_MP005227	0.32981	1.27381	583	15	2.5729
gene_MP005235	0.34505	1.12333	106	0	0.0000
gene_MP005258	0.34269	1.10753	869	0	0.0000
gene_MP005303	0.34381	1.23138	405	109	26.9136
gene_MP005317	0.36782	1.17778	330	284	86.0606
gene_MP005408	0.40054	1.55006	1067	146	13.6832
gene_MP005430	0.34661	1.13908	1263	333	26.3658
gene_MP005433	0.33026	1.20776	1255	131	10.4382
gene_MP005451	0.34094	1.14240	815	196	24.0491
gene_MP005452	0.34159	1.23405	1818	243	13.3663
gene_MP005456	0.34558	0.90363	149	138	92.6174
gene_MP005463	0.34627	1.17453	46	0	0.0000
gene_MP005496	0.36600	1.05312	232	0	0.0000
gene_MP005534	0.34807	1.14761	1403	0	0.0000
gene_MP005598	0.31853	1.21486	281	244	86.8327
gene_MP005625	0.33762	1.16594	208	158	75.9615
gene_MP005648	0.31725	1.18465	122	116	95.0820
gene_MP005654	0.34742	1.21763	228	201	88.1579
gene_MP005675	0.33960	1.22170	84	0	0.0000
gene_MP005678	0.33979	0.97406	254	0	0.0000
gene_MP005749	0.31295	1.24746	114	86	75.4386
gene_MP005753	0.33167	1.34384	89	78	87.6404
gene_MP005765	0.32913	1.34961	214	169	78.9720
gene_MP005793	0.34467	0.98190	72	71	98.6111
gene_MP005818	0.34971	1.42403	4768	103	2.1602
gene_MP005974	0.33122	1.14758	1535	716	46.6450
gene_MP005991	0.32003	1.34672	50	39	78.0000
gene_MP005999	0.34015	1.12218	319	0	0.0000
gene_MP006055	0.34523	1.01086	394	0	0.0000
gene_MP006058	0.37345	1.15547	204	184	90.1961
gene_MP006115	0.36050	2.13408	64	60	93.7500
gene_MP006133	0.39027	1.09538	691	0	0.0000
gene_MP006151	0.30622	1.10548	81	0	0.0000
gene_MP006154	0.32927	1.05905	68	42	61.7647
gene_MP006194	0.33476	1.17982	131	117	89.3130
gene_MP006209	0.32667	1.22787	8502	0	0.0000
gene_MP006230	0.31706	1.27458	1272	7	0.5503
gene_MP006254	0.34058	1.34709	1137	220	19.3492
gene_MP006303	0.30643	1.10570	23	0	0.0000
gene_MP006363	0.33094	1.25937	615	77	12.5203
gene_MP006429	0.33210	1.24016	3282	0	0.0000
gene_MP006472	0.34297	1.19992	91	81	89.0110
gene_MP006483	0.32781	1.21086	2751	0	0.0000
gene_MP006491	0.29662	1.02198	61	47	77.0492
gene_MP006508	0.35915	1.05841	415	361	86.9880
gene_MP006519	0.33680	1.68982	110	108	98.1818
gene_MP006621	0.36653	1.18762	156	137	87.8205
gene_MP006624	0.32548	1.45148	986	80	8.1136
gene_MP006628	0.33790	1.05181	82	67	81.7073
gene_MP006641	0.35319	1.20973	278	232	83.4532
gene_MP006646	0.45730	1.31324	184	0	0.0000
gene_MP006649	0.33880	1.33654	348	282	81.0345
gene_MP006653	0.35062	1.14502	466	433	92.9185
gene_MP006656	0.35493	1.24670	380	341	89.7368
gene_MP006674	0.34802	1.30824	258	185	71.7054
gene_MP006688	0.34550	1.24670	1646	0	0.0000
gene_MP006723	0.45679	1.29567	93	80	86.0215
gene_MP006760	0.28951	1.08628	173	111	64.1618
gene_MP006786	0.33002	1.06090	241	181	75.1037
gene_MP006798	0.45575	1.26978	48	0	0.0000
gene_MP006816	0.42653	1.37438	203	0	0.0000
gene_MP006818	0.33733	1.27476	1013	147	14.5114
gene_MP006819	0.34886	1.17149	1209	0	0.0000
gene_MP006856	0.34156	1.17801	581	330	56.7986
gene_MP006950	0.35646	1.56345	1049	78	7.4357
gene_MP006968	0.32712	1.32094	2158	0	0.0000
gene_MP007038	0.35208	1.26828	212	0	0.0000
gene_MP007253	0.34024	1.00651	166	145	87.3494
gene_MP007271	0.35857	1.18487	152	129	84.8684
gene_MP007375	0.38491	1.16636	133	103	77.4436
gene_MP007433	0.32715	1.08511	118	48	40.6780
gene_MP007460	0.37391	1.81097	94	72	76.5957
gene_MP007545	0.40218	1.67431	1065	0	0.0000
gene_MP007555	0.32818	1.19056	1402	0	0.0000
gene_MP007562	0.33102	1.74538	191	156	81.6754
gene_MP007573	0.33984	1.05183	42	34	80.9524
gene_MP007700	0.33672	1.16900	352	307	87.2159
gene_MP007768	0.34204	1.31830	186	136	73.1183
gene_MP007798	0.34427	1.14697	76	65	85.5263
gene_MP007885	0.37087	1.63127	83	83	100.0000
gene_MP007903	0.33915	1.21789	247	213	86.2348
gene_MP008039	0.34044	1.11962	155	130	83.8710
gene_MP008074	0.35005	1.08696	254	0	0.0000
gene_MP008213	0.38223	0.90295	174	0	0.0000
gene_MP008216	0.33976	1.03839	152	0	0.0000
gene_MP008219	0.34427	1.30526	1868	278	14.8822
gene_MP008226	0.30946	1.21535	845	558	66.0355
gene_MP008229	0.33332	1.42262	787	32	4.0661
gene_MP008278	0.35911	1.17157	588	194	32.9932
gene_MP008295	0.32370	1.01266	155	122	78.7097
gene_MP008300	0.35050	1.17908	173	0	0.0000
gene_MP008340	0.31991	1.28900	663	0	0.0000
gene_MP008342	0.34725	1.07427	513	345	67.2515
gene_MP008345	0.33887	1.10009	222	193	86.9369
gene_MP008346	0.31991	1.28900	355	0	0.0000
gene_MP008400	0.36407	1.25983	194	144	74.2268
gene_MP008404	0.36379	1.32482	177	145	81.9209
gene_MP008439	0.44711	1.28120	72	64	88.8889
gene_MP008449	0.35438	1.38747	2596	99	3.8136
gene_MP008457	0.36654	1.43078	403	364	90.3226
gene_MP008464	0.37155	1.24932	323	174	53.8700
gene_MP008469	0.33944	1.09567	173	133	76.8786
gene_MP008566	0.34413	1.14470	389	299	76.8638
gene_MP008572	0.36360	1.05892	230	211	91.7391
gene_MP008605	0.36525	1.27473	445	362	81.3483
gene_MP008607	0.35138	1.28795	73	52	71.2329
gene_MP008618	0.36788	1.17622	285	279	97.8947
gene_MP008635	0.38229	1.90193	64	62	96.8750
gene_MP008642	0.33010	1.23787	344	275	79.9419
gene_MP008688	0.36788	1.17622	80	77	96.2500
gene_MP008693	0.30000	1.53750	39	21	53.8462
gene_MP008706	0.31367	1.13540	615	2	0.3252
gene_MP008730	0.33933	1.38165	422	360	85.3081
gene_MP008868	0.34262	1.19553	96	0	0.0000
gene_MP008871	0.55894	1.64861	664	256	38.5542
gene_MP009038	0.32282	0.94575	33	26	78.7879
gene_MP009142	0.31586	1.12887	269	203	75.4647
gene_MP009155	0.33855	1.16254	136	0	0.0000
gene_MP009156	0.33138	1.11812	805	4	0.4969
gene_MP009260	0.35564	1.24860	611	594	97.2177
gene_MP009273	0.37316	0.90185	134	132	98.5075
gene_MP009291	0.45685	1.27568	229	0	0.0000
gene_MP009295	0.45685	1.27078	66	0	0.0000
gene_MP009352	0.32674	1.10909	280	214	76.4286
gene_MP009391	0.36446	1.37422	525	473	90.0952
gene_MP009456	0.39933	1.10726	79	0	0.0000
gene_MP009643	0.40003	1.13654	305	0	0.0000
gene_MP009773	0.41744	2.00194	104	0	0.0000
gene_MP009795	0.36793	1.48737	940	129	13.7234
gene_MP009804	0.40571	1.67075	43	38	88.3721
gene_MP009841	0.32160	1.29304	4016	0	0.0000
gene_MP009969	0.63089	1.12362	128	0	0.0000
gene_MP009977	0.33087	1.27062	240	157	65.4167
gene_MP009993	0.34286	1.13899	720	653	90.6944
gene_MP010040	0.32282	1.27438	2759	217	7.8652
gene_MP010043	0.33354	0.93379	128	115	89.8438
gene_MP010107	0.34927	1.22897	3886	15	0.3860
gene_MP010124	0.33495	1.26973	1648	2	0.1214
gene_MP010151	0.26928	1.14480	43	41	95.3488
gene_MP010182	0.35137	1.09896	240	174	72.5000
gene_MP010198	0.38873	1.34378	686	642	93.5860
gene_MP010206	0.32567	1.15094	812	0	0.0000
gene_MP010242	0.39318	1.47849	25	4	16.0000
gene_MP010265	0.70148	1.13034	159	0	0.0000
gene_MP010270	0.32567	1.15094	937	0	0.0000
gene_MP010282	0.32302	1.18800	121	86	71.0744
gene_MP010285	0.31725	1.28339	31	0	0.0000
gene_MP010354	0.33944	1.09567	254	231	90.9449
gene_MP010467	0.41963	1.44944	22	11	50.0000
gene_MP010471	0.41963	1.44944	20	18	90.0000
gene_MP010491	0.35323	1.44789	2592	206	7.9475
gene_MP010494	0.42192	1.49968	77	54	70.1299
gene_MP010524	0.37289	1.24273	87	56	64.3678
gene_MP010552	0.32628	1.43466	1561	0	0.0000
gene_MP010577	0.32221	1.08196	111	71	63.9640
gene_MP010585	0.31502	1.37191	96	73	76.0417
gene_MP010612	0.37416	1.39632	633	0	0.0000
gene_MP010613	0.35263	1.08607	242	189	78.0992
gene_MP010646	0.35184	1.38474	446	0	0.0000
gene_MP010682	0.37139	0.95601	138	109	78.9855
gene_MP010703	0.33373	0.91295	21	14	66.6667
gene_MP010710	0.51552	1.35599	90	36	40.0000
gene_MP010720	0.34325	0.93933	113	79	69.9115
gene_MP010794	0.31169	1.26387	2462	0	0.0000
gene_MP010842	0.33082	1.09519	131	120	91.6031
gene_MP010844	0.34875	1.17341	158	124	78.4810
gene_MP010851	0.37229	1.33489	136	0	0.0000
gene_MP010889	0.61607	1.16875	35	0	0.0000
gene_MP010890	0.59524	1.05927	30	0	0.0000
gene_MP010892	0.60714	1.12284	33	0	0.0000
gene_MP010922	0.42906	0.72774	49	0	0.0000
gene_MP010933	0.35550	1.49448	201	0	0.0000
gene_MP010957	0.37026	0.95497	57	0	0.0000
gene_MP010962	0.37211	1.44245	112	107	95.5357
gene_MP010979	0.41715	1.28634	136	0	0.0000
gene_MP011048	0.34945	1.22100	179	0	0.0000
gene_MP011110	0.35588	1.13600	118	109	92.3729
gene_MP011130	0.48803	1.27754	89	78	87.6404
gene_MP011168	0.33877	1.04261	493	378	76.6734
gene_MP011194	0.33005	1.17204	363	281	77.4105
gene_MP011229	0.68613	1.31590	374	271	72.4599
gene_MP011257	0.35111	1.21326	1594	112	7.0263
gene_MP011264	0.34348	1.35600	93	77	82.7957
gene_MP011270	0.42964	1.45984	90	53	58.8889
gene_MP011285	0.37323	1.71842	38	38	100.0000
gene_MP011300	0.39561	1.25551	342	127	37.1345
gene_MP011308	0.35381	1.43837	1010	0	0.0000
gene_MP011336	0.33030	1.06146	159	139	87.4214
gene_MP011348	0.43136	1.38654	311	268	86.1736
gene_MP011352	0.33900	1.39895	771	11	1.4267
gene_MP011373	0.63707	1.37310	287	0	0.0000
gene_MP011386	0.32545	1.12485	83	80	96.3855
gene_MP011405	0.33534	1.09080	96	87	90.6250
gene_MP011411	0.32275	1.23585	1066	0	0.0000
gene_MP011417	0.37413	1.22204	209	0	0.0000
gene_MP011470	0.35641	1.38699	150	143	95.3333
gene_MP011472	0.33659	1.44949	42	36	85.7143
gene_MP011481	0.36859	1.07725	547	0	0.0000
gene_MP011541	0.41250	1.20920	180	0	0.0000
gene_MP011551	0.35531	1.08625	538	489	90.8922
gene_MP011556	0.31328	1.70033	84	78	92.8571
gene_MP011603	0.37268	1.34352	50	30	60.0000
gene_MP011649	0.37804	1.05639	467	205	43.8972
gene_MP011659	0.60670	1.07491	176	176	100.0000
gene_MP011665	0.37853	0.94774	30	22	73.3333
gene_MP011689	0.32531	1.10699	260	146	56.1538
gene_MP011720	0.32124	0.99088	117	69	58.9744
gene_MP011750	0.35131	1.47732	29	29	100.0000
gene_MP011788	0.44924	1.39716	83	0	0.0000
gene_MP011850	0.55924	1.05079	52	26	50.0000
gene_MP011851	0.59400	1.09858	61	15	24.5902
gene_MP011872	0.32056	1.00167	116	98	84.4828
gene_MP011883	0.40472	1.34477	32	32	100.0000
gene_MP011909	0.35242	1.10426	136	123	90.4412
gene_MP011924	0.44380	0.98413	25	4	16.0000
gene_MP011926	0.36366	0.95343	203	129	63.5468
gene_MP011957	0.40162	1.20542	144	142	98.6111
gene_MP011973	0.77024	1.41458	287	0	0.0000
gene_MP012073	0.35261	1.28138	42	12	28.5714
gene_MP012109	0.29858	1.01039	27	25	92.5926
gene_MP012158	0.57576	1.15541	60	18	30.0000
gene_MP012161	0.34183	1.18873	218	199	91.2844
gene_MP012166	0.39116	1.20979	68	65	95.5882
gene_MP012198	0.47198	1.52629	147	128	87.0748
gene_MP012217	0.35032	1.10469	156	0	0.0000
gene_MP012237	0.37382	1.13604	25	0	0.0000
gene_MP012343	0.31382	1.00061	130	89	68.4615
gene_MP012407	0.61441	0.95756	50	0	0.0000
gene_MP012468	0.40479	1.46363	50	30	60.0000
gene_MP012494	0.35768	1.42872	1177	309	26.2532
gene_MP012504	0.31373	1.05925	233	153	65.6652
gene_MP012508	0.46739	1.59390	120	118	98.3333
gene_MP012512	0.62085	1.13825	69	0	0.0000
gene_MP012528	0.71273	1.31944	45	0	0.0000
gene_MP012541	0.31978	1.31972	330	0	0.0000
gene_MP012543	0.37708	0.93766	50	47	94.0000
gene_MP012544	0.36693	1.06829	122	101	82.7869
gene_MP012602	0.35079	1.42380	97	77	79.3814
gene_MP012606	0.43503	0.85682	86	0	0.0000
gene_MP012620	0.36861	1.31783	495	483	97.5758
gene_MP012624	0.38078	1.10424	1014	37	3.6489
gene_MP012626	0.34634	1.35931	141	120	85.1064
gene_MP012634	0.35145	1.01644	172	143	83.1395
gene_MP012670	0.34662	1.36567	2437	0	0.0000
gene_MP012723	0.39032	1.19959	119	50	42.0168
gene_MP012748	0.35151	1.29022	95	92	96.8421
gene_MP012844	0.50556	1.39265	32	0	0.0000
gene_MP012854	0.33844	1.13602	150	141	94.0000
gene_MP012858	0.31738	0.81688	59	47	79.6610
gene_MP012859	0.59167	1.83673	115	33	28.6957
gene_MP012869	0.35619	1.21689	197	183	92.8934
gene_MP012874	0.32669	1.36093	274	0	0.0000
gene_MP012879	0.32384	0.84969	171	129	75.4386
gene_MP012895	0.33365	1.42922	125	53	42.4000
gene_MP012896	0.35085	1.07710	22	18	81.8182
gene_MP012914	0.31746	1.29191	7390	0	0.0000
gene_MP012935	0.36819	1.31900	268	0	0.0000
gene_MP012942	0.34704	1.14351	28	28	100.0000
gene_MP012953	0.32807	1.01133	31	31	100.0000
gene_MP012973	0.71429	1.25000	66	17	25.7576
gene_MP012979	0.37902	1.18571	542	453	83.5793
gene_MP012982	0.51259	1.21409	79	37	46.8354
gene_MP012986	0.29947	1.25437	990	0	0.0000
gene_MP012997	0.43982	1.44646	95	69	72.6316
gene_MP013005	0.35723	1.59369	540	0	0.0000
gene_MP013081	0.29875	1.21954	45	36	80.0000
gene_MP013138	0.27380	1.39550	22	19	86.3636
gene_MP013140	0.37537	1.10171	142	129	90.8451
gene_MP013158	0.30931	0.95468	152	98	64.4737
gene_MP013172	0.35544	1.15030	396	229	57.8283
gene_MP013181	0.39129	1.33289	147	109	74.1497
gene_MP013192	0.34749	1.28467	347	317	91.3545
gene_MP013197	0.39400	1.25597	468	364	77.7778
gene_MP013204	0.45880	0.99640	29	0	0.0000
gene_MP013221	0.32149	1.25448	802	0	0.0000
gene_MP013226	0.33474	0.97566	136	118	86.7647
gene_MP013232	0.37096	1.05639	298	138	46.3087
gene_MP013239	0.36668	1.19638	363	267	73.5537
gene_MP013242	0.35301	1.10328	281	196	69.7509
gene_MP013244	0.41573	2.13887	131	129	98.4733
gene_MP013245	0.46289	1.32300	36	28	77.7778
gene_MP013268	0.32440	1.62325	43	42	97.6744
gene_MP013404	0.48333	1.37300	24	24	100.0000
gene_MP013456	0.41477	1.49487	400	340	85.0000
gene_MP013457	0.30074	0.73507	52	45	86.5385
gene_MP013480	0.32572	1.24472	120	82	68.3333
gene_MP013488	0.47879	1.43744	174	140	80.4598
gene_MP013496	0.33079	1.38077	212	0	0.0000
gene_MP013506	0.38481	1.11124	159	0	0.0000
gene_MP013512	0.41223	1.13174	30	30	100.0000
gene_MP013536	0.38294	1.17354	153	150	98.0392
gene_MP013542	0.51510	1.20361	282	0	0.0000
gene_MP013600	0.33175	1.20465	327	307	93.8838
gene_MP013739	0.34632	1.40029	38	0	0.0000
gene_MP013753	0.33658	1.48886	65	56	86.1538
gene_MP013781	0.30512	1.24473	773	0	0.0000
gene_MP013788	0.32097	1.02014	272	0	0.0000
gene_MP013801	0.33921	1.52011	87	0	0.0000
gene_MP013866	0.31389	1.22755	1451	0	0.0000
gene_MP013871	0.35580	1.20417	403	289	71.7122
gene_MP013901	0.32038	1.34491	1114	0	0.0000
gene_MP013902	0.37123	1.18639	61	2	3.2787
gene_MP013953	0.32034	1.39835	282	222	78.7234
gene_MP013956	0.35697	1.49305	2811	445	15.8307
gene_MP013979	0.35000	1.24175	559	65	11.6279
gene_MP013980	0.36162	1.33224	230	214	93.0435
gene_MP013992	0.33590	1.12865	45	35	77.7778
gene_MP014012	0.34602	1.00597	252	0	0.0000
gene_MP014026	0.37558	1.45068	175	166	94.8571
gene_MP014049	0.30702	1.23800	124	90	72.5806
gene_MP014069	0.31863	1.25075	284	0	0.0000
gene_MP014106	0.34919	1.34176	442	202	45.7014
gene_MP014165	0.30243	1.08353	45	36	80.0000
gene_MP014181	0.35972	1.03372	166	0	0.0000
gene_MP014227	0.34143	1.12326	2371	108	4.5550
gene_MP014289	0.33921	1.52011	455	0	0.0000
gene_MP014291	0.36573	1.33579	2865	207	7.2251
gene_MP014332	0.35353	1.25290	1323	70	5.2910
gene_MP014376	0.36922	1.32181	1485	29	1.9529
gene_MP014421	0.34426	1.13683	195	0	0.0000
gene_MP014427	0.43098	1.22127	67	53	79.1045
gene_MP014430	0.36357	1.23447	1641	0	0.0000
gene_MP014436	0.35050	1.60796	854	168	19.6721
gene_MP014444	0.32742	1.21616	5097	0	0.0000
gene_MP014445	0.39156	1.59026	62	52	83.8710
gene_MP014467	0.35271	1.31021	1288	440	34.1615
gene_MP014478	0.31563	1.27478	52	50	96.1538
gene_MP014544	0.38960	1.34020	1393	438	31.4429
gene_MP014581	0.33670	1.23957	1093	572	52.3330
gene_MP014601	0.33895	1.40497	4740	119	2.5105
gene_MP014610	0.36461	1.26637	59	58	98.3051
gene_MP014624	0.34274	1.07546	171	154	90.0585
gene_MP014717	0.37879	1.39800	593	521	87.8583
gene_MP014720	0.38185	1.72668	40	38	95.0000
gene_MP014740	0.35897	1.19239	265	187	70.5660
gene_MP014748	0.40682	1.27305	314	27	8.5987
gene_MP014750	0.33839	1.26467	734	0	0.0000
gene_MP014781	0.34112	0.96396	24	10	41.6667
gene_MP014834	0.36275	1.11414	282	0	0.0000
gene_MP014875	0.33279	1.18993	2878	0	0.0000
gene_MP014940	0.32912	1.26934	2464	196	7.9545
gene_MP014951	0.34509	1.33017	331	0	0.0000
gene_MP014962	0.35282	1.25164	28	0	0.0000
gene_MP014964	0.34052	1.17497	260	220	84.6154
gene_MP014996	0.43319	1.13166	100	0	0.0000
gene_MP015050	0.34756	1.32299	1999	427	21.3607
gene_MP015053	0.32516	1.13983	426	355	83.3333
gene_MP015078	0.35673	1.36512	2554	0	0.0000
gene_MP015167	0.42510	1.46790	87	78	89.6552
gene_MP015357	0.33699	1.22058	1219	454	37.2436
gene_MP015433	0.29517	1.15905	292	0	0.0000
gene_MP015454	0.35518	1.03202	149	0	0.0000
gene_MP015540	0.33312	0.94412	40	40	100.0000
gene_MP015605	0.36596	1.48682	2121	0	0.0000
gene_MP015623	0.34995	1.07034	245	0	0.0000
gene_MP015639	0.38554	1.09821	156	129	82.6923
gene_MP015641	0.37085	1.65420	23	23	100.0000
gene_MP015707	0.34267	0.88863	156	150	96.1538
gene_MP015791	0.31120	0.70093	21	0	0.0000
gene_MP015804	0.33221	1.17579	33	0	0.0000
gene_MP015861	0.32949	1.72392	93	0	0.0000
gene_MP015869	0.34704	1.12482	348	216	62.0690
gene_MP015947	0.30715	1.25605	89	0	0.0000
gene_MP015987	0.34403	1.34808	361	0	0.0000
gene_MP016005	0.47390	1.34718	113	0	0.0000
gene_MP016006	0.47256	1.36685	114	0	0.0000
gene_MP016007	0.47189	1.35868	113	0	0.0000
gene_MP016018	0.34155	1.17933	279	266	95.3405
gene_MP016030	0.34183	1.31377	141	0	0.0000
gene_MP016035	0.34403	1.34808	619	0	0.0000
gene_MP016042	0.34403	1.34808	270	0	0.0000
gene_MP016065	0.32827	1.22204	2001	113	5.6472
gene_MP016078	0.34972	1.09235	171	158	92.3977
gene_MP016082	0.33597	1.41057	840	811	96.5476
gene_MP016083	0.32079	1.30615	253	0	0.0000
gene_MP016129	0.35763	1.06254	84	77	91.6667
gene_MP016173	0.46281	1.14807	22	0	0.0000
gene_MP016206	0.45018	1.36638	157	131	83.4395
gene_MP016207	0.30717	1.22971	67	0	0.0000
gene_MP016275	0.35552	1.12670	353	0	0.0000
gene_MP016281	0.31867	1.22679	6024	0	0.0000
gene_MP016387	0.34927	0.92625	66	0	0.0000
gene_MP016388	0.34970	0.92416	65	0	0.0000
gene_MP016389	0.37395	1.05811	255	103	40.3922
gene_MP016477	0.31271	1.26825	1806	0	0.0000
gene_MP016544	0.40351	0.94191	28	0	0.0000
gene_MP016598	0.36961	1.22782	796	703	88.3166
gene_MP016611	0.33051	1.12205	184	175	95.1087
gene_MP016627	0.37238	1.14392	66	0	0.0000
gene_MP016643	0.34747	1.35229	60	60	100.0000
gene_MP016671	0.36486	1.42897	41	0	0.0000
gene_MP016672	0.39782	1.75238	80	78	97.5000
gene_MP016675	0.35353	2.11083	40	27	67.5000
gene_MP016687	0.35056	1.34578	336	0	0.0000
gene_MP016698	0.35369	1.27230	1862	390	20.9452
gene_MP016758	0.32319	1.25774	4560	51	1.1184
gene_MP016784	0.40657	1.74772	20	20	100.0000
gene_MP016808	0.34110	1.24184	49	32	65.3061
gene_MP016816	0.34640	1.22829	446	321	71.9731
gene_MP016826	0.36536	1.42087	26	0	0.0000
gene_MP016831	0.40575	1.40738	316	288	91.1392
gene_MP016839	0.37348	1.45887	45	42	93.3333
gene_MP016858	0.52381	1.32759	21	0	0.0000
gene_MP017005	0.33290	1.27072	778	0	0.0000
gene_MP017083	0.32618	1.21982	1333	8	0.6002
gene_MP017117	0.41066	1.04113	42	0	0.0000
gene_MP017186	0.32874	1.35492	356	0	0.0000
gene_MP017203	0.39761	1.28011	488	477	97.7459
gene_MP017218	0.35295	1.49357	534	449	84.0824
gene_MP017232	0.34331	1.38318	69	55	79.7101
gene_MP017266	0.34403	1.34808	1425	0	0.0000
gene_MP017289	0.34972	1.09235	688	661	96.0756
gene_MP017319	0.34375	1.08640	233	161	69.0987
gene_MP017323	0.46549	1.17000	97	0	0.0000
gene_MP017365	0.33939	1.24633	78	0	0.0000
gene_MP017366	0.35295	1.49357	298	151	50.6711
gene_MP017452	0.34320	1.16114	1302	20	1.5361
gene_MP017475	0.32562	1.30666	168	142	84.5238
gene_MP017503	0.33886	1.22877	137	132	96.3504
gene_MP017564	0.37435	1.23502	158	0	0.0000
gene_MP017602	0.37022	1.35721	480	407	84.7917
gene_MP017606	0.34344	1.40345	1549	41	2.6469
gene_MP017689	0.56074	1.78648	243	154	63.3745
gene_MP017706	0.42049	1.62457	21	21	100.0000
gene_MP017707	0.34797	1.02243	64	33	51.5625
gene_MP017764	0.37670	1.64476	403	117	29.0323
gene_MP017877	0.37295	1.45400	112	1	0.8929
gene_MP017898	0.43450	1.24733	171	97	56.7251
gene_MP017931	0.34803	1.06981	261	0	0.0000
gene_MP017941	0.30758	0.95375	61	37	60.6557
gene_MP017972	0.35125	1.22841	843	220	26.0973
gene_MP017991	0.62845	1.34103	188	124	65.9574
gene_MP017993	0.35077	1.21579	1210	1050	86.7769
gene_MP018036	0.33428	1.37122	4138	0	0.0000
gene_MP018092	0.29721	1.09038	264	144	54.5455
gene_MP018106	0.33428	1.37122	3357	0	0.0000
gene_MP018135	0.32358	1.25382	20	20	100.0000
gene_MP018140	0.34469	1.62246	130	130	100.0000
gene_MP018164	0.37452	1.52940	236	209	88.5593
gene_MP018220	0.37952	1.56670	3663	1117	30.4941
gene_MP018249	0.47082	1.31506	36	0	0.0000
gene_MP018255	0.47082	1.31506	36	0	0.0000
gene_MP018292	0.37725	1.27127	93	72	77.4194
gene_MP018305	0.33834	1.18409	419	0	0.0000
gene_MP018307	0.29699	1.27834	489	0	0.0000
gene_MP018309	0.32000	1.18941	815	0	0.0000
gene_MP000009	0.35554	1.06440	69	42	60.8696
gene_MP000064	0.37261	1.63542	2338	0	0.0000
gene_MP000068	0.36667	1.67364	67	59	88.0597
gene_MP000132	0.34162	1.20115	90	0	0.0000
gene_MP000148	0.34458	1.26077	2954	282	9.5464
gene_MP000174	0.32671	1.03873	147	113	76.8707
gene_MP000188	0.40048	1.22350	80	0	0.0000
gene_MP000189	0.39049	1.20449	74	0	0.0000
gene_MP000196	0.42459	1.10054	102	88	86.2745
gene_MP000208	0.32688	1.16749	34	22	64.7059
gene_MP000217	0.37018	1.13844	340	284	83.5294
gene_MP000239	0.32521	1.26594	329	248	75.3799
gene_MP000248	0.36958	1.30890	235	203	86.3830
gene_MP000265	0.34626	1.15653	496	430	86.6935
gene_MP000308	0.30515	1.03307	83	68	81.9277
gene_MP000311	0.51392	1.07233	99	71	71.7172
gene_MP000315	0.40620	1.47392	110	100	90.9091
gene_MP000339	0.34809	1.23791	2076	0	0.0000
gene_MP000349	0.37039	0.93917	62	48	77.4194
gene_MP000350	0.30807	1.15901	99	60	60.6061
gene_MP000365	0.33407	1.24085	343	228	66.4723
gene_MP000375	0.33114	1.63563	61	56	91.8033
gene_MP000383	0.39185	1.36888	150	131	87.3333
gene_MP000391	0.36198	1.05065	115	105	91.3043
gene_MP000406	0.36742	1.27927	141	119	84.3972
gene_MP000409	0.33967	1.09278	195	172	88.2051
gene_MP000476	0.36219	0.68467	73	64	87.6712
gene_MP000505	0.34606	1.50634	430	0	0.0000
gene_MP000506	0.34606	1.50634	177	0	0.0000
gene_MP000597	0.36149	1.49666	3434	0	0.0000
gene_MP000651	0.34513	1.23743	261	192	73.5632
gene_MP000685	0.33095	1.01009	373	279	74.7989
gene_MP000702	0.36591	1.14913	561	371	66.1319
gene_MP000706	0.35085	1.37000	890	456	51.2360
gene_MP000738	0.35008	1.14373	80	21	26.2500
gene_MP000758	0.32822	1.18791	233	0	0.0000
gene_MP000851	0.31611	1.27927	958	0	0.0000
gene_MP000883	0.35480	1.11418	69	69	100.0000
gene_MP000935	0.32016	1.40587	1760	36	2.0455
gene_MP001037	0.35820	1.20802	618	506	81.8770
gene_MP001076	0.33389	1.40582	846	0	0.0000
gene_MP001109	0.33701	1.38059	827	0	0.0000
gene_MP001128	0.48147	1.73129	230	230	100.0000
gene_MP001142	0.36149	1.49666	600	167	27.8333
gene_MP001161	0.57685	1.12907	94	71	75.5319
gene_MP001164	0.35743	1.22285	258	224	86.8217
gene_MP001180	0.38082	1.33367	148	0	0.0000
gene_MP001271	0.35480	1.11418	530	482	90.9434
gene_MP001377	0.36060	1.42920	24	0	0.0000
gene_MP001396	0.34759	1.36410	106	89	83.9623
gene_MP001404	0.33624	1.16765	1255	381	30.3586
gene_MP001414	0.36060	1.42920	356	335	94.1011
gene_MP001424	0.35951	1.42778	1652	496	30.0242
gene_MP001450	0.34344	1.07704	156	122	78.2051
gene_MP001468	0.38209	1.29689	388	0	0.0000
gene_MP001535	0.37251	1.39550	51	49	96.0784
gene_MP001540	0.35177	1.46161	599	0	0.0000
gene_MP001541	0.32278	1.33299	2615	0	0.0000
gene_MP001573	0.31208	1.26390	1394	0	0.0000
gene_MP001595	0.37310	1.19493	342	214	62.5731
gene_MP001633	0.31681	1.18502	193	148	76.6839
gene_MP001678	0.34840	0.99316	54	44	81.4815
gene_MP001680	0.37073	1.48411	44	28	63.6364
gene_MP001691	0.40343	1.07893	106	89	83.9623
gene_MP001692	0.32556	1.05469	145	123	84.8276
gene_MP001721	0.35174	1.27278	195	176	90.2564
gene_MP001772	0.49781	1.67896	142	130	91.5493
gene_MP001795	0.34603	1.27209	251	243	96.8127
gene_MP001800	0.57692	1.23503	32	0	0.0000
gene_MP001801	0.57692	1.23503	32	0	0.0000
gene_MP001804	0.57692	1.23503	32	0	0.0000
gene_MP001805	0.57692	1.23503	32	0	0.0000
gene_MP001806	0.57692	1.23503	32	0	0.0000
gene_MP001817	0.57692	1.23503	32	0	0.0000
gene_MP001818	0.57692	1.23503	32	0	0.0000
gene_MP001887	0.33058	1.13280	21	0	0.0000
gene_MP001902	0.32654	1.19027	1131	167	14.7657
gene_MP001927	0.31195	1.26759	886	0	0.0000
gene_MP001956	0.32478	1.24297	1225	0	0.0000
gene_MP002022	0.33743	1.05987	27	25	92.5926
gene_MP002070	0.30849	0.96949	29	20	68.9655
gene_MP002078	0.34521	1.12101	195	177	90.7692
gene_MP002117	0.33328	1.24515	210	182	86.6667
gene_MP002123	0.32624	1.47451	22	8	36.3636
gene_MP002124	0.37566	1.15465	291	256	87.9725
gene_MP002137	0.37970	1.31196	791	688	86.9785
gene_MP002144	0.33508	0.91401	88	34	38.6364
gene_MP002256	0.35649	1.03556	191	146	76.4398
gene_MP002257	0.43586	1.43894	96	77	80.2083
gene_MP002264	0.33807	1.72294	380	283	74.4737
gene_MP002273	0.55102	1.06847	59	0	0.0000
gene_MP002296	0.32312	1.36262	1597	73	4.5711
gene_MP002305	0.35641	1.72582	75	46	61.3333
gene_MP002322	0.32322	1.21694	2562	0	0.0000
gene_MP002376	0.31377	1.43397	517	0	0.0000
gene_MP002406	0.33860	1.29798	42	42	100.0000
gene_MP002430	0.33479	0.94520	103	59	57.2816
gene_MP002452	0.31921	1.42954	1600	0	0.0000
gene_MP002470	0.34607	1.28232	661	616	93.1921
gene_MP002474	0.31570	1.38899	1217	0	0.0000
gene_MP002515	0.34565	1.39866	338	309	91.4201
gene_MP002539	0.34982	1.46058	6482	348	5.3687
gene_MP002549	0.35927	1.15265	160	149	93.1250
gene_MP002559	0.36120	1.08857	375	232	61.8667
gene_MP002585	0.36769	1.16994	550	423	76.9091
gene_MP002602	0.38758	1.46221	302	176	58.2781
gene_MP002607	0.36591	1.02351	210	0	0.0000
gene_MP002624	0.41948	0.83292	39	28	71.7949
gene_MP002627	0.34236	1.48066	241	207	85.8921
gene_MP002671	0.34608	1.05165	381	265	69.5538
gene_MP002703	0.37799	1.57289	70	0	0.0000
gene_MP002705	0.35145	1.02194	266	250	93.9850
gene_MP002707	0.36230	1.38969	796	214	26.8844
gene_MP002715	0.34126	1.26663	385	0	0.0000
gene_MP002717	0.34559	1.40398	228	190	83.3333
gene_MP002724	0.32351	1.17737	164	157	95.7317
gene_MP002769	0.48006	1.29668	104	61	58.6538
gene_MP002770	0.37171	1.46408	2534	279	11.0103
gene_MP002804	0.32910	1.12377	33	32	96.9697
gene_MP002815	0.35836	1.06305	347	194	55.9078
gene_MP002831	0.34396	1.03643	248	158	63.7097
gene_MP002840	0.58557	1.48754	228	151	66.2281
gene_MP002852	0.34274	0.92686	160	89	55.6250
gene_MP002856	0.45349	1.42519	63	62	98.4127
gene_MP002869	0.30088	1.23904	25	22	88.0000
gene_MP002877	0.48577	1.22259	38	37	97.3684
gene_MP002890	0.36669	1.26010	179	127	70.9497
gene_MP002891	0.36813	1.26389	70	53	75.7143
gene_MP002899	0.37408	1.68584	23	23	100.0000
gene_MP002918	0.31141	1.23980	821	0	0.0000
gene_MP002934	0.36866	1.23016	56	41	73.2143
gene_MP002944	0.33985	1.13050	406	166	40.8867
gene_MP002948	0.50327	1.21010	82	36	43.9024
gene_MP002970	0.37121	1.59423	77	43	55.8442
gene_MP002987	0.33866	1.21835	2608	0	0.0000
gene_MP002989	0.29171	1.26581	25	22	88.0000
gene_MP002999	0.38046	1.05936	336	277	82.4405
gene_MP003033	0.59229	1.19429	38	0	0.0000
gene_MP003035	0.59229	1.19429	38	0	0.0000
gene_MP003043	0.59229	1.19429	38	0	0.0000
gene_MP003063	0.59796	1.33380	222	156	70.2703
gene_MP003109	0.42167	1.45037	586	455	77.6451
gene_MP003116	0.35853	1.64258	155	138	89.0323
gene_MP003139	0.35242	1.34042	2109	319	15.1257
gene_MP003196	0.31937	1.43580	946	0	0.0000
gene_MP003207	0.29714	1.28691	610	0	0.0000
gene_MP003223	0.37791	1.39659	60	57	95.0000
gene_MP003231	0.34809	1.50255	37	25	67.5676
gene_MP003241	0.51101	1.43365	208	125	60.0962
gene_MP003273	0.45933	0.99826	22	0	0.0000
gene_MP003285	0.37538	1.21697	125	0	0.0000
gene_MP003286	0.32810	1.36828	1855	208	11.2129
gene_MP003350	0.35503	1.26659	1818	345	18.9769
gene_MP003380	0.56425	1.43120	423	0	0.0000
gene_MP003381	0.35565	1.28664	185	133	71.8919
gene_MP003391	0.35975	1.04422	162	130	80.2469
gene_MP003403	0.68856	1.38902	203	41	20.1970
gene_MP003427	0.31556	1.06938	135	87	64.4444
gene_MP003510	0.35768	1.54033	38	26	68.4211
gene_MP003513	0.35519	1.09010	620	396	63.8710
gene_MP003523	0.34888	1.39596	2326	608	26.1393
gene_MP003525	0.35122	1.16781	198	148	74.7475
gene_MP003551	0.37312	1.07320	322	233	72.3602
gene_MP003590	0.38056	1.44202	112	112	100.0000
gene_MP003608	0.32597	1.14134	1724	0	0.0000
gene_MP003612	0.37548	1.27354	47	0	0.0000
gene_MP003617	0.32815	1.62101	27	0	0.0000
gene_MP003647	0.33073	1.08299	53	45	84.9057
gene_MP003648	0.32761	1.08920	193	158	81.8653
gene_MP003656	0.37551	1.43993	383	66	17.2324
gene_MP003689	0.34024	1.37655	333	0	0.0000
gene_MP003693	0.33541	1.31307	231	207	89.6104
gene_MP003703	0.33903	1.03729	263	196	74.5247
gene_MP003728	0.41825	1.20401	72	27	37.5000
gene_MP003742	0.33947	1.33245	6175	114	1.8462
gene_MP003776	0.39339	1.06659	41	41	100.0000
gene_MP003789	0.34501	1.20363	139	99	71.2230
gene_MP003792	0.35549	1.12511	22	22	100.0000
gene_MP003793	0.35069	1.09523	280	252	90.0000
gene_MP003807	0.31655	1.38731	325	0	0.0000
gene_MP003815	0.32891	1.24904	209	73	34.9282
gene_MP003819	0.34102	1.15070	166	133	80.1205
gene_MP003834	0.33736	1.14348	159	142	89.3082
gene_MP003850	0.30645	1.45672	53	37	69.8113
gene_MP003861	0.34276	0.88701	23	23	100.0000
gene_MP003871	0.35573	0.96741	106	77	72.6415
gene_MP003876	0.32761	0.90277	46	36	78.2609
gene_MP003879	0.34632	1.08436	154	123	79.8701
gene_MP003885	0.32491	1.35090	156	118	75.6410
gene_MP003929	0.33962	1.52768	21	10	47.6190
gene_MP003937	0.49854	1.64969	210	156	74.2857
gene_MP003971	0.34026	1.32993	428	126	29.4393
gene_MP003981	0.54596	1.19890	48	2	4.1667
gene_MP003993	0.33047	1.20846	119	0	0.0000
gene_MP004001	0.30698	1.35849	815	0	0.0000
gene_MP004010	0.36568	1.04787	148	105	70.9459
gene_MP004023	0.41523	1.93889	233	225	96.5665
gene_MP004066	0.33746	0.96625	238	153	64.2857
gene_MP004074	0.38840	1.33373	145	104	71.7241
gene_MP004084	0.39879	1.60430	305	301	98.6885
gene_MP004085	0.34628	1.05211	184	158	85.8696
gene_MP004106	0.34732	1.07099	136	4	2.9412
gene_MP004115	0.49246	1.02226	37	12	32.4324
gene_MP004127	0.37904	1.35312	10044	572	5.6949
gene_MP004289	0.31637	1.22123	397	0	0.0000
gene_MP004303	0.34026	1.38938	836	694	83.0144
gene_MP004306	0.33370	1.13022	142	141	99.2958
gene_MP004323	0.35009	1.13681	740	0	0.0000
gene_MP004329	0.34740	1.29447	406	0	0.0000
gene_MP004330	0.34034	1.18682	1037	905	87.2710
gene_MP004377	0.32017	1.33278	588	0	0.0000
gene_MP004382	0.32243	1.17707	326	132	40.4908
gene_MP004424	0.33497	1.24156	1180	173	14.6610
gene_MP004457	0.35344	0.92335	27	0	0.0000
gene_MP004480	0.31288	1.25771	1421	0	0.0000
gene_MP004515	0.33872	0.85221	80	63	78.7500
gene_MP004521	0.30997	1.05842	23	13	56.5217
gene_MP004574	0.34066	1.18778	246	217	88.2114
gene_MP004579	0.34074	1.34123	2596	181	6.9723
gene_MP004599	0.31395	1.47260	31	31	100.0000
gene_MP004616	0.32481	1.52601	2131	0	0.0000
gene_MP004619	0.30646	0.98869	181	107	59.1160
gene_MP004620	0.32687	1.35378	697	74	10.6169
gene_MP004623	0.35148	1.03864	396	4	1.0101
gene_MP004632	0.33603	1.04682	189	135	71.4286
gene_MP004664	0.35932	0.99506	146	0	0.0000
gene_MP004675	0.31831	1.19212	148	143	96.6216
gene_MP004763	0.59459	1.22929	36	0	0.0000
gene_MP004775	0.33440	1.22847	1678	821	48.9273
gene_MP004787	0.55999	1.28280	385	0	0.0000
gene_MP004896	0.35242	1.18487	125	96	76.8000
gene_MP004903	0.34037	1.33430	635	517	81.4173
gene_MP005035	0.37608	1.54030	101	91	90.0990
gene_MP005049	0.67665	1.10943	125	71	56.8000
gene_MP005093	0.33494	1.24020	830	0	0.0000
gene_MP005108	0.37133	1.02822	219	0	0.0000
gene_MP005119	0.35549	1.12511	421	349	82.8979
gene_MP005122	0.30869	1.25740	3326	3	0.0902
gene_MP005176	0.31676	1.31053	1401	0	0.0000
gene_MP005177	0.33166	1.55092	4388	0	0.0000
gene_MP005180	0.38372	1.60685	126	106	84.1270
gene_MP005241	0.34211	1.34682	2982	902	30.2482
gene_MP005277	0.35706	1.27049	961	83	8.6368
gene_MP005372	0.32867	1.26777	2688	82	3.0506
gene_MP005385	0.36422	1.12998	255	218	85.4902
gene_MP005397	0.30095	0.97111	30	17	56.6667
gene_MP005442	0.35049	1.19358	525	0	0.0000
gene_MP005464	0.33225	1.54276	263	237	90.1141
gene_MP005560	0.35058	1.21986	152	114	75.0000
gene_MP005569	0.33450	1.25830	723	140	19.3638
gene_MP005572	0.41427	1.27429	439	0	0.0000
gene_MP005573	0.33288	1.35419	1751	0	0.0000
gene_MP005679	0.31707	1.25066	5727	0	0.0000
gene_MP005689	0.33221	1.18151	40	32	80.0000
gene_MP005707	0.32898	0.89642	65	33	50.7692
gene_MP005715	0.36412	1.44960	9503	12	0.1263
gene_MP005767	0.31141	1.20612	312	0	0.0000
gene_MP005792	0.57218	1.29919	81	28	34.5679
gene_MP005831	0.54182	1.26849	74	0	0.0000
gene_MP005841	0.32676	1.37959	3387	0	0.0000
gene_MP005863	0.31620	1.31210	2898	0	0.0000
gene_MP005926	0.31544	0.97662	98	76	77.5510
gene_MP005959	0.36258	1.28429	173	20	11.5607
gene_MP006000	0.29540	1.03567	53	41	77.3585
gene_MP006070	0.35380	1.92862	82	78	95.1220
gene_MP006072	0.38967	1.40863	292	286	97.9452
gene_MP006073	0.33044	1.39762	52	45	86.5385
gene_MP006109	0.35300	1.41208	1192	223	18.7081
gene_MP006117	0.37908	1.08173	367	0	0.0000
gene_MP006119	0.34199	1.34770	431	0	0.0000
gene_MP006232	0.33036	1.27902	872	352	40.3670
gene_MP006237	0.33457	1.38368	104	103	99.0385
gene_MP006255	0.40660	1.52424	317	295	93.0599
gene_MP006317	0.34630	1.03695	151	61	40.3974
gene_MP006403	0.30022	0.99398	52	42	80.7692
gene_MP006411	0.30750	1.32977	391	0	0.0000
gene_MP006454	0.37559	1.16583	1027	219	21.3242
gene_MP006489	0.32822	0.99320	157	87	55.4140
gene_MP006518	0.32379	1.24454	1197	0	0.0000
gene_MP006573	0.31467	1.23629	3321	190	5.7212
gene_MP006581	0.34391	1.06113	49	36	73.4694
gene_MP006592	0.32687	1.35378	113	89	78.7611
gene_MP006665	0.29244	1.23533	29	24	82.7586
gene_MP006685	0.35120	1.11946	188	176	93.6170
gene_MP006720	0.31611	1.27927	6266	172	2.7450
gene_MP006737	0.40465	1.19846	756	245	32.4074
gene_MP006747	0.31418	1.40879	271	212	78.2288
gene_MP006944	0.32070	1.23098	9029	0	0.0000
gene_MP007043	0.32765	1.39888	34	3	8.8235
gene_MP007213	0.33985	1.13050	85	81	95.2941
gene_MP007333	0.36357	1.30205	311	295	94.8553
gene_MP007346	0.41900	1.16248	112	30	26.7857
gene_MP007354	0.34879	1.33978	410	263	64.1463
gene_MP007428	0.34890	1.19057	169	147	86.9822
gene_MP007459	0.30330	1.25776	1285	0	0.0000
gene_MP007465	0.33951	1.35391	1731	148	8.5500
gene_MP007537	0.36774	1.49949	1976	28	1.4170
gene_MP007557	0.34438	0.90271	142	139	97.8873
gene_MP007576	0.38897	1.32206	361	358	99.1690
gene_MP007628	0.36215	1.06125	281	231	82.2064
gene_MP007644	0.31883	1.54395	110	98	89.0909
gene_MP007652	0.37221	1.53964	208	0	0.0000
gene_MP007686	0.33858	1.27636	3018	259	8.5818
gene_MP007691	0.33740	1.30519	262	251	95.8015
gene_MP007703	0.40145	1.87598	52	52	100.0000
gene_MP007736	0.36468	1.21716	475	455	95.7895
gene_MP007800	0.35797	1.37948	2443	622	25.4605
gene_MP007877	0.34055	1.17302	198	143	72.2222
gene_MP007878	0.33010	1.33659	165	117	70.9091
gene_MP007900	0.33666	1.06107	214	194	90.6542
gene_MP007939	0.37175	1.11279	226	199	88.0531
gene_MP007957	0.36562	1.42341	411	292	71.0462
gene_MP008004	0.32316	1.15246	335	280	83.5821
gene_MP008006	0.32160	1.13280	284	206	72.5352
gene_MP008038	0.35991	1.20145	551	508	92.1960
gene_MP008083	0.36256	1.12599	265	13	4.9057
gene_MP008102	0.33363	1.53474	47	38	80.8511
gene_MP008114	0.32813	1.14138	566	0	0.0000
gene_MP008139	0.32223	1.26439	2354	0	0.0000
gene_MP008152	0.34539	1.07410	162	43	26.5432
gene_MP008210	0.35521	0.94063	176	136	77.2727
gene_MP008220	0.40976	1.53563	70	64	91.4286
gene_MP008248	0.30796	1.27105	1079	0	0.0000
gene_MP008257	0.32817	1.22485	223	0	0.0000
gene_MP008265	0.33278	1.36703	182	163	89.5604
gene_MP008328	0.68985	1.30632	678	236	34.8083
gene_MP008441	0.32785	1.01364	76	24	31.5789
gene_MP008444	0.35056	1.02724	624	554	88.7821
gene_MP008472	0.37264	1.12463	541	495	91.4972
gene_MP008559	0.36378	1.11664	348	324	93.1034
gene_MP008599	0.33886	1.13939	591	497	84.0948
gene_MP008655	0.31225	1.32555	2169	0	0.0000
gene_MP008662	0.34585	1.03999	333	297	89.1892
gene_MP008677	0.31894	1.15450	41	41	100.0000
gene_MP008740	0.36799	1.08132	125	117	93.6000
gene_MP008755	0.31821	1.25726	240	167	69.5833
gene_MP008780	0.32021	1.26708	234	215	91.8803
gene_MP008796	0.43062	1.61553	113	113	100.0000
gene_MP008797	0.33521	1.27282	186	123	66.1290
gene_MP008884	0.31984	1.11660	126	32	25.3968
gene_MP008922	0.32302	1.10115	146	96	65.7534
gene_MP008965	0.32804	1.24363	73	0	0.0000
gene_MP009008	0.55220	1.15080	95	49	51.5789
gene_MP009089	0.33526	1.16571	198	0	0.0000
gene_MP009095	0.36188	1.17669	1311	1178	89.8551
gene_MP009248	0.41871	1.68186	336	233	69.3452
gene_MP009290	0.45610	1.26537	232	0	0.0000
gene_MP009302	0.33058	1.13280	4372	0	0.0000
gene_MP009324	0.35819	1.28478	1160	580	50.0000
gene_MP009362	0.36100	1.58378	258	242	93.7984
gene_MP009471	0.50913	1.02290	69	0	0.0000
gene_MP009473	0.51304	1.01884	72	0	0.0000
gene_MP009490	0.34059	1.35600	30	29	96.6667
gene_MP009526	0.36431	1.18852	424	411	96.9340
gene_MP009527	0.32815	1.25579	215	182	84.6512
gene_MP009551	0.34327	1.04412	222	161	72.5225
gene_MP009555	0.36729	1.48741	196	159	81.1224
gene_MP009575	0.34041	1.28961	5272	168	3.1866
gene_MP009636	0.44619	1.81131	507	0	0.0000
gene_MP009654	0.33951	1.35391	306	228	74.5098
gene_MP009659	0.35925	1.36747	2265	0	0.0000
gene_MP009714	0.32815	1.25579	337	233	69.1395
gene_MP009736	0.35547	1.13796	72	0	0.0000
gene_MP009737	0.33534	1.30306	2192	91	4.1515
gene_MP009740	0.32532	1.19809	182	109	59.8901
gene_MP009741	0.42227	1.64276	73	73	100.0000
gene_MP009774	0.36127	1.18650	722	661	91.5512
gene_MP009775	0.37420	1.30265	806	778	96.5261
gene_MP009783	0.30714	1.26567	9756	0	0.0000
gene_MP009884	0.34243	1.27993	128	115	89.8438
gene_MP009896	0.34213	0.93032	67	56	83.5821
gene_MP009979	0.32941	1.22539	189	162	85.7143
gene_MP010010	0.34037	1.33430	77	38	49.3506
gene_MP010028	0.30170	1.35024	53	36	67.9245
gene_MP010033	0.34083	1.34209	286	0	0.0000
gene_MP010158	0.38796	0.93799	126	74	58.7302
gene_MP010167	0.35009	1.07371	161	124	77.0186
gene_MP010184	0.35239	1.09702	1185	914	77.1308
gene_MP010187	0.36787	1.27663	574	532	92.6829
gene_MP010189	0.31078	1.23368	3567	0	0.0000
gene_MP010202	0.35009	1.07371	388	370	95.3608
gene_MP010208	0.32285	1.14711	271	189	69.7417
gene_MP010240	0.33529	1.43361	367	311	84.7411
gene_MP010288	0.35946	1.06875	233	0	0.0000
gene_MP010295	0.32168	1.21065	318	0	0.0000
gene_MP010300	0.33932	1.15605	202	140	69.3069
gene_MP010329	0.36652	0.90911	21	0	0.0000
gene_MP010380	0.50000	1.07337	37	0	0.0000
gene_MP010381	0.61463	1.09196	73	0	0.0000
gene_MP010408	0.38821	1.13306	45	34	75.5556
gene_MP010412	0.54885	0.99480	52	0	0.0000
gene_MP010432	0.38041	1.62359	225	0	0.0000
gene_MP010451	0.34237	1.16961	139	114	82.0144
gene_MP010520	0.61862	1.06882	34	0	0.0000
gene_MP010573	0.33195	1.56685	52	30	57.6923
gene_MP010578	0.44681	1.23154	52	52	100.0000
gene_MP010603	0.31288	1.18620	227	203	89.4273
gene_MP010607	0.39159	1.20755	35	35	100.0000
gene_MP010644	0.32215	1.01840	99	94	94.9495
gene_MP010715	0.40758	1.26365	22	18	81.8182
gene_MP010773	0.40113	1.79114	25	25	100.0000
gene_MP010805	0.30588	1.25015	4318	0	0.0000
gene_MP010825	0.37893	1.25647	53	0	0.0000
gene_MP010826	0.31507	1.12950	271	0	0.0000
gene_MP010838	0.33564	1.14171	93	57	61.2903
gene_MP010841	0.39108	1.38235	52	52	100.0000
gene_MP010871	0.32451	1.20393	681	7	1.0279
gene_MP010907	0.58039	0.80083	50	0	0.0000
gene_MP010934	0.32451	1.20393	189	0	0.0000
gene_MP010961	0.35391	1.46310	86	43	50.0000
gene_MP010973	0.35717	1.18316	346	0	0.0000
gene_MP011008	0.33047	1.12060	306	265	86.6013
gene_MP011033	0.31250	1.30834	258	0	0.0000
gene_MP011036	0.43972	1.49275	61	0	0.0000
gene_MP011065	0.33375	1.44775	64	50	78.1250
gene_MP011117	0.38918	1.32452	47	33	70.2128
gene_MP011131	0.32857	1.18805	1019	106	10.4024
gene_MP011133	0.33521	1.13813	472	388	82.2034
gene_MP011147	0.44665	0.81354	42	24	57.1429
gene_MP011149	0.41750	1.25551	60	30	50.0000
gene_MP011190	0.31750	1.28872	231	0	0.0000
gene_MP011227	0.34336	1.17861	149	141	94.6309
gene_MP011231	0.36648	1.10000	26	20	76.9231
gene_MP011256	0.33600	1.25637	683	150	21.9619
gene_MP011305	0.35200	1.39151	1038	47	4.5279
gene_MP011316	0.42246	1.14215	264	0	0.0000
gene_MP011322	0.33773	1.42253	1278	49	3.8341
gene_MP011351	0.33443	0.96322	189	0	0.0000
gene_MP011357	0.31962	1.29103	24	15	62.5000
gene_MP011378	0.40486	1.32676	226	166	73.4513
gene_MP011387	0.56495	1.68912	306	227	74.1830
gene_MP011398	0.32962	1.39684	2807	0	0.0000
gene_MP011424	0.33232	1.09198	208	105	50.4808
gene_MP011437	0.38824	1.32979	264	197	74.6212
gene_MP011441	0.35354	1.01390	163	111	68.0982
gene_MP011474	0.38390	1.50610	335	209	62.3881
gene_MP011542	0.35055	1.38901	283	132	46.6431
gene_MP011552	0.40426	1.41010	176	118	67.0455
gene_MP011553	0.36758	0.94927	249	162	65.0602
gene_MP011560	0.32057	1.28638	667	111	16.6417
gene_MP011570	0.38810	1.34593	57	28	49.1228
gene_MP011573	0.36034	1.39853	25	14	56.0000
gene_MP011584	0.31243	1.10055	1863	0	0.0000
gene_MP011594	0.35724	1.42940	64	56	87.5000
gene_MP011625	0.34598	1.03646	465	401	86.2366
gene_MP011627	0.55780	1.30136	90	52	57.7778
gene_MP011641	0.33874	0.98993	98	79	80.6122
gene_MP011645	0.37818	1.18194	68	68	100.0000
gene_MP011651	0.40181	1.75739	23	15	65.2174
gene_MP011675	0.35096	1.04453	20	19	95.0000
gene_MP011686	0.52600	1.47099	574	372	64.8084
gene_MP011730	0.38879	1.48477	192	136	70.8333
gene_MP011735	0.36891	1.10422	20	3	15.0000
gene_MP011749	0.45879	1.31394	56	0	0.0000
gene_MP011751	0.31798	1.40979	32	20	62.5000
gene_MP011754	0.34855	1.16707	54	49	90.7407
gene_MP011766	0.32526	1.32166	220	33	15.0000
gene_MP011769	0.36265	1.20326	40	0	0.0000
gene_MP011802	0.34992	1.02078	268	0	0.0000
gene_MP011817	0.33056	1.11159	379	297	78.3641
gene_MP011833	0.34039	1.31990	2324	21	0.9036
gene_MP011861	0.37427	1.25418	195	173	88.7179
gene_MP011867	0.36012	1.23795	25	10	40.0000
gene_MP011887	0.40000	1.30470	42	37	88.0952
gene_MP011905	0.57002	1.36448	56	9	16.0714
gene_MP011970	0.34227	1.28102	1040	251	24.1346
gene_MP011992	0.34517	1.32702	2307	0	0.0000
gene_MP012013	0.58667	1.17808	38	0	0.0000
gene_MP012015	0.58667	1.17808	38	0	0.0000
gene_MP012030	0.58667	1.17808	38	0	0.0000
gene_MP012032	0.58667	1.17808	38	0	0.0000
gene_MP012033	0.58667	1.17808	38	0	0.0000
gene_MP012036	0.58667	1.17808	38	0	0.0000
gene_MP012037	0.58667	1.17808	38	0	0.0000
gene_MP012043	0.65721	1.36854	203	0	0.0000
gene_MP012048	0.36908	0.90787	123	88	71.5447
gene_MP012093	0.31281	1.52232	38	23	60.5263
gene_MP012107	0.35488	0.91817	71	63	88.7324
gene_MP012132	0.58667	1.17808	38	0	0.0000
gene_MP012148	0.40216	0.95340	25	13	52.0000
gene_MP012150	0.36986	1.22975	100	75	75.0000
gene_MP012151	0.31362	1.58956	50	47	94.0000
gene_MP012208	0.30475	1.24660	3654	0	0.0000
gene_MP012211	0.38173	1.59056	73	73	100.0000
gene_MP012259	0.54667	1.00478	28	0	0.0000
gene_MP012264	0.54667	1.00478	28	0	0.0000
gene_MP012272	0.54667	1.00478	28	0	0.0000
gene_MP012273	0.54667	1.00478	28	0	0.0000
gene_MP012275	0.54667	1.00478	28	0	0.0000
gene_MP012276	0.54667	1.00478	28	0	0.0000
gene_MP012294	0.36957	1.68355	89	85	95.5056
gene_MP012314	0.36296	1.26147	50	43	86.0000
gene_MP012321	0.34488	0.92688	113	78	69.0265
gene_MP012326	0.31084	1.38248	666	0	0.0000
gene_MP012334	0.43703	1.28215	122	105	86.0656
gene_MP012347	0.31579	1.44072	60	58	96.6667
gene_MP012360	0.32638	1.03038	669	0	0.0000
gene_MP012363	0.29901	1.20549	513	0	0.0000
gene_MP012382	0.30086	1.43258	102	0	0.0000
gene_MP012410	0.34192	1.25444	744	443	59.5430
gene_MP012428	0.36965	1.53906	290	236	81.3793
gene_MP012467	0.34878	1.35142	968	232	23.9669
gene_MP012490	0.30291	1.27327	23	0	0.0000
gene_MP012501	0.37071	1.29419	102	74	72.5490
gene_MP012518	0.37401	1.25786	44	44	100.0000
gene_MP012524	0.35999	1.38412	279	186	66.6667
gene_MP012539	0.27784	1.33514	22	15	68.1818
gene_MP012555	0.34333	1.13915	211	204	96.6825
gene_MP012565	0.30783	1.44525	157	121	77.0701
gene_MP012574	0.34919	1.09373	259	211	81.4672
gene_MP012585	0.41908	1.11999	85	0	0.0000
gene_MP012631	0.33278	1.06019	140	119	85.0000
gene_MP012655	0.32599	1.20975	125	96	76.8000
gene_MP012698	0.33705	1.47225	266	253	95.1128
gene_MP012717	0.35008	0.94848	57	48	84.2105
gene_MP012732	0.35030	1.12036	45	44	97.7778
gene_MP012757	0.34489	1.35599	222	199	89.6396
gene_MP012771	0.32897	1.20912	1194	286	23.9531
gene_MP012797	0.78269	1.11806	182	15	8.2418
gene_MP012838	0.36564	1.30987	154	144	93.5065
gene_MP012855	0.33189	1.21838	127	0	0.0000
gene_MP012921	0.38148	1.82360	89	89	100.0000
gene_MP012951	0.31264	1.44732	1039	0	0.0000
gene_MP012959	0.31659	1.36949	142	133	93.6620
gene_MP012963	0.35876	1.28993	483	276	57.1429
gene_MP013018	0.34069	1.32442	167	152	91.0180
gene_MP013052	0.35978	1.16570	119	74	62.1849
gene_MP013054	0.31038	1.05722	661	0	0.0000
gene_MP013055	0.30725	0.92642	45	38	84.4444
gene_MP013060	0.31333	1.24774	150	110	73.3333
gene_MP013064	0.44856	1.37288	50	25	50.0000
gene_MP013070	0.38243	1.61007	191	177	92.6702
gene_MP013094	0.36742	1.30977	35	19	54.2857
gene_MP013113	0.34058	1.06468	146	0	0.0000
gene_MP013133	0.33834	1.15840	496	4	0.8065
gene_MP013137	0.34741	1.25204	82	66	80.4878
gene_MP013144	0.75785	1.03357	66	0	0.0000
gene_MP013153	0.35007	1.39617	121	53	43.8017
gene_MP013157	0.32808	1.35304	473	164	34.6723
gene_MP013163	0.32084	1.34429	1620	0	0.0000
gene_MP013167	0.31543	1.33498	26	6	23.0769
gene_MP013341	0.32857	1.18805	333	147	44.1441
gene_MP013394	0.37115	1.27382	392	341	86.9898
gene_MP013396	0.33134	1.15971	160	124	77.5000
gene_MP013465	0.43283	1.49992	936	861	91.9872
gene_MP013472	0.34257	1.24612	312	289	92.6282
gene_MP013535	0.36189	0.89583	127	108	85.0394
gene_MP013584	0.33492	1.46528	34	22	64.7059
gene_MP013585	0.30523	1.14859	90	81	90.0000
gene_MP013643	0.31666	1.24477	4954	0	0.0000
gene_MP013661	0.34938	1.28956	667	0	0.0000
gene_MP013671	0.37225	1.22576	711	145	20.3938
gene_MP013675	0.42941	1.27639	79	9	11.3924
gene_MP013688	0.46104	1.42335	116	116	100.0000
gene_MP013694	0.34210	1.50807	1055	0	0.0000
gene_MP013695	0.32273	1.26964	216	140	64.8148
gene_MP013696	0.59740	1.38015	85	0	0.0000
gene_MP013732	0.36359	1.10193	75	67	89.3333
gene_MP013742	0.35053	1.26890	315	129	40.9524
gene_MP013743	0.32479	1.11137	169	0	0.0000
gene_MP013764	0.51913	1.27347	204	141	69.1176
gene_MP013802	0.33053	1.12714	343	0	0.0000
gene_MP013959	0.34868	1.41114	403	0	0.0000
gene_MP014051	0.37323	1.39442	357	208	58.2633
gene_MP014054	0.34454	1.38644	4044	0	0.0000
gene_MP014058	0.35342	1.08861	138	123	89.1304
gene_MP014061	0.47472	1.38722	170	119	70.0000
gene_MP014117	0.32827	1.24922	1894	0	0.0000
gene_MP014179	0.31249	1.30391	3644	0	0.0000
gene_MP014238	0.31780	1.27006	2654	197	7.4228
gene_MP014315	0.33972	1.10888	25	17	68.0000
gene_MP014326	0.36218	1.05085	129	121	93.7984
gene_MP014364	0.32104	1.34732	1150	153	13.3043
gene_MP014385	0.34255	1.13297	114	0	0.0000
gene_MP014388	0.32127	1.21764	1785	36	2.0168
gene_MP014400	0.31658	1.35796	984	0	0.0000
gene_MP014406	0.33471	1.11642	349	278	79.6562
gene_MP014408	0.33249	1.02027	32	25	78.1250
gene_MP014447	0.31010	1.29674	3790	0	0.0000
gene_MP014471	0.31411	1.37434	2781	0	0.0000
gene_MP014502	0.45212	1.14584	26	0	0.0000
gene_MP014511	0.36316	1.10096	294	228	77.5510
gene_MP014548	0.49354	1.54692	911	30	3.2931
gene_MP014569	0.33253	1.35774	1663	97	5.8328
gene_MP014589	0.30359	1.80745	67	53	79.1045
gene_MP014592	0.34625	1.17670	388	261	67.2680
gene_MP014593	0.38276	1.57801	860	278	32.3256
gene_MP014596	0.32346	1.32721	4360	2	0.0459
gene_MP014622	0.33432	0.97406	110	93	84.5455
gene_MP014629	0.33038	1.44034	374	255	68.1818
gene_MP014642	0.53932	1.11499	45	0	0.0000
gene_MP014665	0.56761	1.28510	186	0	0.0000
gene_MP014681	0.33720	1.42294	561	64	11.4082
gene_MP014729	0.49256	1.49770	61	54	88.5246
gene_MP014756	0.32762	1.19428	241	0	0.0000
gene_MP014780	0.34601	0.95843	475	337	70.9474
gene_MP014804	0.33778	1.26889	619	127	20.5170
gene_MP014865	0.33975	1.41771	500	0	0.0000
gene_MP014915	0.31580	1.23856	1110	0	0.0000
gene_MP014921	0.38489	0.99678	215	0	0.0000
gene_MP014923	0.37783	1.17269	170	105	61.7647
gene_MP014971	0.34337	1.10369	148	93	62.8378
gene_MP014992	0.32724	1.45174	722	461	63.8504
gene_MP015086	0.40219	1.23122	118	109	92.3729
gene_MP015117	0.40723	1.68400	305	0	0.0000
gene_MP015332	0.60434	1.00140	66	37	56.0606
gene_MP015340	0.34014	1.02923	35	0	0.0000
gene_MP015382	0.40085	1.18394	44	40	90.9091
gene_MP015419	0.44415	1.76483	70	0	0.0000
gene_MP015562	0.35490	1.28680	59	0	0.0000
gene_MP015637	0.33667	1.05643	279	216	77.4194
gene_MP015936	0.39216	1.41950	22	22	100.0000
gene_MP015950	0.37681	1.07940	259	63	24.3243
gene_MP015979	0.49341	1.37766	70	28	40.0000
gene_MP015989	0.43781	1.55980	60	0	0.0000
gene_MP016060	0.46300	0.81787	62	0	0.0000
gene_MP016068	0.33913	1.07874	155	113	72.9032
gene_MP016088	0.33781	1.23669	247	212	85.8300
gene_MP016134	0.38387	1.01429	384	353	91.9271
gene_MP016136	0.31637	1.11862	106	83	78.3019
gene_MP016172	0.31464	0.88985	293	250	85.3242
gene_MP016326	0.34664	1.30189	412	350	84.9515
gene_MP016352	0.30958	1.32619	1772	0	0.0000
gene_MP016395	0.35203	1.11757	109	17	15.5963
gene_MP016448	0.35760	1.42101	178	168	94.3820
gene_MP016468	0.34936	1.14023	597	529	88.6097
gene_MP016480	0.29501	1.23953	213	0	0.0000
gene_MP016481	0.30311	1.16200	125	0	0.0000
gene_MP016499	0.37965	0.71166	398	0	0.0000
gene_MP016516	0.32286	1.22927	167	0	0.0000
gene_MP016553	0.32028	1.12703	75	0	0.0000
gene_MP016649	0.33440	1.00425	96	54	56.2500
gene_MP016664	0.34161	1.64889	77	68	88.3117
gene_MP016695	0.51145	1.28460	131	0	0.0000
gene_MP016720	0.61176	1.03030	49	0	0.0000
gene_MP016735	0.35159	1.26674	2628	294	11.1872
gene_MP016814	0.34146	1.37253	139	103	74.1007
gene_MP016818	0.49674	1.20145	159	112	70.4403
gene_MP016943	0.41477	1.85399	86	86	100.0000
gene_MP017059	0.35277	1.15837	689	465	67.4891
gene_MP017108	0.34002	1.11865	32	21	65.6250
gene_MP017136	0.37419	1.13183	394	340	86.2944
gene_MP017163	0.34361	1.32962	285	255	89.4737
gene_MP017206	0.34600	1.23643	138	102	73.9130
gene_MP017237	0.38727	1.17522	376	334	88.8298
gene_MP017273	0.40848	1.77775	94	0	0.0000
gene_MP017299	0.38521	1.47163	55	43	78.1818
gene_MP017360	0.32015	1.37793	761	0	0.0000
gene_MP017430	0.33937	1.43628	334	304	91.0180
gene_MP017453	0.34015	1.42487	32	13	40.6250
gene_MP017507	0.34158	1.15172	815	572	70.1840
gene_MP017626	0.30984	1.20149	332	0	0.0000
gene_MP017640	0.36989	1.11231	96	74	77.0833
gene_MP017654	0.34252	1.25444	166	101	60.8434
gene_MP017694	0.39105	1.43179	312	277	88.7821
gene_MP017708	0.36971	1.33265	47	40	85.1064
gene_MP017716	0.35561	1.20226	83	80	96.3855
gene_MP017733	0.30557	1.23377	2337	0	0.0000
gene_MP017786	0.31736	1.29196	215	169	78.6047
gene_MP017814	0.60838	1.39660	126	83	65.8730
gene_MP017862	0.33148	1.29738	263	62	23.5741
gene_MP017948	0.43827	1.64038	250	248	99.2000
gene_MP017998	0.38051	1.27293	53	48	90.5660
gene_MP018045	0.33830	1.23937	252	216	85.7143
gene_MP018053	0.36633	1.56278	190	127	66.8421
gene_MP018057	0.36410	1.15300	249	204	81.9277
gene_MP018058	0.42224	1.72601	105	104	99.0476
gene_MP018076	0.34641	0.96431	385	226	58.7013
gene_MP018156	0.45086	1.48587	184	184	100.0000
gene_MP018180	0.39535	0.93584	22	0	0.0000
gene_MP018293	0.37462	1.72084	99	78	78.7879
gene_MP018295	0.34709	1.27775	271	225	83.0258
gene_MP018298	0.34778	1.24529	172	113	65.6977
gene_MP000012	0.31967	1.29141	190	0	0.0000
gene_MP000015	0.36466	1.27318	306	276	90.1961
gene_MP000028	0.33147	1.24548	109	103	94.4954
gene_MP000036	0.34758	1.30424	174	169	97.1264
gene_MP000044	0.37796	1.27133	30	0	0.0000
gene_MP000053	0.39055	1.25714	226	210	92.9204
gene_MP000078	0.36956	1.41700	1069	0	0.0000
gene_MP000084	0.35986	1.36678	3360	223	6.6369
gene_MP000194	0.52610	1.27924	66	62	93.9394
gene_MP000216	0.33675	1.13603	113	0	0.0000
gene_MP000219	0.39181	1.69071	466	373	80.0429
gene_MP000246	0.57895	1.11350	54	7	12.9630
gene_MP000258	0.34645	1.19042	167	136	81.4371
gene_MP000270	0.35957	1.16602	383	224	58.4856
gene_MP000273	0.36310	1.41609	182	132	72.5275
gene_MP000286	0.38446	1.21099	148	103	69.5946
gene_MP000297	0.31156	1.10656	323	246	76.1610
gene_MP000326	0.32527	1.57193	390	277	71.0256
gene_MP000364	0.37563	1.19916	451	334	74.0576
gene_MP000418	0.38115	1.22215	256	250	97.6562
gene_MP000443	0.38274	1.49102	684	614	89.7661
gene_MP000455	0.35979	1.01439	171	141	82.4561
gene_MP000567	0.34620	1.38261	4949	209	4.2231
gene_MP000593	0.39848	1.60119	159	158	99.3711
gene_MP000600	0.37830	1.11200	182	3	1.6484
gene_MP000615	0.36918	1.25993	684	457	66.8129
gene_MP000652	0.32644	1.36481	385	0	0.0000
gene_MP000712	0.53064	1.06194	111	0	0.0000
gene_MP000742	0.29774	1.45475	33	1	3.0303
gene_MP000779	0.36552	1.13932	171	152	88.8889
gene_MP000810	0.29774	1.45475	51	51	100.0000
gene_MP000833	0.36484	1.36279	287	236	82.2300
gene_MP000888	0.30560	1.22991	301	0	0.0000
gene_MP000927	0.27275	1.13333	53	30	56.6038
gene_MP000969	0.32289	1.15978	365	280	76.7123
gene_MP001013	0.32284	1.15839	191	130	68.0628
gene_MP001014	0.32284	1.15839	42	34	80.9524
gene_MP001045	0.35254	1.51541	34	32	94.1176
gene_MP001053	0.37975	1.26718	27	20	74.0741
gene_MP001063	0.37423	1.28702	377	70	18.5676
gene_MP001072	0.37975	1.26718	651	613	94.1628
gene_MP001092	0.34241	1.43347	106	56	52.8302
gene_MP001183	0.37607	1.34442	136	0	0.0000
gene_MP001208	0.35008	1.22837	1054	88	8.3491
gene_MP001212	0.37309	1.32627	2160	556	25.7407
gene_MP001222	0.37194	1.30192	407	368	90.4177
gene_MP001228	0.53444	2.29216	41	0	0.0000
gene_MP001229	0.37309	1.32627	1867	887	47.5094
gene_MP001261	0.33909	1.34347	173	144	83.2370
gene_MP001263	0.33668	1.35008	2288	34	1.4860
gene_MP001351	0.37904	1.04978	209	176	84.2105
gene_MP001425	0.35866	1.32219	247	246	99.5951
gene_MP001442	0.34778	1.18726	313	298	95.2077
gene_MP001447	0.35866	1.32219	92	84	91.3043
gene_MP001467	0.33608	1.18352	219	203	92.6941
gene_MP001533	0.37527	1.11321	25	0	0.0000
gene_MP001576	0.48117	1.10842	125	124	99.2000
gene_MP001581	0.33074	1.22731	366	0	0.0000
gene_MP001582	0.37796	1.27133	360	0	0.0000
gene_MP001602	0.36102	1.24520	893	353	39.5297
gene_MP001608	0.35791	1.01948	100	92	92.0000
gene_MP001635	0.58093	1.32813	110	0	0.0000
gene_MP001659	0.35432	1.13783	371	184	49.5957
gene_MP001681	0.34503	1.09111	123	83	67.4797
gene_MP001697	0.49458	0.98433	33	2	6.0606
gene_MP001699	0.34463	1.99324	40	36	90.0000
gene_MP001705	0.46477	1.22569	44	41	93.1818
gene_MP001712	0.39278	1.78988	65	52	80.0000
gene_MP001714	0.36996	1.14859	225	186	82.6667
gene_MP001720	0.37603	1.63156	217	182	83.8710
gene_MP001744	0.34753	1.09675	110	91	82.7273
gene_MP001749	0.38995	1.59575	107	99	92.5234
gene_MP001780	0.30277	1.27042	2496	0	0.0000
gene_MP001836	0.31317	1.16621	775	0	0.0000
gene_MP001842	0.34558	1.15664	1330	556	41.8045
gene_MP001868	0.32553	1.28474	2016	0	0.0000
gene_MP001901	0.34808	1.23957	2673	258	9.6521
gene_MP001932	0.33927	1.18880	123	122	99.1870
gene_MP001939	0.35681	1.35336	938	417	44.4563
gene_MP001953	0.34855	1.04484	179	175	97.7654
gene_MP001958	0.36137	1.05873	226	200	88.4956
gene_MP001962	0.47528	1.52429	53	51	96.2264
gene_MP001967	0.37707	1.26400	276	249	90.2174
gene_MP001979	0.46814	1.47170	65	62	95.3846
gene_MP001998	0.36632	1.14194	149	0	0.0000
gene_MP002005	0.34952	1.00527	199	0	0.0000
gene_MP002011	0.32010	1.28849	204	195	95.5882
gene_MP002014	0.36117	1.36525	336	287	85.4167
gene_MP002015	0.36865	1.31774	509	422	82.9077
gene_MP002028	0.30592	1.07449	109	88	80.7339
gene_MP002030	0.35578	1.15139	317	316	99.6845
gene_MP002064	0.38723	1.61177	394	321	81.4721
gene_MP002082	0.42130	1.72236	33	21	63.6364
gene_MP002088	0.35588	1.33868	61	50	81.9672
gene_MP002090	0.42481	1.39619	121	103	85.1240
gene_MP002095	0.66844	1.30829	82	56	68.2927
gene_MP002099	0.34774	1.33556	465	414	89.0323
gene_MP002114	0.36547	1.30556	374	346	92.5134
gene_MP002125	0.34684	1.16661	412	349	84.7087
gene_MP002126	0.39274	1.17520	358	215	60.0559
gene_MP002140	0.41791	1.83982	32	32	100.0000
gene_MP002192	0.35950	1.14200	509	59	11.5914
gene_MP002210	0.33034	1.24966	33	31	93.9394
gene_MP002220	0.34525	1.02946	278	212	76.2590
gene_MP002227	0.33719	1.32154	201	143	71.1443
gene_MP002228	0.30920	1.26245	100	98	98.0000
gene_MP002239	0.34810	1.30590	2527	187	7.4001
gene_MP002252	0.34235	1.04802	329	152	46.2006
gene_MP002282	0.38242	1.33576	183	167	91.2568
gene_MP002306	0.36916	1.33243	884	478	54.0724
gene_MP002325	0.33436	1.31987	492	90	18.2927
gene_MP002335	0.41180	1.39571	95	60	63.1579
gene_MP002350	0.35730	1.04922	265	41	15.4717
gene_MP002367	0.35146	1.10664	98	0	0.0000
gene_MP002388	0.37204	1.70310	154	144	93.5065
gene_MP002397	0.37970	1.46472	310	232	74.8387
gene_MP002400	0.72182	1.02206	55	0	0.0000
gene_MP002404	0.33501	1.29862	123	0	0.0000
gene_MP002440	0.36084	1.07607	123	0	0.0000
gene_MP002450	0.41214	1.66743	99	52	52.5253
gene_MP002503	0.38567	1.27328	33	12	36.3636
gene_MP002513	0.33014	1.33264	756	0	0.0000
gene_MP002545	0.34003	1.18989	167	115	68.8623
gene_MP002557	0.31577	1.74776	958	0	0.0000
gene_MP002562	0.34993	1.49559	34	26	76.4706
gene_MP002565	0.35472	1.29343	544	511	93.9338
gene_MP002570	0.36488	1.30609	454	436	96.0352
gene_MP002580	0.33967	1.22186	747	0	0.0000
gene_MP002599	0.37436	1.06619	44	27	61.3636
gene_MP002644	0.29483	1.48464	55	37	67.2727
gene_MP002646	0.37173	1.24833	36	33	91.6667
gene_MP002676	0.33934	1.14988	191	135	70.6806
gene_MP002680	0.36499	1.14760	537	405	75.4190
gene_MP002716	0.33558	1.30982	296	112	37.8378
gene_MP002739	0.33540	1.00657	246	199	80.8943
gene_MP002742	0.37511	1.39547	57	50	87.7193
gene_MP002749	0.35020	1.98973	106	85	80.1887
gene_MP002760	0.37825	1.14421	220	208	94.5455
gene_MP002773	0.36186	1.28307	1148	166	14.4599
gene_MP002778	0.34062	1.09095	191	0	0.0000
gene_MP002819	0.39108	1.42078	834	211	25.2998
gene_MP002820	0.35989	1.17811	339	285	84.0708
gene_MP002822	0.36096	1.28636	277	206	74.3682
gene_MP002863	0.33172	1.14627	404	0	0.0000
gene_MP002889	0.35530	0.98986	138	124	89.8551
gene_MP002894	0.69029	1.12565	51	0	0.0000
gene_MP002907	0.35915	1.03137	149	111	74.4966
gene_MP002912	0.35547	1.09714	157	147	93.6306
gene_MP002917	0.30850	1.33046	4453	0	0.0000
gene_MP002938	0.33891	1.32515	110	91	82.7273
gene_MP002939	0.36874	1.06457	66	44	66.6667
gene_MP002955	0.66002	1.00102	98	0	0.0000
gene_MP002956	0.31198	1.43694	989	0	0.0000
gene_MP002961	0.29837	1.10220	57	38	66.6667
gene_MP002964	0.44766	1.95739	71	70	98.5915
gene_MP002996	0.33355	1.46584	1593	0	0.0000
gene_MP003065	0.33714	1.31495	42	37	88.0952
gene_MP003075	0.34529	1.32046	255	225	88.2353
gene_MP003145	0.34531	1.33328	137	126	91.9708
gene_MP003147	0.33350	0.88715	48	34	70.8333
gene_MP003154	0.36962	1.21962	613	172	28.0587
gene_MP003171	0.36240	1.74343	339	260	76.6962
gene_MP003178	0.32097	1.84097	854	0	0.0000
gene_MP003194	0.40143	1.65480	93	61	65.5914
gene_MP003218	0.33852	1.26120	411	132	32.1168
gene_MP003221	0.37424	1.37708	332	273	82.2289
gene_MP003230	0.36923	1.04883	23	20	86.9565
gene_MP003246	0.38580	1.05279	323	290	89.7833
gene_MP003266	0.43629	1.48353	69	68	98.5507
gene_MP003268	0.37033	0.94743	190	163	85.7895
gene_MP003270	0.35977	1.35908	1987	0	0.0000
gene_MP003276	0.32998	1.21255	2081	0	0.0000
gene_MP003291	0.41750	1.15437	236	13	5.5085
gene_MP003293	0.40544	1.15703	748	701	93.7166
gene_MP003295	0.39046	1.21874	36	17	47.2222
gene_MP003299	0.34538	1.53267	356	152	42.6966
gene_MP003313	0.34913	1.30033	203	189	93.1034
gene_MP003319	0.40375	1.48634	577	425	73.6568
gene_MP003329	0.74735	1.18986	78	21	26.9231
gene_MP003332	0.35622	1.09565	93	78	83.8710
gene_MP003334	0.38314	1.27606	48	26	54.1667
gene_MP003372	0.40966	1.11761	119	96	80.6723
gene_MP003393	0.34644	1.14133	107	2	1.8692
gene_MP003405	0.40553	1.40287	133	107	80.4511
gene_MP003409	0.37794	1.10802	306	255	83.3333
gene_MP003410	0.37904	1.10822	603	0	0.0000
gene_MP003418	0.35790	1.26102	99	46	46.4646
gene_MP003438	0.41487	1.21678	102	70	68.6275
gene_MP003440	0.32069	1.78847	80	67	83.7500
gene_MP003443	0.31615	1.28331	199	116	58.2915
gene_MP003460	0.36170	1.58109	184	180	97.8261
gene_MP003489	0.35841	1.44428	209	178	85.1675
gene_MP003499	0.32628	0.99241	21	17	80.9524
gene_MP003503	0.38880	1.32825	60	42	70.0000
gene_MP003504	0.35863	1.51098	95	66	69.4737
gene_MP003552	0.34835	1.13470	643	0	0.0000
gene_MP003555	0.37809	1.11099	209	176	84.2105
gene_MP003562	0.45765	1.64903	53	17	32.0755
gene_MP003580	0.42289	1.35493	73	72	98.6301
gene_MP003597	0.33977	1.13537	290	247	85.1724
gene_MP003616	0.48408	1.21432	210	182	86.6667
gene_MP003623	0.35159	0.99286	344	273	79.3605
gene_MP003631	0.36147	1.82944	138	132	95.6522
gene_MP003633	0.33711	1.15966	290	207	71.3793
gene_MP003634	0.35205	1.39794	172	130	75.5814
gene_MP003643	0.42940	1.31199	166	152	91.5663
gene_MP003674	0.39064	1.57840	2544	48	1.8868
gene_MP003677	0.33460	1.29932	662	536	80.9668
gene_MP003678	0.39400	1.89940	39	37	94.8718
gene_MP003712	0.33116	1.14527	242	129	53.3058
gene_MP003714	0.33612	1.35600	175	172	98.2857
gene_MP003730	0.33129	1.24820	174	142	81.6092
gene_MP003731	0.35773	1.12185	323	260	80.4954
gene_MP003738	0.36546	1.19865	235	189	80.4255
gene_MP003756	0.41364	1.52012	101	101	100.0000
gene_MP003783	0.41896	1.19800	204	171	83.8235
gene_MP003811	0.36206	1.23854	169	139	82.2485
gene_MP003814	0.35068	1.29090	703	553	78.6629
gene_MP003830	0.42421	1.58959	125	105	84.0000
gene_MP003854	0.48063	1.46506	166	130	78.3133
gene_MP003873	0.32030	1.28957	757	294	38.8375
gene_MP003896	0.37987	1.02844	67	0	0.0000
gene_MP003897	0.38307	1.05482	70	0	0.0000
gene_MP003898	0.50056	1.12479	125	100	80.0000
gene_MP003899	0.51100	1.24552	144	128	88.8889
gene_MP003909	0.34294	1.41211	28	26	92.8571
gene_MP003917	0.34700	1.26688	369	336	91.0569
gene_MP003928	0.37644	1.15303	301	222	73.7542
gene_MP003931	0.36413	1.83317	120	76	63.3333
gene_MP003933	0.35501	1.24146	1224	0	0.0000
gene_MP003976	0.36375	1.40607	185	176	95.1351
gene_MP003979	0.73110	1.27426	198	48	24.2424
gene_MP003984	0.64720	0.95804	40	0	0.0000
gene_MP003986	0.63990	0.98208	40	0	0.0000
gene_MP003987	0.64477	0.96422	40	0	0.0000
gene_MP003988	0.63990	0.98208	40	0	0.0000
gene_MP003998	0.36645	1.29083	236	194	82.2034
gene_MP004006	0.40240	1.57990	112	92	82.1429
gene_MP004008	0.36619	1.79260	139	105	75.5396
gene_MP004020	0.29088	1.24169	32	26	81.2500
gene_MP004105	0.33391	1.11347	86	0	0.0000
gene_MP004120	0.72619	1.20000	93	8	8.6022
gene_MP004150	0.31223	1.50494	492	377	76.6260
gene_MP004153	0.31292	1.59603	616	0	0.0000
gene_MP004164	0.31960	1.32524	144	117	81.2500
gene_MP004175	0.34303	1.04443	560	380	67.8571
gene_MP004215	0.33412	1.05780	75	75	100.0000
gene_MP004218	0.37184	1.37767	462	371	80.3030
gene_MP004220	0.37990	1.32361	334	294	88.0240
gene_MP004239	0.37857	1.32161	353	295	83.5694
gene_MP004248	0.41750	1.24667	91	81	89.0110
gene_MP004302	0.33908	1.26746	4714	194	4.1154
gene_MP004380	0.43112	1.47279	78	75	96.1538
gene_MP004383	0.35724	1.09635	231	184	79.6537
gene_MP004392	0.58190	1.32592	90	0	0.0000
gene_MP004402	0.35260	1.55234	263	246	93.5361
gene_MP004416	0.46642	0.95199	28	0	0.0000
gene_MP004449	0.37746	1.14951	495	0	0.0000
gene_MP004529	0.51053	1.64947	296	239	80.7432
gene_MP004553	0.36042	1.18243	368	287	77.9891
gene_MP004614	0.43147	1.22772	100	89	89.0000
gene_MP004648	0.33206	1.28327	647	80	12.3648
gene_MP004738	0.36833	1.22743	842	686	81.4727
gene_MP004796	0.36549	1.32282	662	607	91.6918
gene_MP004806	0.35753	1.15833	567	114	20.1058
gene_MP004848	0.33809	1.10370	169	129	76.3314
gene_MP004917	0.35478	1.42922	6119	137	2.2389
gene_MP004993	0.39565	1.28301	585	205	35.0427
gene_MP005005	0.32684	1.10745	2382	1427	59.9076
gene_MP005006	0.36301	1.24438	311	250	80.3859
gene_MP005024	0.36854	1.24246	130	0	0.0000
gene_MP005072	0.32441	1.26177	11487	0	0.0000
gene_MP005131	0.33027	1.35026	4846	475	9.8019
gene_MP005183	0.33914	0.96577	204	190	93.1373
gene_MP005398	0.34529	1.21013	24	24	100.0000
gene_MP005454	0.32144	1.27745	155	120	77.4194
gene_MP005472	0.37135	1.24301	841	452	53.7455
gene_MP005473	0.32921	1.43521	176	164	93.1818
gene_MP005494	0.40583	1.31107	47	0	0.0000
gene_MP005499	0.35141	1.19267	1563	0	0.0000
gene_MP005550	0.36923	1.04883	375	298	79.4667
gene_MP005553	0.41010	1.25444	188	178	94.6809
gene_MP005588	0.30346	1.21580	287	0	0.0000
gene_MP005604	0.68762	1.34081	247	104	42.1053
gene_MP005644	0.37850	1.11197	655	0	0.0000
gene_MP005699	0.33151	1.12932	1595	0	0.0000
gene_MP005702	0.31384	1.31699	2151	0	0.0000
gene_MP005705	0.31776	1.19300	290	0	0.0000
gene_MP005739	0.35389	1.33763	370	259	70.0000
gene_MP005756	0.36650	1.25122	691	101	14.6165
gene_MP005761	0.46403	1.59186	141	135	95.7447
gene_MP005816	0.35898	1.11465	277	225	81.2274
gene_MP005820	0.35833	1.24803	96	93	96.8750
gene_MP005852	0.34984	1.15455	173	157	90.7514
gene_MP005866	0.36570	1.07898	173	150	86.7052
gene_MP005934	0.32310	1.25128	610	0	0.0000
gene_MP005977	0.35727	1.24902	742	0	0.0000
gene_MP006004	0.54531	1.51189	26	26	100.0000
gene_MP006010	0.54531	1.51189	116	77	66.3793
gene_MP006016	0.35082	1.29962	550	0	0.0000
gene_MP006036	0.33128	1.19928	235	180	76.5957
gene_MP006054	0.31790	1.00545	125	0	0.0000
gene_MP006074	0.32664	1.40708	7418	39	0.5257
gene_MP006091	0.36626	1.16890	334	266	79.6407
gene_MP006167	0.40911	1.45818	735	21	2.8571
gene_MP006172	0.35268	1.24962	384	265	69.0104
gene_MP006193	0.34047	1.08380	550	0	0.0000
gene_MP006210	0.34752	1.15590	140	110	78.5714
gene_MP006219	0.40112	1.37284	855	0	0.0000
gene_MP006293	0.37325	1.73227	119	108	90.7563
gene_MP006294	0.37023	1.56726	155	137	88.3871
gene_MP006301	0.62319	1.04545	21	21	100.0000
gene_MP006366	0.35137	1.10831	606	0	0.0000
gene_MP006391	0.37277	1.11532	331	255	77.0393
gene_MP006407	0.35138	1.17322	537	0	0.0000
gene_MP006415	0.37912	1.11067	225	206	91.5556
gene_MP006495	0.31388	1.32121	1566	0	0.0000
gene_MP006497	0.42767	1.31396	76	57	75.0000
gene_MP006553	0.35947	1.32908	29	29	100.0000
gene_MP006583	0.35200	1.21142	121	79	65.2893
gene_MP006602	0.35405	0.94177	131	106	80.9160
gene_MP006647	0.36472	1.12364	323	214	66.2539
gene_MP006690	0.35928	1.25638	218	197	90.3670
gene_MP006703	0.34619	1.10347	2849	286	10.0386
gene_MP006721	0.37849	1.24444	188	164	87.2340
gene_MP006725	0.32086	1.14540	957	0	0.0000
gene_MP006749	0.35998	1.01818	267	194	72.6592
gene_MP006750	0.32989	1.35751	2682	0	0.0000
gene_MP006752	0.55461	1.16685	63	0	0.0000
gene_MP006758	0.38841	1.33982	614	572	93.1596
gene_MP006837	0.30474	1.19836	1281	0	0.0000
gene_MP006844	0.36534	1.08438	710	654	92.1127
gene_MP006848	0.38357	1.50715	910	814	89.4505
gene_MP006854	0.30227	1.25331	20	0	0.0000
gene_MP006862	0.34273	1.34443	2525	193	7.6436
gene_MP006893	0.32753	1.12684	441	390	88.4354
gene_MP006909	0.38220	1.11031	269	0	0.0000
gene_MP006918	0.31355	1.19571	2476	0	0.0000
gene_MP006961	0.33387	1.41342	151	112	74.1722
gene_MP006962	0.30208	1.25329	9153	0	0.0000
gene_MP007040	0.34333	1.30082	57	0	0.0000
gene_MP007126	0.32066	1.27004	201	0	0.0000
gene_MP007197	0.34291	1.20394	99	0	0.0000
gene_MP007233	0.34372	1.21460	184	166	90.2174
gene_MP007234	0.34399	1.22176	481	348	72.3493
gene_MP007236	0.34312	1.24261	49	45	91.8367
gene_MP007301	0.34502	1.14793	189	160	84.6561
gene_MP007334	0.33886	1.55224	86	84	97.6744
gene_MP007340	0.37644	1.16424	125	125	100.0000
gene_MP007452	0.33333	1.27552	3152	228	7.2335
gene_MP007494	0.32477	1.05269	40	31	77.5000
gene_MP007514	0.36521	1.23750	4790	302	6.3048
gene_MP007579	0.37206	1.14632	163	131	80.3681
gene_MP007585	0.37559	1.16367	539	494	91.6512
gene_MP007634	0.33511	1.22986	136	0	0.0000
gene_MP007713	0.36925	1.26226	371	302	81.4016
gene_MP007717	0.34747	1.20064	422	382	90.5213
gene_MP007725	0.34552	1.16525	1072	41	3.8246
gene_MP007760	0.32157	0.99878	127	109	85.8268
gene_MP007762	0.37207	1.07718	214	0	0.0000
gene_MP007763	0.68687	1.35791	206	105	50.9709
gene_MP007786	0.36964	1.21269	277	221	79.7834
gene_MP007794	0.40168	1.49346	86	80	93.0233
gene_MP007931	0.38274	1.40288	759	729	96.0474
gene_MP007953	0.36054	1.16071	335	265	79.1045
gene_MP007954	0.33393	1.20587	1173	0	0.0000
gene_MP008060	0.44784	1.44238	52	51	98.0769
gene_MP008108	0.31623	1.19533	164	137	83.5366
gene_MP008118	0.33121	1.24230	449	0	0.0000
gene_MP008136	0.35602	1.32088	911	0	0.0000
gene_MP008146	0.33254	1.26301	948	251	26.4768
gene_MP008149	0.38743	0.97887	232	126	54.3103
gene_MP008169	0.34334	1.21963	103	99	96.1165
gene_MP008175	0.35593	1.26564	383	143	37.3368
gene_MP008241	0.33649	1.25226	519	490	94.4123
gene_MP008246	0.33405	1.33263	1377	0	0.0000
gene_MP008250	0.34796	1.26341	591	464	78.5110
gene_MP008261	0.30599	1.42361	73	65	89.0411
gene_MP008268	0.33708	1.12657	264	198	75.0000
gene_MP008294	0.35454	1.04480	129	91	70.5426
gene_MP008341	0.31979	1.42047	1639	0	0.0000
gene_MP008363	0.35750	1.12841	380	340	89.4737
gene_MP008447	0.40702	1.42121	67	67	100.0000
gene_MP008451	0.50810	1.63383	149	57	38.2550
gene_MP008523	0.35512	1.17881	1205	0	0.0000
gene_MP008601	0.30820	1.25746	850	32	3.7647
gene_MP008620	0.38235	1.23906	356	296	83.1461
gene_MP008627	0.30858	1.37404	705	0	0.0000
gene_MP008629	0.35367	1.28701	416	1	0.2404
gene_MP008632	0.36462	1.31375	348	291	83.6207
gene_MP008658	0.38215	1.04545	339	329	97.0501
gene_MP008694	0.37659	1.35134	221	216	97.7376
gene_MP008761	0.31930	1.28365	4283	0	0.0000
gene_MP008771	0.30977	1.32852	1481	0	0.0000
gene_MP008773	0.40593	1.23943	177	99	55.9322
gene_MP008887	0.32743	1.35945	292	213	72.9452
gene_MP008912	0.34467	1.15863	172	159	92.4419
gene_MP008919	0.37618	1.04790	51	0	0.0000
gene_MP008937	0.32488	1.19639	305	0	0.0000
gene_MP008977	0.35100	1.31490	1990	657	33.0151
gene_MP009120	0.39118	1.65448	66	53	80.3030
gene_MP009139	0.37112	1.42618	303	267	88.1188
gene_MP009143	0.33387	1.41342	1084	56	5.1661
gene_MP009150	0.40951	1.41664	1082	392	36.2292
gene_MP009182	0.41238	1.21222	49	33	67.3469
gene_MP009198	0.33176	1.15253	21	18	85.7143
gene_MP009332	0.33315	1.29368	3209	0	0.0000
gene_MP009347	0.34774	1.12283	214	166	77.5701
gene_MP009410	0.35943	1.49066	156	151	96.7949
gene_MP009413	0.35037	1.13883	432	320	74.0741
gene_MP009421	0.33936	1.54893	1554	603	38.8031
gene_MP009429	0.34933	1.24123	90	45	50.0000
gene_MP009431	0.36229	1.17440	392	330	84.1837
gene_MP009453	0.35887	1.41477	32	22	68.7500
gene_MP009460	0.42174	1.10547	318	130	40.8805
gene_MP009467	0.37127	1.21695	1982	0	0.0000
gene_MP009479	0.38979	1.45572	221	190	85.9729
gene_MP009531	0.34572	1.31293	2062	303	14.6945
gene_MP009565	0.34933	1.24123	46	24	52.1739
gene_MP009589	0.32920	1.15456	4096	548	13.3789
gene_MP009623	0.35004	1.20653	758	73	9.6306
gene_MP009660	0.35874	1.19305	516	492	95.3488
gene_MP009692	0.35530	1.20941	216	196	90.7407
gene_MP009698	0.33938	1.51693	40	0	0.0000
gene_MP009722	0.33938	1.51693	2840	0	0.0000
gene_MP009723	0.34933	1.24123	689	387	56.1684
gene_MP009729	0.39428	1.36753	338	333	98.5207
gene_MP009738	0.33021	1.16707	703	0	0.0000
gene_MP009782	0.36369	1.31991	792	769	97.0960
gene_MP009815	0.37872	0.81406	47	0	0.0000
gene_MP009818	0.34570	1.19837	636	400	62.8931
gene_MP009894	0.46188	1.34075	95	58	61.0526
gene_MP009895	0.31825	1.27057	167	139	83.2335
gene_MP009921	0.37363	1.12985	453	430	94.9227
gene_MP009936	0.35547	0.96016	332	240	72.2892
gene_MP009945	0.33315	1.29368	1871	636	33.9925
gene_MP009973	0.41253	1.03698	132	44	33.3333
gene_MP010019	0.32750	0.94193	207	108	52.1739
gene_MP010035	0.34657	1.33510	232	184	79.3103
gene_MP010044	0.34613	1.22924	42	9	21.4286
gene_MP010045	0.30885	1.09073	122	0	0.0000
gene_MP010053	0.33650	1.19549	597	467	78.2245
gene_MP010080	0.32995	0.87735	487	213	43.7372
gene_MP010091	0.32986	1.24520	138	115	83.3333
gene_MP010111	0.34469	1.19843	513	477	92.9825
gene_MP010148	0.33984	1.43498	53	53	100.0000
gene_MP010168	0.36694	1.34482	224	210	93.7500
gene_MP010172	0.34709	1.21474	268	198	73.8806
gene_MP010214	0.34863	1.14512	502	343	68.3267
gene_MP010225	0.34682	1.22802	377	0	0.0000
gene_MP010236	0.35008	1.20728	868	439	50.5760
gene_MP010239	0.32096	1.22054	166	0	0.0000
gene_MP010276	0.32087	1.14759	27	27	100.0000
gene_MP010342	0.33350	1.17208	245	202	82.4490
gene_MP010364	0.34345	1.08988	261	0	0.0000
gene_MP010414	0.34019	1.05486	129	0	0.0000
gene_MP010436	0.36498	1.05460	156	0	0.0000
gene_MP010450	0.31508	1.38700	1987	0	0.0000
gene_MP010480	0.34493	1.01420	128	100	78.1250
gene_MP010485	0.32502	1.36102	2500	0	0.0000
gene_MP010562	0.27517	1.60497	35	25	71.4286
gene_MP010596	0.34146	1.43264	32	26	81.2500
gene_MP010619	0.36023	1.31091	58	43	74.1379
gene_MP010628	0.32408	0.91790	46	38	82.6087
gene_MP010663	0.37339	1.70498	78	69	88.4615
gene_MP010764	0.32868	1.49860	72	64	88.8889
gene_MP010809	0.44797	0.92534	42	0	0.0000
gene_MP010816	0.43587	0.86269	36	0	0.0000
gene_MP010820	0.39828	1.10664	127	96	75.5906
gene_MP010822	0.59953	1.06266	81	0	0.0000
gene_MP010823	0.30149	1.35647	87	44	50.5747
gene_MP010921	0.34239	1.35121	259	168	64.8649
gene_MP010992	0.40409	1.42930	339	200	58.9971
gene_MP011003	0.35513	1.17249	339	0	0.0000
gene_MP011014	0.34053	1.26365	144	142	98.6111
gene_MP011075	0.47059	1.37084	68	0	0.0000
gene_MP011102	0.47561	1.58431	22	0	0.0000
gene_MP011104	0.35127	0.97574	421	294	69.8337
gene_MP011105	0.34717	1.06200	1629	368	22.5905
gene_MP011159	0.31186	1.00933	86	26	30.2326
gene_MP011167	0.33081	1.10957	255	80	31.3725
gene_MP011173	0.33441	1.26374	219	211	96.3470
gene_MP011192	0.37062	1.32433	95	0	0.0000
gene_MP011216	0.36310	1.32340	253	205	81.0277
gene_MP011219	0.34029	1.25752	183	136	74.3169
gene_MP011220	0.64762	1.62467	35	0	0.0000
gene_MP011226	0.26708	1.15366	61	50	81.9672
gene_MP011242	0.36107	1.16351	313	266	84.9840
gene_MP011248	0.34025	1.25843	467	65	13.9186
gene_MP011258	0.38000	1.69492	55	42	76.3636
gene_MP011260	0.37086	1.19038	89	68	76.4045
gene_MP011269	0.26587	1.69300	24	13	54.1667
gene_MP011272	0.37204	1.42861	257	188	73.1518
gene_MP011283	0.45091	1.37945	38	30	78.9474
gene_MP011290	0.36794	1.04349	382	268	70.1571
gene_MP011311	0.43590	1.47914	216	216	100.0000
gene_MP011331	0.41028	1.51652	149	103	69.1275
gene_MP011333	0.33753	1.04659	118	85	72.0339
gene_MP011341	0.29164	1.26172	762	0	0.0000
gene_MP011360	0.41826	1.22759	25	25	100.0000
gene_MP011369	0.47112	1.18779	73	43	58.9041
gene_MP011383	0.45422	1.50223	128	104	81.2500
gene_MP011404	0.30525	1.35358	113	0	0.0000
gene_MP011410	0.33026	1.24107	770	47	6.1039
gene_MP011416	0.35624	1.33940	93	0	0.0000
gene_MP011423	0.34433	1.33798	5073	502	9.8955
gene_MP011425	0.33572	1.19924	1203	0	0.0000
gene_MP011435	0.33867	1.44725	31	23	74.1935
gene_MP011464	0.30531	1.38103	80	0	0.0000
gene_MP011483	0.36371	1.08256	44	0	0.0000
gene_MP011484	0.35372	1.08998	128	112	87.5000
gene_MP011499	0.37167	1.33208	110	99	90.0000
gene_MP011501	0.37070	1.43514	107	82	76.6355
gene_MP011529	0.36950	1.19631	699	587	83.9771
gene_MP011586	0.36814	1.63068	249	215	86.3454
gene_MP011590	0.35515	1.18040	24	0	0.0000
gene_MP011604	0.54040	1.06096	32	0	0.0000
gene_MP011624	0.32359	1.24227	4641	0	0.0000
gene_MP011626	0.32078	1.45415	270	260	96.2963
gene_MP011672	0.31145	1.09026	91	80	87.9121
gene_MP011695	0.32162	1.41595	87	69	79.3103
gene_MP011707	0.33258	1.05062	232	191	82.3276
gene_MP011762	0.36085	1.11886	326	232	71.1656
gene_MP011765	0.44260	1.44992	51	31	60.7843
gene_MP011808	0.36429	1.01887	80	79	98.7500
gene_MP011810	0.36368	1.44976	109	0	0.0000
gene_MP011811	0.33377	1.29119	408	253	62.0098
gene_MP011852	0.48370	1.05573	36	5	13.8889
gene_MP011914	0.39178	1.79980	25	16	64.0000
gene_MP011939	0.57807	1.19365	90	37	41.1111
gene_MP011949	0.35985	1.32412	1053	192	18.2336
gene_MP011953	0.39252	1.83375	82	74	90.2439
gene_MP011980	0.34654	0.88615	53	0	0.0000
gene_MP012010	0.34327	1.01858	31	15	48.3871
gene_MP012046	0.33299	1.30527	35	29	82.8571
gene_MP012051	0.42407	1.17683	135	135	100.0000
gene_MP012086	0.38592	1.40234	74	61	82.4324
gene_MP012091	0.38218	1.28487	31	13	41.9355
gene_MP012094	0.39396	1.28454	155	125	80.6452
gene_MP012097	0.35203	1.55493	58	36	62.0690
gene_MP012103	0.27874	1.43118	37	24	64.8649
gene_MP012174	0.33452	1.34684	306	0	0.0000
gene_MP012201	0.43424	1.15140	56	0	0.0000
gene_MP012221	0.32874	1.14404	112	0	0.0000
gene_MP012311	0.34192	1.34668	55	44	80.0000
gene_MP012315	0.33509	1.06814	108	85	78.7037
gene_MP012341	0.41648	1.31509	51	28	54.9020
gene_MP012377	0.34481	0.96379	109	77	70.6422
gene_MP012438	0.34800	1.19698	209	138	66.0287
gene_MP012448	0.32902	1.32529	24	12	50.0000
gene_MP012519	0.32219	1.12773	84	70	83.3333
gene_MP012521	0.37354	1.19621	204	203	99.5098
gene_MP012530	0.37141	1.13147	153	114	74.5098
gene_MP012535	0.32464	1.29897	231	147	63.6364
gene_MP012551	0.37738	1.62307	93	85	91.3978
gene_MP012568	0.33718	1.29618	550	0	0.0000
gene_MP012583	0.37390	1.10331	158	141	89.2405
gene_MP012593	0.48897	1.09605	53	0	0.0000
gene_MP012595	0.35970	1.30649	60	56	93.3333
gene_MP012616	0.37488	1.13122	206	164	79.6117
gene_MP012643	0.36254	1.19739	2024	209	10.3261
gene_MP012657	0.32793	1.19862	472	339	71.8220
gene_MP012672	0.36629	1.35215	547	535	97.8062
gene_MP012693	0.77535	1.28046	310	0	0.0000
gene_MP012697	0.50991	1.37994	149	121	81.2081
gene_MP012702	0.35470	1.12992	110	81	73.6364
gene_MP012714	0.38974	1.12415	275	0	0.0000
gene_MP012737	0.34266	1.14187	37	0	0.0000
gene_MP012750	0.34851	1.00559	231	203	87.8788
gene_MP012758	0.31035	1.26996	617	0	0.0000
gene_MP012770	0.34720	0.99019	143	110	76.9231
gene_MP012793	0.33883	1.01567	75	0	0.0000
gene_MP012817	0.33825	1.04885	87	39	44.8276
gene_MP012834	0.37374	1.66030	63	47	74.6032
gene_MP012845	0.35800	0.91660	26	22	84.6154
gene_MP012860	0.34614	1.31456	165	148	89.6970
gene_MP012862	0.37593	1.44102	507	391	77.1203
gene_MP012889	0.31294	1.08298	41	30	73.1707
gene_MP012910	0.31253	1.54716	81	79	97.5309
gene_MP012925	0.43070	1.01667	31	8	25.8065
gene_MP012926	0.42043	1.32522	49	34	69.3878
gene_MP012933	0.35504	0.82320	51	0	0.0000
gene_MP012969	0.59544	1.44502	229	162	70.7424
gene_MP012972	0.34309	2.03243	44	44	100.0000
gene_MP012989	0.38886	1.19716	209	184	88.0383
gene_MP012993	0.44000	1.30974	38	18	47.3684
gene_MP013021	0.36442	1.42197	472	447	94.7034
gene_MP013041	0.35449	1.19295	669	3	0.4484
gene_MP013049	0.50627	1.38998	142	0	0.0000
gene_MP013062	0.37676	1.68390	55	39	70.9091
gene_MP013067	0.39863	1.27296	75	0	0.0000
gene_MP013074	0.36204	1.61449	30	30	100.0000
gene_MP013099	0.38561	1.22585	285	77	27.0175
gene_MP013121	0.56346	1.49657	154	100	64.9351
gene_MP013126	0.33801	1.25035	166	0	0.0000
gene_MP013143	0.53777	1.74297	393	335	85.2417
gene_MP013183	0.30206	1.25239	932	0	0.0000
gene_MP013185	0.36809	1.20551	203	160	78.8177
gene_MP013191	0.38958	0.91275	172	171	99.4186
gene_MP013218	0.38747	1.31418	175	158	90.2857
gene_MP013233	0.31615	1.55375	45	35	77.7778
gene_MP013235	0.35761	1.98671	186	171	91.9355
gene_MP013271	0.35593	1.28621	882	191	21.6553
gene_MP013288	0.32795	1.19321	4896	0	0.0000
gene_MP013327	0.33851	1.11205	907	316	34.8401
gene_MP013334	0.37630	1.36409	363	308	84.8485
gene_MP013354	0.35026	1.15644	33	24	72.7273
gene_MP013369	0.33649	1.23412	4770	0	0.0000
gene_MP013373	0.38143	1.60525	104	65	62.5000
gene_MP013428	0.37983	1.22116	910	203	22.3077
gene_MP013438	0.42184	1.74884	109	102	93.5780
gene_MP013444	0.36714	1.19858	380	313	82.3684
gene_MP013454	0.38085	1.34866	306	286	93.4641
gene_MP013556	0.35066	1.45450	747	406	54.3507
gene_MP013563	0.41118	1.75078	81	81	100.0000
gene_MP013607	0.32382	1.23276	105	100	95.2381
gene_MP013615	0.34034	1.40852	205	189	92.1951
gene_MP013642	0.35529	0.96712	360	198	55.0000
gene_MP013651	0.38946	0.99218	22	0	0.0000
gene_MP013654	0.39365	1.21388	95	63	66.3158
gene_MP013665	0.36240	1.04515	200	0	0.0000
gene_MP013668	0.37731	0.99027	360	237	65.8333
gene_MP013713	0.64612	1.16268	53	0	0.0000
gene_MP013730	0.36924	1.27872	184	154	83.6957
gene_MP013749	0.35183	1.30000	919	664	72.2524
gene_MP013758	0.34349	1.21300	276	84	30.4348
gene_MP013819	0.32919	1.04680	237	110	46.4135
gene_MP013903	0.34655	1.26781	247	148	59.9190
gene_MP013940	0.33174	1.23030	2705	102	3.7708
gene_MP013942	0.35991	1.28871	290	209	72.0690
gene_MP013957	0.31853	1.18937	335	0	0.0000
gene_MP013968	0.33892	1.32022	283	252	89.0459
gene_MP014019	0.39632	1.23676	464	0	0.0000
gene_MP014111	0.39632	1.23676	309	100	32.3625
gene_MP014135	0.34771	1.81871	24	21	87.5000
gene_MP014166	0.35981	1.51676	726	698	96.1433
gene_MP014168	0.36112	1.40811	315	234	74.2857
gene_MP014183	0.47591	1.74493	203	172	84.7291
gene_MP014213	0.35197	1.34425	141	129	91.4894
gene_MP014241	0.33423	1.23447	243	0	0.0000
gene_MP014348	0.39751	1.87946	1400	223	15.9286
gene_MP014352	0.33725	1.04739	203	170	83.7438
gene_MP014451	0.33411	1.26232	167	132	79.0419
gene_MP014474	0.30524	1.25581	255	101	39.6078
gene_MP014477	0.32393	1.29776	73	58	79.4521
gene_MP014484	0.35467	1.21672	226	110	48.6726
gene_MP014516	0.36020	1.27579	218	165	75.6881
gene_MP014551	0.37224	1.27549	1520	52	3.4211
gene_MP014591	0.33685	1.23928	809	47	5.8096
gene_MP014676	0.39186	1.65711	25	20	80.0000
gene_MP014741	0.36189	1.31641	318	36	11.3208
gene_MP014746	0.36976	1.49536	2604	205	7.8725
gene_MP014755	0.36052	1.31180	542	421	77.6753
gene_MP014791	0.31110	1.18267	375	0	0.0000
gene_MP014885	0.32187	1.47589	99	80	80.8081
gene_MP014963	0.75554	1.38610	669	0	0.0000
gene_MP014991	0.34129	1.18706	90	72	80.0000
gene_MP015014	0.34259	1.28552	639	0	0.0000
gene_MP015030	0.39097	1.35117	6957	0	0.0000
gene_MP015047	0.35714	1.75126	94	94	100.0000
gene_MP015062	0.32711	1.08439	582	289	49.6564
gene_MP015067	0.32356	1.22878	975	0	0.0000
gene_MP015089	0.36559	1.72679	21	20	95.2381
gene_MP015094	0.32758	1.37665	1858	0	0.0000
gene_MP015095	0.33626	1.34082	2872	0	0.0000
gene_MP015096	0.34740	1.14190	1263	0	0.0000
gene_MP015121	0.32823	1.23405	305	244	80.0000
gene_MP015138	0.35379	1.26408	789	355	44.9937
gene_MP015149	0.34467	1.20645	1133	0	0.0000
gene_MP015282	0.38510	1.39928	104	0	0.0000
gene_MP015303	0.25992	1.27510	24	18	75.0000
gene_MP015402	0.35707	0.74230	23	20	86.9565
gene_MP015417	0.30176	1.26572	69	0	0.0000
gene_MP015533	0.36628	1.10080	316	202	63.9241
gene_MP015560	0.39781	1.40462	39	36	92.3077
gene_MP015593	0.30176	1.26572	121	28	23.1405
gene_MP015594	0.33685	1.23928	3993	0	0.0000
gene_MP015600	0.33547	1.07422	322	0	0.0000
gene_MP015621	0.40637	1.03000	21	0	0.0000
gene_MP015632	0.42476	0.94426	75	0	0.0000
gene_MP015666	0.37728	1.07781	446	386	86.5471
gene_MP015702	0.41433	1.20856	49	0	0.0000
gene_MP015863	0.32640	1.19578	534	0	0.0000
gene_MP015887	0.34536	1.42726	2871	0	0.0000
gene_MP015888	0.35466	1.29293	287	0	0.0000
gene_MP015957	0.34818	1.39913	337	222	65.8754
gene_MP015963	0.33666	1.27425	1680	5	0.2976
gene_MP016000	0.54103	1.16431	84	0	0.0000
gene_MP016019	0.49576	1.53903	245	182	74.2857
gene_MP016026	0.37124	1.34438	513	444	86.5497
gene_MP016049	0.46769	1.38066	118	92	77.9661
gene_MP016054	0.38079	0.91347	140	138	98.5714
gene_MP016055	0.40654	1.01647	78	0	0.0000
gene_MP016085	0.33596	1.14986	333	246	73.8739
gene_MP016105	0.40654	1.01647	280	0	0.0000
gene_MP016143	0.37463	1.10212	245	190	77.5510
gene_MP016149	0.35719	1.04520	225	0	0.0000
gene_MP016150	0.40632	1.01512	106	0	0.0000
gene_MP016151	0.37635	1.07821	337	278	82.4926
gene_MP016152	0.37637	1.11300	388	338	87.1134
gene_MP016160	0.33602	1.13463	362	312	86.1878
gene_MP016220	0.40091	1.20672	235	209	88.9362
gene_MP016227	0.37477	1.46942	530	501	94.5283
gene_MP016229	0.37211	1.29591	305	289	94.7541
gene_MP016236	0.38469	1.12180	389	201	51.6710
gene_MP016243	0.36921	1.21805	497	0	0.0000
gene_MP016244	0.34077	1.21145	584	307	52.5685
gene_MP016245	0.35443	1.91489	40	40	100.0000
gene_MP016256	0.37114	1.16409	198	165	83.3333
gene_MP016258	0.41571	1.65331	37	36	97.2973
gene_MP016266	0.32655	1.34395	110	81	73.6364
gene_MP016293	0.43795	1.36879	55	54	98.1818
gene_MP016337	0.35252	1.62859	234	218	93.1624
gene_MP016341	0.34057	1.15760	314	213	67.8344
gene_MP016357	0.32655	1.34395	279	144	51.6129
gene_MP016383	0.35645	1.00206	82	72	87.8049
gene_MP016394	0.39603	1.26751	243	240	98.7654
gene_MP016408	0.38283	1.27557	253	232	91.6996
gene_MP016432	0.38671	1.80679	309	0	0.0000
gene_MP016483	0.34837	1.32567	730	436	59.7260
gene_MP016518	0.33117	1.30532	2932	0	0.0000
gene_MP016528	0.35052	1.28276	243	130	53.4979
gene_MP016545	0.40144	0.95232	28	0	0.0000
gene_MP016569	0.32527	1.50446	65	0	0.0000
gene_MP016578	0.34267	0.92030	41	0	0.0000
gene_MP016600	0.32252	1.18537	144	130	90.2778
gene_MP016625	0.56612	1.10087	97	0	0.0000
gene_MP016658	0.34896	1.28428	45	43	95.5556
gene_MP016673	0.51773	1.27867	24	0	0.0000
gene_MP016676	0.31472	1.33853	1144	0	0.0000
gene_MP016679	0.37295	1.34684	985	664	67.4112
gene_MP016737	0.35379	1.00958	318	216	67.9245
gene_MP016757	0.35868	1.17966	268	53	19.7761
gene_MP016792	0.52433	1.11576	148	0	0.0000
gene_MP016803	0.32897	1.28267	346	0	0.0000
gene_MP016807	0.34794	2.12906	25	12	48.0000
gene_MP016849	0.35439	1.14856	972	575	59.1564
gene_MP016852	0.34599	1.19403	327	214	65.4434
gene_MP016892	0.56844	1.38486	214	0	0.0000
gene_MP016894	0.32903	1.06716	22	17	77.2727
gene_MP016902	0.39126	0.92824	34	21	61.7647
gene_MP016931	0.30379	1.04267	130	0	0.0000
gene_MP016951	0.32933	1.05958	376	209	55.5851
gene_MP016962	0.37570	0.97230	142	123	86.6197
gene_MP016974	0.45297	0.86137	43	0	0.0000
gene_MP016983	0.34993	1.37142	112	0	0.0000
gene_MP016987	0.34775	1.24502	333	264	79.2793
gene_MP017042	0.35643	1.24193	107	95	88.7850
gene_MP017058	0.32873	1.29569	3485	96	2.7547
gene_MP017080	0.65245	1.05847	61	0	0.0000
gene_MP017114	0.36996	1.58605	73	64	87.6712
gene_MP017168	0.35756	1.43530	780	3	0.3846
gene_MP017190	0.32818	0.99841	167	121	72.4551
gene_MP017192	0.35756	1.43530	327	225	68.8073
gene_MP017202	0.36844	1.71932	129	63	48.8372
gene_MP017211	0.34775	1.24502	103	92	89.3204
gene_MP017239	0.35205	1.25407	3507	447	12.7459
gene_MP017269	0.39887	1.32819	169	0	0.0000
gene_MP017285	0.34823	1.39858	574	460	80.1394
gene_MP017333	0.40743	1.02683	516	416	80.6202
gene_MP017350	0.39328	1.23043	88	87	98.8636
gene_MP017434	0.34588	1.02481	117	93	79.4872
gene_MP017473	0.32518	1.00767	147	0	0.0000
gene_MP017479	0.31864	1.24256	220	91	41.3636
gene_MP017516	0.43303	1.60096	98	70	71.4286
gene_MP017548	0.39328	1.23043	175	160	91.4286
gene_MP017549	0.31674	0.91734	113	99	87.6106
gene_MP017594	0.37581	1.74679	1217	323	26.5407
gene_MP017599	0.34370	1.02066	87	84	96.5517
gene_MP017666	0.37571	1.16056	275	266	96.7273
gene_MP017669	0.31440	1.01597	94	38	40.4255
gene_MP017671	0.33207	1.03693	83	0	0.0000
gene_MP017685	0.39001	1.29145	56	41	73.2143
gene_MP017690	0.34331	1.00645	108	72	66.6667
gene_MP017734	0.33303	1.35961	126	111	88.0952
gene_MP017755	0.39116	1.24948	406	236	58.1281
gene_MP017771	0.37345	1.70675	100	93	93.0000
gene_MP017778	0.35948	1.20339	70	47	67.1429
gene_MP017942	0.35457	1.12134	238	108	45.3782
gene_MP017945	0.33631	1.25425	957	217	22.6750
gene_MP017951	0.37177	1.72324	41	40	97.5610
gene_MP017957	0.41865	1.41268	51	43	84.3137
gene_MP017970	0.33223	1.29044	456	58	12.7193
gene_MP017980	0.37420	1.01382	155	137	88.3871
gene_MP017982	0.37862	1.18203	252	232	92.0635
gene_MP018051	0.41194	1.28034	123	76	61.7886
gene_MP018105	0.45572	1.35445	385	385	100.0000
gene_MP018123	0.33082	1.10962	48	41	85.4167
gene_MP018184	0.31698	1.31557	42	40	95.2381
gene_MP018290	0.32414	1.13765	485	303	62.4742
gene_MP000048	0.33302	1.10055	228	196	85.9649
gene_MP000052	0.40568	1.52113	72	67	93.0556
gene_MP000058	0.47878	1.35945	156	127	81.4103
gene_MP000072	0.38953	1.33256	140	134	95.7143
gene_MP000081	0.35028	1.51806	190	189	99.4737
gene_MP000083	0.35320	1.76054	365	288	78.9041
gene_MP000091	0.36007	1.36442	86	0	0.0000
gene_MP000095	0.35853	1.36922	74	0	0.0000
gene_MP000101	0.35897	1.37304	199	0	0.0000
gene_MP000107	0.35853	1.38996	86	0	0.0000
gene_MP000120	0.35852	1.13903	169	161	95.2663
gene_MP000128	0.34070	1.22887	115	0	0.0000
gene_MP000130	0.34070	1.19638	88	0	0.0000
gene_MP000133	0.34162	1.20115	90	0	0.0000
gene_MP000150	0.32347	1.49239	2219	0	0.0000
gene_MP000199	0.31553	1.28935	895	0	0.0000
gene_MP000203	0.33449	1.62378	210	168	80.0000
gene_MP000212	0.42467	1.58312	81	54	66.6667
gene_MP000231	0.34310	1.26283	419	282	67.3031
gene_MP000234	0.34100	1.88550	113	91	80.5310
gene_MP000245	0.37060	1.44936	144	139	96.5278
gene_MP000262	0.37033	1.25534	556	451	81.1151
gene_MP000264	0.35248	1.17604	360	335	93.0556
gene_MP000266	0.37232	1.46661	2877	213	7.4035
gene_MP000278	0.37922	1.17308	611	472	77.2504
gene_MP000296	0.36577	1.06295	118	105	88.9831
gene_MP000301	0.52042	1.40758	144	111	77.0833
gene_MP000312	0.33675	1.28590	622	488	78.4566
gene_MP000318	0.36055	1.25705	258	236	91.4729
gene_MP000322	0.37639	1.36904	922	231	25.0542
gene_MP000337	0.35800	1.40048	59	54	91.5254
gene_MP000355	0.41695	2.08485	160	102	63.7500
gene_MP000382	0.34218	1.00094	393	285	72.5191
gene_MP000397	0.69519	1.28696	278	65	23.3813
gene_MP000407	0.38894	1.34508	52	0	0.0000
gene_MP000427	0.38558	1.29825	576	515	89.4097
gene_MP000464	0.35316	0.97716	74	67	90.5405
gene_MP000469	0.33293	1.61157	296	238	80.4054
gene_MP000491	0.35957	1.36494	273	241	88.2784
gene_MP000495	0.34879	1.30724	1123	0	0.0000
gene_MP000510	0.33139	1.18004	1511	0	0.0000
gene_MP000512	0.34357	1.15553	210	4	1.9048
gene_MP000563	0.40276	1.53580	81	64	79.0123
gene_MP000576	0.34181	1.15893	1118	0	0.0000
gene_MP000667	0.34400	1.19945	167	122	73.0539
gene_MP000697	0.33694	1.98515	57	52	91.2281
gene_MP000718	0.35187	1.23929	510	135	26.4706
gene_MP000756	0.43190	1.58953	67	0	0.0000
gene_MP000763	0.34646	1.34964	144	106	73.6111
gene_MP000797	0.62648	1.05664	43	4	9.3023
gene_MP000817	0.33897	1.11446	293	246	83.9590
gene_MP000843	0.37408	1.22657	285	235	82.4561
gene_MP000852	0.35927	1.30361	233	197	84.5494
gene_MP000881	0.34037	1.15829	3661	18	0.4917
gene_MP000896	0.35633	1.28457	1739	7	0.4025
gene_MP000937	0.37345	1.45210	2752	163	5.9230
gene_MP000956	0.33879	1.22907	348	0	0.0000
gene_MP000978	0.36376	1.35757	2192	823	37.5456
gene_MP001026	0.32989	1.26044	1394	103	7.3888
gene_MP001029	0.36392	1.71460	73	29	39.7260
gene_MP001126	0.35926	1.45160	200	79	39.5000
gene_MP001143	0.35926	1.45160	881	743	84.3360
gene_MP001185	0.37599	1.35009	50	0	0.0000
gene_MP001188	0.37562	1.34652	136	0	0.0000
gene_MP001191	0.37630	1.35723	237	0	0.0000
gene_MP001195	0.37649	1.33925	53	0	0.0000
gene_MP001238	0.36815	1.20561	275	0	0.0000
gene_MP001278	0.36815	1.20561	1624	0	0.0000
gene_MP001289	0.38216	1.19128	427	0	0.0000
gene_MP001290	0.36815	1.20561	1561	352	22.5496
gene_MP001297	0.34959	1.35089	2094	282	13.4670
gene_MP001303	0.45509	1.44953	895	809	90.3911
gene_MP001313	0.32682	1.38610	462	442	95.6710
gene_MP001334	0.36749	1.39823	310	290	93.5484
gene_MP001353	0.35425	1.28304	3628	112	3.0871
gene_MP001453	0.35149	1.20823	297	282	94.9495
gene_MP001571	0.45067	1.16723	66	56	84.8485
gene_MP001584	0.31267	1.08725	2636	0	0.0000
gene_MP001585	0.32087	1.00951	326	0	0.0000
gene_MP001605	0.34234	1.18641	695	0	0.0000
gene_MP001615	0.32663	1.16421	466	0	0.0000
gene_MP001631	0.35355	1.22256	853	0	0.0000
gene_MP001641	0.42975	1.09109	67	53	79.1045
gene_MP001660	0.60000	1.28952	94	0	0.0000
gene_MP001662	0.37843	2.17013	168	163	97.0238
gene_MP001664	0.34966	1.33187	241	186	77.1784
gene_MP001673	0.34263	1.37927	137	128	93.4307
gene_MP001701	0.37027	1.70329	270	205	75.9259
gene_MP001702	0.35366	1.60784	24	11	45.8333
gene_MP001757	0.34197	1.16550	23	0	0.0000
gene_MP001759	0.39340	1.11139	73	42	57.5342
gene_MP001796	0.32501	0.90898	98	0	0.0000
gene_MP001877	0.34418	1.20476	656	0	0.0000
gene_MP001896	0.33940	1.38340	339	37	10.9145
gene_MP001899	0.37580	1.46836	145	104	71.7241
gene_MP001924	0.36980	1.23252	154	128	83.1169
gene_MP001929	0.35636	1.30400	330	299	90.6061
gene_MP001959	0.52287	1.57619	244	208	85.2459
gene_MP001964	0.35120	1.17911	523	437	83.5564
gene_MP001975	0.36033	1.13356	293	257	87.7133
gene_MP001977	0.37835	1.22203	284	229	80.6338
gene_MP001983	0.34545	1.55309	133	101	75.9398
gene_MP001988	0.34145	1.21780	2472	360	14.5631
gene_MP001996	0.35024	1.22656	370	232	62.7027
gene_MP001999	0.36249	1.43696	2921	317	10.8524
gene_MP002003	0.36553	1.17999	111	84	75.6757
gene_MP002008	0.32312	1.32462	500	62	12.4000
gene_MP002026	0.55189	1.20707	58	22	37.9310
gene_MP002031	0.35678	1.46064	259	243	93.8224
gene_MP002038	0.40306	1.52278	773	710	91.8499
gene_MP002040	0.40789	1.23045	432	0	0.0000
gene_MP002054	0.34503	1.22344	225	167	74.2222
gene_MP002084	0.33836	1.22654	205	138	67.3171
gene_MP002102	0.31795	1.41873	238	164	68.9076
gene_MP002121	0.44911	1.83889	378	259	68.5185
gene_MP002129	0.40966	1.52328	66	64	96.9697
gene_MP002133	0.38544	1.67528	29	23	79.3103
gene_MP002141	0.35781	1.30336	755	0	0.0000
gene_MP002143	0.70061	1.44716	549	265	48.2696
gene_MP002161	0.43465	1.18799	38	22	57.8947
gene_MP002164	0.35013	0.97040	442	316	71.4932
gene_MP002197	0.39188	1.27525	158	112	70.8861
gene_MP002199	0.32598	1.23636	39	31	79.4872
gene_MP002200	0.31795	1.23984	1662	0	0.0000
gene_MP002211	0.43631	1.64115	114	73	64.0351
gene_MP002212	0.32175	1.17635	152	0	0.0000
gene_MP002229	0.38743	1.09164	159	151	94.9686
gene_MP002262	0.31923	1.37388	248	202	81.4516
gene_MP002272	0.45473	1.54153	80	79	98.7500
gene_MP002274	0.33271	1.36139	543	369	67.9558
gene_MP002297	0.65274	1.41592	184	115	62.5000
gene_MP002310	0.37464	1.04049	428	0	0.0000
gene_MP002326	0.33431	1.34201	179	147	82.1229
gene_MP002332	0.34289	1.00475	73	61	83.5616
gene_MP002353	0.43269	1.68691	72	58	80.5556
gene_MP002357	0.33460	1.28845	465	359	77.2043
gene_MP002362	0.35071	1.51398	29	27	93.1034
gene_MP002371	0.35289	1.00589	193	150	77.7202
gene_MP002378	0.35207	1.59786	36	18	50.0000
gene_MP002387	0.34240	1.23502	103	96	93.2039
gene_MP002392	0.31714	1.41211	74	57	77.0270
gene_MP002407	0.32759	1.20400	401	303	75.5611
gene_MP002431	0.34345	1.16335	270	43	15.9259
gene_MP002432	0.33087	1.41479	428	380	88.7850
gene_MP002438	0.34522	1.24739	2414	0	0.0000
gene_MP002443	0.34305	1.44244	2856	0	0.0000
gene_MP002448	0.35897	1.53965	67	47	70.1493
gene_MP002473	0.35941	1.19502	402	360	89.5522
gene_MP002481	0.33102	1.41273	206	192	93.2039
gene_MP002498	0.31939	1.26614	203	165	81.2808
gene_MP002521	0.34261	1.28834	1331	88	6.6116
gene_MP002546	0.37756	1.47355	166	144	86.7470
gene_MP002577	0.34150	1.23757	333	253	75.9760
gene_MP002591	0.34770	1.32075	127	88	69.2913
gene_MP002666	0.34945	1.38896	228	205	89.9123
gene_MP002675	0.37876	1.16792	39	28	71.7949
gene_MP002689	0.35772	1.22627	193	148	76.6839
gene_MP002691	0.36154	1.19300	263	242	92.0152
gene_MP002709	0.35203	1.44107	3181	0	0.0000
gene_MP002726	0.46512	1.74007	108	103	95.3704
gene_MP002729	0.33984	1.23889	131	32	24.4275
gene_MP002732	0.34108	0.96537	315	214	67.9365
gene_MP002735	0.32567	1.15213	214	173	80.8411
gene_MP002745	0.35182	1.28676	402	347	86.3184
gene_MP002750	0.48714	1.41848	166	138	83.1325
gene_MP002752	0.31852	1.23094	190	180	94.7368
gene_MP002755	0.39790	0.90027	70	0	0.0000
gene_MP002824	0.34615	1.41823	43	25	58.1395
gene_MP002828	0.38303	1.19650	166	140	84.3373
gene_MP002854	0.30574	1.01777	142	0	0.0000
gene_MP002862	0.35677	1.02471	63	0	0.0000
gene_MP002880	0.33848	1.36469	162	143	88.2716
gene_MP002893	0.34370	1.11286	41	30	73.1707
gene_MP002914	0.39520	1.13038	92	76	82.6087
gene_MP002947	0.35517	1.09620	163	143	87.7301
gene_MP002979	0.35692	2.22197	68	68	100.0000
gene_MP002980	0.33197	1.32119	258	228	88.3721
gene_MP002981	0.35765	1.14890	31	22	70.9677
gene_MP002982	0.37209	1.36358	207	171	82.6087
gene_MP003045	0.35031	1.14620	327	0	0.0000
gene_MP003086	0.55923	1.64551	1085	0	0.0000
gene_MP003089	0.30465	1.04079	44	0	0.0000
gene_MP003097	0.35158	1.24483	430	338	78.6047
gene_MP003107	0.32296	1.10975	685	0	0.0000
gene_MP003124	0.33641	1.22284	146	111	76.0274
gene_MP003141	0.42914	1.39094	32	12	37.5000
gene_MP003149	0.41497	0.92448	135	0	0.0000
gene_MP003159	0.36659	1.39980	563	466	82.7709
gene_MP003197	0.39299	1.35151	224	205	91.5179
gene_MP003203	0.32330	1.19039	141	117	82.9787
gene_MP003212	0.37822	1.12703	186	172	92.4731
gene_MP003239	0.33233	1.25580	82	49	59.7561
gene_MP003249	0.36955	1.75078	80	66	82.5000
gene_MP003278	0.40828	1.18357	33	10	30.3030
gene_MP003308	0.32711	1.18679	25	24	96.0000
gene_MP003328	0.31005	0.99245	38	26	68.4211
gene_MP003352	0.37239	1.36691	497	366	73.6419
gene_MP003361	0.32742	1.25095	190	156	82.1053
gene_MP003422	0.36741	1.13592	232	206	88.7931
gene_MP003461	0.37839	1.47713	958	158	16.4927
gene_MP003472	0.34771	1.24656	368	70	19.0217
gene_MP003476	0.38889	1.34018	51	34	66.6667
gene_MP003479	0.45080	2.08586	224	127	56.6964
gene_MP003487	0.34936	1.21873	3194	0	0.0000
gene_MP003492	0.36545	1.21464	330	268	81.2121
gene_MP003496	0.32810	1.26070	183	170	92.8962
gene_MP003498	0.34472	1.35041	2686	87	3.2390
gene_MP003502	0.50267	1.63165	112	111	99.1071
gene_MP003522	0.34179	1.00779	102	86	84.3137
gene_MP003540	0.40142	1.63166	74	59	79.7297
gene_MP003554	0.41435	1.34895	50	38	76.0000
gene_MP003583	0.36524	1.26634	3488	132	3.7844
gene_MP003601	0.36391	1.53241	334	305	91.3174
gene_MP003624	0.32742	1.17683	2583	0	0.0000
gene_MP003625	0.38253	1.31034	308	199	64.6104
gene_MP003649	0.32477	1.34350	117	98	83.7607
gene_MP003688	0.38509	1.38368	492	0	0.0000
gene_MP003696	0.36231	1.33769	513	460	89.6686
gene_MP003699	0.33966	1.35892	227	194	85.4626
gene_MP003700	0.39487	1.46911	134	106	79.1045
gene_MP003709	0.30974	1.51288	68	59	86.7647
gene_MP003715	0.51163	1.43439	133	111	83.4586
gene_MP003717	0.37654	1.60086	101	101	100.0000
gene_MP003769	0.48221	1.22683	36	1	2.7778
gene_MP003790	0.36085	1.24047	406	340	83.7438
gene_MP003802	0.37740	1.49581	1138	3	0.2636
gene_MP003836	0.33883	1.16686	67	57	85.0746
gene_MP003848	0.35148	1.08904	255	196	76.8627
gene_MP003869	0.34230	1.30459	227	186	81.9383
gene_MP003870	0.39104	1.55236	1553	314	20.2189
gene_MP003875	0.40453	1.80802	114	102	89.4737
gene_MP003880	0.36415	1.46750	2171	0	0.0000
gene_MP003883	0.34315	1.30652	320	267	83.4375
gene_MP003941	0.36177	1.10150	212	165	77.8302
gene_MP003995	0.34798	1.31104	325	293	90.1538
gene_MP004002	0.33443	1.40609	2025	460	22.7160
gene_MP004037	0.37908	1.26231	338	213	63.0178
gene_MP004055	0.34038	1.05250	126	95	75.3968
gene_MP004088	0.32947	1.20637	381	320	83.9895
gene_MP004118	0.36898	1.44467	203	175	86.2069
gene_MP004254	0.34973	1.32155	440	415	94.3182
gene_MP004267	0.42608	1.17761	119	88	73.9496
gene_MP004288	0.35488	1.19542	1217	137	11.2572
gene_MP004294	0.34228	1.27031	895	564	63.0168
gene_MP004295	0.36614	1.27707	31	0	0.0000
gene_MP004320	0.37089	1.13066	60	9	15.0000
gene_MP004348	0.39949	1.30569	326	313	96.0123
gene_MP004427	0.32441	1.22188	38	31	81.5789
gene_MP004453	0.38815	1.09308	338	0	0.0000
gene_MP004460	0.33258	1.31066	25	20	80.0000
gene_MP004469	0.35726	1.17644	1512	174	11.5079
gene_MP004491	0.44954	1.30228	560	514	91.7857
gene_MP004513	0.31579	1.31379	139	110	79.1367
gene_MP004541	0.30715	1.04720	39	0	0.0000
gene_MP004542	0.36799	1.17058	465	278	59.7849
gene_MP004547	0.34371	1.57306	244	190	77.8689
gene_MP004563	0.37065	1.08880	383	353	92.1671
gene_MP004564	0.34938	1.38756	322	295	91.6149
gene_MP004565	0.39283	1.36516	22	0	0.0000
gene_MP004567	0.38917	1.37513	890	219	24.6067
gene_MP004573	0.38422	1.37658	306	68	22.2222
gene_MP004576	0.32459	1.16104	234	160	68.3761
gene_MP004595	0.35273	0.96192	50	45	90.0000
gene_MP004626	0.32413	1.37977	255	16	6.2745
gene_MP004680	0.38136	1.13736	337	258	76.5579
gene_MP004681	0.37620	1.50619	210	189	90.0000
gene_MP004695	0.35246	1.24827	21	0	0.0000
gene_MP004771	0.35897	1.21071	1069	238	22.2638
gene_MP004786	0.34498	1.25235	219	181	82.6484
gene_MP004805	0.30304	1.41719	110	68	61.8182
gene_MP004826	0.38689	1.41337	179	165	92.1788
gene_MP005077	0.36463	1.33740	232	217	93.5345
gene_MP005081	0.34243	1.24947	1209	0	0.0000
gene_MP005182	0.35729	1.31260	10874	253	2.3267
gene_MP005229	0.34436	1.45594	847	197	23.2586
gene_MP005285	0.45842	0.98919	128	0	0.0000
gene_MP005324	0.35687	1.24807	781	572	73.2394
gene_MP005342	0.42268	1.41709	204	204	100.0000
gene_MP005373	0.36588	1.19184	1176	187	15.9014
gene_MP005401	0.32711	1.18679	140	116	82.8571
gene_MP005419	0.35504	1.43765	191	141	73.8220
gene_MP005475	0.33835	1.24410	1102	0	0.0000
gene_MP005549	0.53247	1.34801	22	0	0.0000
gene_MP005557	0.33754	1.30949	271	231	85.2399
gene_MP005587	0.34314	1.30953	1332	0	0.0000
gene_MP005593	0.34986	1.22523	635	400	62.9921
gene_MP005612	0.33873	1.17056	255	166	65.0980
gene_MP005651	0.32352	1.24556	3798	0	0.0000
gene_MP005694	0.30834	1.31092	3146	32	1.0172
gene_MP005719	0.35764	1.18809	174	128	73.5632
gene_MP005727	0.35902	1.17048	488	466	95.4918
gene_MP005736	0.34308	1.24667	3688	0	0.0000
gene_MP005760	0.37893	1.21187	174	149	85.6322
gene_MP005778	0.36936	1.25578	36	30	83.3333
gene_MP005833	0.38566	1.27173	261	246	94.2529
gene_MP005887	0.37205	1.17232	344	325	94.4767
gene_MP005897	0.34954	1.50655	176	136	77.2727
gene_MP005905	0.49153	1.40041	114	73	64.0351
gene_MP005920	0.35845	1.47393	196	182	92.8571
gene_MP005964	0.33248	1.45362	3323	177	5.3265
gene_MP006032	0.37835	1.42240	103	85	82.5243
gene_MP006123	0.30870	1.32544	48	40	83.3333
gene_MP006144	0.37183	1.43215	838	776	92.6014
gene_MP006148	0.38135	1.31521	124	0	0.0000
gene_MP006166	0.36101	1.28590	236	177	75.0000
gene_MP006252	0.36208	1.11240	189	175	92.5926
gene_MP006306	0.55676	1.34304	172	0	0.0000
gene_MP006314	0.31618	1.33616	3866	0	0.0000
gene_MP006328	0.33233	1.27592	747	643	86.0776
gene_MP006378	0.51744	1.55776	278	230	82.7338
gene_MP006381	0.38476	1.13592	66	63	95.4545
gene_MP006394	0.34986	1.22523	217	157	72.3502
gene_MP006417	0.37572	1.36454	95	72	75.7895
gene_MP006419	0.34176	1.13723	824	711	86.2864
gene_MP006435	0.44737	0.92454	58	58	100.0000
gene_MP006436	0.44258	0.89564	55	55	100.0000
gene_MP006444	0.39929	1.02082	300	257	85.6667
gene_MP006484	0.33686	1.31346	162	158	97.5309
gene_MP006520	0.33258	1.31066	6002	147	2.4492
gene_MP006608	0.33774	1.45605	584	158	27.0548
gene_MP006757	0.43087	1.06596	187	0	0.0000
gene_MP006765	0.34454	1.21514	321	273	85.0467
gene_MP006870	0.37209	1.19002	463	437	94.3844
gene_MP006928	0.34789	1.32851	366	288	78.6885
gene_MP006951	0.34744	1.27714	890	330	37.0787
gene_MP007071	0.47316	1.89269	150	150	100.0000
gene_MP007080	0.34841	1.10580	345	254	73.6232
gene_MP007118	0.35073	1.18828	448	411	91.7411
gene_MP007140	0.35422	1.08570	58	0	0.0000
gene_MP007151	0.35422	1.08570	27	0	0.0000
gene_MP007152	0.32711	1.18679	51	0	0.0000
gene_MP007162	0.35422	1.08570	21	0	0.0000
gene_MP007291	0.34582	1.07408	681	0	0.0000
gene_MP007309	0.38425	1.47079	465	184	39.5699
gene_MP007320	0.35265	1.31380	217	201	92.6267
gene_MP007356	0.35209	1.26774	1041	198	19.0202
gene_MP007385	0.34808	1.12868	842	673	79.9287
gene_MP007420	0.36535	1.35412	310	295	95.1613
gene_MP007423	0.38425	1.47079	194	187	96.3918
gene_MP007486	0.38926	1.28662	152	128	84.2105
gene_MP007532	0.34580	1.23997	9207	0	0.0000
gene_MP007541	0.35280	1.22101	424	0	0.0000
gene_MP007561	0.30483	1.21649	218	178	81.6514
gene_MP007584	0.40947	1.71116	145	125	86.2069
gene_MP007606	0.35269	1.37790	1000	535	53.5000
gene_MP007630	0.39623	1.01163	97	0	0.0000
gene_MP007697	0.31818	1.22024	6079	32	0.5264
gene_MP007734	0.36809	1.26547	926	474	51.1879
gene_MP007776	0.33293	1.16518	612	0	0.0000
gene_MP007886	0.38358	1.50117	262	192	73.2824
gene_MP007888	0.34390	1.12559	430	208	48.3721
gene_MP007974	0.32151	1.24334	11048	0	0.0000
gene_MP007982	0.34877	1.03014	112	98	87.5000
gene_MP007995	0.46234	1.48956	169	161	95.2663
gene_MP008079	0.38214	1.24668	295	167	56.6102
gene_MP008080	0.35635	1.28211	82	78	95.1220
gene_MP008093	0.32719	1.34795	9438	46	0.4874
gene_MP008180	0.37579	1.46738	3321	495	14.9051
gene_MP008192	0.33495	1.39777	1211	635	52.4360
gene_MP008301	0.32219	1.46095	129	115	89.1473
gene_MP008308	0.35635	1.28211	533	490	91.9325
gene_MP008518	0.33073	1.35702	141	117	82.9787
gene_MP008543	0.32842	1.55413	51	46	90.1961
gene_MP008562	0.34587	1.30135	1656	46	2.7778
gene_MP008586	0.35915	1.26245	100	83	83.0000
gene_MP008602	0.34587	1.30135	2668	700	26.2369
gene_MP008619	0.33670	1.10631	379	340	89.7098
gene_MP008641	0.34991	1.16080	457	368	80.5252
gene_MP008657	0.32454	1.23980	3151	0	0.0000
gene_MP008705	0.41275	1.12559	81	0	0.0000
gene_MP008708	0.33938	1.03496	194	113	58.2474
gene_MP008715	0.34514	1.15451	246	0	0.0000
gene_MP008721	0.49864	1.05568	72	58	80.5556
gene_MP008735	0.37665	1.47749	71	50	70.4225
gene_MP008743	0.36553	1.37750	2441	1060	43.4248
gene_MP008776	0.36124	1.32475	622	548	88.1029
gene_MP008795	0.37215	1.27249	663	511	77.0739
gene_MP008856	0.34234	1.19775	124	0	0.0000
gene_MP008935	0.36601	1.15599	724	251	34.6685
gene_MP008939	0.31187	1.20340	178	138	77.5281
gene_MP008943	0.32142	1.30346	521	456	87.5240
gene_MP008961	0.33620	1.26489	2958	0	0.0000
gene_MP009034	0.33527	1.08678	168	77	45.8333
gene_MP009049	0.37109	1.34441	248	217	87.5000
gene_MP009094	0.38081	1.15659	766	97	12.6632
gene_MP009100	0.31187	1.20340	197	169	85.7868
gene_MP009153	0.35226	1.27075	321	237	73.8318
gene_MP009158	0.34983	1.22067	177	0	0.0000
gene_MP009199	0.36438	1.29385	372	342	91.9355
gene_MP009246	0.36135	1.09283	393	232	59.0331
gene_MP009256	0.32413	1.37977	494	447	90.4858
gene_MP009271	0.34983	1.22067	861	0	0.0000
gene_MP009300	0.45565	1.28346	28	0	0.0000
gene_MP009437	0.36833	1.35339	94	83	88.2979
gene_MP009447	0.36833	1.35339	959	426	44.4213
gene_MP009452	0.41559	1.44175	240	186	77.5000
gene_MP009470	0.51397	1.01518	72	0	0.0000
gene_MP009532	0.35162	1.24208	735	169	22.9932
gene_MP009545	0.36409	1.23931	215	150	69.7674
gene_MP009564	0.36134	1.23981	144	139	96.5278
gene_MP009648	0.33965	1.99408	39	38	97.4359
gene_MP009696	0.39984	1.01966	247	68	27.5304
gene_MP009702	0.40448	1.61972	101	91	90.0990
gene_MP009743	0.44118	0.90812	45	0	0.0000
gene_MP009763	0.40259	1.65149	462	72	15.5844
gene_MP009838	0.38052	1.55056	620	519	83.7097
gene_MP010164	0.41350	1.49912	1257	198	15.7518
gene_MP010267	0.37971	1.31989	699	563	80.5436
gene_MP010370	0.42946	1.51705	56	50	89.2857
gene_MP010406	0.40909	1.17028	65	11	16.9231
gene_MP010410	0.32984	1.46667	34	25	73.5294
gene_MP010422	0.40513	0.89380	28	10	35.7143
gene_MP010429	0.47251	1.22436	52	19	36.5385
gene_MP010472	0.37318	1.30808	35	0	0.0000
gene_MP010509	0.47215	1.14939	24	0	0.0000
gene_MP010510	0.42925	1.28391	26	0	0.0000
gene_MP010526	0.39026	1.05415	47	37	78.7234
gene_MP010532	0.31010	1.31308	162	0	0.0000
gene_MP010564	0.35316	1.35672	81	53	65.4321
gene_MP010566	0.30345	1.09846	71	47	66.1972
gene_MP010582	0.33419	1.24063	148	0	0.0000
gene_MP010599	0.30264	1.26910	202	0	0.0000
gene_MP010610	0.39015	0.83415	112	0	0.0000
gene_MP010622	0.53846	1.27764	36	3	8.3333
gene_MP010633	0.35125	1.80318	105	91	86.6667
gene_MP010640	0.51786	1.35353	99	99	100.0000
gene_MP010669	0.33143	1.09713	26	24	92.3077
gene_MP010696	0.35229	1.14844	22	15	68.1818
gene_MP010723	0.51142	1.41377	187	0	0.0000
gene_MP010725	0.37203	1.52078	55	25	45.4545
gene_MP010732	0.32944	1.00609	21	15	71.4286
gene_MP010753	0.34936	1.05712	135	129	95.5556
gene_MP010775	0.32329	1.22448	332	0	0.0000
gene_MP010776	0.32724	1.15380	370	0	0.0000
gene_MP010778	0.45372	1.23056	28	0	0.0000
gene_MP010782	0.40866	1.11697	293	248	84.6416
gene_MP010806	0.32927	1.14854	457	0	0.0000
gene_MP010830	0.41739	1.48481	44	15	34.0909
gene_MP010856	0.32991	1.39666	2470	194	7.8543
gene_MP010863	0.38885	1.18488	66	0	0.0000
gene_MP010900	0.34512	1.55776	23	0	0.0000
gene_MP010903	0.30940	1.25638	567	0	0.0000
gene_MP010904	0.30309	1.25775	357	0	0.0000
gene_MP010945	0.35871	1.13215	34	0	0.0000
gene_MP010951	0.39664	1.14887	102	0	0.0000
gene_MP010967	0.40711	1.50228	255	212	83.1373
gene_MP010976	0.36041	1.25354	333	0	0.0000
gene_MP010983	0.34503	1.51704	275	217	78.9091
gene_MP010985	0.44739	1.21554	1315	0	0.0000
gene_MP010997	0.32388	1.15024	3340	0	0.0000
gene_MP010999	0.38958	1.70128	25	8	32.0000
gene_MP011000	0.33011	1.26097	186	0	0.0000
gene_MP011038	0.34679	1.16178	230	123	53.4783
gene_MP011049	0.33646	1.58976	96	72	75.0000
gene_MP011051	0.37186	1.47217	88	77	87.5000
gene_MP011069	0.45666	1.43729	48	28	58.3333
gene_MP011095	0.34773	1.07597	157	124	78.9809
gene_MP011098	0.34151	1.45604	22	18	81.8182
gene_MP011099	0.35078	1.27058	33	25	75.7576
gene_MP011100	0.33882	1.23698	599	544	90.8180
gene_MP011136	0.49033	1.51823	79	79	100.0000
gene_MP011148	0.33113	1.34451	67	0	0.0000
gene_MP011162	0.34215	1.19362	536	386	72.0149
gene_MP011166	0.36634	1.37251	332	193	58.1325
gene_MP011181	0.36589	1.37218	22	20	90.9091
gene_MP011183	0.38179	1.36115	194	170	87.6289
gene_MP011200	0.33886	1.13979	195	142	72.8205
gene_MP011208	0.34034	1.45587	120	85	70.8333
gene_MP011246	0.33875	1.37133	871	110	12.6292
gene_MP011278	0.33565	1.25540	152	135	88.8158
gene_MP011286	0.33997	1.56875	34	33	97.0588
gene_MP011296	0.34783	1.12982	22	19	86.3636
gene_MP011309	0.34071	1.25070	59	52	88.1356
gene_MP011317	0.33586	1.31169	1035	25	2.4155
gene_MP011335	0.33113	1.34451	961	0	0.0000
gene_MP011371	0.37772	1.15901	447	0	0.0000
gene_MP011390	0.33347	1.29036	3345	0	0.0000
gene_MP011418	0.38519	1.13913	216	173	80.0926
gene_MP011439	0.33105	1.68428	104	84	80.7692
gene_MP011448	0.32033	1.25556	2438	0	0.0000
gene_MP011450	0.57205	1.39092	131	67	51.1450
gene_MP011452	0.36499	1.27870	119	95	79.8319
gene_MP011466	0.31796	1.24394	2826	0	0.0000
gene_MP011476	0.37620	1.32414	98	0	0.0000
gene_MP011480	0.43004	2.20056	79	77	97.4684
gene_MP011488	0.30655	1.60072	64	0	0.0000
gene_MP011497	0.38604	1.30039	344	234	68.0233
gene_MP011500	0.34183	1.32536	59	51	86.4407
gene_MP011505	0.45225	1.30381	37	35	94.5946
gene_MP011506	0.37677	1.65926	91	88	96.7033
gene_MP011513	0.37593	1.42286	149	132	88.5906
gene_MP011517	0.37986	1.12422	219	109	49.7717
gene_MP011531	0.42736	1.62997	1138	0	0.0000
gene_MP011564	0.35011	1.20252	32	32	100.0000
gene_MP011567	0.41622	1.24843	80	46	57.5000
gene_MP011661	0.40763	1.22457	144	0	0.0000
gene_MP011678	0.38221	1.29248	113	96	84.9558
gene_MP011687	0.37689	0.94810	118	0	0.0000
gene_MP011703	0.31934	1.52556	137	89	64.9635
gene_MP011717	0.37257	1.40207	50	18	36.0000
gene_MP011718	0.31818	1.47166	48	37	77.0833
gene_MP011721	0.49058	1.47700	133	70	52.6316
gene_MP011732	0.38365	1.30070	94	76	80.8511
gene_MP011745	0.45657	1.34168	34	14	41.1765
gene_MP011757	0.38231	1.56328	36	29	80.5556
gene_MP011759	0.36042	1.11855	730	0	0.0000
gene_MP011783	0.37121	1.24827	252	140	55.5556
gene_MP011807	0.51772	1.31848	104	48	46.1538
gene_MP011835	0.39735	1.48963	163	147	90.1840
gene_MP011856	0.39366	1.43604	226	151	66.8142
gene_MP011866	0.35439	1.11016	323	284	87.9257
gene_MP011891	0.33393	1.29493	60	44	73.3333
gene_MP011903	0.43658	1.48576	24	24	100.0000
gene_MP011913	0.35403	1.92880	36	17	47.2222
gene_MP011916	0.39188	1.21286	49	37	75.5102
gene_MP011919	0.34105	1.48754	938	0	0.0000
gene_MP011933	0.34287	1.32850	367	314	85.5586
gene_MP011995	0.33379	1.08955	351	0	0.0000
gene_MP012009	0.35042	1.27647	64	41	64.0625
gene_MP012060	0.65324	1.15865	100	39	39.0000
gene_MP012092	0.43242	1.06121	88	76	86.3636
gene_MP012104	0.37931	1.69482	83	59	71.0843
gene_MP012154	0.37034	1.11557	205	189	92.1951
gene_MP012169	0.34232	1.48765	21	7	33.3333
gene_MP012187	0.42740	1.07473	24	12	50.0000
gene_MP012192	0.35067	1.42595	59	0	0.0000
gene_MP012193	0.37898	1.30245	345	160	46.3768
gene_MP012212	0.30893	1.28666	1407	0	0.0000
gene_MP012223	0.29539	1.26554	1561	0	0.0000
gene_MP012227	0.29971	1.18364	1134	0	0.0000
gene_MP012247	0.38792	1.67079	61	59	96.7213
gene_MP012293	0.32535	1.22278	2288	0	0.0000
gene_MP012302	0.49565	1.57309	117	110	94.0171
gene_MP012320	0.34718	1.39382	44	33	75.0000
gene_MP012336	0.55503	1.28919	63	0	0.0000
gene_MP012359	0.30096	1.32206	1450	0	0.0000
gene_MP012375	0.52629	1.40382	177	175	98.8701
gene_MP012376	0.37730	1.56359	1352	67	4.9556
gene_MP012389	0.30081	1.23042	442	0	0.0000
gene_MP012390	0.32130	1.44147	41	40	97.5610
gene_MP012399	0.29971	1.18364	27	0	0.0000
gene_MP012402	0.31247	1.23296	781	0	0.0000
gene_MP012415	0.30192	1.33704	421	0	0.0000
gene_MP012425	0.36023	1.10940	194	149	76.8041
gene_MP012447	0.52768	1.49637	169	99	58.5799
gene_MP012460	0.29908	1.26433	254	0	0.0000
gene_MP012481	0.40385	1.10951	21	13	61.9048
gene_MP012495	0.34360	1.21186	482	358	74.2739
gene_MP012533	0.39908	1.08866	47	0	0.0000
gene_MP012550	0.33574	1.31414	144	138	95.8333
gene_MP012575	0.42273	1.19971	47	46	97.8723
gene_MP012586	0.33796	1.34025	38	36	94.7368
gene_MP012590	0.40935	1.57001	57	48	84.2105
gene_MP012647	0.33967	1.02443	212	178	83.9623
gene_MP012651	0.40313	1.22523	197	99	50.2538
gene_MP012662	0.39779	1.49230	64	64	100.0000
gene_MP012665	0.34296	1.40563	2126	112	5.2681
gene_MP012666	0.37925	1.28368	168	147	87.5000
gene_MP012676	0.34887	1.52814	63	52	82.5397
gene_MP012682	0.34970	1.28316	194	161	82.9897
gene_MP012687	0.33859	1.39015	48	40	83.3333
gene_MP012690	0.34762	1.31038	106	72	67.9245
gene_MP012735	0.39081	1.31748	173	131	75.7225
gene_MP012744	0.39422	1.21064	116	84	72.4138
gene_MP012749	0.34120	1.10156	425	273	64.2353
gene_MP012801	0.42151	1.56912	32	32	100.0000
gene_MP012815	0.32179	1.10528	37	25	67.5676
gene_MP012828	0.61631	1.24238	118	0	0.0000
gene_MP012887	0.36823	1.54038	42	28	66.6667
gene_MP012894	0.38845	1.60289	69	49	71.0145
gene_MP012901	0.46491	1.29933	87	0	0.0000
gene_MP012904	0.42045	1.77030	52	51	98.0769
gene_MP012943	0.34429	1.26662	500	365	73.0000
gene_MP012947	0.35276	1.33388	1877	66	3.5162
gene_MP012965	0.38591	1.39140	180	179	99.4444
gene_MP012990	0.37248	1.13542	424	318	75.0000
gene_MP012991	0.36457	1.67088	106	77	72.6415
gene_MP012998	0.38516	1.33421	42	24	57.1429
gene_MP013002	0.35225	1.03127	155	118	76.1290
gene_MP013010	0.34452	1.36085	156	118	75.6410
gene_MP013020	0.30948	1.30413	4359	0	0.0000
gene_MP013025	0.35370	1.18139	214	179	83.6449
gene_MP013026	0.32509	1.30039	965	0	0.0000
gene_MP013047	0.34446	1.25596	366	239	65.3005
gene_MP013072	0.32680	1.60606	271	0	0.0000
gene_MP013076	0.36409	1.19458	172	141	81.9767
gene_MP013084	0.52521	1.07083	104	16	15.3846
gene_MP013098	0.37711	1.55881	38	29	76.3158
gene_MP013129	0.40248	1.02657	338	26	7.6923
gene_MP013196	0.41631	1.69966	102	88	86.2745
gene_MP013198	0.33732	1.34336	182	127	69.7802
gene_MP013213	0.35963	0.98492	157	115	73.2484
gene_MP013216	0.43724	1.61828	349	42	12.0344
gene_MP013217	0.37833	1.56897	112	60	53.5714
gene_MP013223	0.38852	1.65010	1465	24	1.6382
gene_MP013229	0.33294	1.48299	279	240	86.0215
gene_MP013230	0.34374	1.58994	428	412	96.2617
gene_MP013255	0.37447	1.22466	422	368	87.2038
gene_MP013274	0.32072	1.31609	75	70	93.3333
gene_MP013291	0.38987	1.51515	200	185	92.5000
gene_MP013317	0.33996	1.24587	478	0	0.0000
gene_MP013320	0.34659	1.38089	61	58	95.0820
gene_MP013342	0.31295	1.29564	638	0	0.0000
gene_MP013343	0.32501	1.23640	1817	0	0.0000
gene_MP013349	0.34359	1.35447	5872	448	7.6294
gene_MP013352	0.32334	1.33012	421	0	0.0000
gene_MP013358	0.37610	1.05860	213	0	0.0000
gene_MP013363	0.49831	1.16711	64	0	0.0000
gene_MP013368	0.29790	1.00346	222	0	0.0000
gene_MP013383	0.43106	1.64861	101	96	95.0495
gene_MP013409	0.34479	1.24345	277	122	44.0433
gene_MP013441	0.38491	1.33418	894	798	89.2617
gene_MP013479	0.40602	1.40407	23	23	100.0000
gene_MP013505	0.36063	1.29356	835	0	0.0000
gene_MP013594	0.33131	1.38881	912	0	0.0000
gene_MP013611	0.34923	1.26377	185	168	90.8108
gene_MP013612	0.32015	1.19645	1473	0	0.0000
gene_MP013638	0.37690	1.43390	640	373	58.2812
gene_MP013706	0.34765	1.41806	269	103	38.2900
gene_MP013738	0.36315	0.95588	95	0	0.0000
gene_MP013751	0.36137	1.33060	182	114	62.6374
gene_MP013806	0.40020	1.41051	172	147	85.4651
gene_MP013847	0.47639	1.49759	221	216	97.7376
gene_MP013868	0.33233	1.25580	21	21	100.0000
gene_MP013877	0.36616	1.37290	225	116	51.5556
gene_MP013892	0.36149	1.34896	413	379	91.7676
gene_MP013893	0.33467	1.41800	197	166	84.2640
gene_MP013894	0.35319	1.04181	229	0	0.0000
gene_MP013986	0.32279	1.46135	56	40	71.4286
gene_MP013995	0.42883	1.51916	76	76	100.0000
gene_MP013998	0.37673	1.02846	47	32	68.0851
gene_MP014007	0.65731	1.58579	766	0	0.0000
gene_MP014008	0.47934	0.95462	53	9	16.9811
gene_MP014042	0.36616	1.37290	203	168	82.7586
gene_MP014066	0.54060	0.87336	29	0	0.0000
gene_MP014070	0.36892	1.41282	65	49	75.3846
gene_MP014081	0.33385	1.55699	82	82	100.0000
gene_MP014137	0.32007	1.42794	629	529	84.1017
gene_MP014159	0.34423	1.30253	256	162	63.2812
gene_MP014220	0.35833	1.35680	55	51	92.7273
gene_MP014331	0.56398	1.46919	143	91	63.6364
gene_MP014418	0.32185	1.24787	223	147	65.9193
gene_MP014522	0.40343	1.56529	59	59	100.0000
gene_MP014598	0.37203	1.16468	446	431	96.6368
gene_MP014613	0.35795	1.29369	487	443	90.9651
gene_MP014615	0.42927	1.74041	985	798	81.0152
gene_MP014623	0.42314	1.08044	160	56	35.0000
gene_MP014656	0.37314	1.08385	223	22	9.8655
gene_MP014657	0.39177	1.18548	21	20	95.2381
gene_MP014660	0.35569	1.30094	135	0	0.0000
gene_MP014688	0.38697	1.22042	249	214	85.9438
gene_MP014714	0.37967	1.60862	45	43	95.5556
gene_MP014742	0.39503	1.30102	184	184	100.0000
gene_MP014790	0.36632	1.46253	108	72	66.6667
gene_MP014832	0.37309	1.18780	127	0	0.0000
gene_MP014848	0.43134	1.62464	121	73	60.3306
gene_MP014850	0.36419	1.37984	44	23	52.2727
gene_MP014902	0.36140	1.23218	346	303	87.5723
gene_MP014958	0.35795	1.29369	412	336	81.5534
gene_MP014966	0.33180	1.33082	4779	0	0.0000
gene_MP014982	0.43614	1.29604	51	34	66.6667
gene_MP015000	0.35108	1.36510	2408	291	12.0847
gene_MP015084	0.35819	0.96815	169	0	0.0000
gene_MP015101	0.36981	1.88245	413	413	100.0000
gene_MP015213	0.34151	1.43065	42	23	54.7619
gene_MP015223	0.31849	1.18412	1134	0	0.0000
gene_MP015291	0.35009	1.19620	39	0	0.0000
gene_MP015298	0.35343	1.18803	1208	312	25.8278
gene_MP015318	0.35432	1.46653	37	11	29.7297
gene_MP015347	0.35180	1.37097	58	43	74.1379
gene_MP015354	0.39377	1.11778	766	0	0.0000
gene_MP015432	0.35224	1.37677	618	457	73.9482
gene_MP015486	0.35609	1.32449	340	42	12.3529
gene_MP015523	0.34750	1.37486	168	139	82.7381
gene_MP015536	0.33162	1.44046	209	0	0.0000
gene_MP015568	0.32392	1.26541	903	0	0.0000
gene_MP015648	0.32853	1.35251	2652	0	0.0000
gene_MP015722	0.34870	1.29479	251	92	36.6534
gene_MP015778	0.35746	1.19564	235	209	88.9362
gene_MP015796	0.37428	1.60786	97	93	95.8763
gene_MP015852	0.37518	0.91368	59	0	0.0000
gene_MP015857	0.37494	0.91313	44	0	0.0000
gene_MP015877	0.35088	1.28675	90	66	73.3333
gene_MP015896	0.34605	1.06109	288	166	57.6389
gene_MP015990	0.40464	1.21645	451	242	53.6585
gene_MP016037	0.34998	1.13111	1130	0	0.0000
gene_MP016066	0.33491	1.16598	609	0	0.0000
gene_MP016069	0.34998	1.13111	810	0	0.0000
gene_MP016091	0.33899	1.28236	6057	63	1.0401
gene_MP016095	0.40449	1.22220	44	0	0.0000
gene_MP016111	0.41128	1.46963	68	63	92.6471
gene_MP016180	0.34043	1.37985	43	39	90.6977
gene_MP016190	0.38423	1.32903	420	356	84.7619
gene_MP016237	0.31348	1.28496	70	0	0.0000
gene_MP016250	0.41540	1.71101	1204	0	0.0000
gene_MP016263	0.37389	1.15816	132	121	91.6667
gene_MP016279	0.31353	1.27039	108	0	0.0000
gene_MP016364	0.38073	1.54747	34	34	100.0000
gene_MP016413	0.38701	1.21914	124	0	0.0000
gene_MP016492	0.34428	1.43971	433	53	12.2402
gene_MP016529	0.36205	1.41557	137	127	92.7007
gene_MP016531	0.34704	1.10838	165	98	59.3939
gene_MP016597	0.35034	1.26544	63	45	71.4286
gene_MP016648	0.30597	1.37296	56	44	78.5714
gene_MP016666	0.49721	1.61168	196	144	73.4694
gene_MP016677	0.31853	1.22480	113	105	92.9204
gene_MP016716	0.34029	1.09367	206	136	66.0194
gene_MP016753	0.38792	1.70487	62	62	100.0000
gene_MP016845	0.32545	1.28521	111	63	56.7568
gene_MP016850	0.43356	1.05735	38	0	0.0000
gene_MP016922	0.33672	1.21345	220	125	56.8182
gene_MP016928	0.35515	1.11106	560	0	0.0000
gene_MP016933	0.36477	1.14618	462	333	72.0779
gene_MP016947	0.39503	1.26848	366	69	18.8525
gene_MP016952	0.33608	1.26726	1110	231	20.8108
gene_MP016975	0.39394	1.05439	255	248	97.2549
gene_MP016976	0.34672	1.26942	410	253	61.7073
gene_MP016990	0.34647	1.51034	485	286	58.9691
gene_MP017041	0.36473	1.10565	299	38	12.7090
gene_MP017046	0.34750	1.37486	774	106	13.6951
gene_MP017054	0.35967	1.30774	44	0	0.0000
gene_MP017057	0.33504	1.29829	2347	0	0.0000
gene_MP017060	0.35967	1.30774	96	69	71.8750
gene_MP017069	0.39394	1.75620	67	66	98.5075
gene_MP017096	0.36900	1.09745	119	100	84.0336
gene_MP017111	0.35962	1.08414	65	40	61.5385
gene_MP017115	0.40543	1.01754	40	0	0.0000
gene_MP017128	0.37708	1.54828	1634	82	5.0184
gene_MP017144	0.33400	1.16042	225	170	75.5556
gene_MP017179	0.37662	1.48980	789	747	94.6768
gene_MP017182	0.34809	1.20215	484	0	0.0000
gene_MP017253	0.38354	1.18589	224	192	85.7143
gene_MP017254	0.30994	1.48591	140	0	0.0000
gene_MP017356	0.33685	1.24269	1467	0	0.0000
gene_MP017396	0.34260	1.25897	267	0	0.0000
gene_MP017398	0.39410	0.78800	22	0	0.0000
gene_MP017411	0.41063	0.89014	31	0	0.0000
gene_MP017663	0.50131	0.79549	20	0	0.0000
gene_MP017725	0.37097	1.72259	202	119	58.9109
gene_MP017788	0.34742	1.44971	241	169	70.1245
gene_MP017815	0.35477	1.10876	64	59	92.1875
gene_MP017848	0.35180	1.22180	695	0	0.0000
gene_MP017908	0.41409	1.20966	60	0	0.0000
gene_MP017923	0.41957	1.34223	91	0	0.0000
gene_MP017947	0.34816	1.18625	303	279	92.0792
gene_MP017992	0.36724	1.41727	1623	1043	64.2637
gene_MP018004	0.33462	1.28805	181	6	3.3149
gene_MP018018	0.38952	1.30943	214	79	36.9159
gene_MP018089	0.78849	1.24776	220	0	0.0000
gene_MP018142	0.46961	1.37428	192	184	95.8333
gene_MP018163	0.37138	1.51329	3161	53	1.6767
gene_MP018173	0.38080	1.56780	43	0	0.0000
gene_MP018193	0.37138	1.51329	149	134	89.9329
gene_MP018197	0.38869	1.38485	160	151	94.3750
gene_MP018300	0.43030	1.41758	43	20	46.5116
gene_MP000001	0.34700	1.25377	231	201	87.0130
gene_MP000029	0.45719	1.08327	74	58	78.3784
gene_MP000031	0.40516	1.40364	342	0	0.0000
gene_MP000040	0.33682	1.36823	178	131	73.5955
gene_MP000059	0.59829	1.14563	47	0	0.0000
gene_MP000062	0.54854	1.34961	305	243	79.6721
gene_MP000105	0.35875	1.38118	139	0	0.0000
gene_MP000180	0.36690	1.10877	252	157	62.3016
gene_MP000222	0.41706	1.53253	125	111	88.8000
gene_MP000224	0.35277	1.44121	1191	486	40.8060
gene_MP000238	0.37029	1.13763	122	108	88.5246
gene_MP000279	0.33329	1.20695	207	0	0.0000
gene_MP000305	0.37719	1.26336	333	282	84.6847
gene_MP000335	0.36071	1.22636	274	236	86.1314
gene_MP000341	0.35452	1.27568	1166	59	5.0600
gene_MP000345	0.53964	1.31135	118	65	55.0847
gene_MP000346	0.36818	1.22615	774	186	24.0310
gene_MP000352	0.35974	1.54405	318	306	96.2264
gene_MP000359	0.34933	1.24572	57	39	68.4211
gene_MP000363	0.34097	1.35697	3075	331	10.7642
gene_MP000374	0.37892	1.30728	77	58	75.3247
gene_MP000389	0.41330	1.79846	97	97	100.0000
gene_MP000424	0.36863	1.12416	307	0	0.0000
gene_MP000459	0.40324	1.16184	137	0	0.0000
gene_MP000501	0.34149	1.12996	132	115	87.1212
gene_MP000508	0.36380	1.53632	592	486	82.0946
gene_MP000513	0.39381	1.02529	369	350	94.8509
gene_MP000543	0.35914	1.45827	4246	0	0.0000
gene_MP000694	0.29566	1.48662	321	114	35.5140
gene_MP000729	0.37085	1.11331	426	228	53.5211
gene_MP000908	0.33123	1.24877	472	195	41.3136
gene_MP000975	0.31772	1.34906	1208	67	5.5464
gene_MP000998	0.32327	1.35407	5872	544	9.2643
gene_MP001003	0.34737	1.26552	392	363	92.6020
gene_MP001012	0.32204	1.28445	3230	50	1.5480
gene_MP001108	0.35097	1.48579	645	36	5.5814
gene_MP001136	0.35654	1.35209	1129	411	36.4039
gene_MP001227	0.33952	1.45709	2846	426	14.9684
gene_MP001265	0.30769	1.23094	2743	0	0.0000
gene_MP001326	0.34903	1.32707	30	30	100.0000
gene_MP001359	0.34944	1.32738	2357	624	26.4743
gene_MP001362	0.42352	1.20355	169	0	0.0000
gene_MP001370	0.35701	1.04257	261	216	82.7586
gene_MP001409	0.33997	1.20145	1135	1038	91.4537
gene_MP001434	0.32793	1.07972	211	175	82.9384
gene_MP001451	0.33347	1.39341	1358	0	0.0000
gene_MP001459	0.34091	1.14979	395	318	80.5063
gene_MP001506	0.32917	1.52413	308	287	93.1818
gene_MP001510	0.31406	1.26703	228	154	67.5439
gene_MP001512	0.36590	1.07792	233	178	76.3948
gene_MP001531	0.34059	1.19169	189	3	1.5873
gene_MP001537	0.42073	1.23400	156	154	98.7179
gene_MP001559	0.35783	1.21731	212	169	79.7170
gene_MP001564	0.37189	1.30219	230	172	74.7826
gene_MP001609	0.37202	1.25610	58	56	96.5517
gene_MP001628	0.36872	1.09777	187	142	75.9358
gene_MP001645	0.42151	1.06529	22	14	63.6364
gene_MP001654	0.39491	1.31093	257	223	86.7704
gene_MP001661	0.36667	1.69571	29	15	51.7241
gene_MP001663	0.33243	1.17841	276	186	67.3913
gene_MP001672	0.36013	1.21254	219	165	75.3425
gene_MP001716	0.42045	1.51979	153	72	47.0588
gene_MP001743	0.31928	1.22872	2537	593	23.3741
gene_MP001767	0.37412	1.42957	439	350	79.7267
gene_MP001768	0.32540	1.19312	348	127	36.4943
gene_MP001775	0.33570	1.04282	195	0	0.0000
gene_MP001839	0.32310	1.18035	217	0	0.0000
gene_MP001860	0.33317	1.10936	620	546	88.0645
gene_MP001863	0.36630	1.38313	63	55	87.3016
gene_MP001885	0.33508	1.05961	335	244	72.8358
gene_MP001912	0.32741	1.24172	6394	136	2.1270
gene_MP001937	0.36154	1.72619	29	29	100.0000
gene_MP001945	0.36527	1.12670	379	306	80.7388
gene_MP001950	0.33654	1.07017	432	95	21.9907
gene_MP001955	0.32572	1.56741	95	82	86.3158
gene_MP001973	0.33009	1.22241	468	145	30.9829
gene_MP001976	0.37929	1.43086	247	235	95.1417
gene_MP001982	0.37426	1.20029	128	118	92.1875
gene_MP002001	0.34955	0.93417	51	26	50.9804
gene_MP002029	0.36943	1.35162	238	119	50.0000
gene_MP002042	0.33594	1.32360	6633	49	0.7387
gene_MP002045	0.34421	1.07810	170	154	90.5882
gene_MP002074	0.42512	1.71511	1396	774	55.4441
gene_MP002085	0.35366	1.24194	217	189	87.0968
gene_MP002096	0.48756	1.36618	127	65	51.1811
gene_MP002145	0.33123	1.21740	70	70	100.0000
gene_MP002156	0.31824	1.12675	22	11	50.0000
gene_MP002167	0.33079	1.32335	66	65	98.4848
gene_MP002170	0.36709	1.58422	42	27	64.2857
gene_MP002172	0.36936	1.40143	3048	94	3.0840
gene_MP002181	0.37202	1.39360	546	0	0.0000
gene_MP002184	0.36881	1.16503	280	267	95.3571
gene_MP002190	0.33325	0.89737	98	76	77.5510
gene_MP002203	0.35789	1.01693	241	203	84.2324
gene_MP002223	0.34694	1.08238	316	263	83.2278
gene_MP002295	0.34112	1.07892	165	129	78.1818
gene_MP002298	0.34627	1.36470	84	78	92.8571
gene_MP002328	0.33517	1.19597	170	90	52.9412
gene_MP002344	0.34972	1.41500	2508	83	3.3094
gene_MP002351	0.31718	1.05744	277	200	72.2022
gene_MP002382	0.41980	1.07954	24	3	12.5000
gene_MP002385	0.32472	1.09907	250	171	68.4000
gene_MP002412	0.35465	1.12625	278	173	62.2302
gene_MP002426	0.33867	1.03831	132	121	91.6667
gene_MP002455	0.32689	1.28307	23	16	69.5652
gene_MP002499	0.32449	1.23296	97	57	58.7629
gene_MP002511	0.31751	1.25142	87	69	79.3103
gene_MP002543	0.72348	0.93369	32	0	0.0000
gene_MP002567	0.30729	1.25922	2505	0	0.0000
gene_MP002611	0.35756	1.03187	140	102	72.8571
gene_MP002612	0.38315	0.99803	167	148	88.6228
gene_MP002628	0.37553	1.45285	146	102	69.8630
gene_MP002638	0.33055	1.48861	34	20	58.8235
gene_MP002658	0.35952	1.11397	79	74	93.6709
gene_MP002682	0.67959	1.18657	53	0	0.0000
gene_MP002744	0.37363	1.09298	205	158	77.0732
gene_MP002767	0.38984	1.90086	390	387	99.2308
gene_MP002774	0.34295	1.28151	47	38	80.8511
gene_MP002775	0.34448	0.94574	39	34	87.1795
gene_MP002793	0.33654	1.59927	273	238	87.1795
gene_MP002817	0.31514	1.13007	25	0	0.0000
gene_MP002838	0.38286	1.32553	33	33	100.0000
gene_MP002873	0.31276	1.16400	68	50	73.5294
gene_MP002883	0.33065	1.18771	32	19	59.3750
gene_MP002888	0.33413	0.87615	235	133	56.5957
gene_MP002897	0.43657	1.75558	152	140	92.1053
gene_MP002942	0.30511	1.21683	4317	0	0.0000
gene_MP002953	0.40933	1.52985	723	154	21.3001
gene_MP002963	0.53431	1.18111	51	15	29.4118
gene_MP003002	0.34438	1.19982	132	125	94.6970
gene_MP003013	0.41111	1.16279	22	19	86.3636
gene_MP003056	0.37139	1.21183	388	377	97.1649
gene_MP003059	0.33177	1.15920	122	0	0.0000
gene_MP003076	0.39766	1.16976	57	53	92.9825
gene_MP003088	0.35024	1.11913	154	0	0.0000
gene_MP003092	0.36618	1.07755	427	390	91.3349
gene_MP003099	0.31647	1.30576	199	138	69.3467
gene_MP003130	0.40998	1.24845	104	66	63.4615
gene_MP003166	0.57599	1.47786	144	79	54.8611
gene_MP003201	0.37341	1.05112	167	139	83.2335
gene_MP003228	0.36385	1.12014	62	0	0.0000
gene_MP003232	0.32727	1.37939	199	180	90.4523
gene_MP003251	0.35242	1.41227	134	134	100.0000
gene_MP003252	0.31235	1.16431	23	0	0.0000
gene_MP003257	0.37860	1.24654	217	184	84.7926
gene_MP003258	0.29680	1.43706	559	0	0.0000
gene_MP003271	0.38894	1.11357	83	83	100.0000
gene_MP003282	0.33299	1.30289	314	291	92.6752
gene_MP003300	0.37186	1.58858	358	259	72.3464
gene_MP003353	0.32804	1.24185	151	0	0.0000
gene_MP003358	0.38357	1.25873	490	435	88.7755
gene_MP003401	0.31330	1.41882	2341	0	0.0000
gene_MP003417	0.47051	1.46053	185	145	78.3784
gene_MP003451	0.35930	0.94149	140	128	91.4286
gene_MP003458	0.36193	1.23376	24	24	100.0000
gene_MP003466	0.33427	1.01654	101	79	78.2178
gene_MP003491	0.33423	1.25863	2454	398	16.2184
gene_MP003495	0.40632	1.27951	177	145	81.9209
gene_MP003521	0.35002	1.23367	418	329	78.7081
gene_MP003534	0.37882	1.19846	322	251	77.9503
gene_MP003557	0.29569	1.53381	69	66	95.6522
gene_MP003558	0.32623	1.21791	1020	270	26.4706
gene_MP003561	0.31669	1.33580	3047	0	0.0000
gene_MP003564	0.36130	1.15154	451	391	86.6962
gene_MP003568	0.37855	1.23281	282	0	0.0000
gene_MP003582	0.31949	0.96008	27	24	88.8889
gene_MP003593	0.33663	1.37910	443	0	0.0000
gene_MP003596	0.31809	1.52941	2033	0	0.0000
gene_MP003638	0.55417	1.68454	280	10	3.5714
gene_MP003687	0.36874	1.42115	184	131	71.1957
gene_MP003698	0.31690	1.37997	67	55	82.0896
gene_MP003716	0.47667	1.47052	148	148	100.0000
gene_MP003760	0.57207	1.31240	143	89	62.2378
gene_MP003772	0.34581	1.19320	221	184	83.2579
gene_MP003773	0.33645	0.96788	271	203	74.9077
gene_MP003822	0.35231	1.18994	329	192	58.3587
gene_MP003824	0.34563	1.02443	276	207	75.0000
gene_MP003829	0.35529	1.30329	216	205	94.9074
gene_MP003841	0.39924	1.28419	228	200	87.7193
gene_MP003844	0.31177	1.29184	8031	0	0.0000
gene_MP003846	0.31344	1.37250	244	0	0.0000
gene_MP003860	0.32006	0.80423	39	37	94.8718
gene_MP003863	0.37315	0.97456	163	150	92.0245
gene_MP003878	0.52485	1.16306	66	39	59.0909
gene_MP003886	0.33403	1.42803	210	150	71.4286
gene_MP003887	0.37550	1.46201	51	0	0.0000
gene_MP003889	0.38567	1.33331	454	1	0.2203
gene_MP003903	0.33537	1.35037	24	23	95.8333
gene_MP003915	0.34819	0.99554	95	10	10.5263
gene_MP003934	0.33681	1.21834	66	49	74.2424
gene_MP003945	0.33706	1.31017	2577	0	0.0000
gene_MP003953	0.42443	1.38059	118	0	0.0000
gene_MP003959	0.31048	1.23170	2018	0	0.0000
gene_MP003969	0.40594	1.77851	37	28	75.6757
gene_MP003970	0.34725	0.98007	391	278	71.0997
gene_MP004005	0.36088	1.46115	25	25	100.0000
gene_MP004007	0.35697	1.36499	1610	0	0.0000
gene_MP004046	0.35582	1.03777	389	334	85.8612
gene_MP004058	0.35905	1.68673	851	154	18.0964
gene_MP004092	0.31358	1.02923	169	111	65.6805
gene_MP004098	0.36636	1.24985	530	178	33.5849
gene_MP004110	0.70435	1.14515	98	0	0.0000
gene_MP004123	0.34932	1.26531	1065	84	7.8873
gene_MP004137	0.36501	1.13623	191	130	68.0628
gene_MP004142	0.34098	1.30200	244	159	65.1639
gene_MP004147	0.39394	1.21846	156	115	73.7179
gene_MP004168	0.35394	1.37700	174	148	85.0575
gene_MP004181	0.31243	1.07735	89	0	0.0000
gene_MP004188	0.34016	1.26709	475	0	0.0000
gene_MP004192	0.31420	1.24559	247	0	0.0000
gene_MP004213	0.33594	1.32360	2880	91	3.1597
gene_MP004231	0.31894	1.26935	4045	0	0.0000
gene_MP004237	0.46811	1.21838	95	67	70.5263
gene_MP004261	0.37151	1.24242	763	662	86.7628
gene_MP004284	0.36112	1.31704	64	61	95.3125
gene_MP004301	0.36128	1.19426	30	25	83.3333
gene_MP004318	0.35183	1.19943	26	26	100.0000
gene_MP004325	0.35894	1.10863	125	8	6.4000
gene_MP004336	0.34360	1.14999	356	284	79.7753
gene_MP004350	0.39828	1.54173	149	95	63.7584
gene_MP004607	0.35202	1.06692	205	92	44.8780
gene_MP004613	0.33559	1.13987	839	318	37.9023
gene_MP004644	0.35281	1.22652	254	0	0.0000
gene_MP004656	0.37695	1.22959	495	476	96.1616
gene_MP004700	0.38913	1.25237	844	799	94.6682
gene_MP004703	0.33942	1.49960	106	55	51.8868
gene_MP004842	0.33884	1.27943	52	46	88.4615
gene_MP004905	0.33131	1.31497	381	286	75.0656
gene_MP004906	0.32760	1.19933	43	31	72.0930
gene_MP004925	0.38698	1.41878	119	83	69.7479
gene_MP004929	0.36530	1.21093	157	153	97.4522
gene_MP004931	0.33637	1.26087	986	0	0.0000
gene_MP004981	0.33370	1.18239	1767	0	0.0000
gene_MP004982	0.56693	1.31334	186	158	84.9462
gene_MP004985	0.33548	1.29677	658	0	0.0000
gene_MP005056	0.31849	1.31340	132	103	78.0303
gene_MP005064	0.31258	1.32971	2559	29	1.1333
gene_MP005070	0.33222	1.36891	324	0	0.0000
gene_MP005202	0.37820	1.31379	322	289	89.7516
gene_MP005206	0.36091	1.15533	129	118	91.4729
gene_MP005274	0.36307	1.40722	103	83	80.5825
gene_MP005321	0.42908	1.23792	224	0	0.0000
gene_MP005336	0.37029	1.25901	530	493	93.0189
gene_MP005337	0.32398	1.28396	1171	0	0.0000
gene_MP005341	0.36808	1.13859	210	87	41.4286
gene_MP005406	0.33561	1.07982	200	0	0.0000
gene_MP005426	0.35315	1.20683	581	481	82.7883
gene_MP005477	0.31919	1.19718	207	0	0.0000
gene_MP005482	0.32938	1.18655	252	207	82.1429
gene_MP005484	0.33595	1.44590	78	62	79.4872
gene_MP005522	0.36089	1.13824	102	94	92.1569
gene_MP005559	0.50000	1.52545	42	42	100.0000
gene_MP005576	0.49082	1.29807	132	0	0.0000
gene_MP005577	0.49023	1.29129	131	0	0.0000
gene_MP005594	0.32925	1.08842	354	0	0.0000
gene_MP005672	0.42134	1.85645	135	112	82.9630
gene_MP005712	0.41682	1.64001	76	75	98.6842
gene_MP005716	0.39455	1.62157	190	189	99.4737
gene_MP005745	0.35544	1.14245	291	206	70.7904
gene_MP005781	0.35834	1.37023	1032	176	17.0543
gene_MP005885	0.42486	1.32639	376	367	97.6064
gene_MP005941	0.33770	1.15447	269	218	81.0409
gene_MP005968	0.32876	1.51442	143	0	0.0000
gene_MP005985	0.33206	0.92996	47	34	72.3404
gene_MP005992	0.36088	1.46115	877	721	82.2121
gene_MP005993	0.36053	1.23614	1030	71	6.8932
gene_MP006031	0.33316	1.34959	291	270	92.7835
gene_MP006096	0.35254	1.28472	469	385	82.0896
gene_MP006097	0.36319	1.15704	342	198	57.8947
gene_MP006126	0.34450	1.21425	632	489	77.3734
gene_MP006129	0.32733	1.26679	3876	0	0.0000
gene_MP006156	0.37646	1.29751	244	157	64.3443
gene_MP006169	0.37762	1.08235	1084	0	0.0000
gene_MP006178	0.33962	1.29500	842	0	0.0000
gene_MP006312	0.32354	1.31031	101	84	83.1683
gene_MP006340	0.32254	1.39978	49	47	95.9184
gene_MP006371	0.32187	1.32910	6483	116	1.7893
gene_MP006374	0.40337	1.83133	97	44	45.3608
gene_MP006408	0.36164	0.89892	155	129	83.2258
gene_MP006445	0.36804	1.28303	174	157	90.2299
gene_MP006450	0.36719	1.54504	3078	0	0.0000
gene_MP006490	0.34564	1.35529	159	122	76.7296
gene_MP006525	0.39443	1.05569	166	144	86.7470
gene_MP006540	0.35435	1.59335	209	121	57.8947
gene_MP006591	0.35260	1.06465	142	111	78.1690
gene_MP006644	0.45842	1.29544	196	0	0.0000
gene_MP006724	0.34350	1.35042	2763	44	1.5925
gene_MP006732	0.32288	1.20424	302	263	87.0861
gene_MP006767	0.46846	1.14646	198	0	0.0000
gene_MP006776	0.59825	1.57133	466	395	84.7639
gene_MP007102	0.43863	1.67242	204	0	0.0000
gene_MP007112	0.57365	1.62848	343	0	0.0000
gene_MP007119	0.36162	0.96952	221	176	79.6380
gene_MP007157	0.40000	1.47862	153	134	87.5817
gene_MP007216	0.34049	1.20333	570	494	86.6667
gene_MP007226	0.34370	1.14171	74	27	36.4865
gene_MP007239	0.37445	1.00179	392	371	94.6429
gene_MP007273	0.33950	1.40316	252	53	21.0317
gene_MP007293	0.29891	1.21470	159	7	4.4025
gene_MP007297	0.39122	1.33094	671	581	86.5872
gene_MP007314	0.34354	1.36230	1735	326	18.7896
gene_MP007315	0.33625	1.27673	1660	524	31.5663
gene_MP007342	0.35026	1.13330	492	156	31.7073
gene_MP007395	0.32723	1.15951	215	169	78.6047
gene_MP007406	0.34168	1.21605	985	549	55.7360
gene_MP007526	0.35546	1.10543	557	500	89.7666
gene_MP007554	0.37386	1.13245	352	325	92.3295
gene_MP007556	0.33136	1.20151	289	228	78.8927
gene_MP007599	0.32489	1.60869	40	30	75.0000
gene_MP007639	0.32985	1.21553	1760	0	0.0000
gene_MP007643	0.36252	1.30785	810	77	9.5062
gene_MP007706	0.43813	0.96692	174	0	0.0000
gene_MP007766	0.37443	1.22128	578	0	0.0000
gene_MP007772	0.33847	1.41912	100	88	88.0000
gene_MP007872	0.37786	1.22395	411	167	40.6326
gene_MP007910	0.33847	1.41912	374	313	83.6898
gene_MP007912	0.32334	1.22064	506	0	0.0000
gene_MP007994	0.37604	1.12108	313	284	90.7348
gene_MP008020	0.37203	1.27706	52	0	0.0000
gene_MP008034	0.38705	1.42231	912	876	96.0526
gene_MP008046	0.46418	1.35917	101	64	63.3663
gene_MP008047	0.34216	1.51212	3688	14	0.3796
gene_MP008133	0.38164	1.76269	118	118	100.0000
gene_MP008155	0.35499	1.64860	195	188	96.4103
gene_MP008163	0.38904	1.34786	109	91	83.4862
gene_MP008189	0.33843	1.18362	177	110	62.1469
gene_MP008225	0.32575	1.08494	24	19	79.1667
gene_MP008258	0.33006	0.99567	181	86	47.5138
gene_MP008262	0.32266	1.62765	781	0	0.0000
gene_MP008285	0.35970	1.15348	531	0	0.0000
gene_MP008289	0.33195	1.53903	24	24	100.0000
gene_MP008330	0.34310	1.18693	226	209	92.4779
gene_MP008360	0.32316	1.14587	194	131	67.5258
gene_MP008401	0.32823	1.32575	555	0	0.0000
gene_MP008412	0.32301	1.35760	3031	0	0.0000
gene_MP008468	0.34458	1.21149	615	560	91.0569
gene_MP008555	0.35337	1.15330	330	287	86.9697
gene_MP008600	0.34222	1.21668	1406	217	15.4339
gene_MP008752	0.33863	1.22533	44	28	63.6364
gene_MP008767	0.55818	0.92067	45	0	0.0000
gene_MP008811	0.31347	1.26018	109	96	88.0734
gene_MP008899	0.30111	1.20768	32	18	56.2500
gene_MP008930	0.37763	1.23969	21	0	0.0000
gene_MP008972	0.34724	1.15788	270	42	15.5556
gene_MP009057	0.35827	1.28543	167	44	26.3473
gene_MP009069	0.33527	1.18852	320	293	91.5625
gene_MP009161	0.46847	1.14664	2682	0	0.0000
gene_MP009167	0.34702	1.52487	59	47	79.6610
gene_MP009173	0.31951	1.34703	5995	0	0.0000
gene_MP009175	0.34914	1.26649	538	331	61.5242
gene_MP009194	0.35186	1.34850	173	142	82.0809
gene_MP009214	0.39005	1.36791	88	0	0.0000
gene_MP009222	0.54938	1.61060	377	0	0.0000
gene_MP009231	0.54970	1.61638	137	0	0.0000
gene_MP009233	0.54906	1.61523	378	0	0.0000
gene_MP009241	0.33007	1.40793	662	0	0.0000
gene_MP009298	0.45892	1.27524	44	0	0.0000
gene_MP009390	0.35875	1.31554	1659	58	3.4961
gene_MP009393	0.35149	1.43699	2098	834	39.7521
gene_MP009395	0.38095	1.51320	1658	984	59.3486
gene_MP009416	0.33283	1.41712	2669	206	7.7182
gene_MP009427	0.31796	1.15648	200	151	75.5000
gene_MP009435	0.41115	1.00759	422	415	98.3412
gene_MP009438	0.34062	1.43919	3126	0	0.0000
gene_MP009446	0.34049	1.20333	956	833	87.1339
gene_MP009448	0.33847	1.41912	48	10	20.8333
gene_MP009469	0.43765	1.04251	82	0	0.0000
gene_MP009476	0.37763	1.23969	917	157	17.1210
gene_MP009512	0.34905	1.30176	277	195	70.3971
gene_MP009543	0.34165	1.49655	1229	1163	94.6298
gene_MP009570	0.33766	1.09094	402	314	78.1095
gene_MP009587	0.40180	1.28996	306	0	0.0000
gene_MP009614	0.33488	1.39802	1616	10	0.6188
gene_MP009649	0.31347	1.26018	394	359	91.1168
gene_MP009665	0.34314	1.07425	146	123	84.2466
gene_MP009701	0.33847	1.41912	1433	1333	93.0216
gene_MP009703	0.33756	1.15618	1618	3	0.1854
gene_MP009713	0.35606	1.00368	188	142	75.5319
gene_MP009721	0.33452	1.26735	109	96	88.0734
gene_MP009726	0.32290	1.19515	830	0	0.0000
gene_MP009733	0.35224	1.28101	210	180	85.7143
gene_MP009751	0.33195	1.53903	610	560	91.8033
gene_MP009765	0.35372	1.51645	684	667	97.5146
gene_MP009767	0.33482	1.13001	1347	474	35.1893
gene_MP009843	0.33046	1.11475	219	91	41.5525
gene_MP009856	0.35959	1.53544	86	70	81.3953
gene_MP009869	0.42032	1.40033	156	148	94.8718
gene_MP009934	0.35620	1.18533	468	384	82.0513
gene_MP009954	0.33167	1.31462	894	91	10.1790
gene_MP009985	0.31928	1.22872	894	260	29.0828
gene_MP010046	0.32088	1.39547	1844	0	0.0000
gene_MP010096	0.37946	1.55393	264	215	81.4394
gene_MP010116	0.32890	1.26242	1687	391	23.1772
gene_MP010134	0.33751	1.14303	818	697	85.2078
gene_MP010135	0.34034	1.13529	596	376	63.0872
gene_MP010145	0.35016	1.11030	513	124	24.1715
gene_MP010175	0.42095	1.13538	118	0	0.0000
gene_MP010217	0.37726	1.14639	112	0	0.0000
gene_MP010230	0.36998	1.35941	404	380	94.0594
gene_MP010245	0.31186	1.81392	43	36	83.7209
gene_MP010384	0.71324	1.27358	198	0	0.0000
gene_MP010538	0.29611	1.30941	449	0	0.0000
gene_MP010539	0.31317	1.26763	283	0	0.0000
gene_MP010557	0.40083	1.42578	97	97	100.0000
gene_MP010559	0.34030	1.27958	42	40	95.2381
gene_MP010574	0.42410	1.18967	179	175	97.7654
gene_MP010624	0.38771	1.18380	443	0	0.0000
gene_MP010639	0.45726	1.89866	332	113	34.0361
gene_MP010666	0.33027	1.14092	420	324	77.1429
gene_MP010667	0.57028	1.11337	45	15	33.3333
gene_MP010678	0.34267	1.14772	328	277	84.4512
gene_MP010679	0.36895	1.27572	29	7	24.1379
gene_MP010734	0.32140	1.32113	485	0	0.0000
gene_MP010739	0.35410	1.47994	99	31	31.3131
gene_MP010747	0.36641	1.19518	21	18	85.7143
gene_MP010761	0.39411	0.98798	115	0	0.0000
gene_MP010767	0.36255	0.99730	148	142	95.9459
gene_MP010777	0.33244	1.17138	119	0	0.0000
gene_MP010821	0.36543	1.15994	314	289	92.0382
gene_MP010911	0.38132	1.53206	242	0	0.0000
gene_MP010946	0.33787	1.34502	137	6	4.3796
gene_MP010953	0.44100	1.96942	111	73	65.7658
gene_MP010955	0.34133	1.16249	392	348	88.7755
gene_MP010959	0.35069	1.17432	130	0	0.0000
gene_MP010987	0.57514	1.19137	72	72	100.0000
gene_MP011010	0.56455	1.33200	97	49	50.5155
gene_MP011013	0.43376	1.50504	39	39	100.0000
gene_MP011054	0.33259	1.27492	110	104	94.5455
gene_MP011057	0.32981	1.27071	418	324	77.5120
gene_MP011083	0.36275	1.23097	82	78	95.1220
gene_MP011087	0.34773	1.16761	447	385	86.1298
gene_MP011143	0.41673	1.12741	64	0	0.0000
gene_MP011150	0.42063	1.16336	212	173	81.6038
gene_MP011161	0.39049	1.71540	65	64	98.4615
gene_MP011188	0.39280	1.57029	443	299	67.4944
gene_MP011221	0.37444	1.48953	1029	137	13.3139
gene_MP011254	0.39350	1.32654	256	214	83.5938
gene_MP011324	0.30532	1.01084	70	56	80.0000
gene_MP011332	0.36224	1.39142	249	234	93.9759
gene_MP011349	0.40040	1.36710	55	55	100.0000
gene_MP011415	0.32604	1.27264	145	105	72.4138
gene_MP011420	0.35245	1.15218	293	253	86.3481
gene_MP011475	0.34348	1.29484	832	20	2.4038
gene_MP011486	0.37344	1.10954	429	386	89.9767
gene_MP011509	0.34601	1.34990	111	80	72.0721
gene_MP011512	0.48017	1.39796	150	0	0.0000
gene_MP011520	0.35060	1.29389	419	311	74.2243
gene_MP011532	0.35072	1.20740	649	0	0.0000
gene_MP011535	0.36760	1.29076	344	0	0.0000
gene_MP011538	0.39552	1.33866	55	38	69.0909
gene_MP011554	0.34709	1.47399	36	33	91.6667
gene_MP011585	0.36123	0.98020	221	214	96.8326
gene_MP011601	0.34074	1.29096	37	32	86.4865
gene_MP011606	0.35328	1.27489	167	144	86.2275
gene_MP011642	0.39321	1.44309	62	0	0.0000
gene_MP011644	0.35050	1.30870	756	21	2.7778
gene_MP011664	0.29047	1.04294	39	14	35.8974
gene_MP011715	0.36590	1.12902	350	301	86.0000
gene_MP011727	0.33345	1.43319	828	196	23.6715
gene_MP011729	0.33676	1.19962	143	108	75.5245
gene_MP011739	0.34520	0.83074	98	76	77.5510
gene_MP011747	0.32148	1.16952	100	91	91.0000
gene_MP011758	0.53103	1.33243	68	35	51.4706
gene_MP011763	0.33351	1.32640	138	124	89.8551
gene_MP011767	0.36750	1.23041	1233	159	12.8954
gene_MP011772	0.32046	1.26086	217	172	79.2627
gene_MP011776	0.40849	1.33260	75	0	0.0000
gene_MP011781	0.36235	1.08793	35	35	100.0000
gene_MP011796	0.34576	1.54875	49	45	91.8367
gene_MP011823	0.52151	1.34706	138	83	60.1449
gene_MP011862	0.31502	1.41386	298	0	0.0000
gene_MP011864	0.28571	1.25549	39	38	97.4359
gene_MP011878	0.54958	1.14339	81	37	45.6790
gene_MP011881	0.36662	1.40210	125	124	99.2000
gene_MP011888	0.49778	1.26202	35	12	34.2857
gene_MP011928	0.48447	1.13898	101	33	32.6733
gene_MP011938	0.29861	0.95592	21	12	57.1429
gene_MP011946	0.36752	1.29608	25	15	60.0000
gene_MP011981	0.51985	1.07706	78	50	64.1026
gene_MP012001	0.32479	1.29486	42	35	83.3333
gene_MP012065	0.33171	1.23840	251	235	93.6255
gene_MP012069	0.33101	0.73982	29	22	75.8621
gene_MP012072	0.39515	1.20309	60	29	48.3333
gene_MP012164	0.35835	1.30235	236	223	94.4915
gene_MP012175	0.42769	1.37369	81	37	45.6790
gene_MP012249	0.35903	1.43557	42	7	16.6667
gene_MP012284	0.37199	1.00180	626	285	45.5272
gene_MP012292	0.33955	1.06603	746	590	79.0885
gene_MP012325	0.63457	1.18248	96	10	10.4167
gene_MP012403	0.31169	1.34205	50	37	74.0000
gene_MP012421	0.36246	1.17781	60	0	0.0000
gene_MP012450	0.36296	1.19785	277	275	99.2780
gene_MP012477	0.35359	1.23347	206	44	21.3592
gene_MP012488	0.30998	1.32975	1057	0	0.0000
gene_MP012491	0.40063	1.57464	79	73	92.4051
gene_MP012520	0.34312	1.13422	158	127	80.3797
gene_MP012525	0.33546	1.19911	530	42	7.9245
gene_MP012548	0.35082	1.12190	128	70	54.6875
gene_MP012552	0.36180	1.04232	171	0	0.0000
gene_MP012573	0.30624	1.28531	27	27	100.0000
gene_MP012581	0.35427	1.60876	49	33	67.3469
gene_MP012610	0.38343	1.04626	164	110	67.0732
gene_MP012628	0.34447	1.25393	3107	34	1.0943
gene_MP012677	0.34424	1.30037	2277	83	3.6451
gene_MP012720	0.40840	1.41566	222	159	71.6216
gene_MP012726	0.34843	1.33789	235	156	66.3830
gene_MP012743	0.33258	1.13721	401	129	32.1696
gene_MP012751	0.37680	1.03472	160	121	75.6250
gene_MP012767	0.29532	1.16932	21	17	80.9524
gene_MP012819	0.35047	1.06979	155	109	70.3226
gene_MP012826	0.39428	1.20895	165	20	12.1212
gene_MP012856	0.34261	1.25624	42	38	90.4762
gene_MP012872	0.35198	1.37966	223	180	80.7175
gene_MP012878	0.51190	1.32504	58	0	0.0000
gene_MP012916	0.34740	1.08796	385	0	0.0000
gene_MP012932	0.44367	1.56115	40	40	100.0000
gene_MP012934	0.31377	1.13955	150	126	84.0000
gene_MP012992	0.38147	1.55663	25	23	92.0000
gene_MP013039	0.35096	1.47983	3332	0	0.0000
gene_MP013066	0.38959	1.31174	196	97	49.4898
gene_MP013075	0.34180	1.27163	35	22	62.8571
gene_MP013079	0.37186	1.36861	194	141	72.6804
gene_MP013080	0.31882	1.22739	53	44	83.0189
gene_MP013114	0.33976	1.26788	588	0	0.0000
gene_MP013117	0.35344	1.18297	408	302	74.0196
gene_MP013119	0.35224	1.23966	127	0	0.0000
gene_MP013122	0.34864	1.02203	33	22	66.6667
gene_MP013166	0.35577	1.41940	70	0	0.0000
gene_MP013187	0.33823	1.15656	308	21	6.8182
gene_MP013234	0.37113	0.91084	24	0	0.0000
gene_MP013329	0.44834	1.58729	45	45	100.0000
gene_MP013336	0.44029	1.00542	85	0	0.0000
gene_MP013340	0.35850	1.19793	934	0	0.0000
gene_MP013379	0.37076	1.04508	74	65	87.8378
gene_MP013400	0.46944	1.22652	84	0	0.0000
gene_MP013442	0.36324	0.80859	145	116	80.0000
gene_MP013685	0.33403	1.18154	395	195	49.3671
gene_MP013689	0.36276	1.30604	1102	254	23.0490
gene_MP013690	0.35224	1.23966	350	0	0.0000
gene_MP013697	0.34008	1.28783	1001	0	0.0000
gene_MP013702	0.40777	1.32861	108	100	92.5926
gene_MP013734	0.47264	1.27264	257	46	17.8988
gene_MP013756	0.31843	1.26940	535	19	3.5514
gene_MP013774	0.34484	1.33290	1732	0	0.0000
gene_MP013830	0.38995	1.52288	580	412	71.0345
gene_MP013834	0.34699	1.18740	893	782	87.5700
gene_MP013840	0.34986	1.15050	154	132	85.7143
gene_MP013844	0.30996	1.32985	1713	0	0.0000
gene_MP013904	0.30664	1.27834	452	0	0.0000
gene_MP013917	0.36180	1.82437	384	104	27.0833
gene_MP013930	0.35878	0.96707	213	0	0.0000
gene_MP013954	0.35237	1.11103	241	0	0.0000
gene_MP013961	0.37512	1.21996	135	129	95.5556
gene_MP013982	0.32742	1.18616	527	140	26.5655
gene_MP014001	0.34263	1.35880	30	0	0.0000
gene_MP014018	0.33716	1.16528	616	0	0.0000
gene_MP014029	0.38034	1.03690	416	230	55.2885
gene_MP014076	0.31241	1.47401	51	37	72.5490
gene_MP014149	0.44795	1.51118	64	0	0.0000
gene_MP014206	0.33673	1.22606	29	29	100.0000
gene_MP014252	0.33531	1.26453	253	197	77.8656
gene_MP014263	0.38431	1.45791	172	112	65.1163
gene_MP014267	0.34074	1.29096	182	100	54.9451
gene_MP014294	0.34426	0.92870	348	242	69.5402
gene_MP014316	0.39019	1.16323	307	292	95.1140
gene_MP014345	0.34320	1.32714	482	190	39.4191
gene_MP014346	0.38152	1.24406	219	215	98.1735
gene_MP014377	0.35940	1.18735	269	187	69.5167
gene_MP014384	0.41076	1.75203	505	407	80.5941
gene_MP014396	0.33835	1.17219	279	88	31.5412
gene_MP014409	0.48341	1.09545	82	0	0.0000
gene_MP014428	0.34520	1.10960	33	33	100.0000
gene_MP014433	0.34520	1.10960	544	199	36.5809
gene_MP014571	0.44503	1.43699	40	28	70.0000
gene_MP014743	0.32004	1.34592	6073	201	3.3097
gene_MP014782	0.33041	1.27922	191	171	89.5288
gene_MP014881	0.36364	1.40778	92	62	67.3913
gene_MP014887	0.31815	1.45703	731	357	48.8372
gene_MP014893	0.35088	1.18540	581	0	0.0000
gene_MP014903	0.32838	1.34415	156	132	84.6154
gene_MP014917	0.40072	1.31012	381	235	61.6798
gene_MP014920	0.36464	1.41236	144	137	95.1389
gene_MP014932	0.35244	1.17889	104	91	87.5000
gene_MP014956	0.40587	1.08773	331	0	0.0000
gene_MP014987	0.38647	1.16391	59	0	0.0000
gene_MP015009	0.33384	1.21982	32	23	71.8750
gene_MP015018	0.36571	1.41336	76	73	96.0526
gene_MP015038	0.41983	1.52930	142	87	61.2676
gene_MP015051	0.35979	1.19883	479	0	0.0000
gene_MP015059	0.34669	1.43204	63	57	90.4762
gene_MP015064	0.35948	1.32289	158	108	68.3544
gene_MP015182	0.31259	1.60628	27	27	100.0000
gene_MP015262	0.34222	1.08935	81	60	74.0741
gene_MP015264	0.34785	1.12139	407	322	79.1155
gene_MP015292	0.37152	1.05331	236	203	86.0169
gene_MP015601	0.38469	0.96597	77	0	0.0000
gene_MP015749	0.33038	1.30357	48	35	72.9167
gene_MP015779	0.37009	1.42004	573	70	12.2164
gene_MP015831	0.36144	1.45793	949	0	0.0000
gene_MP015889	0.36186	1.15487	645	0	0.0000
gene_MP015894	0.34962	1.20217	288	235	81.5972
gene_MP015928	0.35643	1.17082	995	892	89.6482
gene_MP016003	0.47590	1.34767	114	0	0.0000
gene_MP016011	0.47390	1.33529	112	0	0.0000
gene_MP016016	0.47390	1.33529	112	0	0.0000
gene_MP016059	0.45969	0.78594	57	0	0.0000
gene_MP016077	0.37400	1.20490	383	289	75.4569
gene_MP016081	0.36981	1.45021	69	66	95.6522
gene_MP016087	0.34735	1.27506	21	17	80.9524
gene_MP016092	0.48148	1.36364	32	32	100.0000
gene_MP016108	0.36604	1.14316	471	386	81.9533
gene_MP016121	0.33649	1.21685	600	0	0.0000
gene_MP016147	0.33808	1.16868	573	150	26.1780
gene_MP016183	0.38447	1.01277	217	190	87.5576
gene_MP016184	0.35185	0.91989	138	117	84.7826
gene_MP016197	0.34935	1.29260	73	0	0.0000
gene_MP016257	0.37161	1.51174	1891	251	13.2734
gene_MP016317	0.35195	1.11118	176	153	86.9318
gene_MP016328	0.34273	1.22603	2346	0	0.0000
gene_MP016348	0.37354	1.51010	34	0	0.0000
gene_MP016454	0.34522	1.07528	1245	0	0.0000
gene_MP016484	0.35577	1.21412	688	0	0.0000
gene_MP016505	0.66133	0.88374	36	0	0.0000
gene_MP016517	0.40999	1.42239	584	576	98.6301
gene_MP016530	0.40704	1.07924	279	0	0.0000
gene_MP016566	0.35798	1.32043	318	291	91.5094
gene_MP016613	0.33313	1.22216	61	47	77.0492
gene_MP016624	0.36308	1.27719	1744	0	0.0000
gene_MP016665	0.36184	1.08875	210	79	37.6190
gene_MP016668	0.62260	1.15336	98	0	0.0000
gene_MP016739	0.45906	1.55018	211	0	0.0000
gene_MP016768	0.34486	1.12258	265	0	0.0000
gene_MP016793	0.34391	1.13806	368	222	60.3261
gene_MP016812	0.50624	1.18153	603	0	0.0000
gene_MP016813	0.37398	1.55078	484	280	57.8512
gene_MP016827	0.61111	1.40335	40	0	0.0000
gene_MP016838	0.34150	1.00332	43	29	67.4419
gene_MP016891	0.32654	1.19360	5414	0	0.0000
gene_MP017062	0.32998	1.00915	161	108	67.0807
gene_MP017139	0.35492	1.08605	298	246	82.5503
gene_MP017281	0.32927	1.15322	174	0	0.0000
gene_MP017312	0.31833	1.26977	137	114	83.2117
gene_MP017327	0.34184	1.09280	136	116	85.2941
gene_MP017330	0.31923	1.13681	107	48	44.8598
gene_MP017361	0.31805	1.15310	128	98	76.5625
gene_MP017429	0.32639	1.27196	24	24	100.0000
gene_MP017515	0.39895	1.01576	116	106	91.3793
gene_MP017528	0.42237	1.47851	1421	576	40.5348
gene_MP017545	0.40724	1.16719	352	320	90.9091
gene_MP017573	0.43879	1.35609	349	0	0.0000
gene_MP017656	0.36518	1.09491	328	287	87.5000
gene_MP017657	0.36086	1.16455	1432	147	10.2654
gene_MP017665	0.34653	1.06937	300	0	0.0000
gene_MP017699	0.36447	1.20592	634	552	87.0662
gene_MP017728	0.33440	1.20873	32	32	100.0000
gene_MP017763	0.35267	1.23138	158	148	93.6709
gene_MP017772	0.32502	1.30973	2389	35	1.4650
gene_MP017787	0.36324	1.22053	260	229	88.0769
gene_MP017810	0.35826	0.91743	160	62	38.7500
gene_MP017812	0.35855	1.21637	1664	482	28.9663
gene_MP017831	0.41689	1.97622	97	59	60.8247
gene_MP017865	0.35233	1.09989	40	0	0.0000
gene_MP017883	0.48886	1.36125	62	24	38.7097
gene_MP017889	0.33385	1.20200	645	365	56.5891
gene_MP017930	0.35288	1.14257	256	191	74.6094
gene_MP017967	0.31967	1.31238	4978	0	0.0000
gene_MP017969	0.33827	1.14893	994	0	0.0000
gene_MP017999	0.35091	1.22579	768	717	93.3594
gene_MP018024	0.36666	1.28821	731	0	0.0000
gene_MP018032	0.36620	1.09618	243	217	89.3004
gene_MP018088	0.41761	1.63813	418	239	57.1770
gene_MP018095	0.34126	1.11633	160	134	83.7500
gene_MP018131	0.33857	1.12505	529	503	95.0851
gene_MP018146	0.36050	1.49744	244	171	70.0820
gene_MP018191	0.34431	1.24805	154	144	93.5065
gene_MP018211	0.34699	1.18740	92	62	67.3913
gene_MP018263	0.38858	1.16076	252	149	59.1270
gene_MP000003	0.35112	1.15695	348	294	84.4828
gene_MP000016	0.38205	1.52428	82	73	89.0244
gene_MP000026	0.34898	1.30006	2408	180	7.4751
gene_MP000047	0.35367	1.73124	52	51	98.0769
gene_MP000173	0.36167	1.47072	4381	0	0.0000
gene_MP000184	0.35724	1.18415	81	70	86.4198
gene_MP000185	0.54775	1.19690	55	0	0.0000
gene_MP000218	0.41977	1.52316	490	420	85.7143
gene_MP000225	0.33474	1.18805	355	279	78.5915
gene_MP000232	0.37593	1.38403	39	38	97.4359
gene_MP000247	0.38073	1.95906	209	176	84.2105
gene_MP000269	0.35280	1.17658	121	103	85.1240
gene_MP000317	0.35524	1.22761	416	369	88.7019
gene_MP000356	0.37231	1.04709	445	372	83.5955
gene_MP000360	0.32790	1.11192	97	12	12.3711
gene_MP000366	0.34546	1.30451	2300	125	5.4348
gene_MP000395	0.32490	1.55391	190	169	88.9474
gene_MP000420	0.35243	1.27906	348	190	54.5977
gene_MP000434	0.33258	0.95174	25	13	52.0000
gene_MP000452	0.36902	1.23063	638	486	76.1755
gene_MP000558	0.39916	1.02517	270	266	98.5185
gene_MP000560	0.38780	1.48022	216	157	72.6852
gene_MP000579	0.34056	1.14965	705	0	0.0000
gene_MP000608	0.35665	1.32579	103	56	54.3689
gene_MP000630	0.34257	1.22745	1614	639	39.5911
gene_MP000659	0.37413	1.09702	500	497	99.4000
gene_MP000710	0.34644	1.25847	272	0	0.0000
gene_MP000741	0.34123	1.39386	338	315	93.1953
gene_MP000753	0.42345	1.29409	290	251	86.5517
gene_MP000826	0.32675	1.23553	3155	143	4.5325
gene_MP000856	0.31922	1.59062	3020	0	0.0000
gene_MP001005	0.33577	1.13670	412	371	90.0485
gene_MP001018	0.36749	1.17493	252	205	81.3492
gene_MP001098	0.36938	1.55190	806	638	79.1563
gene_MP001132	0.35815	1.21073	293	276	94.1980
gene_MP001137	0.33074	1.11392	1858	0	0.0000
gene_MP001145	0.34133	1.29694	447	408	91.2752
gene_MP001151	0.38436	1.24940	527	491	93.1689
gene_MP001162	0.34666	1.33462	4078	0	0.0000
gene_MP001205	0.30687	1.30699	3005	145	4.8253
gene_MP001206	0.37532	1.24757	360	338	93.8889
gene_MP001268	0.36059	1.24444	2078	357	17.1800
gene_MP001277	0.38763	1.27612	392	313	79.8469
gene_MP001345	0.33159	1.27867	504	401	79.5635
gene_MP001388	0.35206	1.24227	2262	1534	67.8161
gene_MP001390	0.36995	1.36807	375	358	95.4667
gene_MP001421	0.36758	1.20069	196	179	91.3265
gene_MP001505	0.34679	1.33290	1030	358	34.7573
gene_MP001548	0.35962	1.04700	258	144	55.8140
gene_MP001551	0.51011	1.08572	79	0	0.0000
gene_MP001569	0.62251	1.32999	265	0	0.0000
gene_MP001570	0.36559	1.37547	72	25	34.7222
gene_MP001575	0.35796	1.13279	63	0	0.0000
gene_MP001592	0.32605	1.43747	216	185	85.6481
gene_MP001603	0.36580	1.49477	2158	0	0.0000
gene_MP001656	0.33333	1.30022	131	84	64.1221
gene_MP001657	0.34478	1.05805	316	0	0.0000
gene_MP001658	0.39168	1.49356	92	92	100.0000
gene_MP001671	0.35842	1.40399	25	3	12.0000
gene_MP001674	0.49872	1.28208	62	24	38.7097
gene_MP001676	0.40151	1.47577	86	55	63.9535
gene_MP001677	0.57576	1.05759	50	20	40.0000
gene_MP001687	0.36601	1.04446	103	0	0.0000
gene_MP001690	0.43370	1.50504	108	105	97.2222
gene_MP001719	0.47368	1.06959	33	33	100.0000
gene_MP001778	0.32338	1.18945	322	38	11.8012
gene_MP001786	0.34899	1.20161	454	316	69.6035
gene_MP001840	0.33114	1.32078	52	20	38.4615
gene_MP001946	0.37714	1.56272	2953	350	11.8524
gene_MP001954	0.33650	1.05048	498	339	68.0723
gene_MP001970	0.37552	1.60514	283	229	80.9187
gene_MP001995	0.38367	1.02977	132	128	96.9697
gene_MP002009	0.41047	1.51576	1359	314	23.1052
gene_MP002018	0.34748	1.24355	321	213	66.3551
gene_MP002021	0.36184	1.52981	48	30	62.5000
gene_MP002035	0.46956	1.11046	59	25	42.3729
gene_MP002053	0.34632	1.09995	259	0	0.0000
gene_MP002055	0.33469	1.16621	193	176	91.1917
gene_MP002069	0.33868	1.08981	386	314	81.3472
gene_MP002092	0.33212	1.17461	1150	0	0.0000
gene_MP002116	0.64694	1.17086	62	20	32.2581
gene_MP002128	0.36817	1.17818	436	413	94.7248
gene_MP002134	0.37862	1.45677	57	53	92.9825
gene_MP002150	0.36556	1.13355	152	0	0.0000
gene_MP002175	0.30640	1.51459	106	84	79.2453
gene_MP002198	0.38067	1.30673	144	135	93.7500
gene_MP002201	0.38419	1.37294	1526	386	25.2949
gene_MP002206	0.37138	0.92395	154	138	89.6104
gene_MP002216	0.31767	1.24531	932	0	0.0000
gene_MP002218	0.33240	1.02964	112	105	93.7500
gene_MP002233	0.31998	1.01786	184	131	71.1957
gene_MP002237	0.33263	1.00370	290	193	66.5517
gene_MP002259	0.33034	1.12727	171	137	80.1170
gene_MP002263	0.36961	1.39284	788	132	16.7513
gene_MP002276	0.37105	1.00952	123	122	99.1870
gene_MP002279	0.34376	1.18665	167	151	90.4192
gene_MP002283	0.38216	1.40161	1994	0	0.0000
gene_MP002284	0.57431	1.19824	60	8	13.3333
gene_MP002286	0.42553	1.75966	100	95	95.0000
gene_MP002288	0.33545	1.02616	64	0	0.0000
gene_MP002292	0.38402	1.48582	2859	46	1.6090
gene_MP002303	0.39003	1.38650	115	86	74.7826
gene_MP002311	0.49061	1.51932	326	317	97.2393
gene_MP002318	0.35540	1.01099	316	275	87.0253
gene_MP002330	0.37575	1.22177	708	90	12.7119
gene_MP002355	0.50186	1.22751	187	0	0.0000
gene_MP002391	0.33614	1.47956	114	99	86.8421
gene_MP002401	0.36393	1.33258	398	362	90.9548
gene_MP002405	0.34243	1.35116	731	592	80.9850
gene_MP002415	0.35855	1.43237	1151	0	0.0000
gene_MP002421	0.35236	1.17427	294	224	76.1905
gene_MP002423	0.35462	1.42691	170	157	92.3529
gene_MP002425	0.39242	0.69893	22	0	0.0000
gene_MP002492	0.32196	1.34527	30	19	63.3333
gene_MP002501	0.34532	1.31624	3310	0	0.0000
gene_MP002504	0.39144	1.29034	299	284	94.9833
gene_MP002505	0.37023	1.30132	70	47	67.1429
gene_MP002507	0.36932	1.48301	294	211	71.7687
gene_MP002526	0.39883	1.19301	598	0	0.0000
gene_MP002535	0.31031	1.36518	108	97	89.8148
gene_MP002556	0.35308	1.27229	207	196	94.6860
gene_MP002563	0.39086	1.58907	376	367	97.6064
gene_MP002574	0.43075	1.46757	58	45	77.5862
gene_MP002579	0.33566	1.21864	177	32	18.0791
gene_MP002586	0.36730	1.01705	69	58	84.0580
gene_MP002596	0.39335	1.16106	291	255	87.6289
gene_MP002620	0.38820	1.37829	138	93	67.3913
gene_MP002654	0.39109	1.55399	96	96	100.0000
gene_MP002733	0.46165	1.27016	45	0	0.0000
gene_MP002737	0.30575	1.34779	344	0	0.0000
gene_MP002753	0.37116	1.40204	97	0	0.0000
gene_MP002789	0.36618	1.49243	3086	0	0.0000
gene_MP002801	0.36999	1.27713	215	177	82.3256
gene_MP002825	0.34632	1.27243	376	338	89.8936
gene_MP002844	0.34723	1.14924	314	279	88.8535
gene_MP002913	0.36512	1.15963	97	90	92.7835
gene_MP002923	0.33008	1.09306	999	120	12.0120
gene_MP002977	0.33631	1.34294	45	33	73.3333
gene_MP003001	0.30519	1.21522	3063	0	0.0000
gene_MP003012	0.32762	1.18175	170	0	0.0000
gene_MP003046	0.34879	1.24331	1590	0	0.0000
gene_MP003117	0.36825	1.17496	216	170	78.7037
gene_MP003189	0.35000	1.24268	242	219	90.4959
gene_MP003193	0.32953	1.27851	103	78	75.7282
gene_MP003210	0.31980	1.33908	26	14	53.8462
gene_MP003213	0.33197	1.28157	2143	0	0.0000
gene_MP003237	0.34874	1.07656	155	139	89.6774
gene_MP003242	0.34999	1.04038	132	0	0.0000
gene_MP003272	0.36603	1.40766	57	52	91.2281
gene_MP003289	0.31937	1.59634	121	67	55.3719
gene_MP003298	0.32017	1.40344	446	383	85.8744
gene_MP003302	0.44952	1.04797	60	0	0.0000
gene_MP003367	0.35054	1.12107	54	29	53.7037
gene_MP003368	0.35859	1.45012	186	169	90.8602
gene_MP003370	0.34851	0.92930	30	30	100.0000
gene_MP003386	0.45665	1.61436	111	111	100.0000
gene_MP003387	0.45590	1.60451	110	110	100.0000
gene_MP003390	0.35449	1.38850	189	184	97.3545
gene_MP003420	0.65813	1.43151	260	135	51.9231
gene_MP003448	0.34989	1.07879	100	61	61.0000
gene_MP003456	0.62694	1.00743	55	0	0.0000
gene_MP003474	0.35994	1.02240	42	25	59.5238
gene_MP003483	0.32984	1.60630	26	22	84.6154
gene_MP003508	0.35797	1.06265	35	35	100.0000
gene_MP003529	0.34932	1.23293	1707	189	11.0721
gene_MP003537	0.46892	1.74105	212	210	99.0566
gene_MP003539	0.54420	1.38733	206	163	79.1262
gene_MP003565	0.39883	1.49309	182	164	90.1099
gene_MP003575	0.40274	1.48244	99	71	71.7172
gene_MP003577	0.43863	1.21475	58	27	46.5517
gene_MP003585	0.31749	1.31967	3828	133	3.4744
gene_MP003591	0.35862	1.50203	42	42	100.0000
gene_MP003618	0.34353	1.37971	259	58	22.3938
gene_MP003626	0.31557	1.22336	52	36	69.2308
gene_MP003642	0.38943	0.88947	31	22	70.9677
gene_MP003668	0.33053	1.47322	429	86	20.0466
gene_MP003690	0.36079	1.11451	158	132	83.5443
gene_MP003726	0.37775	1.77976	46	33	71.7391
gene_MP003733	0.33945	1.31164	972	255	26.2346
gene_MP003735	0.36305	0.98609	165	150	90.9091
gene_MP003784	0.35634	1.22471	70	44	62.8571
gene_MP003798	0.35697	1.11992	161	141	87.5776
gene_MP003826	0.37697	1.50142	64	41	64.0625
gene_MP003847	0.31479	1.13363	125	0	0.0000
gene_MP003851	0.34524	1.73219	26	23	88.4615
gene_MP003892	0.35685	1.04400	99	81	81.8182
gene_MP003911	0.36915	1.13848	25	5	20.0000
gene_MP003930	0.37601	1.35291	64	47	73.4375
gene_MP003935	0.39154	1.15269	160	0	0.0000
gene_MP003938	0.48931	1.46406	167	123	73.6527
gene_MP004009	0.35979	1.19072	181	0	0.0000
gene_MP004019	0.45948	1.36784	117	117	100.0000
gene_MP004022	0.32535	1.25091	799	105	13.1414
gene_MP004049	0.30939	1.38248	85	0	0.0000
gene_MP004051	0.35356	1.67649	25	12	48.0000
gene_MP004052	0.34003	1.27623	2865	0	0.0000
gene_MP004061	0.37134	1.57363	273	136	49.8168
gene_MP004069	0.32314	1.26478	74	65	87.8378
gene_MP004079	0.38280	1.31232	843	0	0.0000
gene_MP004089	0.33049	1.03103	135	84	62.2222
gene_MP004096	0.41971	1.53171	55	33	60.0000
gene_MP004116	0.41786	1.57425	22	21	95.4545
gene_MP004121	0.31546	1.26175	4354	0	0.0000
gene_MP004124	0.32544	1.48231	184	142	77.1739
gene_MP004172	0.39932	1.83673	107	104	97.1963
gene_MP004177	0.39472	1.19696	466	192	41.2017
gene_MP004209	0.39245	1.40631	46	46	100.0000
gene_MP004245	0.36552	1.10428	372	0	0.0000
gene_MP004310	0.37438	0.99350	127	0	0.0000
gene_MP004311	0.35163	1.38665	534	106	19.8502
gene_MP004314	0.33671	1.13966	239	0	0.0000
gene_MP004327	0.31319	1.50480	160	0	0.0000
gene_MP004386	0.31986	1.37297	59	58	98.3051
gene_MP004393	0.36536	1.56249	426	48	11.2676
gene_MP004396	0.32381	1.30754	114	21	18.4211
gene_MP004398	0.36322	1.38436	231	213	92.2078
gene_MP004434	0.34509	1.17315	201	142	70.6468
gene_MP004568	0.36863	1.26492	1058	249	23.5350
gene_MP004570	0.34538	1.23032	673	13	1.9316
gene_MP004586	0.54562	0.87160	101	0	0.0000
gene_MP004604	0.32233	1.18707	7348	0	0.0000
gene_MP004605	0.32558	1.15262	2363	172	7.2789
gene_MP004641	0.35465	1.23563	20	14	70.0000
gene_MP004687	0.32989	1.31454	145	101	69.6552
gene_MP004694	0.33201	1.27770	888	642	72.2973
gene_MP004697	0.36194	1.19919	269	0	0.0000
gene_MP004737	0.36155	1.26571	692	0	0.0000
gene_MP004769	0.34779	0.97167	119	79	66.3866
gene_MP004778	0.35023	1.16243	239	184	76.9874
gene_MP004798	0.33201	1.27770	400	360	90.0000
gene_MP004801	0.31901	1.06271	89	77	86.5169
gene_MP004893	0.36200	1.11484	188	134	71.2766
gene_MP004908	0.51196	0.93090	157	0	0.0000
gene_MP004924	0.36030	1.28465	151	110	72.8477
gene_MP004972	0.37018	1.25312	358	27	7.5419
gene_MP005002	0.34328	1.45485	1998	0	0.0000
gene_MP005003	0.41242	1.06608	89	52	58.4270
gene_MP005008	0.46092	1.25668	207	32	15.4589
gene_MP005026	0.35518	1.24837	733	361	49.2497
gene_MP005028	0.33278	0.98760	98	0	0.0000
gene_MP005088	0.34019	1.37505	2428	0	0.0000
gene_MP005099	0.35434	1.15085	386	54	13.9896
gene_MP005120	0.35351	1.08925	629	0	0.0000
gene_MP005121	0.34787	1.35389	619	523	84.4911
gene_MP005129	0.38611	1.41706	250	237	94.8000
gene_MP005179	0.45736	1.10768	235	0	0.0000
gene_MP005201	0.32255	1.64597	160	155	96.8750
gene_MP005246	0.30740	1.33114	529	0	0.0000
gene_MP005320	0.38140	1.09534	266	0	0.0000
gene_MP005370	0.29959	1.30433	223	0	0.0000
gene_MP005392	0.34419	1.59258	141	113	80.1418
gene_MP005418	0.34107	1.23359	196	131	66.8367
gene_MP005448	0.35530	1.20802	347	238	68.5879
gene_MP005450	0.32628	1.31319	1960	0	0.0000
gene_MP005470	0.34415	1.28826	298	282	94.6309
gene_MP005521	0.30586	1.25054	1933	0	0.0000
gene_MP005548	0.63695	1.15326	124	39	31.4516
gene_MP005571	0.30297	1.48099	694	629	90.6340
gene_MP005600	0.32239	1.29096	4039	338	8.3684
gene_MP005605	0.36748	1.02580	178	41	23.0337
gene_MP005649	0.36915	1.13848	313	286	91.3738
gene_MP005658	0.42461	1.64206	170	162	95.2941
gene_MP005659	0.35414	1.23854	1212	0	0.0000
gene_MP005723	0.33601	0.98484	62	32	51.6129
gene_MP005731	0.39144	1.29034	261	246	94.2529
gene_MP005751	0.58921	1.13636	142	0	0.0000
gene_MP005790	0.45872	1.13385	128	0	0.0000
gene_MP005823	0.37080	1.40665	1194	0	0.0000
gene_MP005825	0.38554	1.20474	153	146	95.4248
gene_MP005836	0.42021	1.08446	27	0	0.0000
gene_MP005878	0.36499	1.18321	535	520	97.1963
gene_MP005902	0.35850	1.16878	288	241	83.6806
gene_MP005906	0.45356	1.88574	260	205	78.8462
gene_MP005939	0.35608	1.21108	319	243	76.1755
gene_MP005961	0.61576	1.21571	70	30	42.8571
gene_MP005969	0.37931	1.25940	216	194	89.8148
gene_MP005970	0.30482	1.19182	326	278	85.2761
gene_MP006002	0.35855	1.40636	1427	521	36.5102
gene_MP006029	0.39363	1.36268	259	257	99.2278
gene_MP006066	0.46131	1.39015	149	121	81.2081
gene_MP006223	0.37693	1.24406	488	444	90.9836
gene_MP006251	0.33087	1.15243	819	0	0.0000
gene_MP006287	0.33992	1.27810	1362	0	0.0000
gene_MP006395	0.31889	1.25417	208	116	55.7692
gene_MP006433	0.33178	1.10164	143	104	72.7273
gene_MP006474	0.36851	1.10339	118	0	0.0000
gene_MP006486	0.32772	1.16823	121	97	80.1653
gene_MP006513	0.35233	1.13769	143	118	82.5175
gene_MP006517	0.32165	1.25226	3706	0	0.0000
gene_MP006533	0.40670	1.46755	101	95	94.0594
gene_MP006534	0.40754	1.44876	100	93	93.0000
gene_MP006537	0.34660	1.28674	6598	0	0.0000
gene_MP006564	0.36168	1.51861	717	0	0.0000
gene_MP006586	0.51845	1.21597	126	126	100.0000
gene_MP006601	0.31078	1.13491	324	0	0.0000
gene_MP006659	0.35121	1.28542	4175	721	17.2695
gene_MP006822	0.36580	1.27339	455	392	86.1538
gene_MP006876	0.42966	1.25819	272	0	0.0000
gene_MP007091	0.58872	1.50318	157	120	76.4331
gene_MP007094	0.38657	1.32307	379	11	2.9024
gene_MP007099	0.42789	1.17502	169	169	100.0000
gene_MP007106	0.57326	1.63086	343	0	0.0000
gene_MP007110	0.57132	1.62815	340	0	0.0000
gene_MP007155	0.39061	1.39750	249	236	94.7791
gene_MP007181	0.38657	1.32307	378	359	94.9735
gene_MP007214	0.39749	1.35928	853	0	0.0000
gene_MP007223	0.32590	1.45437	1790	0	0.0000
gene_MP007225	0.36580	1.49477	432	0	0.0000
gene_MP007250	0.33454	1.20244	437	372	85.1259
gene_MP007290	0.50839	1.47857	1459	0	0.0000
gene_MP007322	0.33530	1.33000	6964	77	1.1057
gene_MP007323	0.31000	1.18434	158	142	89.8734
gene_MP007337	0.36595	1.39823	161	130	80.7453
gene_MP007352	0.35000	1.14013	838	757	90.3341
gene_MP007360	0.39142	1.39850	471	306	64.9682
gene_MP007376	0.36767	1.16387	742	0	0.0000
gene_MP007387	0.36469	1.00763	197	171	86.8020
gene_MP007440	0.35010	1.25153	744	0	0.0000
gene_MP007448	0.35289	1.29737	2714	918	33.8246
gene_MP007469	0.32728	1.13935	26	23	88.4615
gene_MP007477	0.32728	1.13935	577	410	71.0572
gene_MP007483	0.36836	1.25440	40	40	100.0000
gene_MP007492	0.36289	1.19394	737	637	86.4315
gene_MP007543	0.33453	1.30103	419	58	13.8425
gene_MP007551	0.35910	1.31776	732	684	93.4426
gene_MP007602	0.35481	1.48791	261	194	74.3295
gene_MP007629	0.35481	1.48791	5972	462	7.7361
gene_MP007707	0.33619	1.43983	227	177	77.9736
gene_MP007719	0.37572	1.11080	277	257	92.7798
gene_MP007741	0.33693	1.32709	1181	0	0.0000
gene_MP007750	0.33513	1.08887	708	627	88.5593
gene_MP007783	0.36799	1.27883	41	0	0.0000
gene_MP007932	0.39477	1.41039	166	124	74.6988
gene_MP007963	0.35305	1.12130	75	73	97.3333
gene_MP007996	0.34804	1.15291	202	156	77.2277
gene_MP008010	0.31889	1.25417	4874	280	5.7448
gene_MP008087	0.43679	1.41248	65	45	69.2308
gene_MP008110	0.34161	1.31368	763	125	16.3827
gene_MP008119	0.41867	1.58756	303	231	76.2376
gene_MP008209	0.34555	1.42910	270	217	80.3704
gene_MP008212	0.34572	1.33206	7549	52	0.6888
gene_MP008242	0.34424	1.08993	799	612	76.5957
gene_MP008288	0.35230	1.30968	66	66	100.0000
gene_MP008293	0.34009	1.26393	1332	253	18.9940
gene_MP008486	0.33602	1.14859	1156	0	0.0000
gene_MP008514	0.38397	1.57421	249	199	79.9197
gene_MP008813	0.36432	1.19172	424	327	77.1226
gene_MP008915	0.38425	1.50914	4748	0	0.0000
gene_MP008918	0.38425	1.50914	1366	848	62.0791
gene_MP008980	0.39138	1.20673	381	0	0.0000
gene_MP008994	0.32015	1.49629	943	588	62.3542
gene_MP008996	0.33801	1.21063	1673	205	12.2534
gene_MP009017	0.32378	1.08725	182	158	86.8132
gene_MP009068	0.34697	1.06680	186	135	72.5806
gene_MP009090	0.36102	1.10989	902	765	84.8115
gene_MP009104	0.33453	1.30103	324	317	97.8395
gene_MP009110	0.35696	1.26532	667	602	90.2549
gene_MP009133	0.40837	1.27666	185	147	79.4595
gene_MP009228	0.54842	1.61182	137	0	0.0000
gene_MP009229	0.54938	1.61418	137	0	0.0000
gene_MP009278	0.45760	1.26684	264	0	0.0000
gene_MP009317	0.42941	0.98897	31	0	0.0000
gene_MP009345	0.39749	0.89809	48	0	0.0000
gene_MP009354	0.33720	1.20200	2665	0	0.0000
gene_MP009373	0.38048	1.22112	249	82	32.9317
gene_MP009443	0.36668	1.26585	607	179	29.4893
gene_MP009520	0.43550	1.42381	296	216	72.9730
gene_MP009567	0.34166	1.30160	1315	0	0.0000
gene_MP009568	0.30858	1.26138	88	0	0.0000
gene_MP009593	0.33182	1.25250	235	183	77.8723
gene_MP009596	0.30464	1.14234	101	65	64.3564
gene_MP009598	0.40737	1.54732	698	624	89.3983
gene_MP009602	0.29744	0.98604	46	10	21.7391
gene_MP009620	0.32528	1.25940	237	223	94.0928
gene_MP009641	0.58120	1.11326	119	63	52.9412
gene_MP009653	0.32297	1.46163	245	217	88.5714
gene_MP009655	0.36184	1.40581	588	12	2.0408
gene_MP009663	0.38551	1.09888	267	241	90.2622
gene_MP009668	0.40286	1.61486	64	64	100.0000
gene_MP009704	0.30858	1.26138	2103	0	0.0000
gene_MP009717	0.37769	1.27362	209	194	92.8230
gene_MP009731	0.37945	1.00759	115	79	68.6957
gene_MP009754	0.36267	1.34168	33	33	100.0000
gene_MP009801	0.35230	1.30968	387	349	90.1809
gene_MP009805	0.39859	1.25946	807	0	0.0000
gene_MP009808	0.39006	1.13814	546	523	95.7875
gene_MP009810	0.32905	1.22436	641	163	25.4290
gene_MP009820	0.34210	1.45610	359	253	70.4735
gene_MP009824	0.30858	1.26138	132	0	0.0000
gene_MP009825	0.32150	1.25330	1373	0	0.0000
gene_MP009837	0.31164	1.23713	275	214	77.8182
gene_MP009845	0.33962	1.28605	1531	227	14.8269
gene_MP009847	0.33517	1.38903	580	0	0.0000
gene_MP009848	0.31962	1.16817	138	94	68.1159
gene_MP009865	0.32010	1.28712	1052	0	0.0000
gene_MP009888	0.32905	1.22436	1207	978	81.0273
gene_MP009924	0.34572	1.33206	668	538	80.5389
gene_MP009953	0.34791	1.42914	66	66	100.0000
gene_MP009971	0.36384	1.23844	630	209	33.1746
gene_MP009988	0.34132	1.20396	42	39	92.8571
gene_MP010001	0.37224	1.17974	174	144	82.7586
gene_MP010008	0.30858	1.26138	2209	24	1.0865
gene_MP010023	0.37429	1.22828	646	576	89.1641
gene_MP010036	0.37147	0.99844	189	0	0.0000
gene_MP010197	0.35594	1.15366	189	82	43.3862
gene_MP010258	0.36851	1.10339	300	0	0.0000
gene_MP010260	0.38586	1.75584	68	68	100.0000
gene_MP010279	0.35265	1.18678	1138	0	0.0000
gene_MP010356	0.33068	1.16114	178	0	0.0000
gene_MP010377	0.35736	1.13322	316	0	0.0000
gene_MP010409	0.30486	1.43069	39	24	61.5385
gene_MP010413	0.35451	1.23189	42	31	73.8095
gene_MP010441	0.61667	1.28216	73	35	47.9452
gene_MP010446	0.39004	1.29470	90	77	85.5556
gene_MP010502	0.32713	1.38576	450	350	77.7778
gene_MP010506	0.44289	1.73545	73	73	100.0000
gene_MP010508	0.31052	1.15426	178	0	0.0000
gene_MP010525	0.44028	1.00696	48	34	70.8333
gene_MP010537	0.74810	1.34261	173	0	0.0000
gene_MP010546	0.33278	1.56023	260	202	77.6923
gene_MP010547	0.38354	1.15587	82	55	67.0732
gene_MP010565	0.39394	1.41940	129	104	80.6202
gene_MP010608	0.30740	1.28238	25	13	52.0000
gene_MP010615	0.56557	1.09458	32	0	0.0000
gene_MP010618	0.35774	0.93911	86	60	69.7674
gene_MP010621	0.33734	1.31298	37	24	64.8649
gene_MP010645	0.52132	1.05609	37	12	32.4324
gene_MP010680	0.35225	1.39447	48	30	62.5000
gene_MP010686	0.41393	0.86185	27	0	0.0000
gene_MP010694	0.33345	1.20197	91	77	84.6154
gene_MP010698	0.42541	1.19972	38	20	52.6316
gene_MP010707	0.33953	1.32334	41	34	82.9268
gene_MP010727	0.31486	1.48463	78	0	0.0000
gene_MP010736	0.35816	1.49726	186	167	89.7849
gene_MP010788	0.40125	1.43028	83	80	96.3855
gene_MP010810	0.30526	1.21722	938	0	0.0000
gene_MP010836	0.58988	1.03364	51	12	23.5294
gene_MP010862	0.44619	1.21438	23	0	0.0000
gene_MP010868	0.45217	1.14309	47	0	0.0000
gene_MP010875	0.32385	1.26125	140	0	0.0000
gene_MP010882	0.45561	0.90909	20	0	0.0000
gene_MP010883	0.32385	1.26125	448	0	0.0000
gene_MP010897	0.59302	0.77650	31	0	0.0000
gene_MP010936	0.32386	1.26134	46	0	0.0000
gene_MP010937	0.30309	1.28320	2603	0	0.0000
gene_MP010980	0.32778	1.24821	1361	461	33.8722
gene_MP011009	0.33680	1.28891	467	347	74.3041
gene_MP011016	0.34022	1.10531	195	0	0.0000
gene_MP011058	0.32756	1.02992	145	121	83.4483
gene_MP011064	0.40288	1.35285	370	304	82.1622
gene_MP011081	0.36138	1.46633	556	428	76.9784
gene_MP011082	0.37299	1.16182	268	249	92.9104
gene_MP011109	0.36362	1.24569	222	216	97.2973
gene_MP011122	0.37675	1.20816	49	42	85.7143
gene_MP011123	0.35574	1.48801	1201	548	45.6286
gene_MP011126	0.34987	1.22495	550	0	0.0000
gene_MP011142	0.33213	1.09452	350	237	67.7143
gene_MP011144	0.38033	1.27429	95	78	82.1053
gene_MP011191	0.37507	1.04956	260	250	96.1538
gene_MP011193	0.49932	0.95047	43	0	0.0000
gene_MP011196	0.44108	1.38526	20	20	100.0000
gene_MP011207	0.34968	1.00187	143	114	79.7203
gene_MP011210	0.37183	1.41670	6757	67	0.9916
gene_MP011212	0.32119	1.26840	351	0	0.0000
gene_MP011213	0.37217	1.12364	24	19	79.1667
gene_MP011215	0.33558	1.16223	277	199	71.8412
gene_MP011228	0.34640	1.18686	163	69	42.3313
gene_MP011232	0.37581	1.45660	22	22	100.0000
gene_MP011233	0.34248	1.20177	154	135	87.6623
gene_MP011245	0.40103	1.68643	91	86	94.5055
gene_MP011261	0.49591	1.16331	131	0	0.0000
gene_MP011262	0.51815	1.10652	134	0	0.0000
gene_MP011263	0.31082	1.40205	34	34	100.0000
gene_MP011291	0.34233	1.28026	143	116	81.1189
gene_MP011293	0.37913	1.42134	20	20	100.0000
gene_MP011330	0.32564	1.09424	21	14	66.6667
gene_MP011339	0.47327	1.44192	92	0	0.0000
gene_MP011346	0.42879	1.20354	73	0	0.0000
gene_MP011354	0.34686	1.32940	274	226	82.4818
gene_MP011359	0.27814	1.67057	103	64	62.1359
gene_MP011367	0.33600	1.44510	490	403	82.2449
gene_MP011396	0.34120	1.06895	153	88	57.5163
gene_MP011427	0.34658	1.06825	304	0	0.0000
gene_MP011443	0.36800	0.99751	85	79	92.9412
gene_MP011446	0.33968	1.24129	218	171	78.4404
gene_MP011453	0.34353	1.32741	436	0	0.0000
gene_MP011465	0.35182	1.89991	122	85	69.6721
gene_MP011468	0.35283	1.56008	77	63	81.8182
gene_MP011516	0.35101	1.25449	1092	20	1.8315
gene_MP011523	0.32488	1.22893	495	377	76.1616
gene_MP011528	0.37154	1.30222	34	11	32.3529
gene_MP011546	0.36538	1.84527	37	24	64.8649
gene_MP011547	0.35814	1.10132	297	282	94.9495
gene_MP011559	0.34496	0.98831	118	72	61.0169
gene_MP011561	0.36712	1.45262	125	91	72.8000
gene_MP011574	0.39029	1.51880	207	68	32.8502
gene_MP011588	0.35953	0.97213	183	168	91.8033
gene_MP011597	0.37758	2.13562	77	77	100.0000
gene_MP011608	0.31863	1.36454	281	0	0.0000
gene_MP011622	0.34426	1.25420	170	143	84.1176
gene_MP011652	0.41969	0.89340	157	100	63.6943
gene_MP011657	0.59929	1.22482	155	88	56.7742
gene_MP011685	0.33061	1.32926	262	0	0.0000
gene_MP011696	0.31633	1.15329	304	0	0.0000
gene_MP011731	0.33015	1.24360	39	37	94.8718
gene_MP011736	0.46392	1.12816	35	0	0.0000
gene_MP011738	0.32654	1.34011	1261	0	0.0000
gene_MP011775	0.34368	1.38534	231	22	9.5238
gene_MP011822	0.32226	1.06944	45	38	84.4444
gene_MP011825	0.45402	1.60077	43	37	86.0465
gene_MP011838	0.32931	0.84270	96	84	87.5000
gene_MP011848	0.41313	1.13839	37	20	54.0541
gene_MP011854	0.35286	1.16760	134	43	32.0896
gene_MP011890	0.37460	1.43468	63	44	69.8413
gene_MP011894	0.43522	1.70969	73	54	73.9726
gene_MP011941	0.35741	1.01349	164	139	84.7561
gene_MP011943	0.33984	1.49082	33	25	75.7576
gene_MP011944	0.35013	1.15973	182	152	83.5165
gene_MP011954	0.36643	1.26911	251	0	0.0000
gene_MP011975	0.34799	1.15086	168	0	0.0000
gene_MP012077	0.33890	1.09608	43	35	81.3953
gene_MP012089	0.38657	1.54123	151	150	99.3377
gene_MP012108	0.42857	1.36389	60	36	60.0000
gene_MP012160	0.67325	1.14329	59	0	0.0000
gene_MP012162	0.31342	1.14627	82	68	82.9268
gene_MP012181	0.41980	1.32240	41	22	53.6585
gene_MP012214	0.29403	1.26933	200	0	0.0000
gene_MP012225	0.39935	1.34670	98	0	0.0000
gene_MP012229	0.71011	1.31176	127	0	0.0000
gene_MP012232	0.43750	1.30658	23	0	0.0000
gene_MP012235	0.40906	1.46277	240	9	3.7500
gene_MP012322	0.41702	1.70740	157	148	94.2675
gene_MP012346	0.63955	1.27933	80	17	21.2500
gene_MP012358	0.39152	1.04100	63	0	0.0000
gene_MP012361	0.51142	1.12685	112	0	0.0000
gene_MP012398	0.41034	1.28744	84	0	0.0000
gene_MP012429	0.35478	0.99718	355	104	29.2958
gene_MP012430	0.34125	1.18048	393	0	0.0000
gene_MP012443	0.37947	1.35999	175	106	60.5714
gene_MP012451	0.65306	1.16976	55	23	41.8182
gene_MP012455	0.46121	1.21625	30	0	0.0000
gene_MP012489	0.38944	1.28596	94	87	92.5532
gene_MP012517	0.38008	1.27663	418	366	87.5598
gene_MP012538	0.32130	1.47113	62	48	77.4194
gene_MP012570	0.30771	1.14945	161	0	0.0000
gene_MP012584	0.53814	0.82189	40	0	0.0000
gene_MP012587	0.32819	1.29667	951	0	0.0000
gene_MP012607	0.30929	1.21956	38	37	97.3684
gene_MP012612	0.34807	1.33627	139	0	0.0000
gene_MP012619	0.32366	1.40320	96	84	87.5000
gene_MP012625	0.34765	1.00969	225	156	69.3333
gene_MP012667	0.35789	1.09166	66	0	0.0000
gene_MP012718	0.37970	1.22885	352	284	80.6818
gene_MP012730	0.51736	1.49670	115	115	100.0000
gene_MP012755	0.47100	1.05203	91	0	0.0000
gene_MP012759	0.33484	1.25214	155	147	94.8387
gene_MP012780	0.31084	1.23154	248	133	53.6290
gene_MP012787	0.36177	1.42667	221	199	90.0452
gene_MP012789	0.30574	1.29342	761	0	0.0000
gene_MP012790	0.35268	1.27985	3228	144	4.4610
gene_MP012807	0.41120	1.54684	387	317	81.9121
gene_MP012809	0.36454	1.04893	214	164	76.6355
gene_MP012831	0.37214	1.47570	69	35	50.7246
gene_MP012840	0.72493	1.36065	319	0	0.0000
gene_MP012843	0.31350	1.85167	47	41	87.2340
gene_MP012852	0.31695	1.28326	45	45	100.0000
gene_MP012956	0.34412	1.56644	199	127	63.8191
gene_MP012961	0.63014	1.34249	58	0	0.0000
gene_MP012964	0.37192	1.28211	36	0	0.0000
gene_MP012976	0.38232	1.15584	171	150	87.7193
gene_MP012981	0.31862	1.12434	1201	0	0.0000
gene_MP012999	0.35046	1.28360	474	35	7.3840
gene_MP013044	0.70597	1.32784	114	40	35.0877
gene_MP013068	0.34805	1.16085	172	142	82.5581
gene_MP013092	0.34777	1.42018	63	55	87.3016
gene_MP013150	0.33665	1.27775	342	170	49.7076
gene_MP013179	0.47277	1.33542	156	0	0.0000
gene_MP013211	0.36442	1.36108	88	64	72.7273
gene_MP013240	0.37623	1.27210	118	98	83.0508
gene_MP013276	0.39624	1.32268	63	47	74.6032
gene_MP013311	0.34296	1.04064	178	0	0.0000
gene_MP013348	0.37688	1.12385	34	0	0.0000
gene_MP013378	0.34640	1.18714	708	221	31.2147
gene_MP013388	0.39397	1.44150	197	184	93.4010
gene_MP013392	0.35715	1.15653	937	0	0.0000
gene_MP013452	0.33641	1.22842	674	0	0.0000
gene_MP013459	0.37424	1.17115	664	0	0.0000
gene_MP013507	0.35476	1.52066	181	120	66.2983
gene_MP013628	0.35773	1.39100	344	305	88.6628
gene_MP013726	0.47177	1.50205	62	60	96.7742
gene_MP013728	0.34881	0.89654	168	84	50.0000
gene_MP013794	0.36387	1.31160	86	72	83.7209
gene_MP013849	0.38892	1.18783	167	131	78.4431
gene_MP013876	0.33137	1.35389	4987	17	0.3409
gene_MP013888	0.34947	1.25583	189	166	87.8307
gene_MP013993	0.37211	1.13871	228	221	96.9298
gene_MP014055	0.36693	1.29832	334	289	86.5269
gene_MP014143	0.34122	1.00675	115	67	58.2609
gene_MP014209	0.45989	1.19202	35	3	8.5714
gene_MP014231	0.32515	1.18817	33	0	0.0000
gene_MP014250	0.32853	1.46130	1608	0	0.0000
gene_MP014306	0.42331	1.00066	45	20	44.4444
gene_MP014395	0.34510	1.05396	24	24	100.0000
gene_MP014405	0.36947	1.14656	195	192	98.4615
gene_MP014489	0.34438	1.32668	2756	0	0.0000
gene_MP014564	0.37092	1.41908	78	71	91.0256
gene_MP014606	0.43638	1.50287	140	99	70.7143
gene_MP014625	0.34625	1.26592	527	29	5.5028
gene_MP014773	0.33732	1.12644	843	294	34.8754
gene_MP014776	0.33529	1.26483	4671	216	4.6243
gene_MP014802	0.37494	1.06022	80	79	98.7500
gene_MP014831	0.34559	1.05129	98	0	0.0000
gene_MP014892	0.36625	1.41529	160	156	97.5000
gene_MP014906	0.40932	1.47590	21	0	0.0000
gene_MP014914	0.52863	1.53494	161	0	0.0000
gene_MP015021	0.30693	1.21478	20	19	95.0000
gene_MP015058	0.52132	1.14445	39	39	100.0000
gene_MP015063	0.32853	1.46130	286	0	0.0000
gene_MP015080	0.32853	1.46130	21	0	0.0000
gene_MP015136	0.33101	1.13094	289	267	92.3875
gene_MP015159	0.31897	1.20349	4954	0	0.0000
gene_MP015242	0.42008	1.41935	345	0	0.0000
gene_MP015344	0.34107	1.03475	35	0	0.0000
gene_MP015345	0.34050	2.21086	37	35	94.5946
gene_MP015352	0.36919	1.91422	134	102	76.1194
gene_MP015358	0.34208	1.26470	2590	195	7.5290
gene_MP015377	0.35461	1.34831	251	199	79.2829
gene_MP015389	0.34581	1.16589	77	51	66.2338
gene_MP015391	0.34581	1.16589	665	527	79.2481
gene_MP015428	0.33471	1.23290	2560	0	0.0000
gene_MP015479	0.34768	1.02795	47	0	0.0000
gene_MP015565	0.32261	1.20240	566	14	2.4735
gene_MP015588	0.47073	1.25102	58	0	0.0000
gene_MP015613	0.35728	1.24293	265	100	37.7358
gene_MP015688	0.36406	1.39436	319	119	37.3041
gene_MP015728	0.42834	1.51757	127	122	96.0630
gene_MP015757	0.39199	1.28270	228	182	79.8246
gene_MP015770	0.42790	1.20871	117	0	0.0000
gene_MP015785	0.40110	1.48287	357	320	89.6359
gene_MP015809	0.36406	1.39436	791	562	71.0493
gene_MP015828	0.45807	1.50920	158	0	0.0000
gene_MP015830	0.47961	1.39412	57	0	0.0000
gene_MP015843	0.49591	1.04795	99	0	0.0000
gene_MP015851	0.37565	0.91155	33	0	0.0000
gene_MP015855	0.37424	0.91866	45	0	0.0000
gene_MP015868	0.33566	1.34795	689	0	0.0000
gene_MP015921	0.31757	1.19490	349	0	0.0000
gene_MP015931	0.44385	1.57021	94	80	85.1064
gene_MP015941	0.36406	1.16032	98	0	0.0000
gene_MP015977	0.32916	1.30950	229	215	93.8865
gene_MP015981	0.30740	1.60969	59	46	77.9661
gene_MP015999	0.43831	1.34097	84	49	58.3333
gene_MP016032	0.75389	1.26012	173	0	0.0000
gene_MP016063	0.36659	1.48909	350	314	89.7143
gene_MP016097	0.31844	1.35531	145	0	0.0000
gene_MP016204	0.33580	1.19022	1349	641	47.5167
gene_MP016246	0.39059	1.08546	20	0	0.0000
gene_MP016332	0.40102	1.28338	231	0	0.0000
gene_MP016354	0.41828	1.28806	32	32	100.0000
gene_MP016361	0.38705	1.30498	591	0	0.0000
gene_MP016380	0.32779	1.76854	20	20	100.0000
gene_MP016386	0.37526	0.96688	80	0	0.0000
gene_MP016405	0.38771	1.03459	32	0	0.0000
gene_MP016478	0.35314	1.43439	155	148	95.4839
gene_MP016504	0.33427	1.16660	419	115	27.4463
gene_MP016520	0.33687	1.34673	234	0	0.0000
gene_MP016617	0.40549	0.87778	28	0	0.0000
gene_MP016636	0.32384	1.15049	155	0	0.0000
gene_MP016657	0.32807	1.15713	647	0	0.0000
gene_MP016709	0.33776	1.23249	1107	0	0.0000
gene_MP016713	0.32384	1.15049	145	0	0.0000
gene_MP016780	0.30045	1.41498	148	80	54.0541
gene_MP016834	0.37869	0.93298	146	0	0.0000
gene_MP016835	0.34625	1.26592	2548	159	6.2402
gene_MP016836	0.35734	1.11805	743	0	0.0000
gene_MP016842	0.37763	0.96636	24	0	0.0000
gene_MP016861	0.34528	1.24145	2368	0	0.0000
gene_MP016875	0.35079	1.31878	453	0	0.0000
gene_MP016911	0.38305	1.19350	410	0	0.0000
gene_MP017003	0.34697	1.25441	253	151	59.6838
gene_MP017095	0.33892	1.35636	313	90	28.7540
gene_MP017118	0.40961	1.02161	41	0	0.0000
gene_MP017130	0.36936	1.12406	454	0	0.0000
gene_MP017191	0.35719	1.19941	843	89	10.5575
gene_MP017213	0.36154	1.00952	53	41	77.3585
gene_MP017225	0.34575	1.35181	1025	32	3.1220
gene_MP017230	0.34084	1.31669	885	70	7.9096
gene_MP017284	0.35999	1.16830	186	176	94.6237
gene_MP017301	0.34910	0.91806	149	95	63.7584
gene_MP017413	0.41063	0.89014	31	0	0.0000
gene_MP017459	0.37587	0.93228	20	0	0.0000
gene_MP017502	0.32752	1.09153	82	74	90.2439
gene_MP017522	0.34376	1.07158	248	228	91.9355
gene_MP017574	0.33736	1.32642	188	172	91.4894
gene_MP017593	0.38957	0.78708	21	0	0.0000
gene_MP017611	0.35707	1.45022	1107	0	0.0000
gene_MP017621	0.33557	0.95384	20	9	45.0000
gene_MP017644	0.32341	1.05723	215	0	0.0000
gene_MP017650	0.33356	1.31694	53	39	73.5849
gene_MP017651	0.32452	1.15681	901	258	28.6349
gene_MP017676	0.35260	0.94646	35	0	0.0000
gene_MP017774	0.36225	1.42099	1592	29	1.8216
gene_MP017819	0.31777	1.26160	1040	0	0.0000
gene_MP017944	0.33217	0.77569	24	0	0.0000
gene_MP017960	0.53472	1.22449	25	0	0.0000
gene_MP018015	0.43269	1.39799	466	0	0.0000
gene_MP018021	0.37015	1.17459	374	321	85.8289
gene_MP018046	0.37281	1.05830	189	187	98.9418
gene_MP018103	0.33215	1.18914	267	213	79.7753
gene_MP018115	0.36049	1.41003	1482	97	6.5452
gene_MP018133	0.39873	1.77398	176	169	96.0227
gene_MP018166	0.33513	1.23888	208	187	89.9038
gene_MP018231	0.33776	1.23249	319	0	0.0000
gene_MP018268	0.36590	1.52917	2358	216	9.1603
gene_MP018330	0.49860	1.51081	134	106	79.1045
gene_MP000020	0.37153	1.18618	1186	591	49.8314
gene_MP000030	0.36089	1.16589	52	0	0.0000
gene_MP000037	0.42990	1.02897	315	61	19.3651
gene_MP000041	0.32228	0.97729	116	0	0.0000
gene_MP000042	0.34537	1.32272	378	318	84.1270
gene_MP000046	0.35618	1.30656	447	347	77.6286
gene_MP000051	0.35125	1.21019	100	97	97.0000
gene_MP000056	0.31049	1.30909	144	66	45.8333
gene_MP000131	0.34101	1.21575	26	0	0.0000
gene_MP000179	0.35788	1.15158	392	305	77.8061
gene_MP000182	0.42042	1.09542	72	0	0.0000
gene_MP000213	0.73639	1.25937	100	17	17.0000
gene_MP000215	0.35886	1.05621	258	208	80.6202
gene_MP000233	0.35672	1.12274	373	317	84.9866
gene_MP000259	0.34108	1.19454	514	471	91.6342
gene_MP000263	0.33618	1.16051	747	545	72.9585
gene_MP000267	0.37612	1.97729	46	30	65.2174
gene_MP000275	0.41048	1.33541	235	0	0.0000
gene_MP000293	0.33657	1.23566	202	199	98.5149
gene_MP000313	0.38998	1.08781	191	3	1.5707
gene_MP000314	0.38998	1.08781	136	97	71.3235
gene_MP000379	0.46931	1.59645	193	187	96.8912
gene_MP000380	0.38108	1.43873	308	238	77.2727
gene_MP000411	0.35009	1.21597	135	111	82.2222
gene_MP000448	0.63558	1.17294	68	0	0.0000
gene_MP000453	0.35764	1.18072	575	525	91.3043
gene_MP000471	0.34637	1.63581	151	129	85.4305
gene_MP000478	0.37779	1.45079	116	74	63.7931
gene_MP000535	0.35822	1.41087	117	113	96.5812
gene_MP000582	0.33544	1.35101	372	334	89.7849
gene_MP000592	0.34414	1.22221	187	153	81.8182
gene_MP000606	0.33065	1.06151	1384	0	0.0000
gene_MP000673	0.30534	1.71937	36	32	88.8889
gene_MP000679	0.34536	1.11136	3517	403	11.4586
gene_MP000731	0.34833	1.05790	238	0	0.0000
gene_MP000762	0.34870	1.19230	472	247	52.3305
gene_MP000772	0.37123	0.95628	60	36	60.0000
gene_MP000775	0.34506	1.35949	1842	1606	87.1878
gene_MP000780	0.34506	1.35949	847	104	12.2786
gene_MP000786	0.34637	1.30018	556	440	79.1367
gene_MP000813	0.35884	1.18981	581	527	90.7057
gene_MP000829	0.40543	1.19678	125	118	94.4000
gene_MP000870	0.34658	1.47391	425	373	87.7647
gene_MP000929	0.37500	1.58441	183	163	89.0710
gene_MP001071	0.44002	1.54523	1029	936	90.9621
gene_MP001119	0.34570	1.06632	498	430	86.3454
gene_MP001138	0.34347	1.20284	176	129	73.2955
gene_MP001146	0.35811	1.07012	2041	0	0.0000
gene_MP001147	0.39539	1.36081	62	57	91.9355
gene_MP001150	0.33898	1.32681	207	161	77.7778
gene_MP001154	0.37339	1.51755	2639	127	4.8124
gene_MP001165	0.34870	1.19230	128	96	75.0000
gene_MP001202	0.36253	0.98281	74	63	85.1351
gene_MP001239	0.34391	1.23900	181	151	83.4254
gene_MP001361	0.35082	1.46996	31	15	48.3871
gene_MP001419	0.34223	1.15372	406	372	91.6256
gene_MP001438	0.35685	1.22017	264	201	76.1364
gene_MP001486	0.34939	1.51182	1407	601	42.7150
gene_MP001496	0.37175	0.97603	121	0	0.0000
gene_MP001500	0.34768	1.19834	779	222	28.4981
gene_MP001511	0.33428	1.16808	363	325	89.5317
gene_MP001530	0.62785	1.08031	92	0	0.0000
gene_MP001547	0.44954	0.72647	21	0	0.0000
gene_MP001611	0.53539	1.18083	114	93	81.5789
gene_MP001625	0.33527	1.38414	50	37	74.0000
gene_MP001632	0.54474	0.97784	82	0	0.0000
gene_MP001655	0.34838	1.32134	181	171	94.4751
gene_MP001666	0.39187	1.91649	89	87	97.7528
gene_MP001669	0.35863	0.79417	121	103	85.1240
gene_MP001686	0.38340	1.57951	106	67	63.2075
gene_MP001707	0.34012	1.11947	54	0	0.0000
gene_MP001711	0.47495	1.45211	85	61	71.7647
gene_MP001733	0.39530	1.53312	112	91	81.2500
gene_MP001765	0.31901	1.16898	265	0	0.0000
gene_MP001833	0.70909	1.20054	147	13	8.8435
gene_MP001879	0.35904	1.13978	147	133	90.4762
gene_MP001883	0.32893	1.47780	233	148	63.5193
gene_MP001915	0.36332	1.16706	266	205	77.0677
gene_MP001918	0.33431	1.04596	60	44	73.3333
gene_MP001934	0.34208	1.19427	249	0	0.0000
gene_MP001942	0.33750	1.35975	127	116	91.3386
gene_MP001943	0.35942	1.15700	223	210	94.1704
gene_MP001978	0.33988	1.19238	454	216	47.5771
gene_MP001984	0.34835	1.20483	132	118	89.3939
gene_MP001990	0.35650	1.30996	402	361	89.8010
gene_MP001994	0.30921	1.17619	4674	0	0.0000
gene_MP002033	0.34652	1.32229	37	21	56.7568
gene_MP002036	0.39303	1.10585	77	0	0.0000
gene_MP002059	0.33830	1.32556	53	29	54.7170
gene_MP002081	0.36310	1.20417	276	0	0.0000
gene_MP002091	0.41087	1.19325	75	52	69.3333
gene_MP002103	0.37953	1.59759	107	97	90.6542
gene_MP002135	0.58273	1.04518	37	14	37.8378
gene_MP002139	0.37473	1.06432	149	138	92.6174
gene_MP002146	0.32882	1.16571	388	325	83.7629
gene_MP002152	0.51436	1.26512	212	0	0.0000
gene_MP002153	0.40254	1.38839	53	29	54.7170
gene_MP002162	0.48826	1.51131	161	113	70.1863
gene_MP002176	0.36483	1.29001	610	492	80.6557
gene_MP002185	0.41323	1.04131	170	165	97.0588
gene_MP002193	0.37630	1.64847	28	6	21.4286
gene_MP002231	0.33771	1.16042	88	56	63.6364
gene_MP002245	0.32140	1.45964	41	37	90.2439
gene_MP002268	0.33997	1.25892	360	332	92.2222
gene_MP002280	0.37455	1.08215	340	265	77.9412
gene_MP002291	0.37572	1.39495	181	127	70.1657
gene_MP002308	0.34069	1.11756	338	60	17.7515
gene_MP002314	0.40648	1.46947	434	0	0.0000
gene_MP002338	0.34824	1.25195	44	37	84.0909
gene_MP002358	0.35473	1.16791	220	143	65.0000
gene_MP002429	0.37085	1.53166	49	27	55.1020
gene_MP002489	0.33771	1.41680	20	20	100.0000
gene_MP002516	0.34976	1.48128	222	222	100.0000
gene_MP002527	0.33682	1.25953	1045	1	0.0957
gene_MP002568	0.34950	1.17899	20	0	0.0000
gene_MP002605	0.34609	1.12393	482	41	8.5062
gene_MP002609	0.40448	1.45676	911	341	37.4314
gene_MP002619	0.33242	1.43676	43	34	79.0698
gene_MP002636	0.33842	1.13244	1852	811	43.7905
gene_MP002685	0.39016	1.59307	55	37	67.2727
gene_MP002730	0.35549	1.23362	28	28	100.0000
gene_MP002759	0.34408	1.33422	241	0	0.0000
gene_MP002771	0.34322	1.31291	375	126	33.6000
gene_MP002790	0.32988	1.13413	104	76	73.0769
gene_MP002792	0.36395	1.15711	277	263	94.9458
gene_MP002802	0.35609	1.30097	284	277	97.5352
gene_MP002803	0.36984	1.15924	316	0	0.0000
gene_MP002806	0.28881	1.47013	35	22	62.8571
gene_MP002810	0.34278	1.20764	1033	334	32.3330
gene_MP002847	0.35125	1.29084	174	127	72.9885
gene_MP002868	0.38009	1.70150	83	71	85.5422
gene_MP002875	0.37949	1.40508	138	121	87.6812
gene_MP002920	0.32792	0.96455	27	24	88.8889
gene_MP002927	0.33304	1.14399	484	0	0.0000
gene_MP002943	0.30576	1.20566	2452	0	0.0000
gene_MP002969	0.63187	1.16312	63	0	0.0000
gene_MP002973	0.31072	1.20938	816	0	0.0000
gene_MP002992	0.36780	1.08869	392	106	27.0408
gene_MP002994	0.36268	1.30365	65	0	0.0000
gene_MP003070	0.36308	1.12674	181	161	88.9503
gene_MP003073	0.31030	1.20417	145	0	0.0000
gene_MP003084	0.33807	1.14911	111	0	0.0000
gene_MP003091	0.33319	1.19583	748	0	0.0000
gene_MP003105	0.42528	1.12715	104	0	0.0000
gene_MP003108	0.31661	1.17440	343	0	0.0000
gene_MP003126	0.36951	1.13366	209	0	0.0000
gene_MP003140	0.33563	1.20161	162	159	98.1481
gene_MP003160	0.33949	1.09321	399	0	0.0000
gene_MP003168	0.33374	1.63109	111	75	67.5676
gene_MP003170	0.43855	1.53993	106	66	62.2642
gene_MP003172	0.33935	1.12194	134	115	85.8209
gene_MP003176	0.31902	1.48231	43	31	72.0930
gene_MP003190	0.31746	1.26845	1144	133	11.6259
gene_MP003205	0.32457	1.14021	176	111	63.0682
gene_MP003211	0.33747	1.29172	536	378	70.5224
gene_MP003233	0.31103	1.43533	176	126	71.5909
gene_MP003254	0.40942	1.46213	59	40	67.7966
gene_MP003265	0.35149	1.20316	240	0	0.0000
gene_MP003316	0.36130	1.32254	526	326	61.9772
gene_MP003336	0.59667	1.04616	111	0	0.0000
gene_MP003366	0.36272	1.35248	308	281	91.2338
gene_MP003376	0.55680	1.13476	116	0	0.0000
gene_MP003385	0.33213	1.12215	91	0	0.0000
gene_MP003397	0.30917	1.42054	525	385	73.3333
gene_MP003463	0.33901	1.26972	246	222	90.2439
gene_MP003469	0.33013	1.13806	511	143	27.9843
gene_MP003480	0.34264	1.11393	219	138	63.0137
gene_MP003497	0.34708	1.28956	190	178	93.6842
gene_MP003526	0.34169	1.67297	51	43	84.3137
gene_MP003530	0.31119	1.21657	67	40	59.7015
gene_MP003548	0.35151	1.42608	153	147	96.0784
gene_MP003567	0.44952	1.39658	89	65	73.0337
gene_MP003574	0.35772	1.15496	486	0	0.0000
gene_MP003654	0.43328	1.15633	174	169	97.1264
gene_MP003655	0.38222	1.15748	68	0	0.0000
gene_MP003692	0.32031	1.13438	179	117	65.3631
gene_MP003697	0.53583	1.27226	117	0	0.0000
gene_MP003701	0.35489	1.15583	90	74	82.2222
gene_MP003729	0.38717	1.04508	282	53	18.7943
gene_MP003739	0.51710	1.18031	78	43	55.1282
gene_MP003768	0.48952	1.43182	192	192	100.0000
gene_MP003801	0.36275	1.35625	138	105	76.0870
gene_MP003859	0.33603	1.19074	224	207	92.4107
gene_MP003874	0.31002	1.29902	144	90	62.5000
gene_MP003891	0.53033	1.41060	171	171	100.0000
gene_MP003893	0.39028	1.48691	447	439	98.2103
gene_MP003914	0.30514	1.12622	278	140	50.3597
gene_MP003948	0.33817	1.23518	107	82	76.6355
gene_MP003974	0.33690	1.30142	8261	143	1.7310
gene_MP003978	0.34993	1.30770	208	170	81.7308
gene_MP003997	0.33131	1.39026	431	382	88.6311
gene_MP004004	0.49599	1.47336	372	331	88.9785
gene_MP004016	0.44783	1.80140	102	102	100.0000
gene_MP004034	0.32688	1.18708	321	283	88.1620
gene_MP004138	0.46354	1.11774	32	0	0.0000
gene_MP004169	0.37346	1.20337	222	189	85.1351
gene_MP004189	0.37020	1.27866	751	185	24.6338
gene_MP004201	0.33289	1.22059	128	115	89.8438
gene_MP004212	0.33594	1.18614	497	420	84.5070
gene_MP004225	0.38621	1.34412	45	39	86.6667
gene_MP004238	0.31941	1.25531	14434	0	0.0000
gene_MP004253	0.33661	1.21545	1466	121	8.2538
gene_MP004317	0.34366	1.22702	662	0	0.0000
gene_MP004328	0.35322	0.85935	163	0	0.0000
gene_MP004334	0.35957	1.40481	147	128	87.0748
gene_MP004341	0.36725	1.04635	390	349	89.4872
gene_MP004343	0.30385	1.28525	1983	0	0.0000
gene_MP004363	0.35945	1.20084	313	240	76.6773
gene_MP004368	0.32798	1.24625	302	0	0.0000
gene_MP004418	0.33819	1.20539	1469	413	28.1144
gene_MP004450	0.46818	1.35896	394	293	74.3655
gene_MP004466	0.33436	1.17379	2173	0	0.0000
gene_MP004649	0.33761	1.25897	559	0	0.0000
gene_MP004662	0.36342	1.52264	1729	93	5.3788
gene_MP004779	0.38050	1.46063	689	619	89.8403
gene_MP004802	0.42070	1.14954	457	284	62.1444
gene_MP004810	0.33340	1.42135	198	189	95.4545
gene_MP004812	0.37343	1.13292	22	20	90.9091
gene_MP004813	0.35091	1.53190	183	173	94.5355
gene_MP004828	0.37343	1.13292	25	25	100.0000
gene_MP004833	0.37461	1.51261	1630	170	10.4294
gene_MP004844	0.38140	1.29985	132	128	96.9697
gene_MP004846	0.33150	1.18231	5224	135	2.5842
gene_MP004859	0.33345	1.10288	427	317	74.2389
gene_MP004864	0.37052	1.05254	131	0	0.0000
gene_MP004892	0.37343	1.13292	436	392	89.9083
gene_MP004910	0.33133	1.25242	40	0	0.0000
gene_MP004915	0.34626	1.31762	177	166	93.7853
gene_MP004918	0.35738	1.38431	159	135	84.9057
gene_MP004922	0.42840	1.46593	1005	0	0.0000
gene_MP004966	0.31961	1.25457	535	0	0.0000
gene_MP004971	0.31683	1.32547	2268	0	0.0000
gene_MP004984	0.34314	1.15235	113	104	92.0354
gene_MP005040	0.32798	1.44918	4205	0	0.0000
gene_MP005068	0.34472	1.10428	139	0	0.0000
gene_MP005135	0.38031	1.40361	716	273	38.1285
gene_MP005146	0.30802	1.19614	5298	0	0.0000
gene_MP005167	0.36757	1.17171	393	222	56.4885
gene_MP005184	0.34123	1.29514	155	94	60.6452
gene_MP005221	0.36026	1.67370	41	37	90.2439
gene_MP005226	0.35804	1.18552	24	0	0.0000
gene_MP005294	0.34448	1.28828	1980	342	17.2727
gene_MP005307	0.40773	1.43249	31	31	100.0000
gene_MP005368	0.41523	1.08466	246	0	0.0000
gene_MP005369	0.39724	1.06664	201	70	34.8259
gene_MP005413	0.38070	1.22296	167	143	85.6287
gene_MP005415	0.34774	1.09560	242	210	86.7769
gene_MP005435	0.35097	1.29611	571	455	79.6848
gene_MP005512	0.36544	1.23167	143	72	50.3497
gene_MP005515	0.41539	1.60135	161	139	86.3354
gene_MP005533	0.35211	1.25807	2189	179	8.1772
gene_MP005540	0.32826	1.19765	358	296	82.6816
gene_MP005566	0.35357	1.16642	1852	197	10.6371
gene_MP005585	0.33281	1.26547	1480	0	0.0000
gene_MP005608	0.35289	1.31603	2322	41	1.7657
gene_MP005670	0.35289	1.31603	2104	212	10.0760
gene_MP005718	0.34748	1.10857	108	107	99.0741
gene_MP005729	0.36948	1.32511	22	4	18.1818
gene_MP005777	0.33249	1.36763	475	290	61.0526
gene_MP005847	0.35051	1.18020	2000	0	0.0000
gene_MP005872	0.37145	1.13720	557	376	67.5045
gene_MP005912	0.34293	1.20272	948	0	0.0000
gene_MP005916	0.45437	1.51980	41	34	82.9268
gene_MP005935	0.35499	1.09414	262	152	58.0153
gene_MP005944	0.36678	1.11823	910	507	55.7143
gene_MP005994	0.32804	1.22509	336	0	0.0000
gene_MP005995	0.34118	1.10386	278	234	84.1727
gene_MP006026	0.68139	1.33497	115	0	0.0000
gene_MP006043	0.36726	1.11896	298	236	79.1946
gene_MP006092	0.32440	0.87225	107	100	93.4579
gene_MP006105	0.32561	1.25623	7310	0	0.0000
gene_MP006136	0.49154	1.01694	53	0	0.0000
gene_MP006137	0.49210	1.01905	53	0	0.0000
gene_MP006158	0.31669	1.29428	132	105	79.5455
gene_MP006181	0.34573	1.25023	413	350	84.7458
gene_MP006377	0.33757	1.25825	134	0	0.0000
gene_MP006380	0.35642	1.34913	293	250	85.3242
gene_MP006466	0.36474	1.29649	2147	0	0.0000
gene_MP006589	0.36535	1.12515	143	88	61.5385
gene_MP006679	0.36760	1.13011	361	0	0.0000
gene_MP006722	0.34672	1.29709	171	139	81.2865
gene_MP006885	0.35452	1.45574	294	280	95.2381
gene_MP006934	0.33929	1.30515	349	325	93.1232
gene_MP006949	0.37737	1.21366	897	3	0.3344
gene_MP007010	0.34921	1.42993	42	35	83.3333
gene_MP007056	0.36509	1.26994	487	445	91.3758
gene_MP007095	0.34215	1.23886	62	59	95.1613
gene_MP007444	0.50836	0.84233	138	0	0.0000
gene_MP007451	0.33235	1.34589	1963	0	0.0000
gene_MP007590	0.43089	0.97744	39	0	0.0000
gene_MP007596	0.35283	1.24849	297	236	79.4613
gene_MP007653	0.32087	1.24513	216	178	82.4074
gene_MP007660	0.76279	1.32731	165	0	0.0000
gene_MP007801	0.32988	1.16615	49	17	34.6939
gene_MP007824	0.35101	1.26156	1645	250	15.1976
gene_MP007881	0.39394	1.04111	380	0	0.0000
gene_MP007992	0.34308	0.98894	151	0	0.0000
gene_MP008001	0.35560	1.31689	787	725	92.1220
gene_MP008012	0.33872	1.18269	2973	964	32.4252
gene_MP008115	0.32686	1.20050	4899	0	0.0000
gene_MP008122	0.32569	1.13361	157	94	59.8726
gene_MP008173	0.35185	1.31012	179	159	88.8268
gene_MP008176	0.32844	1.24483	2982	0	0.0000
gene_MP008190	0.38714	1.15193	544	513	94.3015
gene_MP008238	0.40775	1.24113	152	102	67.1053
gene_MP008239	0.35304	1.33227	344	256	74.4186
gene_MP008267	0.36613	1.33555	698	672	96.2751
gene_MP008282	0.31619	1.19113	114	85	74.5614
gene_MP008283	0.37478	1.20193	1513	1375	90.8790
gene_MP008291	0.35590	1.23229	197	0	0.0000
gene_MP008292	0.37318	1.04243	57	0	0.0000
gene_MP008302	0.36446	1.24746	768	684	89.0625
gene_MP008324	0.40746	1.11888	420	417	99.2857
gene_MP008339	0.39380	1.44531	922	841	91.2148
gene_MP008390	0.34347	1.20284	511	270	52.8376
gene_MP008403	0.32686	1.23933	457	0	0.0000
gene_MP008409	0.36600	1.20177	121	0	0.0000
gene_MP008420	0.36625	1.21344	1093	914	83.6231
gene_MP008423	0.34963	1.16728	759	0	0.0000
gene_MP008425	0.37155	1.28644	477	336	70.4403
gene_MP008442	0.36798	1.15580	23	20	86.9565
gene_MP008459	0.33676	1.50548	2286	0	0.0000
gene_MP008462	0.33702	1.42460	1094	0	0.0000
gene_MP008524	0.33890	1.30776	3759	706	18.7816
gene_MP008530	0.34933	1.36094	363	352	96.9697
gene_MP008631	0.34245	1.29546	216	150	69.4444
gene_MP008684	0.40645	1.43090	1335	140	10.4869
gene_MP008738	0.33046	1.22363	279	171	61.2903
gene_MP008844	0.36554	1.17254	803	0	0.0000
gene_MP008870	0.35617	1.17666	487	0	0.0000
gene_MP008921	0.33991	1.29868	2956	261	8.8295
gene_MP008960	0.33514	1.34308	306	0	0.0000
gene_MP008991	0.35574	1.17726	283	0	0.0000
gene_MP009072	0.31813	1.32943	35	0	0.0000
gene_MP009129	0.41377	1.02890	275	265	96.3636
gene_MP009263	0.37265	1.27004	2474	922	37.2676
gene_MP009383	0.37992	1.78755	743	612	82.3688
gene_MP009455	0.38247	1.30786	36	35	97.2222
gene_MP009566	0.41262	1.67081	98	80	81.6327
gene_MP009595	0.33102	1.28855	2449	0	0.0000
gene_MP009672	0.33753	1.07501	33	0	0.0000
gene_MP009686	0.32943	1.26680	161	118	73.2919
gene_MP009691	0.32688	1.24085	2390	0	0.0000
gene_MP009710	0.37505	1.08301	302	246	81.4570
gene_MP009734	0.42005	1.16053	86	0	0.0000
gene_MP009739	0.35230	1.11851	429	356	82.9837
gene_MP009753	0.34630	0.94376	94	83	88.2979
gene_MP009790	0.35936	1.24871	238	237	99.5798
gene_MP009819	0.34625	1.20397	811	0	0.0000
gene_MP009842	0.33204	1.32812	2953	835	28.2763
gene_MP009881	0.31127	1.53318	171	37	21.6374
gene_MP009941	0.42005	1.16053	20	0	0.0000
gene_MP009948	0.36310	1.17541	25	0	0.0000
gene_MP009956	0.41025	1.56820	152	110	72.3684
gene_MP009966	0.71692	1.30386	100	20	20.0000
gene_MP010058	0.34361	1.24308	2793	102	3.6520
gene_MP010110	0.39223	1.05114	58	58	100.0000
gene_MP010132	0.36712	1.15002	411	387	94.1606
gene_MP010152	0.35121	1.05833	415	325	78.3133
gene_MP010179	0.33438	1.22277	567	443	78.1305
gene_MP010192	0.38637	1.13156	385	319	82.8571
gene_MP010203	0.35351	1.30198	767	667	86.9622
gene_MP010204	0.34625	1.20397	114	0	0.0000
gene_MP010211	0.31776	1.29066	199	0	0.0000
gene_MP010234	0.37155	1.28644	483	413	85.5072
gene_MP010259	0.36523	1.20088	287	0	0.0000
gene_MP010272	0.33702	1.42460	349	182	52.1490
gene_MP010306	0.36523	1.20088	2403	405	16.8539
gene_MP010310	0.35756	0.99122	320	0	0.0000
gene_MP010321	0.31299	1.28643	113	81	71.6814
gene_MP010360	0.39768	1.69532	150	150	100.0000
gene_MP010386	0.35676	1.27002	127	108	85.0394
gene_MP010407	0.47377	1.04524	76	0	0.0000
gene_MP010419	0.66345	1.23028	84	0	0.0000
gene_MP010423	0.41109	1.24788	27	0	0.0000
gene_MP010460	0.33878	1.02167	70	21	30.0000
gene_MP010461	0.53746	1.17729	60	34	56.6667
gene_MP010501	0.37952	1.23054	276	196	71.0145
gene_MP010513	0.37424	1.61499	139	123	88.4892
gene_MP010516	0.33420	1.19055	1135	104	9.1630
gene_MP010556	0.39373	1.16620	33	23	69.6970
gene_MP010561	0.41855	1.83524	302	197	65.2318
gene_MP010581	0.39721	1.19482	37	35	94.5946
gene_MP010592	0.38648	1.07514	152	0	0.0000
gene_MP010594	0.35943	1.81008	31	30	96.7742
gene_MP010617	0.38714	2.02933	55	48	87.2727
gene_MP010626	0.35454	1.90806	97	75	77.3196
gene_MP010631	0.43810	1.29154	26	24	92.3077
gene_MP010635	0.33855	1.07583	90	73	81.1111
gene_MP010648	0.53769	1.27673	110	67	60.9091
gene_MP010688	0.32004	1.31735	38	25	65.7895
gene_MP010742	0.31363	1.06512	154	109	70.7792
gene_MP010766	0.38439	1.25025	284	237	83.4507
gene_MP010817	0.37593	1.42877	284	0	0.0000
gene_MP010829	0.37267	1.25781	42	0	0.0000
gene_MP010834	0.35877	1.07312	246	233	94.7154
gene_MP011019	0.32465	1.33126	218	201	92.2018
gene_MP011027	0.30931	1.42982	65	46	70.7692
gene_MP011031	0.37235	1.33939	188	0	0.0000
gene_MP011047	0.36702	1.64336	52	50	96.1538
gene_MP011053	0.38423	1.29863	48	0	0.0000
gene_MP011068	0.35302	1.28409	382	0	0.0000
gene_MP011092	0.34410	1.30739	174	0	0.0000
gene_MP011093	0.33904	1.10595	193	120	62.1762
gene_MP011111	0.43326	1.73584	115	114	99.1304
gene_MP011134	0.37355	1.58525	39	39	100.0000
gene_MP011141	0.33176	1.14674	314	246	78.3439
gene_MP011223	0.34792	1.21709	409	0	0.0000
gene_MP011225	0.47875	1.30755	52	52	100.0000
gene_MP011237	0.36872	1.34992	439	393	89.5216
gene_MP011280	0.52570	1.35178	183	133	72.6776
gene_MP011281	0.57652	1.36900	217	155	71.4286
gene_MP011299	0.37951	1.03640	255	205	80.3922
gene_MP011310	0.40532	1.01235	139	0	0.0000
gene_MP011319	0.32263	1.61836	127	109	85.8268
gene_MP011326	0.37892	1.42733	204	157	76.9608
gene_MP011329	0.32438	1.20752	427	410	96.0187
gene_MP011356	0.32045	1.06667	84	40	47.6190
gene_MP011361	0.35210	1.14911	32	17	53.1250
gene_MP011403	0.35608	1.21914	960	53	5.5208
gene_MP011457	0.35863	1.15346	695	0	0.0000
gene_MP011498	0.34555	1.28234	1646	0	0.0000
gene_MP011583	0.35732	1.08903	109	82	75.2294
gene_MP011610	0.35259	1.31402	81	68	83.9506
gene_MP011612	0.34137	1.52713	35	22	62.8571
gene_MP011618	0.48604	1.59369	182	133	73.0769
gene_MP011632	0.44645	1.45328	155	110	70.9677
gene_MP011671	0.41129	0.94987	244	0	0.0000
gene_MP011728	0.34419	1.88842	36	36	100.0000
gene_MP011777	0.36930	1.04493	32	0	0.0000
gene_MP011778	0.29553	1.68256	44	42	95.4545
gene_MP011793	0.40638	1.24116	422	0	0.0000
gene_MP011853	0.32952	1.31916	260	231	88.8462
gene_MP011915	0.40690	1.31226	47	46	97.8723
gene_MP011917	0.40173	1.77559	82	71	86.5854
gene_MP011918	0.36265	1.13699	155	125	80.6452
gene_MP011922	0.33093	1.12234	183	115	62.8415
gene_MP011968	0.32070	1.01358	121	0	0.0000
gene_MP012066	0.47837	1.32055	89	60	67.4157
gene_MP012081	0.38672	1.01147	88	86	97.7273
gene_MP012101	0.44581	1.39949	34	34	100.0000
gene_MP012176	0.37600	1.00780	98	1	1.0204
gene_MP012185	0.54061	1.25278	108	0	0.0000
gene_MP012189	0.51695	1.16280	55	0	0.0000
gene_MP012246	0.32158	1.21658	549	12	2.1858
gene_MP012252	0.37394	1.16156	124	107	86.2903
gene_MP012286	0.40649	1.37401	171	171	100.0000
gene_MP012327	0.40706	1.55425	229	0	0.0000
gene_MP012372	0.32691	1.11842	398	0	0.0000
gene_MP012378	0.55284	1.56458	227	156	68.7225
gene_MP012408	0.37582	1.47016	1614	67	4.1512
gene_MP012449	0.37145	1.51404	17051	0	0.0000
gene_MP012453	0.34400	1.04648	168	0	0.0000
gene_MP012465	0.44615	0.90909	33	0	0.0000
gene_MP012473	0.37904	1.31585	95	71	74.7368
gene_MP012476	0.34454	1.40892	1053	65	6.1728
gene_MP012511	0.77344	1.22534	139	0	0.0000
gene_MP012532	0.44444	1.07918	23	23	100.0000
gene_MP012547	0.44608	1.53676	109	90	82.5688
gene_MP012556	0.39683	1.48194	33	33	100.0000
gene_MP012561	0.36774	1.26821	262	257	98.0916
gene_MP012567	0.33676	1.22010	148	0	0.0000
gene_MP012588	0.34962	1.13068	414	358	86.4734
gene_MP012629	0.35363	1.28664	260	118	45.3846
gene_MP012630	0.36582	1.21475	428	233	54.4393
gene_MP012633	0.34604	1.13310	135	130	96.2963
gene_MP012652	0.35361	0.95932	50	3	6.0000
gene_MP012658	0.77650	1.14828	135	0	0.0000
gene_MP012668	0.37063	1.33474	156	0	0.0000
gene_MP012675	0.37529	1.21651	20	20	100.0000
gene_MP012683	0.37290	1.44621	329	297	90.2736
gene_MP012684	0.38858	1.06708	151	104	68.8742
gene_MP012710	0.38315	1.25906	143	116	81.1189
gene_MP012721	0.37930	1.12002	258	179	69.3798
gene_MP012791	0.35821	1.18875	1706	0	0.0000
gene_MP012814	0.35648	1.50913	215	105	48.8372
gene_MP012848	0.35293	1.17675	372	323	86.8280
gene_MP012857	0.32092	1.27772	24	0	0.0000
gene_MP012867	0.49803	1.62386	409	409	100.0000
gene_MP012880	0.37226	1.81533	145	135	93.1034
gene_MP012908	0.31974	1.39797	78	71	91.0256
gene_MP012946	0.44758	1.46190	54	54	100.0000
gene_MP012968	0.36463	1.09440	167	0	0.0000
gene_MP013156	0.33782	1.64950	56	11	19.6429
gene_MP013193	0.50670	1.08673	26	0	0.0000
gene_MP013200	0.46067	0.98830	29	0	0.0000
gene_MP013293	0.32919	1.27374	137	66	48.1752
gene_MP013312	0.34270	0.93299	136	106	77.9412
gene_MP013315	0.31206	1.18284	9970	0	0.0000
gene_MP013333	0.40928	1.35666	711	496	69.7609
gene_MP013347	0.40891	1.40472	30	26	86.6667
gene_MP013351	0.36010	1.12977	836	46	5.5024
gene_MP013362	0.40566	1.03827	208	0	0.0000
gene_MP013380	0.39009	1.23520	217	0	0.0000
gene_MP013425	0.32572	1.32878	212	157	74.0566
gene_MP013430	0.33656	1.19771	2196	0	0.0000
gene_MP013439	0.67394	1.48075	300	180	60.0000
gene_MP013450	0.35281	1.08578	247	114	46.1538
gene_MP013510	0.34146	1.36701	614	0	0.0000
gene_MP013562	0.38420	1.58778	401	317	79.0524
gene_MP013700	0.33333	1.20536	48	40	83.3333
gene_MP013703	0.33195	1.27045	7552	92	1.2182
gene_MP013712	0.32581	1.17752	662	0	0.0000
gene_MP013735	0.35468	1.22443	469	378	80.5970
gene_MP013736	0.35163	1.35707	99	46	46.4646
gene_MP013741	0.32497	1.33998	2456	0	0.0000
gene_MP013745	0.37700	1.38305	138	59	42.7536
gene_MP013752	0.37840	1.32443	162	150	92.5926
gene_MP013775	0.30962	1.04971	446	0	0.0000
gene_MP013777	0.35644	1.30355	85	69	81.1765
gene_MP013778	0.35644	1.30355	2447	56	2.2885
gene_MP013780	0.32363	1.29024	1420	0	0.0000
gene_MP013786	0.33948	1.32534	445	419	94.1573
gene_MP013803	0.32919	1.27374	303	198	65.3465
gene_MP013804	0.36923	1.03856	39	0	0.0000
gene_MP013807	0.31355	1.22151	116	0	0.0000
gene_MP013809	0.34118	1.14691	307	0	0.0000
gene_MP013861	0.32919	1.27374	537	223	41.5270
gene_MP013867	0.31296	1.21803	2913	0	0.0000
gene_MP013873	0.36127	1.89990	88	72	81.8182
gene_MP013885	0.38503	1.17561	808	742	91.8317
gene_MP013895	0.85522	1.29233	66	0	0.0000
gene_MP013937	0.47274	1.90898	434	351	80.8756
gene_MP013944	0.33411	1.12742	1262	0	0.0000
gene_MP013955	0.31212	1.25424	1571	0	0.0000
gene_MP013991	0.37980	1.36317	24	5	20.8333
gene_MP014015	0.47222	1.57055	97	97	100.0000
gene_MP014039	0.34636	1.22602	3907	0	0.0000
gene_MP014086	0.27056	1.36889	23	21	91.3043
gene_MP014176	0.36860	1.39723	266	266	100.0000
gene_MP014201	0.35336	1.17396	31	9	29.0323
gene_MP014259	0.34562	1.17556	754	0	0.0000
gene_MP014276	0.37098	1.17993	581	457	78.6575
gene_MP014283	0.34982	1.34111	3009	0	0.0000
gene_MP014286	0.40286	1.52973	893	840	94.0649
gene_MP014288	0.34333	1.19294	248	170	68.5484
gene_MP014305	0.45414	0.91973	32	9	28.1250
gene_MP014317	0.39646	1.67880	193	192	99.4819
gene_MP014320	0.36170	1.55729	67	64	95.5224
gene_MP014372	0.39212	1.27169	243	234	96.2963
gene_MP014392	0.35451	1.21450	1258	322	25.5962
gene_MP014423	0.33222	1.18650	88	48	54.5455
gene_MP014496	0.37261	1.19036	129	99	76.7442
gene_MP014529	0.34481	1.20629	221	0	0.0000
gene_MP014552	0.33502	1.59167	3344	0	0.0000
gene_MP014558	0.32180	1.24539	663	0	0.0000
gene_MP014628	0.33923	1.38998	1071	0	0.0000
gene_MP014652	0.36788	1.50835	651	607	93.2412
gene_MP014673	0.31357	1.28497	444	0	0.0000
gene_MP014678	0.52381	1.09884	28	0	0.0000
gene_MP014695	0.36329	1.14344	429	0	0.0000
gene_MP014753	0.35045	1.39996	383	224	58.4856
gene_MP014762	0.36446	1.16545	247	0	0.0000
gene_MP014785	0.36302	0.97120	521	26	4.9904
gene_MP014809	0.43733	0.97729	35	26	74.2857
gene_MP014880	0.30543	1.70224	35	25	71.4286
gene_MP014950	0.36170	1.06446	21	0	0.0000
gene_MP015142	0.32982	1.24459	607	0	0.0000
gene_MP015251	0.34191	1.29075	242	201	83.0579
gene_MP015294	0.39374	1.05045	74	60	81.0811
gene_MP015300	0.34096	1.46841	35	23	65.7143
gene_MP015405	0.35441	1.18304	583	530	90.9091
gene_MP015418	0.37856	1.72696	36	35	97.2222
gene_MP015424	0.34118	1.27929	336	44	13.0952
gene_MP015547	0.32046	1.27205	382	0	0.0000
gene_MP015772	0.36751	1.46730	112	75	66.9643
gene_MP015835	0.32317	1.19830	214	0	0.0000
gene_MP015893	0.42088	1.65146	153	138	90.1961
gene_MP015913	0.35740	1.13280	295	0	0.0000
gene_MP015922	0.36751	1.46730	809	766	94.6848
gene_MP016004	0.47390	1.33529	88	0	0.0000
gene_MP016014	0.47390	1.33529	69	0	0.0000
gene_MP016144	0.53473	1.54215	358	150	41.8994
gene_MP016270	0.34173	1.10150	1781	0	0.0000
gene_MP016273	0.35743	1.33684	127	112	88.1890
gene_MP016384	0.34884	0.91449	64	0	0.0000
gene_MP016403	0.38652	1.00753	31	0	0.0000
gene_MP016406	0.38771	1.00437	31	20	64.5161
gene_MP016431	0.36189	1.02684	277	0	0.0000
gene_MP016451	0.37342	1.60096	4019	706	17.5666
gene_MP016515	0.35579	1.15304	545	459	84.2202
gene_MP016536	0.33802	1.40984	1717	275	16.0163
gene_MP016557	0.32110	1.29430	1993	0	0.0000
gene_MP016593	0.41423	1.11364	45	0	0.0000
gene_MP016596	0.36562	1.30170	1258	70	5.5644
gene_MP016599	0.43581	1.44276	127	102	80.3150
gene_MP016612	0.48023	0.84939	52	0	0.0000
gene_MP016637	0.65991	1.52078	139	136	97.8417
gene_MP016652	0.33536	1.41871	177	158	89.2655
gene_MP016681	0.32448	1.26894	1116	0	0.0000
gene_MP016781	0.42065	1.72532	99	94	94.9495
gene_MP016809	0.39559	1.17324	618	570	92.2330
gene_MP016874	0.33440	1.23619	238	0	0.0000
gene_MP016904	0.48035	1.25272	75	0	0.0000
gene_MP016973	0.33147	1.05192	329	264	80.2432
gene_MP016996	0.34797	1.35454	1069	318	29.7474
gene_MP017048	0.34093	1.37121	1280	120	9.3750
gene_MP017049	0.33397	1.18763	314	30	9.5541
gene_MP017072	0.39306	1.26072	268	9	3.3582
gene_MP017120	0.40961	1.02161	41	0	0.0000
gene_MP017152	0.32156	1.20323	78	70	89.7436
gene_MP017175	0.33985	1.35368	272	0	0.0000
gene_MP017180	0.33679	1.57008	77	59	76.6234
gene_MP017250	0.65612	0.98381	50	0	0.0000
gene_MP017300	0.37585	1.18078	415	383	92.2892
gene_MP017369	0.35052	1.19769	54	0	0.0000
gene_MP017442	0.37523	1.19451	370	298	80.5405
gene_MP017472	0.33249	1.32796	188	150	79.7872
gene_MP017483	0.34923	1.35068	2441	171	7.0053
gene_MP017762	0.32348	1.16681	557	35	6.2837
gene_MP017827	0.32983	1.44580	174	81	46.5517
gene_MP017832	0.35877	1.24043	441	318	72.1088
gene_MP017846	0.34647	1.29301	543	0	0.0000
gene_MP017876	0.37891	1.33356	609	402	66.0099
gene_MP017887	0.32746	1.29962	435	386	88.7356
gene_MP017904	0.38483	1.40550	822	785	95.4988
gene_MP017907	0.36640	1.03277	1040	854	82.1154
gene_MP017915	0.35766	1.30591	155	0	0.0000
gene_MP018025	0.34572	1.26987	727	0	0.0000
gene_MP018120	0.48688	1.12958	51	44	86.2745
gene_MP018121	0.50198	0.87944	42	0	0.0000
gene_MP018154	0.30034	1.59922	42	39	92.8571
gene_MP018201	0.39121	1.15900	450	447	99.3333
gene_MP018238	0.39014	1.18117	341	200	58.6510
gene_MP018242	0.37093	1.23966	144	115	79.8611
gene_MP018260	0.33968	1.06457	108	0	0.0000
gene_MP000039	0.41188	1.06083	238	0	0.0000
gene_MP000054	0.34298	1.27384	311	0	0.0000
gene_MP000271	0.36961	1.23372	75	64	85.3333
gene_MP000320	0.37812	1.37707	173	170	98.2659
gene_MP000334	0.35481	1.35904	395	374	94.6835
gene_MP000344	0.35121	1.40575	66	65	98.4848
gene_MP000435	0.34589	1.82849	159	154	96.8553
gene_MP000484	0.41453	1.47500	23	23	100.0000
gene_MP000530	0.40034	1.06743	330	0	0.0000
gene_MP000565	0.38242	1.45768	96	93	96.8750
gene_MP000575	0.35686	1.23226	648	577	89.0432
gene_MP000585	0.35123	1.13057	244	198	81.1475
gene_MP000613	0.37586	1.17074	325	307	94.4615
gene_MP000631	0.32446	1.21076	2409	0	0.0000
gene_MP000717	0.32751	1.21769	1941	0	0.0000
gene_MP000816	0.33324	1.23822	4551	0	0.0000
gene_MP000864	0.35492	1.23474	178	143	80.3371
gene_MP000955	0.35968	1.17842	207	165	79.7101
gene_MP001177	0.55898	1.41861	32	32	100.0000
gene_MP001182	0.37860	1.35812	136	0	0.0000
gene_MP001292	0.38421	1.30516	106	95	89.6226
gene_MP001381	0.37029	1.16825	1065	0	0.0000
gene_MP001465	0.33748	1.34114	44	44	100.0000
gene_MP001473	0.33748	1.34114	939	28	2.9819
gene_MP001478	0.33748	1.34114	2427	1169	48.1665
gene_MP001529	0.47881	1.27922	71	0	0.0000
gene_MP001572	0.40831	1.17066	560	0	0.0000
gene_MP001613	0.37208	1.08548	45	0	0.0000
gene_MP001739	0.39245	0.95719	108	0	0.0000
gene_MP001769	0.33640	1.39412	774	0	0.0000
gene_MP001794	0.46589	1.33411	320	0	0.0000
gene_MP002118	0.34465	1.19587	204	179	87.7451
gene_MP002317	0.37866	1.29947	565	504	89.2035
gene_MP002323	0.36670	1.19175	226	0	0.0000
gene_MP002380	0.35465	1.42418	2875	0	0.0000
gene_MP002414	0.35832	1.12371	63	50	79.3651
gene_MP002573	0.39126	1.12550	344	0	0.0000
gene_MP002625	0.37744	1.01737	102	0	0.0000
gene_MP002652	0.31549	1.22278	320	0	0.0000
gene_MP002661	0.37091	1.28540	320	110	34.3750
gene_MP002662	0.34911	1.47568	161	144	89.4410
gene_MP002667	0.36893	1.39063	350	343	98.0000
gene_MP002758	0.37284	0.98903	403	322	79.9007
gene_MP002783	0.35336	1.20007	212	0	0.0000
gene_MP002785	0.36676	1.36254	472	438	92.7966
gene_MP002807	0.39977	1.16564	122	111	90.9836
gene_MP002812	0.36212	1.06463	305	0	0.0000
gene_MP002814	0.35342	1.56323	375	293	78.1333
gene_MP002865	0.36383	1.33719	155	0	0.0000
gene_MP002866	0.36410	1.34324	72	61	84.7222
gene_MP002929	0.36564	1.09961	215	146	67.9070
gene_MP003077	0.40723	1.19857	54	0	0.0000
gene_MP003134	0.33913	1.33830	55	0	0.0000
gene_MP003310	0.33710	1.20400	118	91	77.1186
gene_MP003317	0.36738	1.48869	824	242	29.3689
gene_MP003375	0.36134	1.19343	239	210	87.8661
gene_MP003383	0.35528	1.19256	35	0	0.0000
gene_MP003388	0.34487	1.25761	35	33	94.2857
gene_MP003395	0.34471	1.14973	244	233	95.4918
gene_MP003553	0.33543	1.23317	456	0	0.0000
gene_MP003569	0.38534	1.59280	210	196	93.3333
gene_MP003571	0.34595	1.29940	377	287	76.1273
gene_MP003573	0.35005	1.24099	40	34	85.0000
gene_MP003663	0.50267	1.09822	104	0	0.0000
gene_MP003718	0.49252	1.39137	62	60	96.7742
gene_MP003724	0.37824	1.58665	38	38	100.0000
gene_MP003821	0.34580	1.46295	631	507	80.3487
gene_MP003823	0.37172	1.27796	422	0	0.0000
gene_MP003845	0.35447	1.36640	1790	0	0.0000
gene_MP003857	0.35280	1.13845	1060	0	0.0000
gene_MP003943	0.33969	1.25416	669	0	0.0000
gene_MP004029	0.36939	1.23612	180	87	48.3333
gene_MP004129	0.34306	1.40374	27	0	0.0000
gene_MP004203	0.37789	1.31968	374	346	92.5134
gene_MP004425	0.34434	1.27430	1147	272	23.7140
gene_MP004428	0.34577	1.41453	110	0	0.0000
gene_MP004429	0.33942	1.23427	538	0	0.0000
gene_MP005054	0.35019	1.36020	406	0	0.0000
gene_MP005062	0.35457	1.07728	335	239	71.3433
gene_MP005074	0.36045	1.35089	398	339	85.1759
gene_MP005145	0.43172	1.49763	798	48	6.0150
gene_MP005225	0.32642	1.19626	90	0	0.0000
gene_MP005248	0.36946	1.27906	154	112	72.7273
gene_MP005249	0.34780	1.20146	289	0	0.0000
gene_MP005275	0.34570	1.06512	60	0	0.0000
gene_MP005276	0.35616	1.19841	90	0	0.0000
gene_MP005339	0.32642	1.19626	1433	0	0.0000
gene_MP005344	0.37087	1.23487	132	21	15.9091
gene_MP005434	0.35635	1.53732	379	0	0.0000
gene_MP005580	0.42271	1.40831	143	119	83.2168
gene_MP005583	0.40264	1.41884	422	0	0.0000
gene_MP005626	0.35874	1.44721	462	405	87.6623
gene_MP005835	0.38363	1.36950	489	450	92.0245
gene_MP006065	0.35780	1.24574	49	48	97.9592
gene_MP006118	0.35635	1.53732	110	104	94.5455
gene_MP006165	0.36456	1.26704	216	194	89.8148
gene_MP006266	0.39490	1.42563	266	261	98.1203
gene_MP006453	0.36381	0.99094	219	0	0.0000
gene_MP006542	0.38409	1.41650	1156	1087	94.0311
gene_MP006603	0.33660	1.29934	831	790	95.0662
gene_MP006635	0.33961	1.26378	108	0	0.0000
gene_MP006643	0.45669	1.30540	89	0	0.0000
gene_MP006676	0.36812	1.23864	112	0	0.0000
gene_MP006748	0.35963	1.28727	726	667	91.8733
gene_MP006759	0.32937	1.10720	38	36	94.7368
gene_MP006778	0.34118	1.39774	983	0	0.0000
gene_MP006826	0.34563	1.09987	78	0	0.0000
gene_MP006827	0.34563	1.09987	20	0	0.0000
gene_MP006833	0.32735	1.28836	387	0	0.0000
gene_MP006903	0.39572	1.56931	1694	0	0.0000
gene_MP006908	0.37699	1.05419	152	0	0.0000
gene_MP006919	0.34240	1.35081	673	0	0.0000
gene_MP006942	0.37337	1.16547	193	0	0.0000
gene_MP006945	0.39105	1.49239	94	92	97.8723
gene_MP007005	0.36723	1.45973	668	663	99.2515
gene_MP007063	0.33549	1.17600	1425	0	0.0000
gene_MP007178	0.34802	1.35191	197	182	92.3858
gene_MP007626	0.36922	1.28196	61	0	0.0000
gene_MP007720	0.33894	1.21676	64	0	0.0000
gene_MP007793	0.35751	1.38595	409	315	77.0171
gene_MP008284	0.36126	1.27913	380	0	0.0000
gene_MP008417	0.36690	1.43539	705	567	80.4255
gene_MP008490	0.36279	1.25840	359	313	87.1866
gene_MP008512	0.34975	1.31654	1070	161	15.0467
gene_MP008522	0.33905	1.25951	1852	0	0.0000
gene_MP008527	0.33630	1.35048	398	346	86.9347
gene_MP008546	0.33396	1.18058	948	0	0.0000
gene_MP008550	0.33630	1.35048	3750	497	13.2533
gene_MP008570	0.35138	1.24124	1317	0	0.0000
gene_MP008578	0.35400	1.78571	55	55	100.0000
gene_MP008589	0.37466	1.17889	106	0	0.0000
gene_MP008810	0.35059	1.23083	62	54	87.0968
gene_MP008848	0.34906	1.24331	107	0	0.0000
gene_MP008910	0.38108	1.20327	224	205	91.5179
gene_MP008970	0.38145	1.07382	102	0	0.0000
gene_MP009011	0.32729	1.20048	317	56	17.6656
gene_MP009255	0.33894	1.21676	656	0	0.0000
gene_MP009275	0.45766	1.26745	173	0	0.0000
gene_MP009277	0.45760	1.26684	264	0	0.0000
gene_MP009337	0.51547	1.21910	115	0	0.0000
gene_MP009461	0.35564	1.10561	983	0	0.0000
gene_MP009947	0.37069	1.17129	86	65	75.5814
gene_MP010120	0.36871	1.25216	734	377	51.3624
gene_MP010357	0.34593	1.31751	308	242	78.5714
gene_MP010420	0.35007	1.41297	197	26	13.1980
gene_MP010439	0.37607	1.08802	827	22	2.6602
gene_MP010442	0.34783	1.18093	664	119	17.9217
gene_MP010444	0.39285	1.15663	73	0	0.0000
gene_MP010445	0.39112	1.16771	515	0	0.0000
gene_MP010636	0.36823	1.47896	219	219	100.0000
gene_MP010671	0.44370	0.98363	120	112	93.3333
gene_MP010970	0.34721	1.29712	25	0	0.0000
gene_MP010986	0.33977	1.22348	326	0	0.0000
gene_MP010998	0.40141	1.31003	122	0	0.0000
gene_MP011001	0.64506	1.22917	111	0	0.0000
gene_MP011121	0.33637	1.23886	85	8	9.4118
gene_MP011145	0.35668	1.18779	447	391	87.4720
gene_MP011163	0.40339	1.39380	224	196	87.5000
gene_MP011370	0.35363	1.36385	1230	430	34.9593
gene_MP011377	0.34997	1.29568	2537	116	4.5723
gene_MP011382	0.32376	1.27972	1095	0	0.0000
gene_MP011562	0.35399	0.95434	105	0	0.0000
gene_MP011568	0.34508	1.27879	306	265	86.6013
gene_MP011629	0.35136	1.33766	210	0	0.0000
gene_MP011643	0.41420	1.46420	493	0	0.0000
gene_MP011658	0.38455	1.53094	633	33	5.2133
gene_MP011760	0.35000	1.12961	23	20	86.9565
gene_MP011771	0.37794	1.20370	379	258	68.0739
gene_MP011774	0.39441	1.38839	195	174	89.2308
gene_MP011789	0.49396	0.99122	63	0	0.0000
gene_MP011794	0.39309	1.18582	415	29	6.9880
gene_MP011821	0.37979	1.26336	28	19	67.8571
gene_MP011828	0.45268	1.57408	286	153	53.4965
gene_MP011993	0.37863	1.27881	166	0	0.0000
gene_MP012339	0.35354	1.45473	102	85	83.3333
gene_MP012405	0.33610	1.32410	48	2	4.1667
gene_MP012794	0.36386	1.10040	237	0	0.0000
gene_MP012913	0.33930	1.36803	232	0	0.0000
gene_MP012957	0.35912	1.25071	456	191	41.8860
gene_MP013006	0.37806	1.22315	135	122	90.3704
gene_MP013017	0.38028	1.21836	25	25	100.0000
gene_MP013019	0.39958	1.30593	225	0	0.0000
gene_MP013169	0.54143	1.32061	50	0	0.0000
gene_MP013175	0.40106	0.98162	64	51	79.6875
gene_MP013180	0.34589	1.67216	124	90	72.5806
gene_MP013248	0.35129	1.11682	242	211	87.1901
gene_MP013249	0.32851	0.88156	143	2	1.3986
gene_MP013266	0.38375	0.89580	120	0	0.0000
gene_MP013323	0.36657	1.02437	182	0	0.0000
gene_MP013529	0.33943	1.17809	444	0	0.0000
gene_MP013537	0.32656	1.29808	570	0	0.0000
gene_MP013545	0.34923	1.25155	918	0	0.0000
gene_MP013549	0.36651	1.35340	165	162	98.1818
gene_MP013552	0.32530	1.26204	189	0	0.0000
gene_MP013558	0.35866	1.33857	622	28	4.5016
gene_MP013568	0.60284	1.40590	36	0	0.0000
gene_MP013569	0.44103	1.71840	103	99	96.1165
gene_MP013578	0.30974	1.25189	368	0	0.0000
gene_MP013674	0.58543	1.10730	100	0	0.0000
gene_MP013708	0.35042	1.14000	309	242	78.3172
gene_MP013710	0.38613	1.29723	228	221	96.9298
gene_MP014022	0.37377	1.32688	252	233	92.4603
gene_MP014112	0.38448	1.54660	219	201	91.7808
gene_MP014246	0.37147	1.38080	78	76	97.4359
gene_MP014264	0.37679	1.36311	650	143	22.0000
gene_MP014302	0.36599	1.54671	137	137	100.0000
gene_MP014404	0.36654	1.27424	661	582	88.0484
gene_MP014413	0.34721	1.29712	1461	0	0.0000
gene_MP014449	0.35035	1.34773	1574	471	29.9238
gene_MP014495	0.40234	1.29378	299	0	0.0000
gene_MP014514	0.36037	1.30657	2377	0	0.0000
gene_MP014618	0.36840	1.03136	106	0	0.0000
gene_MP014653	0.38908	1.13725	67	64	95.5224
gene_MP014658	0.40835	1.38953	184	116	63.0435
gene_MP014669	0.48748	0.93765	280	80	28.5714
gene_MP014690	0.39544	1.30581	231	149	64.5022
gene_MP014788	0.37040	1.69291	195	195	100.0000
gene_MP014794	0.34152	1.65153	200	193	96.5000
gene_MP014797	0.42747	1.58771	79	63	79.7468
gene_MP014805	0.40023	1.09539	113	0	0.0000
gene_MP014961	0.40261	1.43101	232	226	97.4138
gene_MP014973	0.35927	1.11846	1013	235	23.1984
gene_MP015040	0.51130	1.30041	21	0	0.0000
gene_MP015070	0.34740	1.33920	743	0	0.0000
gene_MP015085	0.35287	1.30141	310	271	87.4194
gene_MP015188	0.38360	1.16160	75	71	94.6667
gene_MP015190	0.33052	1.25069	3093	0	0.0000
gene_MP015197	0.37170	1.58567	216	202	93.5185
gene_MP015263	0.37301	1.28666	33	0	0.0000
gene_MP015266	0.37297	1.28714	174	0	0.0000
gene_MP015277	0.39869	1.55123	118	117	99.1525
gene_MP015330	0.33140	1.03245	273	0	0.0000
gene_MP015362	0.33244	1.31623	1076	89	8.2714
gene_MP015365	0.33119	1.35186	1703	747	43.8638
gene_MP015381	0.37209	1.21904	232	216	93.1034
gene_MP015394	0.36584	1.26255	97	74	76.2887
gene_MP015407	0.33089	1.33144	813	0	0.0000
gene_MP015434	0.35718	1.23657	272	259	95.2206
gene_MP015480	0.34770	1.22200	312	0	0.0000
gene_MP015497	0.33481	1.31433	2012	104	5.1690
gene_MP015500	0.35585	1.29829	112	75	66.9643
gene_MP015566	0.33916	1.19854	263	0	0.0000
gene_MP015651	0.36173	1.29941	1047	969	92.5501
gene_MP015698	0.32283	1.35203	383	0	0.0000
gene_MP015704	0.33893	1.18114	1358	0	0.0000
gene_MP015825	0.35372	1.38034	1681	113	6.7222
gene_MP015854	0.37612	0.93656	22	0	0.0000
gene_MP015880	0.35385	1.46515	450	0	0.0000
gene_MP015883	0.35763	1.12709	133	24	18.0451
gene_MP015890	0.38071	1.55891	483	475	98.3437
gene_MP016732	0.32964	1.41407	145	124	85.5172
gene_MP016778	0.43230	1.42222	310	308	99.3548
gene_MP016841	0.33089	1.33144	207	0	0.0000
gene_MP016847	0.33244	1.31623	1091	0	0.0000
gene_MP016944	0.38322	1.25449	187	146	78.0749
gene_MP016980	0.41220	2.02170	35	32	91.4286
gene_MP017007	0.36643	1.18542	220	0	0.0000
gene_MP017013	0.33089	1.33144	1569	0	0.0000
gene_MP017064	0.35739	0.98833	142	0	0.0000
gene_MP017084	0.55760	0.74843	25	0	0.0000
gene_MP017193	0.41492	1.47709	202	164	81.1881
gene_MP017261	0.36939	1.37745	61	56	91.8033
gene_MP017272	0.34064	1.15194	1157	0	0.0000
gene_MP017286	0.36327	1.27696	173	135	78.0347
gene_MP017464	0.37646	0.96344	36	0	0.0000
gene_MP017614	0.31997	1.18112	1142	0	0.0000
gene_MP018093	0.35689	1.68792	84	73	86.9048
gene_MP018328	0.34796	1.33654	618	41	6.6343
gene_MP018329	0.36727	1.32236	20	15	75.0000
gene_MP016009	0.47456	1.33155	46	0	0.0000
